Date,GCPU_baseline,y_IQQH_EUR,y_ICLN,y_TAN,y_stoxx,y_Global_Clean_Index,CPU_EU_step,CPU_EU_spline,GEPU_current,GEPU_ppp,l_t,c_t,itraxx_robustness,rate_10y,Term_Spread,log_VSTOXX,TTF_return,Brent_return,COVID_dummy,Energy_crisis_dummy
2016-01-13,-0.6350129735563554,-8.750427709056495,-10.350248836466802,-17.862593912127167,-2.4794199125026672,,-0.2847238632987981,-0.6099101996667728,-1.112275008441778,-1.2521028807983965,-1.3188978037600372,,,-0.39166846491478663,0.5328924915268191,1.1240881371131595,0.13193012281484642,-0.7383345024025326,0,0
2016-01-20,-0.994221933964383,-11.656931200722266,-6.469321444313181,-6.956787365384631,-6.547708295444643,,-0.2847238632987981,-0.6099092648135679,-1.112275008441778,-1.2521028807983965,-1.3861518048200259,-1.1413520028635546,-0.9210373378956442,-0.39166846491478663,0.5328924915268191,1.3518664544396273,-0.6690604777824716,-2.4475510444867754,0,0
2016-01-27,-0.9008082748561745,7.120504149121087,3.645616467678825,6.026935605079942,6.113354206830834,,-0.2847238632987981,-0.6099086434631034,-1.112275008441778,-1.2521028807983965,-1.5235529330228514,-2.254918145459553,-2.2319219272129405,-0.39166846491478663,0.5328924915268191,2.104062486046372,-1.0411205436629667,-1.360427716705019,0,0
2016-02-03,-0.7060698556907758,-2.1895324335206467,2.0083260152097493,-1.3082871208957236,-3.1236391546487496,,-0.2847238632987981,-0.6099082963528238,-1.112275008441778,-1.2521028807983965,-1.5883623000714373,-1.1025441175371384,1.1757676212287622,-0.39166846491478663,0.5328924915268191,1.3091743383688048,0.3641104079982121,2.865455728264274,0,0
2016-02-10,-0.2027288651775961,-6.871862997904832,-7.527825439163505,-12.802052253156493,-3.2966760804745476,,-0.49547850481033706,-0.6099081842201739,-1.0764807223015118,-1.1908206578634852,-1.6381585371102267,-0.8642148522593304,-2.2429951564368484,-0.4530724996519916,0.48707632719721217,1.6521594338653096,-0.2893175209120648,0.22855868388981457,0,0
2016-02-17,0.05523563779630397,4.517750272401777,4.439688875749015,4.168225071532472,5.20886859790517,,-0.49547850481033706,-0.6099082678025983,-1.0764807223015118,-1.1908206578634852,-1.7799470347914363,-2.3245664162467405,-2.2707444694546566,-0.4530724996519916,0.48707632719721217,1.939602943514812,-0.7760810757045012,-1.2775244630276203,0,0
2016-02-24,-0.6268566254384946,-0.4868529378647013,0.9603989496979493,1.1596934094201483,-1.644252002983304,,-0.49547850481033706,-0.6099085078375417,-1.0764807223015118,-1.1908206578634852,-1.7401033858353756,0.5587934181545445,1.5548749390832695,-0.4530724996519916,0.48707632719721217,1.625703919005264,-0.09262089797789232,1.6068850460924489,0,0
2016-03-02,-1.0305048225765538,7.043279199974717,4.096542390617408,6.065065597922592,5.268549567066394,,-0.49547850481033706,-0.6099088650624487,-1.0764807223015118,-1.1908206578634852,-1.784021220343731,-0.7708968462758095,-0.5521313222361333,-0.4530724996519916,0.48707632719721217,1.9054356386243811,0.12659258074345914,-0.7702165736023484,0,0
2016-03-09,-0.6578499820683898,1.6753015495529544,2.3796991544168034,1.6556862459661037,0.9337648863768422,,-0.5825908573867469,-0.6099093002147637,-0.9335288652960578,-0.9903949596890901,-1.7598243718621618,0.31040481040914364,2.7317229729711205,-0.5469793650927485,0.40105028286829153,1.2276938906511758,0.12305229766509058,2.0393186630196753,0,0
2016-03-16,-0.5788525945492055,0.1702361262518881,2.6521219757833947,0.24598590434030676,0.5941529021151304,,-0.5825908573867469,-0.6099097740319318,-0.9335288652960578,-0.9903949596890901,-1.7381527660578882,0.27031728492076984,0.7581041154907401,-0.5469793650927485,0.40105028286829153,1.3429135975727495,-0.12858283221180083,1.430132674716069,0,0
2016-03-23,-0.7568012431570358,0.4666841299788782,-1.2068532998273707,-7.789520232802127,1.1133444731426856,,-0.5825908573867469,-0.6099102472513975,-0.9335288652960578,-0.9903949596890901,-1.7598243718621618,-0.41774415001685355,2.4229523804217687,-0.5469793650927485,0.40105028286829153,0.6824090334853129,-0.07854569568289903,-0.6982775611684346,0,0
2016-03-30,-0.3249011103332849,1.0107650870260443,3.1507197913048124,0.04427139713159001,1.3134899715117498,,-0.5825908573867469,-0.6099106806106054,-0.9335288652960578,-0.9903949596890901,-1.7942807995189167,-0.6206996427636202,0.35381864089078796,-0.5469793650927485,0.40105028286829153,0.5318146214370603,-0.043516484484299144,0.15410837570795677,0,0
2016-04-06,-1.1955728522210405,-4.018516779007109,-3.2611513564513306,-0.04427139713159001,-3.44284799158574,,-0.5825908573867469,-0.6099110348470002,-0.9335288652960578,-0.9903949596890901,-1.763816250409371,0.40990281546686025,0.2848475046186809,-0.5469793650927485,0.40105028286829153,0.6148575957821244,0.084101451708122,-0.8051608129587973,0,0
2016-04-13,-1.202875882235677,4.540936396215622,3.5814798216295074,3.3945865528878016,3.299524454032987,,-0.7401391290958157,-0.6099112701608208,-1.13928294174279,-1.19067797941499,-1.6943196610720213,1.0295256032343898,-0.9998081530372179,-0.5220893066323453,0.46620122495885546,0.9736511245854231,-0.5905495694824157,0.37474952101706993,0,0
2016-04-20,-0.09551143905897094,0.2081759116402404,-0.2134443719315371,3.3245398121450442,2.34156015298268,,-0.7401391290958157,-0.6099113414748002,-1.13928294174279,-1.19067797941499,-1.6523489224732846,0.5925603749042845,0.48468369684767965,-0.5220893066323453,0.46620122495885546,0.5646400294917632,-0.08158116271037791,1.771413861462668,0,0
2016-04-27,0.025008616693127296,-0.6259023717503309,0.32004166350816377,2.5741961700660454,-0.04671320771114651,,-0.7401391290958157,-0.6099112007162129,-1.13928294174279,-1.19067797941499,-1.650563938073812,-0.04537730142940991,0.7693331829320743,-0.5220893066323453,0.46620122495885546,0.17340391685855785,0.4035991723141263,0.07712717911713143,0,0
2016-05-04,-0.5628056546634936,-6.820088989106421,-6.262352891887102,-9.825938500094722,-3.7772276609458366,,-0.7401391290958157,-0.6099107997779526,-1.13928294174279,-1.19067797941499,-1.4423026297778918,3.232376940317154,-0.16874281129333354,-0.5220893066323453,0.46620122495885546,0.4045886782317906,1.6973340831902684,0.33733515696014993,0,0
2016-05-11,0.5700379799317696,0.8922602283939041,0.4524703029518129,-3.856208693128993,1.6522231215571281,-0.1744620448084433,-0.6831341676454886,-0.6099100929299991,-1.3388467484190203,-1.4758865532223016,-1.5505792459257484,-1.7925746131577562,-1.53618726050314,-0.5117978990866362,0.49241964809735633,1.2167877056080325,-1.2009877940030687,-0.3724410680014681,0,0
2016-05-18,-0.43579989056791757,-1.5066465757010539,-4.148042787142026,-1.9617751071877798,0.92375752558711,-3.1414855698820965,-0.6831341676454886,-0.6099091129742115,-1.3388467484190203,-1.4758865532223016,-1.5750558552117984,-0.46227280050327413,0.318815703818034,-0.5117978990866362,0.49241964809735633,0.7923185941269466,0.4521602316243714,0.9447076727436736,0,0
2016-05-25,-1.0844961994794036,2.0568019189825426,2.325634756065953,4.112393385932656,2.434397330544691,1.5995328771511552,-0.6831341676454886,-0.6099079873556899,-1.3388467484190203,-1.4758865532223016,-1.5651923264029661,0.08286734524589781,-0.3032092291884927,-0.5117978990866362,0.49241964809735633,0.7112821024824831,0.053262935258177914,0.8404215995627128,0,0
2016-06-01,-1.2498204875201326,1.4216020334000046,2.1604673268461605,0.045245096663970585,-0.5966175183210964,1.8187918714801299,-0.6831341676454886,-0.6099068491541085,-1.3388467484190203,-1.4758865532223016,-1.5950833368502766,-0.5482249137428507,1.1727683456474756,-0.5117978990866362,0.49241964809735633,0.3686879050469896,0.14040217651651482,-0.033405239444483904,0,0
2016-06-08,-0.17065596413560472,0.7471287274073424,2.5542685460864245,0.13565004972337924,0.010316723417780338,2.415610663268808,-0.2975765492494286,-0.6099058314491417,-0.06461411108904018,-0.24193568030992646,-1.5800247940830923,0.16533674762861789,-0.5597680921545899,-0.5872991572935776,0.3902204111773245,0.8025759237944253,0.5601202157560274,-0.03342674831910211,0,0
2016-06-15,-0.866925283848374,-6.069332274458872,-8.940686894949689,-9.870503781441808,-5.551827152875166,-7.8946644415390566,-0.2975765492494286,-0.6099050723858627,-0.06461411108904018,-0.24193568030992646,-1.557047279477539,0.29104822410038705,0.16508670607663703,-0.5872991572935776,0.3902204111773245,0.8567410587672788,0.21916517755382875,0.5346405925036376,0,0
2016-06-22,-0.47530756186031625,4.012398787782279,4.22910166280277,1.73058218294444,4.9672570600777455,4.2744484026996155,-0.2975765492494286,-0.6099047303709408,-0.06461411108904018,-0.24193568030992646,-1.5917171032825082,-0.6240872472927093,-2.512936234117273,-0.5872991572935776,0.3902204111773245,2.3442037514548346,-0.1533574868882263,-0.963650230301347,0,0
2016-06-29,0.08953395939065897,1.2215545084586443,1.510765660204516,1.1695954715574164,-5.953566425594836,-0.12362738830047348,-0.2975765492494286,-0.6099049688764445,-0.06461411108904018,-0.24193568030992646,-1.629391943688319,-0.6717910504409519,1.631571397639008,-0.5872991572935776,0.3902204111773245,2.192259793072964,0.7133193535882254,0.26979405086693115,0,0
2016-07-06,-0.26982531940439164,0.7696476698859422,1.1467960333358729,2.3936073074901643,-2.825898657510617,0.8820363811953058,-0.2975765492494286,-0.609905951374442,-0.06461411108904018,-0.24193568030992646,-1.85379057145423,-3.6359792658486394,-1.570027163362376,-0.5872991572935776,0.3902204111773245,1.4019559924256142,-0.5775066110142387,-0.024738823638059165,0,0
2016-07-13,-0.32803588397873223,3.1269513110811165,2.2548825487545443,1.4091374963894676,6.565662246344317,3.0718654143597313,-0.34448832217181474,-0.6099077955025676,-0.38102094592383395,-0.6371017068961922,-1.8385737246150597,0.16784978076309948,0.46457708048137625,-0.8085896703624125,0.08440599818804934,1.3666875591514103,-0.19994955498544417,-0.8349705649834083,0,0
2016-07-20,-0.43057224537253214,2.577945386952485,1.4389052347717257,1.8942752995815937,1.9592506330223358,1.418537385752927,-0.34448832217181474,-0.6099101686209742,-0.38102094592383395,-0.6371017068961922,-1.796345562227288,0.5966469059917869,1.972269301412186,-0.8085896703624125,0.08440599818804934,0.6812919154261713,0.03236668364937049,-0.34117995703895304,0,0
2016-07-27,-0.9114142972582843,0.6804895860313742,1.20150957395877,0.502146511760726,1.2457838612593974,0.6272953294893746,-0.34448832217181474,-0.6099124825170095,-0.38102094592383395,-0.6371017068961922,-1.8193473938585594,-0.43886111521964977,0.4450258338698507,-0.8085896703624125,0.08440599818804934,0.2513657871036103,0.3344788698489357,0.34680516192678074,0,0
2016-08-03,-1.2231873186603186,-2.518086201209746,-0.6535964580889786,-0.22794189724621994,-1.8928664301303577,-0.42578826453354424,-0.34448832217181474,-0.6099141460446176,-0.38102094592383395,-0.6371017068961922,-1.8516023344658603,-0.58575164786365,-0.06067685168816241,-0.8085896703624125,0.08440599818804934,0.2826578940445294,-0.2010386102236668,-0.995477023202164,0,0
2016-08-10,-0.4620207020528941,0.6302478242150578,-0.43809992789491936,-3.0115773886756347,3.962133684314928,0.2285715280855527,-1.0326310079369982,-0.6099145729872079,-1.230748368262639,-1.3105620754583467,-1.8299824652937755,0.26949598026747745,-0.27610871912971996,-0.8169864660130786,0.07629027933544413,0.6605882292655041,-0.5481569351388351,-0.8150299945036552,0,0
2016-08-17,-0.8983834769233939,-0.8412123540833427,1.091696385983898,0.5160848902152626,-1.0064059455581642,0.5939001667718102,-1.0326310079369982,-0.6099136066078746,-1.230748368262639,-1.3105620754583467,-1.7984146490492006,0.42741687452883576,0.6060649339463143,-0.8169864660130786,0.07629027933544413,0.0529888804273186,-0.6242569925112834,0.5850728002904875,0,0
2016-08-24,-0.9330700510816425,2.379053197265768,0.7571709346569921,-0.7515407603782442,2.5592244248191065,1.0591988761068372,-1.0326310079369982,-0.6099118468426709,-1.230748368262639,-1.3105620754583467,-1.8625923098126047,-1.092515955873281,-0.00416126797833897,-0.8169864660130786,0.07629027933544413,0.3895626574103008,-0.6529788964705916,1.996469265428901,0,0
2016-08-31,-0.3619045630017112,-0.9323500719001565,-0.9745356259660998,-1.4245274060294744,-0.8558117712798463,-1.2983884794741662,-1.0326310079369982,-0.609909970650549,-1.230748368262639,-1.3105620754583467,,,-0.12145794007511425,-0.8169864660130786,0.07629027933544413,0.164513901841904,-0.8582287585915814,-0.318687267707329,0,0
2016-09-07,0.17430045484399323,3.3971006458641373,3.8424994821026903,0.8571492469294562,2.409279251840424,3.9756101055911763,-1.0326310079369982,-0.6099086549904612,-1.230748368262639,-1.3105620754583467,-1.864805051154923,-0.10884008621855569,-0.17925369813520253,-0.8169864660130786,0.07629027933544413,0.0928053102962832,1.299032510794369,0.0976594937741965,0,0
2016-09-14,-0.491695395006849,-6.076283770161162,-5.820620879931493,-7.174008486388361,-3.4793454769801,-5.976298793491175,-0.5254344056229998,-0.6099084467501235,-1.2214642108654177,-1.2828313929690278,-1.9698850727095765,-1.7418295626391804,0.48144177384053266,-0.714413534105838,0.23852106692974956,-0.05775243953639546,-0.5624150775182252,-0.29846461257158596,0,0
2016-09-21,0.6806037130403293,2.8040113014644374,3.0603655820401254,0.20357323654920378,0.9150390643434037,2.3984528587903675,-0.5254344056229998,-0.6099090901091152,-1.2214642108654177,-1.2828313929690278,-1.9773042960327427,-0.1914915402703068,-0.8600498597441436,-0.714413534105838,0.23852106692974956,0.5497573354860421,-0.0569941657038747,-0.4317584251194876,0,0
2016-09-28,-1.2503915313505733,0.0,0.64376634675547,3.888819898179907,-0.10014521892500738,0.34186904517365946,-0.5254344056229998,-0.6099100233387383,-1.2214642108654177,-1.2828313929690278,-1.9194542947066868,0.8446392562891636,0.2914718490706747,-0.714413534105838,0.23852106692974956,0.20893574461121792,1.0440108258927534,0.08998576680056872,0,0
2016-10-05,-0.5820073201641814,-1.0659528901670656,-0.9672285494825683,1.2150984473337623,0.5993724551577095,-1.629642870889203,-0.5254344056229998,-0.6099106841081131,-1.2214642108654177,-1.2828313929690278,,,-0.033678839248938,-0.714413534105838,0.23852106692974956,0.1411007149917707,0.4574473223621909,-0.1718801771817649,0,0
2016-10-12,-1.1442903069243868,-0.653529316220558,-3.4050441613612037,-2.692959893729485,-1.7836531848520742,-2.5520060780173104,-0.709027945627581,-0.609910543414415,-1.3313088268194917,-1.4834138680527504,-1.6613225408967596,4.024056398942681,-0.16812817420748097,-0.6857898089710639,0.29212398063514944,0.09761001684948724,1.4862081305522465,1.209731274048205,0,0
2016-10-19,-0.26328504313151707,3.0617744776948674,2.7550005319932236,2.8377676900940507,1.4844160157760022,2.1767970685499627,-0.709027945627581,-0.609909632061996,-1.3313088268194917,-1.4834138680527504,-1.6559285952167122,0.011913955613868796,-0.25096054468115075,-0.6857898089710639,0.29212398063514944,0.21560313094987923,-0.4799310296148526,-0.027416049498923775,0,0
2016-10-26,-0.9053052637063703,-1.5920817044592583,-2.5317884695376325,-4.741614515416526,-0.9837955168650048,-2.1962738514011093,-0.709027945627581,-0.6099084453649768,-1.3313088268194917,-1.4834138680527504,-1.6276479210000308,0.37523440865660046,0.6564752852977588,-0.6857898089710639,0.29212398063514944,-0.150858992166603,0.8342163828222373,0.6372952856390458,0,0
2016-11-02,-0.3789404456081597,-6.634666383192345,-4.795421250904686,-4.23618671736814,-3.683667199319629,-4.433505828366968,-0.709027945627581,-0.6099074926977514,-1.3313088268194917,-1.4834138680527504,-1.581686676049986,0.6559085538764966,-0.14704504140463848,-0.6857898089710639,0.29212398063514944,-0.03957911173268436,0.2173356198452231,-0.8284262449899291,0,0
2016-11-09,-1.0305048225765538,-1.8658369790441443,-3.9361299745456657,-6.204392172524731,2.7970242787554334,-4.561692829255293,-0.4162496725465613,-0.6099072828160854,-0.09282502752654055,-0.3212946705290258,-1.533007441500292,0.6990558831738793,-0.8566130518073543,-0.2975490676917175,0.8941359055051498,0.7630388778182655,1.0069176144819587,-1.4618049951278418,0,0
2016-11-16,-0.3071579418777251,-1.9326740154376632,-4.351208030093789,-0.9024209694953989,0.5987130371038596,-3.0370927175095375,-0.4162496725465613,-0.6099080102125992,-0.09282502752654055,-0.3212946705290258,-1.552192288890365,-0.37826755150654223,0.467019243150946,-0.2975490676917175,0.8941359055051498,0.37524215820302825,-0.5817498752567626,-0.1389360148463367,0,0
2016-11-23,-0.44995720388484745,1.607507690307175,1.5132681984265206,0.1132621759973862,1.5709625694014129,0.8650314939294468,-0.4162496725465613,-0.6099090447484703,-0.09282502752654055,-0.3212946705290258,-1.6487821727642722,-1.6070509872029213,-1.2241506893828629,-0.2975490676917175,0.8941359055051498,0.3774294595532071,-0.17346007364368293,0.36592102934012793,0,0
2016-11-30,-0.93131067929062,1.103202566863093,0.6238433587472558,-0.7954597233070793,0.33805649893059453,0.23336771923263555,-0.4162496725465613,-0.6099096226611764,-0.09282502752654055,-0.3212946705290258,-1.6776833515023697,-0.5325116105308326,-0.5612804549898236,-0.2975490676917175,0.8941359055051498,0.22587394388797202,0.0871887375704942,0.442077444981073,0,0
2016-12-07,-0.8810142587420211,-1.1956909796646542,1.6039762058746243,3.860618303652119,1.4143392098922902,1.1548334246374914,-0.4162496725465613,-0.6099089801881956,-0.09282502752654055,-0.3212946705290258,-1.8385737246150597,-2.6278033784286654,0.43393482444669973,-0.2975490676917175,0.8941359055051498,0.42888875066884746,0.2160017463628642,0.4099906193558473,0,0
2016-12-14,-1.1859602389642752,0.39246761539890596,-3.234121079558472,-3.8035953392257404,1.717405040136999,-1.314967892702601,-0.5415118977519584,-0.6099065431009159,-0.6224373354020102,-0.6795692640245632,-1.9008999729499538,-1.0631252982605732,0.9576310717043035,-0.24911377918479483,0.972646893648664,-0.32985949988596375,-1.1619331040563532,1.1136524660364275,0,0
2016-12-21,-0.14434452905178802,0.41388919636595745,0.12635173858619453,0.7384367588807006,0.9955093222827394,-1.487001427328316,-0.5415118977519584,-0.6099029068406443,-0.6224373354020102,-0.6795692640245632,-1.7499146739749805,2.3231362149921386,0.2544336021242025,-0.24911377918479483,0.972646893648664,-0.335587154993724,0.5156998917318693,0.3237000920135043,0,0
2016-12-28,-0.5352712469965838,1.3221110981289863,0.7049134047276251,-0.9849384202819778,0.4988015377426436,0.9712500658827672,-0.5415118977519584,-0.6098991126043667,-0.6224373354020102,-0.6795692640245632,-1.6069563040692187,2.195710947492694,0.47864156676524516,-0.24911377918479483,0.972646893648664,-0.8433006502001846,0.28116633360158283,-0.05353245240123501,0,0
2017-01-04,1.3320355539380624,2.106270802836363,3.5135252009245166,3.998184369452762,0.26028740944070705,2.9086402925173616,-0.5415118977519584,-0.6098962024665396,-0.6224373354020102,-0.6795692640245632,,,-0.44850553161892365,-0.24911377918479483,0.972646893648664,-0.345499578986183,0.6213677665374703,0.4969822430864862,0,0
2017-01-11,-0.034799162042183605,0.9928386629865615,1.71153487025959,1.9972000422366687,0.9080492420661557,1.7843941059494384,0.5812494631631006,-0.609895193745169,0.13203547782090821,0.16694388344957595,-1.6207024541093855,-0.29192974302651864,0.686807259422886,-0.2286842229797658,1.016790252998556,-0.46715445506109404,0.02460402109234872,-0.11491668152605172,0,0
2017-01-18,-0.36369689068344874,0.4818498665813964,0.6042215806717488,0.16934248267310714,-0.4177135118830222,1.377616555438621,0.5812494631631006,-0.6098962858784592,0.13203547782090821,0.16694388344957595,-1.6559285952167122,-0.6329186298122578,-0.3679940001019676,-0.2286842229797658,1.016790252998556,-0.6282429344998837,0.8376983872322703,-0.2691561962408499,0,0
2017-01-25,0.6324988804196775,-0.6576170769113876,1.0785251708160137,0.33784927630384765,1.739093181043394,-0.035567536574276915,0.5812494631631006,-0.6098986926310868,0.13203547782090821,0.16694388344957595,-1.784021220343731,-2.1071482468810676,0.05022661854772169,-0.2286842229797658,1.016790252998556,-0.817301292942637,-0.45564789809610534,0.02662622895157767,0,0
2017-02-01,0.012342505214327185,-0.6398394984931777,-0.3582218778050317,-2.389180641580868,-0.602690744114831,-0.084289398575077,0.5812494631631006,-0.6099015690857695,0.13203547782090821,0.16694388344957595,-1.757834464650973,0.34199403419553553,0.11511249255529274,-0.2286842229797658,1.016790252998556,-0.6293890643545778,0.19308795037677584,0.13457042497606223,0,0
2017-02-08,-0.8612530972382301,0.6618183640669573,0.0,-0.05760036106607913,0.11153972434918558,0.3666090932488153,-0.15008944668461544,-0.6099040703252252,-0.60665281565214,-0.640705678791701,-1.701804458963198,0.8157473314875232,-1.031758822562195,-0.11904506018315689,1.1894172541240924,-0.4305264569014112,0.7120663233764959,0.35986855765050896,0,0
2017-02-15,0.18447195775464645,4.996196330992619,3.9864299998213726,6.79170570857579,2.159613430058105,3.658832944956192,-0.15008944668461544,-0.6099055732441377,-0.60665281565214,-0.640705678791701,-1.711240906977671,-0.22351442145935552,-0.3159321820030418,-0.11904506018315689,1.1894172541240924,-0.39233239014735877,-0.6027941185795775,-0.3706707626572635,0,0
2017-02-22,1.162719357432192,1.8444443316125936,0.6872995634035206,0.7506666820604746,0.0,0.974411693374666,-0.15008944668461544,-0.6099063419850551,-0.60665281565214,-0.640705678791701,-1.7420578644082112,-0.5629240646897465,0.6194457541352886,-0.11904506018315689,1.1894172541240924,-0.8558551234371784,-0.7549183631765183,0.023379627888749883,0,0
2017-03-01,-0.5886071428121658,-1.239701356092593,-0.6872995634035206,-0.37462367380598494,1.5426557616845749,-1.1040923729197516,-0.15008944668461544,-0.6099068625024916,-0.60665281565214,-0.640705678791701,-1.7381527660578882,-0.011721081848168871,-0.5587797222519052,-0.11904506018315689,1.1894172541240924,-0.8156786413608969,-0.4517537610705299,0.07013293018198194,0,0
2017-03-08,-0.4676021911996698,-1.0449173219522434,-1.2723929438339443,-3.6586022249887495,-1.0348333146599664,-0.7943514640867733,-0.4474234387759122,-0.6099076207509612,-0.004486676087833674,0.0895143804456521,-1.586689160643012,2.3307291967571215,0.5851334557846408,-0.10552934812395451,1.2111803535365044,-0.6960722678401303,-0.548071000726927,0.19565524862091188,0,0
2017-03-15,-1.1376312116459093,-1.0984704554052316,1.0422838011472368,0.6099251060337707,0.5502449387313035,0.078085989349308,-0.4474234387759122,-0.609908942915847,-0.004486676087833674,0.0895143804456521,-1.705568229596398,-1.9608856039795013,-0.21961335603865628,-0.10552934812395451,1.2111803535365044,-0.7889595894631372,-0.5364861940280058,-0.649489579553165,0,0
2017-03-22,-0.4016086197801215,-2.8437765949659077,-2.3311404902543797,-3.831469044073721,-0.44176054532272246,-1.935508818212206,-0.4474234387759122,-0.6099105161060089,-0.004486676087833674,0.0895143804456521,-1.715040867801915,-0.22408893068135363,-0.151379575090809,-0.10552934812395451,1.2111803535365044,-0.6505428586200547,-0.10588303253182035,-0.7492202438562177,0,0
2017-03-29,-0.5527984644986474,1.561189452228584,1.1723596478520504,-0.4028687464890268,1.6132996109031517,1.1299347307748064,-0.4474234387759122,-0.6099118676611756,-0.004486676087833674,0.0895143804456521,-1.7598243718621618,-0.7846391097572456,0.46301451473040806,-0.10552934812395451,1.2111803535365044,-0.8949453863401651,-0.32725378910772884,-0.32069034149185294,0,0
2017-04-05,0.9963059877245871,0.4721732903303133,-0.9367778130797033,-0.7525379389500486,1.403748661760229,-0.9893787719205349,-0.4474234387759122,-0.6099125249210761,-0.004486676087833674,0.0895143804456521,-1.8025658677461571,-0.7522227976344749,0.27630150411608534,-0.10552934812395451,1.2111803535365044,-0.5790235026299514,-0.027895010353117554,0.49316518677565074,0,0
2017-04-12,-0.2960133749114605,-0.10711545314392446,0.3523321747087582,1.6138639647443664,1.0725599855448742,0.42600733866287044,-0.8541093097617584,-0.6099120476227,-0.7263643419396721,-0.8011021926019074,-1.788112276277686,0.1557333139371063,-0.24556930934592996,-0.2665492311627638,0.9648385198885078,-0.06759967375000023,0.3978704086559286,0.5425755972898616,0,0
2017-04-19,-0.809901195511875,-0.6883325144659613,-0.9423078038701238,-1.6719885127669087,-0.7792982254589909,-0.9206772249140016,-0.8541093097617584,-0.6099105396757777,-0.7263643419396721,-0.8011021926019074,-1.7658182543291856,0.28019796817961184,-0.3743983581663774,-0.2665492311627638,0.9648385198885078,0.6255150614096832,-0.3845110400807556,0.33768475748739174,0,0
2017-04-26,-0.5301052041837276,-1.085054908068095,0.8250167243927242,1.9574676684857906,4.512043528047016,0.6571724611134755,-0.8541093097617584,-0.6099085565268625,-0.7263643419396721,-0.8011021926019074,-1.7860646307854204,-0.3951190303283668,0.1972856011291347,-0.2665492311627638,0.9648385198885078,0.8407181316120842,0.32303436320713136,-0.6337307406281455,0,0
2017-05-03,-0.025147315383219335,0.9338576534066778,1.166848825113087,1.1337914047708342,0.41691046796143993,1.297886268948023,-0.8541093097617584,-0.6099066672901019,-0.7263643419396721,-0.8011021926019074,-1.8321232864919024,-0.8048817876509741,1.5967563728687344,-0.2665492311627638,0.9648385198885078,-0.6536565290604758,-0.0761852408245593,-0.6959093243072803,0,0
2017-05-10,-0.018495261277320058,0.8395297691273784,0.9237778778242944,2.559979613169805,0.799755635360988,0.4923657079313415,-0.2857797598494352,-0.6099054375673982,-1.1174636664366946,-1.2376829864496364,-1.8804345752322458,-0.8406417108349075,0.33094946963586175,-0.3427689257617397,0.8463761714437746,-0.27981388605599034,0.15257433037774887,-0.35383328067452696,0,0
2017-05-17,-0.41591841897329523,-3.1631459123421024,-0.8078211069777019,-2.1100314371309548,-2.089447742971551,-0.7842035803601988,-0.2857797598494352,-0.6099051269562846,-1.1174636664366946,-1.2376829864496364,-1.8692454568153345,0.10391071176222304,0.5311555597367734,-0.3427689257617397,0.8463761714437746,-1.0016910243864554,-0.5090617652853844,-0.2308740281491799,0,0
2017-05-24,-1.045357299789249,0.15682032485455633,0.5777119642909945,3.5826243555444393,0.4163606056936331,0.5283306149967082,-0.2857797598494352,-0.6099054559246451,-1.1174636664366946,-1.2376829864496364,-1.8407332633904143,0.37890971172539306,-0.30345536292793407,-0.3427689257617397,0.8463761714437746,-0.5338493815197141,0.010946215236803586,1.0335081798928918,0,0
2017-05-31,-0.9984018375130354,-0.786457870301116,0.115098549638315,0.21634035238187188,0.38537307359556294,-0.2802141649392631,-0.2857797598494352,-0.609906090061531,-1.1174636664366946,-1.2376829864496364,-1.7698344736660778,1.0517851445681927,0.16576618859527414,-0.3427689257617397,0.8463761714437746,-1.0478124322148854,-0.031157810363269457,0.39977961985322674,0,0
2017-06-07,0.6450358014699501,-0.33893183523703296,-0.5770008116517289,-0.1081116722672526,0.2755512765559409,-0.5627949877774263,-0.2857797598494352,-0.6099066949559939,-1.1174636664366946,-1.2376829864496364,-1.7558485572559699,0.14830910239855455,-0.042606939720979925,-0.3427689257617397,0.8463761714437746,-0.8858360765234414,-0.1783974563977501,-1.0974775071512743,0,0
2017-06-14,-0.018040640058830236,-0.9780424754125328,-0.6968785803889155,0.0,0.012507035223574547,-0.59178295177853,-0.3752956971441141,-0.6099069921091578,-0.7830735922783082,-0.8337228079393568,-1.7779162250396856,-0.42403152383585657,0.09769417259800044,-0.4274872113389349,0.7167640031322426,-0.8733796035976144,-0.25921908389718906,-0.7022759638574563,0,0
2017-06-21,-0.6206609110985605,0.13700688698794483,-0.9168245552711785,2.2460941286338354,0.7765336033094705,-1.052504759236772,-0.3752956971441141,-0.6099070480721109,-0.7830735922783082,-0.8337228079393568,-1.7678243232343684,0.08649270307774624,0.9499416584506948,-0.4274872113389349,0.7167640031322426,-1.0305590134783316,-0.16549311247139725,-0.5124010764823556,0,0
2017-06-28,-1.016112772280964,0.9993507741518526,3.2944102869586267,5.203324767408546,-1.2026528093122657,2.261731490592922,-0.3752956971441141,-0.6099070608928523,-0.7830735922783082,-0.8337228079393568,-1.775889581054453,-0.2017471583122631,0.13118404957279467,-0.4274872113389349,0.7167640031322426,-0.9744548475704264,0.010228073505853849,-0.28516502930507925,0,0
2017-07-05,-0.05052230750986347,-0.6347762264007795,-1.3986128831578792,-1.823748660916058,-0.3270854595553985,-0.751299107476644,-0.3752956971441141,-0.6099072288782333,-0.7830735922783082,-0.8337228079393568,-1.7658182543291856,0.08616607940179814,0.1567024705245655,-0.4274872113389349,0.7167640031322426,-0.8168669862263517,0.2536512148278844,0.5576430316547399,0,0
2017-07-12,0.44222580965889763,0.7702783429276883,1.8605245901627043,3.81190191051215,0.9323004880187113,1.794805741183314,-0.4287282710668836,-0.6099077424337997,-0.8648868134790054,-0.8811873259310159,-1.7440162170739137,0.2723878479456174,-0.249105477220025,-0.313956519426219,0.8919640168023463,-0.851649743393073,-0.13169116280297133,0.32707796768871295,0,0
2017-07-19,-0.5192969625788184,2.825864411576773,3.509089113856856,5.551657690624623,-0.7770111780680544,3.6070876840398114,-0.4287282710668836,-0.609908659247856,-0.8648868134790054,-0.8811873259310159,-1.6631270867799206,1.2103790238117371,-0.06993266563770816,-0.313956519426219,0.8919640168023463,-1.07907647903551,-0.3413480133539258,-0.2731156816077972,0,0
2017-07-26,0.09274033995874811,-0.7708630410114603,1.3260177012925478,-0.8415196148512827,-1.512747515630064,0.3730538313359233,-0.4287282710668836,-0.6099099268842604,-0.8648868134790054,-0.8811873259310159,-1.6776833515023697,-0.30479008839707666,0.4530265749270236,-0.313956519426219,0.8919640168023463,-1.1997173704221116,0.19858163707902504,0.46744375950429,0,0
2017-08-02,-0.3081636825500679,-2.122696253183176,-1.1037660196691945,0.4683725863785959,-1.052911627601194,0.0069273665643798665,-0.4287282710668836,-0.6099114895735078,-0.8648868134790054,-0.8811873259310159,-1.703684552006984,-0.48647526226390514,0.22169746614750854,-0.313956519426219,0.8919640168023463,-1.2698762582124197,0.2582195987248354,0.48869534501645967,0,0
2017-08-09,-1.1545856426042886,2.1669229024701364,0.663687009915348,2.035225960277165,-0.16794784646601002,0.7865906836959979,-0.8997217573085238,-0.6099132914037122,-1.1595035166263215,-1.2465333394850002,-1.6721995894331663,0.4261015955387614,-0.1430678548614101,-0.4507904005119966,0.6797301887883667,-1.0779408287984056,-0.305509184031021,0.5456139373683727,0,0
2017-08-16,-0.2910333998132983,0.528976268131176,0.5497878996039596,-0.45892389107398124,0.6144346569685766,-0.1186270350837404,-0.8997217573085238,-0.6099152041330451,-1.1595035166263215,-1.2465333394850002,-1.6831977207741518,-0.24830571012210634,-0.6977849718095558,-0.4507904005119966,0.6797301887883667,-0.7798812055902286,0.5391014405265586,0.0032654539464044728,0,0
2017-08-23,-0.29180970876053625,-1.8190188817258424,-1.1025370347130803,-1.9977357762292591,-1.0203950503881565,-1.0149211821500081,-0.8997217573085238,-0.6099169097247731,-1.1595035166263215,-1.2465333394850002,-1.6069563040692187,1.136597862642844,-0.09387387832141122,-0.4507904005119966,0.6797301887883667,-0.9582126487626225,0.3231379308788613,-0.508515008624877,0,0
2017-08-30,-1.1521887757673914,-0.42627789301512564,0.9928281448629672,0.8876411540776008,-1.2453894906530927,0.8082775171509127,-0.8997217573085238,-0.6099180593876995,-1.1595035166263215,-1.2465333394850002,-1.581686676049986,0.32743488733844617,-0.540850308722373,-0.4507904005119966,0.6797301887883667,-0.5162939703138725,0.15036019528173739,0.5176969627074476,0,0
2017-09-06,0.1689582726707364,0.20216185000230258,0.32876624722821823,1.7063004362507073,1.6599694591329595,0.01206594904461511,-0.8997217573085238,-0.6099183043306274,-1.1595035166263215,-1.2465333394850002,-1.5684692401744154,0.13610968754921657,0.2355932148536419,-0.4507904005119966,0.6797301887883667,-0.4663503923815305,0.08511811186687318,-0.12542891166585876,0,0
2017-09-13,-0.22922274647419988,0.35832702977671715,-0.10945681787131178,0.04569773676261768,2.5738982852947068,0.42654256132612645,-1.3299874625011046,-0.6099173515229026,-0.953333271262198,-0.9852505591962712,-1.4627344367230892,1.6047971781243824,0.393983065233261,-0.39046818413291245,0.7729052967238862,-0.48483000618035704,0.17383883169516753,0.6736221491187768,0,0
2017-09-20,-0.41100065260085444,-0.2238091263177866,0.5461371835017381,2.0358133114002808,0.9613851007277852,0.8289441315731949,-1.3299874625011046,-0.6099154557254404,-0.953333271262198,-0.9852505591962712,-1.4068362015384213,0.8136555113827001,0.4080363953136113,-0.39046818413291245,0.7729052967238862,-1.2580906331876205,0.26239946768421174,0.25392856586059354,0,0
2017-09-27,0.9257801649588819,-0.22432316921756623,-1.869212632527839,-3.1387565784715576,1.116914068265551,-2.3420677549101043,-1.3299874625011046,-0.609913182619941,-0.953333271262198,-0.9852505591962712,-1.435106759684173,-0.5225006839389236,0.33185312211838996,-0.39046818413291245,0.7729052967238862,-1.5993726264353265,-0.22861429415181345,0.4094760540124333,0,0
2017-10-04,-0.7808679319158234,1.6702199835377352,0.993948554541868,1.1029432670712769,1.8948063985310348,1.0262367528030225,-1.3299874625011046,-0.6099111014567794,-0.953333271262198,-0.9852505591962712,-1.432243022617244,-0.028252402725172963,-0.050526798302915614,-0.39046818413291245,0.7729052967238862,-1.5047727255891286,0.322085912586236,0.36319313111990986,0,0
2017-10-11,-1.1626097360186658,-0.11048271045857039,0.7662844544252589,-0.09143442993200246,-0.8268529598921326,0.5109117192071189,-0.664888215309786,-0.6099097688846331,-1.1124859222828534,-1.145316004381713,-1.435106759684173,-0.11917446237091073,-0.03944764234591026,-0.3621758206455904,0.8166409346117118,-1.3283363614005665,0.2503455977901535,-0.6975256515792545,0,0
2017-10-18,-1.0351535326030046,0.9900242445126439,0.7604454243532732,3.6383846828674127,0.46695851777389663,0.9698867094906305,-0.664888215309786,-0.6099093252294309,-1.1124859222828534,-1.145316004381713,-1.3699105306542019,0.9612585788484921,0.22620945319536706,-0.3621758206455904,0.8166409346117118,-1.356541281385538,0.03243005561874091,0.017189512843969055,0,0
2017-10-25,-0.004186152734615045,-1.7445637155506954,-0.8695794608917229,1.140366121679115,-0.40592708469233685,-1.2155554209687836,-0.664888215309786,-0.6099094090828471,-1.1124859222828534,-1.145316004381713,-1.3138116221469407,0.8168411445919831,0.005177171603284063,-0.3621758206455904,0.8166409346117118,-1.8204087254679115,0.13573717133290372,0.46403714032423965,0,0
2017-11-01,-1.1100312637783423,4.316293491571632,1.516828639821144,4.935082834493976,3.634585364321641,2.160977033103162,-0.664888215309786,-0.6099096291658658,-1.1124859222828534,-1.145316004381713,-1.3658915884492355,-0.9004684194441555,-0.11684380403909524,-0.3621758206455904,0.8166409346117118,-0.8902475357943984,-0.3340918622057782,0.0820892682098223,0,0
2017-11-08,-0.9597728391052922,-0.5563018258828878,-0.21530795452093798,2.338563823535589,-0.8350121383219111,-0.32371763697955913,-0.6126918790213053,-0.6099095941994709,-0.9260429074807055,-0.9288371409632826,-1.3512937747860154,0.15802280118519108,1.05316303669152,-0.531739115130619,0.5550946901801621,-1.6000922518635081,0.38122252258993927,0.5887495587320409,0,0
2017-11-15,-0.6418452889645481,-4.722502397737749,-3.286149478714373,-0.8961335783577606,-3.973819069134965,-3.3310659833898804,-0.6126918790213053,-0.6099090441410713,-0.9260429074807055,-0.9288371409632826,-1.3240103046706937,0.3594040707687633,-0.4260798194526969,-0.531739115130619,0.5550946901801621,-1.427644642450375,0.4236654144572359,0.6649141490183895,0,0
2017-11-22,-1.0498845583221417,-0.08424680193281908,0.3335298209854898,2.3853955454403497,0.8850340486422859,0.07155885147964725,-0.6126918790213053,-0.6099082438937753,-0.9260429074807055,-0.9288371409632826,-1.327862116942695,-0.13485988156800696,-0.4013269929652214,-0.531739115130619,0.5550946901801621,-0.6550074000671581,-0.2005264251614504,-0.6336681905857955,0,0
2017-11-29,-0.029212382363495982,-0.8035858388176331,-0.7799879204386073,-2.303601339983219,0.7599345725388673,-0.7214179423142397,-0.6126918790213053,-0.6099075895971157,-0.9260429074807055,-0.9288371409632826,-1.3685690659588183,-0.7199249317079962,0.8004053014323657,-0.531739115130619,0.5550946901801621,-1.302789402710619,0.35070656424757035,0.36794764730395624,0,0
2017-12-06,-0.3192860454427593,-2.261440947763438,-2.7212414192749446,-4.131616018835738,-0.3284607888054403,-2.9081094065063873,-0.6126918790213053,-0.6099074773906258,-0.9260429074807055,-0.9288371409632826,-1.3240103046706937,0.6336445156318776,0.04526977788576101,-0.531739115130619,0.5550946901801621,-1.1300515554760637,0.36686787292949796,0.1688638379078355,0,0
2017-12-13,-0.8370342414482738,3.396061699333064,3.167699518728062,4.0088955674364435,0.27581748644971427,3.381470622795657,-0.4457137376449098,-0.6099082481813505,-1.0681991840600504,-1.0825193553072663,-1.380708327708886,-0.9737787863136552,-0.08616424444899319,-0.590638387351678,0.46305398299233225,-1.039260175828317,0.393659915472872,-0.3534173790070307,0,0
2017-12-20,-0.38107412410393715,0.7379820458584208,1.4372958406546843,1.5434857936065693,0.404236947905634,2.000014718769183,-0.4457137376449098,-0.6099097002723742,-1.0681991840600504,-1.0825193553072663,-1.4096271316326727,-0.5327914054538744,0.08675690960414718,-0.590638387351678,0.46305398299233225,-1.3391956557698534,-0.2664208840609275,0.30370283808539095,0,0
2017-12-27,-0.5471988584630395,2.0822614183730215,2.290363078154689,2.7379582105637734,0.41868016071102687,2.2629426654666496,-0.4457137376449098,-0.6099113239904289,-1.0681991840600504,-1.0825193553072663,-1.3163514399887337,1.4070122417965822,0.1156933123993008,-0.590638387351678,0.46305398299233225,-1.3993336670055894,-0.1658517860830724,0.1556606995902474,0,0
2018-01-03,-0.5318461367604987,0.9153635574885577,2.2497148807228307,3.683789354984812,-0.06831836623151233,1.5929040060700395,-0.4457137376449098,-0.6099126061273673,-1.0681991840600504,-1.0825193553072663,-1.2703901950386889,0.6559085538764966,0.3618270518378985,-0.590638387351678,0.46305398299233225,-1.3445582540793424,-0.6091418960046184,0.3341238324110966,0,0
2018-01-10,-0.7366781698127732,0.9831968043821027,0.6335475017402725,-0.23111521085450448,2.8299288598733874,0.7182746341686475,-0.9003028392409855,-0.6099130371777316,-0.7104549828752993,-0.7848538431339931,-1.3125441574492294,-0.7428958670768068,-0.006327663243028981,-0.4622837665713505,0.6612280590589213,-1.5023943241501825,0.06255029862502379,0.37208533361600826,0,0
2018-01-17,-1.0102668101167085,-1.1260091742508527,1.8770318252611773,0.19264303783832482,0.5106327726028148,0.8707617879885277,-0.9003028392409855,-0.6099124302329114,-0.7104549828752993,-0.7848538431339931,-1.3062311097945625,0.02650444395198057,-0.1701844019627346,-0.4622837665713505,0.6612280590589213,-1.6097211091670935,0.09252355226852947,0.3863708643262006,0,0
2018-01-24,-0.803367071854895,-1.9202432666378888,-1.247405493171705,-3.048294722051592,0.23688871488234398,-0.452371650474781,-0.9003028392409855,-0.6099111667471777,-0.7104549828752993,-0.7848538431339931,-1.2691771947680064,0.5145071675655211,0.04213209565495287,-0.4622837665713505,0.6612280590589213,-1.555789870009178,-0.5683171190031834,-0.13910282607679725,0,0
2018-01-31,-0.10252903021389687,0.43607983264017935,0.10454776972848023,-0.5571145240137465,-0.8374442772411506,0.5497379012903814,-0.9003028392409855,-0.6099096860293288,-0.7104549828752993,-0.7848538431339931,-1.1250512269493673,2.2142462397691447,0.020516951398335093,-0.4622837665713505,0.6612280590589213,-1.4316144856254165,-0.34704847910304415,0.13182280312049305,0,0
2018-02-07,-0.6329072895537075,-3.8444046660409903,-5.586864638940181,-7.755181261920985,-4.116267420396369,-5.689797667609664,-0.9003028392409855,-0.6099084273881634,-0.7104549828752993,-0.7848538431339931,-1.1451609552972684,-0.3929497795965361,-0.05583331621793036,-0.4622837665713505,0.6612280590589213,-0.7463148954266284,0.03716383518209472,-0.45740787311174647,0,0
2018-02-14,-1.1274944998458782,-0.7332184914585538,2.185913183612831,3.308182557545969,-2.3255903150593227,1.5537204154830064,-0.503581478919441,-0.6099077846201105,-1.3366854878315404,-1.3944445950020063,-1.1744609521766034,-0.5388427376521325,-0.7921427463796863,-0.26055977027362176,0.9715968312744587,0.4175311663726987,0.161327231412181,-0.451957947296618,0,0
2018-02-21,-1.0127010839172785,5.067412494305357,2.6667773535093975,4.407090768471722,3.60532267903908,2.9285498926101994,-0.503581478919441,-0.6099078706512815,-1.3366854878315404,-1.3944445950020063,-1.1094592895224096,0.9581698917221899,-1.4193305611813345,-0.26055977027362176,0.9715968312744587,0.3109599605523633,-0.07272020321301242,-0.7851019062922002,0,0
2018-02-28,-1.1297252241064633,-1.1053450020671596,-1.4846503044673387,-3.163273524227872,-1.1168327148434187,-1.1043634282126291,-0.503581478919441,-0.6099086913694368,-1.3366854878315404,-1.3944445950020063,-1.1146293096734845,-0.15578606518847982,0.5364913626859378,-0.26055977027362176,0.9715968312744587,-0.04414518764076539,0.8660930441333318,0.550005257220532,0,0
2018-03-07,-0.5373983339776046,-0.7776985396493297,1.2739361256823845,1.9584436145738682,-2.0763414238249567,0.32150638389971675,-0.503581478919441,-0.6099102524516319,-1.3366854878315404,-1.3944445950020063,-1.0591947070774064,0.8062954729280025,-0.19842354203995835,-0.26055977027362176,0.9715968312744587,-0.16433583276641894,-1.3468992428078712,0.2610141128612164,0,0
2018-03-14,-0.7093883764691284,1.7274812404048712,1.1536452852976886,2.1188067522634135,0.9674694058436906,2.142734514334421,-0.6915833687163272,-0.6099125092790693,-0.6623138135206272,-0.7670144738476818,-1.0076357780521095,0.7447702324233164,-0.1506610458599559,-0.34612670705236387,0.8391965026928564,-0.1353404601620134,0.24743307738964318,-0.23129342772333372,0,0
2018-03-21,-0.5541920928805792,1.9819737962630812,1.0373420405436207,2.1522942982345583,0.13157896635194177,0.5958213374999133,-0.6915833687163272,-0.6099151068423421,-0.6623138135206272,-0.7670144738476818,-0.9577496677510972,0.7182147002164013,0.40505734035113405,-0.34612670705236387,0.8391965026928564,-0.3763149569242941,0.3261266580294517,-0.34409193427547763,0,0
2018-03-28,-0.9476711981020531,-2.696262673452088,-2.1909873258413093,-6.22954466507184,-2.25653157476442,-2.5897536816269273,-0.6915833687163272,-0.6099175718436499,-0.6623138135206272,-0.7670144738476818,-0.8371644304752323,1.8405436866905223,0.015287481013638337,-0.34612670705236387,0.8391965026928564,-0.8167298482795595,0.5020634170269289,0.9678281006961683,0,0
2018-04-04,-0.4986730750269151,1.0916740880727138,2.1909873258413093,0.28799201298514987,-1.5246134473022366,1.0665233997238843,-0.6915833687163272,-0.6099194307523409,-0.6623138135206272,-0.7670144738476818,-0.8108989178336169,0.3432442788643335,-0.6802320801477107,-0.34612670705236387,0.8391965026928564,0.1395317801939218,-0.5366738357386274,-0.020085219857288568,0,0
2018-04-11,-0.170909799239891,1.702679054549594,0.9245273672534804,2.5554045327551123,2.7070208389254447,2.1491250246738147,-1.4873712118388351,-0.6099202194937512,-0.8641186072193259,-0.8648534382750045,-0.8063354520003655,-0.001269681081859742,0.16624485945117126,-0.3823473574195958,0.7841874041944905,0.12061310380204848,-0.12258316132420094,-0.46048276221729817,0,0
2018-04-18,-0.9409707251944539,0.44558845786946133,0.6116332134609603,1.470904420744512,2.392645172803398,0.3880089495279293,-1.4873712118388351,-0.6099197863910488,-0.8641186072193259,-0.8648534382750045,-0.7786505068999698,0.36577737454736653,0.44793899750547894,-0.3823473574195958,0.7841874041944905,-0.36167175326829476,0.5804240883278273,1.3629472071577469,0,0
2018-04-25,-0.9014265397712654,-0.6855096865997723,-2.3651693290964726,-2.6796178976415064,-0.9248196937281961,-2.15211025033355,-1.4873712118388351,-0.60991835625582,-0.8641186072193259,-0.8648534382750045,-0.7452791440262418,0.45604767588337347,0.7425324958419594,-0.3823473574195958,0.7841874041944905,-1.2591319602081164,0.016316860753201722,0.1769987306469931,0,0
2018-05-02,-1.0165458189992183,3.7817182489312096,2.0598258140284376,-0.7323146612721931,2.3262037199240027,1.661658675718325,-1.4873712118388351,-0.6099161763138451,-0.8641186072193259,-0.8648534382750045,-0.7912743585682157,-0.8038746768009593,-0.669424508019377,-0.3823473574195958,0.7841874041944905,-0.8617097316768626,0.25544155601299934,-0.004289754784970473,0,0
2018-05-09,-0.9222179877894233,0.15760094051888718,0.203633128647418,2.0611029146038184,2.3241234234030017,-0.192363241004756,-0.9731522281227943,-0.609913493791385,-0.7857002860538479,-0.870045295094332,-0.8063354520003655,-0.3128041038219482,0.24573280929814578,-0.28882245725665917,0.923866725318574,-1.1339138763929546,-0.00983922250003243,-0.1421481414442212,0,0
2018-05-16,0.5090103622236037,2.876223821648871,1.5144257199906086,6.989908758811492,0.5454913195171329,1.5096789685062895,-0.9731522281227943,-0.6099105561587411,-0.7857002860538479,-0.870045295094332,-0.737463299914379,1.0196128354616192,-0.35879396716986617,-0.28882245725665917,0.923866725318574,-1.178191648179155,0.4635778924854016,0.8287255033145187,0,0
2018-05-23,-0.45453991320610976,0.39323908464974355,0.0,-1.806594999817701,0.689284017772529,-0.0015805403867474865,-0.9731522281227943,-0.609907611526581,-0.7857002860538479,-0.870045295094332,-0.6566414513765085,1.2093109446375174,-0.055484684858940675,-0.28882245725665917,0.923866725318574,-1.1228152731667538,0.33846117546181,0.09218265861836544,0,0
2018-05-30,-1.2363160632886865,-2.1999403457476197,-2.3315902763734186,-1.8011536610171408,-1.3246770377962847,-2.804940756611174,-0.9731522281227943,-0.6099049081093374,-0.7857002860538479,-0.870045295094332,-0.60332662779895,0.772644570304407,-1.0550107910491946,-0.28882245725665917,0.923866725318574,-0.7694067509956551,0.5239417311147847,0.07505941462902342,0,0
2018-06-06,-0.030368009231644975,-5.090132858773511,-4.832859477350926,-10.467325450474307,1.1044679434204063,-4.196118029174656,-0.9731522281227943,-0.6099026941214434,-0.7857002860538479,-0.870045295094332,-0.6132624862340681,-0.23144242305174362,-1.4057339381811824,-0.28882245725665917,0.923866725318574,-0.10064396237845959,0.1340752874236372,-0.5328865719508739,0,0
2018-06-13,-1.070447181643071,-0.1878110923957843,-0.8648697538095718,2.3340654581632148,0.7897261607208605,-0.6291895735600406,0.007699847336979227,-0.6099012017514936,-0.8653901743288054,-0.9786474814583072,-0.6095248199993962,-0.01437902013825425,-0.2664066570406694,-0.24563142949154773,0.9861740205848718,-0.8291403831761477,-0.8192472434243278,-0.525018411250061,0,0
2018-06-20,-0.10816748779301179,-0.5323296297860658,-1.6049553240498504,-1.3938967498053234,-1.581840265927692,-1.6702747446398547,0.007699847336979227,-0.6099005057502486,-0.8653901743288054,-0.9786474814583072,-0.6481998280504281,-0.6876684337637213,0.07246302388601569,-0.24563142949154773,0.9861740205848718,-1.2178031966046237,0.4850395234632051,0.33820507187466703,0,0
2018-06-27,-0.014918608859950713,-2.07865457569556,-3.182067547359946,-2.3672354559316044,-1.8055363134409141,-3.127319378133464,0.007699847336979227,-0.6099005915083947,-0.8653901743288054,-0.9786474814583072,-0.7020128431037677,-0.9279800865820261,0.23457660581087197,-0.24563142949154773,0.9861740205848718,-1.0215644752153503,-0.42453893647523133,-0.1726189496264869,0,0
2018-07-04,-0.7211928092509936,-0.8436842503846131,,,-0.7930382088614962,0.1627310558412809,0.007699847336979227,-0.609901443390965,-0.8653901743288054,-0.9786474814583072,-0.6520870013127906,0.7188454265742968,-1.2143353221021829,-0.24563142949154773,0.9861740205848718,-0.3226196325439018,0.24096532867947734,0.3333996913424991,0,0
2018-07-11,-0.11006431268140325,1.013846030241039,2.283221171264138,1.7699698631811422,1.3945675860720819,1.8201635643954717,0.0008365206153616988,-0.6099030398795406,-0.10777228584400096,-0.07367905343487596,-0.6347139114664387,0.20207953906977427,0.15683181275874683,-0.32290222949230835,0.865593036337055,-0.5175912624199833,0.0841245988245563,0.15189009000229037,0,0
2018-07-18,-0.9329059249870488,0.666475686777801,0.45042713972813786,-1.3353712892435254,2.709074713645787,-0.11235561731099963,0.0008365206153616988,-0.6099051650838809,-0.10777228584400096,-0.07367905343487596,-0.5855686850421816,0.7064533746375254,0.8840768275871175,-0.32290222949230835,0.865593036337055,-0.8759835338559417,0.13557593537703172,-0.3231359248706688,0,0
2018-07-25,-0.6339085379808413,2.325820183230398,3.3152310811330743,1.8900972812552652,-0.4040254067450455,2.935584122727075,0.0008365206153616988,-0.6099073688651946,-0.10777228584400096,-0.07367905343487596,-0.5795185216384955,0.022331229549087537,0.6783843257899864,-0.32290222949230835,0.865593036337055,-1.5517005993737738,-0.21164775043637718,-0.9611966208421805,0,0
2018-08-01,-1.3023796661851004,-0.49622131175581785,-1.5334356883437206,-3.8166000306407266,0.7375571234788936,-0.4667512897596815,0.0008365206153616988,-0.6099091871387295,-0.10777228584400096,-0.07367905343487596,-0.5261007235862634,0.7742792614630989,0.1833277960411212,-0.32290222949230835,0.865593036337055,-1.14026867292887,0.003094015917340297,0.6076569515887434,0,0
2018-08-08,-1.3023796661851004,-0.8771615461614424,-1.445265904896731,0.4851162951241328,-0.14937666756749124,-1.8419593588026473,-0.6597253356207889,-0.6099101558197336,-0.7776228132860113,-0.7575749102432742,-0.5001588933824348,0.3381059101477016,0.17077706711783908,-0.17933651736059286,1.0841933745325403,-1.2618148484327603,-0.12208138868093513,-0.2876994689947427,0,0
2018-08-15,-0.16835539749774547,-3.830639592634899,-6.356863496682186,-7.726007125449419,-2.38161904436458,-6.159169659996255,-0.6597253356207889,-0.6099099357274858,-0.7776228132860113,-0.7575749102432742,-0.5226781268735107,-0.43120000390560825,-0.42398803129880824,-0.17933651736059286,1.0841933745325403,-1.3044513822369381,0.2896123366248486,-0.3292551543445825,0,0
2018-08-22,-0.8105827909651684,1.4037822295518199,3.977143011650641,3.36479751443739,1.831987604003249,3.76014277288208,-0.6597253356207889,-0.6099086872973871,-0.7776228132860113,-0.7575749102432742,-0.4830528271427126,0.5553271849042589,-1.5061397695668448,-0.17933651736059286,1.0841933745325403,-0.0758582023761663,0.38984896876178227,-0.4940096060376305,0,0
2018-08-29,-1.1281720483251487,-0.03429943439559047,0.6857166405625392,1.821535043088529,1.8406599018818248,0.17863527436965398,-0.6597253356207889,-0.6099066958688697,-0.7776228132860113,-0.7575749102432742,-0.39317374768431296,1.3530919676042554,0.8457273780994898,-0.17933651736059286,1.0841933745325403,-1.053811856857362,0.3781244462275867,0.9091887509285931,0,0
2018-09-05,-0.057906559257950865,-2.195601029000449,-2.771538628455028,-3.4430736015289565,-3.2808742329948792,-2.395042868024788,-0.6597253356207889,-0.6099042467813655,-0.7776228132860113,-0.7575749102432742,-0.33310103827672743,0.8799241291739203,0.13103309219435183,-0.17933651736059286,1.0841933745325403,-1.2713654079533199,0.5567276766125913,0.5797367000541478,0,0
2018-09-12,-0.6003114725499847,-0.33939858948317525,0.0,-2.028853115630591,1.2318728845573723,-0.40848158643811416,-0.07115535251162894,-0.6099016286700312,-0.5214802279702015,-0.46473778777358205,-0.3660768746154742,-0.5971956671924157,-0.08999918939773117,-0.21873505005906352,1.0233920951759259,-0.30126710596267625,0.4264465650970759,0.09807033227800654,0,0
2018-09-19,-0.31946660101123103,1.0843847598795753,0.9323887943603282,0.6650791520740551,0.5622968791941574,1.213219657146336,-0.07115535251162894,-0.6098991855279031,-0.5214802279702015,-0.46473778777358205,-0.24760492501523262,1.806995832330819,0.7777442630987789,-0.21873505005906352,1.0233920951759259,-0.7108832491180214,0.1632947949487947,0.5924799779067607,0,0
2018-09-26,-0.8937928477612944,-0.45334235754168617,0.0,0.8956128846301148,0.3603607503298356,-0.1687856007380084,-0.07115535251162894,-0.6098973072821832,-0.5214802279702015,-0.46473778777358205,-0.31401562385754755,-1.1279648145947405,0.1962271563232444,-0.21873505005906352,1.0233920951759259,-1.1335625746738331,0.28671118125473305,-0.12149582494785156,0,0
2018-10-03,-0.718347405238137,,-0.11607043654744409,-2.1343110903193185,-1.0231251985451273,-0.24551939659502864,-0.07115535251162894,-0.6098963852504574,-0.5214802279702015,-0.46473778777358205,-0.3733935355267925,-1.0163212733265807,0.25932943229834743,-0.21873505005906352,1.0233920951759259,-1.308041924043677,-0.0337524894652769,0.41583883964188073,0,0
2018-10-10,-0.2029707202568698,-1.798438817146386,-4.271097359183784,-8.50086288876093,-7.608459860177952,-3.522854679239096,0.48147831978688793,-0.6098968057836535,-0.27613882193463674,-0.21632815069034123,-0.3274767995798578,0.6552019858255593,-0.11858696083399416,-0.02030723941195341,1.3271308614519113,-0.8735887742089851,-0.43037481499756025,0.5948072971098278,0,0
2018-10-17,0.8108032396356266,0.6030743670960792,2.0396617538388284,2.321499084046419,0.12923938179767447,1.0731206296551221,0.48147831978688793,-0.6098985225125932,-0.27613882193463674,-0.21632815069034123,-0.4108123701460748,-1.3966424481226338,-0.9249712941503496,-0.02030723941195341,1.3271308614519113,-0.08922446015233561,-0.35033684056500275,-0.29071843291186655,0,0
2018-10-24,-0.24638086328700096,-2.4223988380281725,-4.867138127785919,-9.23570572775354,-5.001789861193373,-4.314637673724864,0.48147831978688793,-0.6099007266860466,-0.27613882193463674,-0.21632815069034123,-0.4200077802338312,-0.21968801138090951,-0.33438977204142994,-0.02030723941195341,1.3271308614519113,-0.35516171506113525,-0.11982070663368562,-0.697545715143891,0,0
2018-10-31,-0.12327115005659593,0.5660934005606411,1.115944038600425,3.3547324291598457,3.7946329438562465,0.6989505408969698,0.48147831978688793,-0.6099025319487474,-0.27613882193463674,-0.21632815069034123,-0.4017017550062008,0.2168896288929292,-0.6188729609675562,-0.02030723941195341,1.3271308614519113,0.5133440831477405,-0.28052082026489483,-0.48235301046136825,0,0
2018-11-07,0.9574508337888394,6.588121728617424,8.05165621367232,12.776841343635414,0.4501953538203374,8.219838395576229,0.48147831978688793,-0.6099030519454294,-0.27613882193463674,-0.21632815069034123,-0.5801218734718216,-2.9060832126634257,0.3674051535815354,-0.02030723941195341,1.3271308614519113,0.2444841089593343,-0.3896544242174199,-0.48476549742861275,0,0
2018-11-14,0.955743744230857,-0.3604791206701874,-2.1852195186831125,-6.539561188036158,-2.3359594397238226,-2.054318015609624,-0.057910484474383454,-0.6099015983371188,0.13004664973576976,0.2640344134752104,-0.4534136408529517,1.9377445355771714,1.320911920386686,-0.1460520424668125,1.1319677109339639,-0.4749368951499728,0.023600618309314023,-0.9495264127412806,0,0
2018-11-21,0.2895893056668508,-0.2877171585106586,0.5797053251259676,2.111701111503139,-2.709224933282073,0.43381653550875754,-0.057910484474383454,-0.6098987048020525,0.13004664973576976,0.2640344134752104,-0.3951737252829855,0.8508290365156624,-1.1867934447429385,-0.1460520424668125,1.1319677109339639,-0.07964548726576566,0.7267919359891641,-1.1200957844511648,0,0
2018-11-28,0.028581770412201418,4.188849840656417,4.299308452451767,8.164875691876583,0.9622852557702011,3.5688213236066524,-0.057910484474383454,-0.6098953707234517,0.13004664973576976,0.2640344134752104,-0.357849638174424,0.5187960742599228,-0.9633207436379276,-0.1460520424668125,1.1319677109339639,-0.11946443778957277,-0.7185741454647392,-0.7445704120294152,0,0
2018-12-05,0.6576120838170275,-0.3645982727529917,,,-1.1346267111846942,-0.7420240514013798,-0.057910484474383454,-0.6098925964012792,0.13004664973576976,0.2640344134752104,-0.41795694691547053,-1.027900249070134,-0.5641378376080076,-0.1460520424668125,1.1319677109339639,-0.053934717241734535,-0.09416961255955357,-0.8941317755250554,0,0
2018-12-12,-0.2660613270622505,-1.9220541536042468,-1.9005532905461031,-7.224046161641651,-1.2371658841764166,-1.3400416770650736,0.8752696939789826,-0.6098913272033065,-0.19374385729094173,-0.29927978344759126,-0.39818130324135365,0.24021941317916976,-0.37901458599062426,-0.31050160968408175,0.8731880995061022,0.035287892316871496,-0.21346375724327063,0.8043563591696091,0,0
2018-12-19,0.559549079608314,-3.536964116098784,-5.293470864066174,-6.358604775613896,-2.493668679461969,-3.8527864486591845,0.8752696939789826,-0.6098915858081486,-0.19374385729094173,-0.29927978344759126,-0.3121732203467296,1.2916409732855785,0.2157505124260231,-0.31050160968408175,0.8731880995061022,0.14637116152185273,0.029007470627522076,-0.3592962828069951,0,0
2018-12-26,-0.47633293094994367,,-0.6042199478477617,-1.0475237524808723,,-1.7265835435091859,0.8752696939789826,-0.609892629277,-0.19374385729094173,-0.29927978344759126,-0.1886217440456951,1.8876319066050737,-0.22701131347612227,-0.31050160968408175,0.8731880995061022,0.12513619424027525,0.10909797289721981,-1.088382157047061,0,0
2019-01-02,-1.2042680303492483,-0.29263056549115873,0.8449157984250277,0.42668282972386784,-0.9316980823506071,0.9371400572306676,0.8752696939789826,-0.6098936914965368,-0.19374385729094173,-0.29927978344759126,,,,-0.31050160968408175,0.8731880995061022,,,-0.9902911693045703,0,0
2019-01-09,1.576461779541375,2.7633564793256182,4.924780275154017,6.7394970989498315,4.436713957629834,4.624383627291362,0.6902312649187539,-0.6098940070743397,0.09199565310100727,0.015293197798743736,-0.1609922988878759,0.36489632838786645,-1.3754030099501195,-0.3173781898434599,0.8575474965911618,0.7251989787158111,-0.762847928073026,0.5576944968904812,0,0
2019-01-16,-0.9838313359406107,2.4222287952732735,1.024506911142442,0.792868536364999,0.4599539310506273,1.5373201828722927,0.6902312649187539,-0.6098931768376407,0.09199565310100727,0.015293197798743736,-0.29438757722606534,-2.1913263924787336,1.214230724539407,-0.3173781898434599,0.8575474965911618,0.01863801103844012,-0.35637896998375723,1.342662918650741,0,0
2019-01-23,-0.10524716154278034,0.8534187115480485,1.3498212115220287,1.6642521871550908,1.6324570927633175,1.0698841629192657,0.6902312649187539,-0.6098917625798019,0.09199565310100727,0.015293197798743736,-0.23348139072833454,0.8931553462745915,0.8607185265355511,-0.3173781898434599,0.8575474965911618,-0.6246556711865119,0.11949459988872216,0.06784966128564716,0,0
2019-01-30,0.42572960077390287,3.981064785486854,4.050902704826509,8.777966360974254,1.6105071858393494,3.9615890919878716,0.6902312649187539,-0.6098904818096285,0.09199565310100727,0.015293197798743736,-0.1805333763465748,0.7668215762935079,0.03306768032151813,-0.3173781898434599,0.8575474965911618,-0.46404234750649015,0.07246963413713606,0.2769116069947547,0,0
2019-02-06,-1.2378871078292146,2.7201256658845097,1.9129295875780272,3.4523933742586443,1.6648341651090526,1.8414469893735408,0.6902312649187539,-0.6098900520359247,0.09199565310100727,0.015293197798743736,-0.24846742057098217,-1.1521474990477178,0.7711202672781728,-0.3173781898434599,0.8575474965911618,-0.5609579644658776,-0.9694292670300964,0.17909748342806936,0,0
2019-02-13,0.3446179088649638,0.6993841713649696,0.5249420466340915,0.042947662829107,-0.7760150283470324,0.8496089011504004,1.0126708954077537,-0.6098910895285932,-0.7578724969834618,-0.8026856287651969,-0.21997599671557905,0.37858000058322117,0.6246950965074068,-0.3870223789392593,0.7509995632046035,-1.1119522901442305,-0.6648924974986803,0.05998479705383768,0,0
2019-02-20,1.0002924421402088,1.1109359279057651,0.730319946944169,2.501713373649439,3.1301394766675372,0.8053386798017925,1.0126708954077537,-0.6098932159865611,-0.7578724969834618,-0.8026856287651969,-0.3425465078893783,-2.019486223013137,-0.10917391414156973,-0.3870223789392593,0.7509995632046035,-1.0249407103615815,-0.5004004566870176,0.22289502171100017,0,0
2019-02-27,0.09395517046929668,-0.020281598097193765,1.4447988878832696,3.8608472078752953,0.2581809929518286,0.8453244390674186,1.0126708954077537,-0.6098954886006367,-0.7578724969834618,-0.8026856287651969,-0.36462002215730105,-0.4241243351473304,0.817139606663326,-0.3870223789392593,0.7509995632046035,-0.9516898997290811,0.05563182261768245,0.7630749150255396,0,0
2019-03-06,-0.2866683539114862,0.53587046488488,-1.1334408757698977,-3.2762972493863174,0.3839873999166521,-0.7243557068262518,1.0126708954077537,-0.6098969580823386,-0.7578724969834618,-0.8026856287651969,-0.3256091457224331,0.545573385890126,0.7209173515853416,-0.3870223789392593,0.7509995632046035,-0.9337812074503483,-0.309491024741039,-0.28971187881210275,0,0
2019-03-13,1.4342429817627107,1.5508931489193856,2.355466982309329,0.6225444615749698,-0.4453986319136405,2.1149113630380967,0.4338505600011005,-0.60989678287176,0.05428680459857576,0.10605342856436344,-0.286733947637277,0.5434195298068294,-0.020621548961110934,-0.4952014492524772,0.585551433311023,-1.1558921729100964,-0.4604778787131502,-0.24410371413406368,0,0
2019-03-20,-0.35057702707050054,-0.17887148951443166,0.7059914782858723,2.4521073654853787,1.5039099853197513,0.22070540070524558,0.4338505600011005,-0.6098951797345095,0.05428680459857576,0.10605342856436344,-0.2804751754175331,0.02564283651106661,0.2934953054781482,-0.4952014492524772,0.585551433311023,-1.029609816167599,-0.7094943262474113,0.2861310049158899,0,0
2019-03-27,-0.44450940664018956,-1.382099446687346,-3.580946529297746,-7.370443840257135,-1.980101361344122,-2.5163173501743685,0.4338505600011005,-0.6098929661307272,0.05428680459857576,0.10605342856436344,-0.30941604107909026,-0.5331416294078498,-0.31033420827193386,-0.4952014492524772,0.585551433311023,-0.9036102057837695,-0.34604027177860125,0.5071386636957189,0,0
2019-04-03,-0.045145750520778,3.4882521096655683,3.077160912807475,4.503735087760941,5.11739555247086,2.772669274408468,0.4338505600011005,-0.6098909664151825,0.05428680459857576,0.10605342856436344,-0.2993717082090009,0.08573755945509691,-0.5250911254024502,-0.4952014492524772,0.585551433311023,-0.4941492409937631,-0.1585382607983556,-0.2262058694153304,0,0
2019-04-10,-0.7923333301033179,1.2004028398227007,2.3953533681729144,3.26960929593203,-0.42705806672485025,1.6929363433174416,1.01772243142852,-0.6098899994650127,-0.5461568556130438,-0.47491118169860097,-0.24073193314934047,0.8571766947542171,1.3010399329249174,-0.5289450067431762,0.5352812577503687,-0.9712241050461546,-0.5686244797626875,0.3728309836827345,0,0
2019-04-17,0.05558125744510377,-0.36631072171233736,-0.09868983857019842,1.1593133354106389,2.5736857160984172,-0.24894674420981033,1.01772243142852,-0.6098904069187244,-0.5461568556130438,-0.47491118169860097,-0.12113460293359384,1.824860936747832,0.0888486977580358,-0.5289450067431762,0.5352812577503687,-0.9500730545504464,1.0269064947069735,0.47451559086388,0,0
2019-04-24,-0.3211154521186585,1.5334663011668415,0.09868983857019842,1.6555358991368063,1.3719408757205898,0.3107008721198845,1.01772243142852,-0.6098916895984131,-0.5461568556130438,-0.47491118169860097,-0.07193765973713968,0.7072743640189665,0.3618270518378985,-0.5289450067431762,0.5352812577503687,-1.754757513530935,-0.36117864826561996,-0.11384384415653459,0,0
2019-05-01,0.18549471007799911,,-0.19746683169832302,-0.824341989800903,0.3353621471204882,0.38202674433271966,1.01772243142852,-0.609893262738184,-0.5461568556130438,-0.47491118169860097,-0.07374352497463278,-0.10238104116540696,-0.20923111416829202,-0.5289450067431762,0.5352812577503687,-1.3901473461388114,-0.6497129588089187,0.46724915412754603,0,0
2019-05-08,-1.1568521337540676,-0.6488457605555276,-0.3960450447086483,1.5255554798469628,-2.6222013857419846,-0.8089085309298305,0.6479056120472445,-0.6098945415721426,-0.15551591362279746,-0.06305505411655714,,,,-0.5970112799678909,0.4324131635493037,,-0.16044667161126036,-0.3255977960200543,0,0
2019-05-15,0.35336892225237854,-1.3299076836287949,-1.4992445918627695,-2.1185661421167623,-1.3647444463374292,-1.2995401332053902,0.6479056120472445,-0.6098950611533629,-0.15551591362279746,-0.06305505411655714,-0.09235438678439509,-0.36915568998624276,-0.7489124578664011,-0.5970112799678909,0.4324131635493037,-0.23241897240107218,0.1766003666980666,-0.19937489882015136,0,0
2019-05-22,1.1258832385090498,1.184136323989593,1.1016456333438285,2.7763300852785555,0.671091086695963,0.8147735649479237,0.6479056120472445,-0.6098948358107922,-0.15551591362279746,-0.06305505411655714,-0.12722157541879536,-0.6272203590928024,-0.8036475812259993,-0.5970112799678909,0.4324131635493037,-0.40937838150134703,-0.3458083059204606,0.38000012160509944,0,0
2019-05-29,-0.09577677071268481,-0.9504447944106431,-0.8000141435307917,-1.2027217232465137,-3.4376345370649375,-1.2412201540773715,0.6479056120472445,-0.6098939996923467,-0.15551591362279746,-0.06305505411655714,-0.11169815491912118,0.17271655239658118,0.008314853834092207,-0.5970112799678909,0.4324131635493037,-0.6831050268228722,-0.93107419775137,-0.24219393276986312,0,0
2019-06-05,-0.5142219812613055,2.2737018975249157,2.8700576392021837,4.577448249052463,1.7711580312025355,2.9124047556776667,0.6479056120472445,-0.6098926869459422,-0.15551591362279746,-0.06305505411655714,-0.1441567381062385,-0.5889844172059012,-1.071745096280155,-0.5970112799678909,0.4324131635493037,-0.2060066927807123,-0.3577055338313061,-0.2761084146783694,0,0
2019-06-12,3.433839333885455,0.9857799164326497,1.3566267324726322,0.33500655085565434,2.13589718823588,1.1831033844494243,0.859774198248598,-0.6098910376880852,1.0175081791154992,1.297903626745308,-0.19473177339154846,-0.8765780579180945,1.01864853215268,-0.8483985592165503,0.0678511493319248,-0.5423555563074831,-0.5388380627909852,-1.8453030159429133,0,0
2019-06-19,-0.4887184759810208,1.6278721738323787,1.8045199225098951,4.113419179864097,2.110178825744935,1.8253909668526802,0.859774198248598,-0.609889292288947,1.0175081791154992,1.297903626745308,-0.17091393876864833,0.30438807076805974,0.8847740903050474,-0.8483985592165503,0.0678511493319248,-0.7957900238319834,-0.41930290536269366,-0.12654724520144583,0,0
2019-06-26,1.2313704334820021,-0.521022340689048,0.19029563506895997,-1.871910581168379,-0.16688162865614586,0.04606480359035103,0.859774198248598,-0.6098877743059268,1.0175081791154992,1.297903626745308,-0.16613911547726776,0.002085559808884212,1.2051663092059723,-0.8483985592165503,0.0678511493319248,-1.1009002863739739,-0.6259635260020076,0.2568659973971874,0,0
2019-07-03,-0.7939871859635796,4.0045547420609395,3.088706745776282,5.959803298562472,2.088574153373024,2.8384618219282842,0.859774198248598,-0.6098868098144228,1.0175081791154992,1.297903626745308,-0.07338208776688254,1.3987785960392123,-0.061411417961567266,-0.8483985592165503,0.0678511493319248,-1.0021979115202329,-0.879321434134127,0.8645177016475302,0,0
2019-07-10,-0.992522710109884,0.08956531026362846,0.0,-0.5148447638116505,-3.2108518408417552,0.12266841383796745,1.3095981698629982,-0.6098867206230841,0.1574434206305029,0.208442117689469,-0.10458625327557403,-0.5690708852871312,1.1302105670256657,-1.0312417659197355,-0.16666064271671896,-1.6254917452137236,0.67021574490355,-0.7427566268807343,0,0
2019-07-17,-1.154118658187275,-0.26897354720964994,-0.6472727050540694,-0.552093160955236,1.205753313640212,-0.35253529352132773,1.3095981698629982,-0.6098874568000706,0.1574434206305029,0.208442117689469,-0.04453625570292972,0.8795635851080849,-0.09139371483368995,-1.0312417659197355,-0.16666064271671896,-1.316690639598244,1.6444627099467322,0.6167337178658193,0,0
2019-07-24,0.5880552166781314,0.6086756630626855,0.0,-1.008531962128778,1.8749022845006458,-0.20138659255160007,1.3095981698629982,-0.6098883134676011,0.1574434206305029,0.208442117689469,-0.034062780275839845,0.09255007824649011,-0.26361760616885094,-1.0312417659197355,-0.16666064271671896,-1.374299201262325,-1.0115640463160138,-0.6171175626218303,0,0
2019-07-31,-0.3321233613497682,0.33853391968012847,-0.4649120877769697,3.0972881048725753,-1.8862812220993952,-0.4782854838091488,1.3095981698629982,-0.609888519079944,0.1574434206305029,0.208442117689469,-0.010047986263673174,0.3075147463182502,0.8540945307149452,-1.0312417659197355,-0.16666064271671896,-1.2372274102944554,-0.8887883323468604,0.01991588581925656,0,0
2019-08-07,-0.49453150434342025,-1.613812621425792,0.557614522318195,5.054749883228071,-5.444661273093132,0.26631949321060944,1.3095981698629982,-0.6098873020913678,0.1574434206305029,0.208442117689469,-0.051934315060310855,-0.7386472578578438,-0.9078883575603997,-1.0312417659197355,-0.16666064271671896,-0.9240482145979508,0.8732073043546789,0.03765436917582803,0,0
2019-08-14,-0.5268299027550297,1.0251164494019527,-1.0246786960702803,-6.488221047846343,-1.1319127518032879,-0.342124561202084,1.2822360076327102,-0.609884068654211,0.6570013708576157,0.6226216906585901,-0.04103274637072073,0.0993459397793943,-1.499864405105278,-1.2493159649924692,-0.4464736313136173,0.36523660572798394,0.36010318161700244,-2.186209720990065,0,0
2019-08-21,-0.5122952892427501,3.34300859404022,3.5866029654661347,8.655284134828722,3.6123104883841073,3.2808169543550036,1.2822360076327102,-0.6098793215482521,0.6570013708576157,0.6226216906585901,-0.0901465901195873,-0.8533820484861196,-0.14194526188551085,-1.2493159649924692,-0.4464736313136173,0.5263563278898051,-0.2194093577010419,0.6996719450968627,0,0
2019-08-28,0.244772396150735,-1.46419794029784,-2.1918756386451133,-3.9220654859908777,-1.833611435832161,-2.025800771679087,1.2822360076327102,-0.6098739814728045,0.6570013708576157,0.6226216906585901,-0.12227305736687889,-0.5837121689889028,1.4899981294910882,-1.2493159649924692,-0.4464736313136173,-0.40423332606010104,0.1964252176553253,0.644318662262646,0,0
2019-09-04,1.5551206388124914,2.2226952580012727,2.46250330523452,-0.3613081588801137,3.9675205403748137,2.1626006632649464,1.2822360076327102,-0.6098689699498576,0.6570013708576157,0.6226216906585901,-0.12303275644034756,-0.08577344414414956,0.01424158693666926,-1.2493159649924692,-0.4464736313136173,0.07705066669561554,-1.1103941199131178,-0.058343844862802204,0,0
2019-09-11,-0.3815205030709823,-0.395768892616144,-0.4514695170423355,-1.8934347071661417,2.861700679787482,-0.5653325776776796,2.9871995235871625,-0.6098651956009298,0.011903894371500077,0.09582182385774196,-0.14183023327209004,-0.3721181515814808,0.014938849654648645,-1.2932380560146157,-0.5011838071711655,-0.44346310830858243,1.5549696913820736,0.04537460611291677,0,0
2019-09-18,-1.0304750390642774,0.9267344162050328,1.3483208955074044,4.395599474734313,-0.2307149462354552,1.3151044200858664,2.9871995235871625,-0.6098631408541899,0.011903894371500077,0.09582182385774196,-0.1132019430273485,0.3807527164653169,-0.08860466396182196,-1.2932380560146157,-0.5011838071711655,-0.6861827389331244,1.8292301868701335,0.5240206022595791,0,0
2019-09-25,0.5500815260678685,0.7827102598332747,-0.268198850241097,0.5440835268340827,-2.1311849945387706,-0.17640639637557243,2.9871995235871625,-0.6098627745079298,0.011903894371500077,0.09582182385774196,-0.14454502209487366,-0.5712760994158539,0.23318208037496274,-1.2932380560146157,-0.5011838071711655,-0.7361888510364675,-1.4605140786526665,0.26880145658427046,0,0
2019-10-02,0.6508572800636954,-4.188195450389909,-4.4858831602795135,-9.151908340549264,-2.766646991691424,-4.461674580375163,2.9871995235871625,-0.6098640347815464,0.011903894371500077,0.09582182385774196,-0.1539099130298367,-0.2223784727148929,-0.22317636852743383,-1.2932380560146157,-0.5011838071711655,-0.3125372693761626,-0.41343140225731245,-0.4393865172852004,0,0
2019-10-09,-0.9743412976293806,1.8387821228611267,2.7702314576080855,1.9397878520460043,0.5423662747976898,1.8408545033459234,3.007761856943165,-0.6098668595857255,-0.413334032657049,-0.41048734866881437,-0.19391491629965396,-0.7087817381252552,-0.5013841929919438,-1.222222216195634,-0.39805251712564343,0.36008538963547376,2.932929558894875,-1.0812748160212253,0,0
2019-10-16,0.6309840142505554,-1.732787923716228,-1.3755041307870641,-0.13731389002171746,3.5099370854887013,-0.8624915316805648,3.007761856943165,-0.6098710300058465,-0.413334032657049,-0.41048734866881437,-0.2588765275270396,-1.1049609515519296,-0.22980036434799025,-1.222222216195634,-0.39805251712564343,-0.09127270771603463,-0.28756147233076895,0.4160211939565042,0,0
2019-10-23,0.1607612280763544,0.6686703739141153,0.552470318205911,-0.1375027003581497,1.3249675983157516,0.8653684844124321,3.007761856943165,-0.6098759156152156,-0.413334032657049,-0.41048734866881437,-0.11132256525621888,2.268664698720193,1.056997981640258,-1.222222216195634,-0.39805251712564343,-0.8380756248833995,0.3061769061041672,-0.11182475688333354,0,0
2019-10-30,0.4701690183881324,-2.81007970746332,-2.1346397446960097,-3.500538495481953,2.53335655257807,-2.2165923442931224,3.007761856943165,-0.6098808193055127,-0.413334032657049,-0.41048734866881437,-0.17171199099004184,-1.0323787779023579,0.30813782255526945,-1.222222216195634,-0.39805251712564343,-1.1521561537378007,-0.43371976056080885,0.274689228287904,0,0
2019-11-06,-1.1023340184080719,-0.09022099605340284,-0.8478647056544997,-0.3926478579107773,2.3754934584488296,-0.9516422504828981,3.007761856943165,-0.609885043968418,-0.413334032657049,-0.41048734866881437,-0.12341282514915711,0.6930223980800654,-0.2374702542455158,-1.222222216195634,-0.39805251712564343,-1.06729408804147,-1.1433117116171723,-0.08680588108774352,0,0
2019-11-13,0.7169953063142205,0.8807337362219281,0.2834210689415695,-1.9502188211436344,0.9940544455282918,0.552287170989274,1.3608212502464916,-0.6098878924956115,0.0751910055926283,0.19194591119152518,-0.17051515426419633,-0.8214498128721734,0.37054283581234354,-1.0788300847493926,-0.1925309289577561,-1.2865291684815048,1.6695144691022723,0.42505660934743017,0,0
2019-11-20,-0.5949439878202565,-0.2899946991152813,-0.09436485356841828,0.32769498280704745,0.024463121965734302,0.020670003469369647,1.3608212502464916,-0.6098886677787729,0.0751910055926283,0.19194591119152518,-0.18659343580638038,-0.32895168229196814,-0.08302656221818505,-1.0788300847493926,-0.1925309289577561,-1.3229462438895123,-0.5398151846300117,0.02081423272082591,0,0
2019-11-27,0.15930456038109667,3.1255339035419105,3.6164820475585113,2.760523385730318,1.3018531054911797,3.090317281075272,1.3608212502464916,-0.6098866727095825,0.0751910055926283,0.19194591119152518,-0.20129105787488877,-0.3070340969686378,-0.17715702914233028,-1.0788300847493926,-0.1925309289577561,-1.3410622661207907,0.07660810802597356,0.33046521612272634,0,0
2019-12-04,-0.29188760474822234,1.3101832637448796,1.626085798318444,0.8100085068886376,-1.312336567838912,1.5312146675651839,1.3608212502464916,-0.6098812101797203,0.0751910055926283,0.19194591119152518,-0.1574447597213812,0.6223343614335171,0.4193512260693151,-1.0788300847493926,-0.1925309289577561,-1.4838441215326517,0.23797875224930812,0.25658059850130727,0,0
2019-12-11,0.5257178021207074,0.5538225813937148,0.8032105446492466,1.7040877021562206,0.6444331280834881,0.6925303530037397,2.1786095078273613,-0.609871583080866,-0.05198832601066435,0.024901091535640022,-0.1721112589673351,-0.3065400308126837,-0.11266022773136757,-1.0241020444484257,-0.1169036310629707,-0.7330654890993418,-0.07438327236875271,0.032294972012166814,0,0
2019-12-18,2.3684895125438254,3.2099134344034885,3.441462661231709,4.714680726491949,1.8951230102038252,3.480406302707806,2.1786095078273613,-0.6098570943046999,-0.05198832601066435,0.024901091535640022,-0.18254926889735026,-0.23941393843586767,0.06862807893727771,-1.0241020444484257,-0.1169036310629707,-0.7306580003796159,-1.2499807111166736,0.010321080505851265,0,0
2019-12-25,2.887397367953933,,,,,,2.1786095078273613,-0.6098370467429018,-0.05198832601066435,0.024901091535640022,-0.10570578721561014,1.1461554767764903,0.4242320650949726,-1.0241020444484257,-0.1169036310629707,-1.5908925466034618,0.6163116054310136,0.7800485973464197,0,0
2020-01-01,0.8733787730699876,,,,,,2.1786095078273613,-0.6098107432871517,-0.05198832601066435,0.024901091535640022,,,,-1.0241020444484257,-0.1169036310629707,,,0.012975480172579271,0,0
2020-01-08,-0.9902604243670536,3.045256265326235,2.982732828086121,5.644889114869134,0.5165335846512242,2.7799010361102106,,-0.6097774868291298,-0.5408544100921083,-0.5416771721762553,,,,-1.0664935955443742,-0.18674613336009369,,,-0.3262223751671184,0,0
2020-01-15,-0.9980748792961441,2.4977229896340436,2.814761340367289,3.342332013757998,0.5206232178683656,2.9603483140149045,,-0.6097365802605158,-0.5408544100921083,-0.5416771721762553,-0.203349797099437,-1.6237849445649402,0.22830124134925567,-1.0664935955443742,-0.18674613336009369,-1.0078270292489826,-2.2589799910769255,-0.11308174088287705,0,0
2020-01-22,-0.4618167495712467,1.8952821448669832,1.1363919359890229,0.5713449561589812,0.9163136595472743,1.2142738982514167,,-0.60968732647299,-0.5408544100921083,-0.5416771721762553,-0.18497378200698664,0.21800069853986892,-0.026548282063737532,-1.0664935955443742,-0.18674613336009369,-1.5293254316922307,-0.6964600263763551,-0.8946152298606365,0,0
2020-01-29,0.1401131676648559,1.172286025124536,0.40271995700713603,-0.8431293078169144,-0.16719615999907234,0.3537598502505013,,-0.6096290283582321,-0.5408544100921083,-0.5416771721762553,-0.16415639637643129,0.2567567771349231,-0.0798888799873769,-1.0664935955443742,-0.18674613336009369,-1.4739272490311035,-0.6873029229602611,-0.28444805042847177,0,0
2020-02-05,-0.9861202753985558,3.4663203307924606,3.320461603221414,5.0128554841624595,1.200925928302432,3.138497239022797,,-0.6095609888079223,-0.5408544100921083,-0.5416771721762553,-0.20541283521878337,-0.7286479299420261,-0.2590853985021831,-1.0664935955443742,-0.18674613336009369,-0.9172140167359828,-0.3108119645769485,-0.6380795194485971,1,0
2020-02-12,-0.6801793149254617,4.70180242545799,4.262431679697221,9.773875711049484,0.7642426102535183,4.408739168384912,,-0.6094825107137405,-0.48308333536982884,-0.5509756720774787,-0.21412494731826434,-0.2120157901731559,0.26246711452915555,-1.221635033476757,-0.40237395380942154,-1.114646064617711,-0.8798900622595375,-1.035381302294258,1,0
2020-02-19,-0.26732218563982646,5.79275698152808,5.226160422503279,6.071669221335441,-0.6287569063995413,5.39537463712616,,-0.6093928969673668,-0.48308333536982884,-0.5509756720774787,-0.2091371945473311,0.00546575610270561,0.20738335981056774,-1.221635033476757,-0.40237395380942154,-1.4151630780692932,-0.6732515029832755,0.030423227878846253,1,0
2020-02-26,-0.6451575048067282,-6.4023143302944785,-7.945337639755179,-7.22593535842373,-6.705583172340113,-7.684489206506928,,-0.6092914504604809,-0.48308333536982884,-0.5509756720774787,-0.1360378270202583,1.0867187054292875,-0.028640070217626143,-1.221635033476757,-0.40237395380942154,-1.29983677995696,0.9250061250860749,1.019525734964062,1,0
2020-03-04,-0.8890827770414886,-4.210817380401699,1.6704943757634094,1.6226579496619653,-5.6029028528967295,0.6868060933392428,,-0.6091774740847631,-0.48308333536982884,-0.5509756720774787,-0.19269089558183086,-0.9730651464945941,-1.8875424762889348,-1.221635033476757,-0.40237395380942154,0.8878287044214471,-0.5542760521876291,-1.2011154370979715,1,0
2020-03-11,-1.0726322016428493,-18.128405628341703,-20.209392017577876,-21.815871435358282,-15.707433953642536,-19.255527711781717,,-0.6090502707318933,0.9937020931622123,0.8818484620905201,-0.21079698258383966,-0.36114253023979825,-2.273826022036682,-1.0185270124027241,-0.07981439887623192,1.5421124719595614,-0.1906293935188951,-0.8443361807919205,1,0
2020-03-18,-0.3012928811604284,-19.78010134692372,-24.409910512834898,-33.0676936964585,-25.609544352692737,-23.89301923887066,,-0.6089091432935516,0.9937020931622123,0.8818484620905201,-0.20665272903936746,-0.007924559625838958,-7.256116773193,-1.0185270124027241,-0.07981439887623192,3.5501730875703883,0.49170535157171913,-5.852552045126847,1,0
2020-03-25,-0.9973922936929158,12.499129248114937,13.617470448550373,17.102196508713252,14.010798054833984,12.165667431631988,,-0.6087533946614178,0.9937020931622123,0.8818484620905201,-0.651438076103014,-7.13455716752152,-6.424282350671239,-1.0185270124027241,-0.07981439887623192,5.097190054853426,-1.276179734452816,-5.911745976577614,1,0
2020-04-01,-0.6120747095389867,-5.522566496784087,-5.812492732490915,-10.157976125050183,-2.343585736651921,-4.758907134529,,-0.608582327727172,0.9937020931622123,0.8818484620905201,-0.5187000253387334,2.033466222355129,8.547342729285141,-1.0185270124027241,-0.07981439887623192,3.7565110736498375,-0.6687021402737701,1.6543332408195186,1,0
2020-04-08,-0.8367480755434433,9.753024885502981,11.402799284900622,14.20379867779542,7.791883771943731,10.512855661025622,,-0.6083952453824942,1.1107558690940569,1.1549068769907018,-0.5451399251300686,-0.4934394914828508,-2.7828278061447387,-0.8654666766445245,-0.055695726443754257,3.3805178021765756,-1.2872265173129154,-7.6830947690063365,1,0
2020-04-15,-0.9890282910867919,-1.0687435178142746,-0.38911109042487624,1.8025083362880334,-2.6846617754475943,-0.1632005975109152,,-0.6081914505190642,1.1107558690940569,1.1549068769907018,-0.3321614389701832,3.3072608275392077,1.4328225866186612,-0.8654666766445245,-0.055695726443754257,2.968601116883426,0.610535030773995,7.426761129216138,1,0
2020-04-22,-0.2568326736204141,0.5542348248646078,0.0974298475012958,1.6300870549955881,2.559106642582787,-0.4620641951628812,,-0.6079702460285623,1.1107558690940569,1.1549068769907018,-0.4241222623754809,-1.5335659391356389,2.328456547833455,-0.8654666766445245,-0.055695726443754257,2.9430463165541916,-0.8971590147877999,-3.4684062179946538,1,0
2020-04-29,-0.3563451041208373,7.316005283212634,7.410786459956098,9.194935121900594,7.2804251710180345,7.641221895948203,,-0.6077309348026685,1.1107558690940569,1.1549068769907018,-0.3544817653370739,1.0318100979825455,-0.6687272453014472,-0.8654666766445245,-0.055695726443754257,2.8666360962289743,-0.6749620018892571,-5.198321375593153,1,0
2020-05-06,-0.5199272146848669,-2.4615412799079417,-3.683653223620631,-1.942434800163051,-4.844195102919446,-2.98503799946932,,-0.6074728197330624,1.1107558690940569,1.1549068769907018,-0.3763354392281342,-0.42063443027993536,1.5837799650561943,-0.8654666766445245,-0.055695726443754257,1.6503476165889228,-0.3615888741085214,3.695111096640205,1,0
2020-05-13,0.1044050224632721,2.255852869890651,1.1194209363270424,1.717756577869478,0.31737422359929823,1.3709100764843996,,-0.6071952037114242,2.171512806368842,2.253958254010279,-0.4365695274400371,-1.0299128379254752,-0.8977780481500454,-0.9285359636964782,-0.12944778406822657,2.0743678106098677,-0.44210766230070164,4.318928931865115,1,0
2020-05-20,-0.28596106778482044,4.589215847924888,6.812655571050508,8.290585690480867,4.93698487209091,5.521936206673317,,-0.6068973896294342,2.171512806368842,2.253958254010279,-0.45447599428473556,-0.3579736157366025,-0.5540275281976533,-0.9285359636964782,-0.12944778406822657,1.9362321206532769,-1.2068533845563978,2.0091242031167815,1,0
2020-05-27,-0.830072140472348,-0.16486273622937642,2.650871943450861,-0.4743554754975676,4.391771916571052,2.5241976113758113,,-0.6065786803787719,2.171512806368842,2.253958254010279,-0.3251427833836508,1.979415336067291,1.4132992305158827,-0.9285359636964782,-0.12944778406822657,1.4674611196616156,-1.396993083874758,3.1261673290663303,1,0
2020-06-03,-0.9547401872362432,3.803977121865243,4.375450712443696,4.304241255881314,6.358191759996501,4.261623267686687,,-0.6062383788511176,2.171512806368842,2.253958254010279,-0.3223492228145535,-0.029366435119287247,1.9728525616757602,-0.9285359636964782,-0.12944778406822657,1.50105659874787,-1.9136420049597513,-0.8745489808781024,1,0
2020-06-10,0.10748879356101734,1.5445630543619693,2.2364890689274386,0.25586745066865646,-0.5821189986724207,2.508798456427197,,-0.6058757879381512,0.8862765897348387,1.0135565823253796,-0.2876313033723232,0.47742388706763433,0.8795446199204001,-1.0364193902587784,-0.16015781097693235,1.5251511968528157,3.6825555128815006,2.106897432428766,1,0
2020-06-17,-0.6034188866253273,-1.1166435967312704,-3.3434364197876487,-3.495961374175671,-0.3040463868742904,-3.0926520009741942,,-0.6054902105315528,0.8862765897348387,1.0135565823253796,-0.2506269593463371,0.5137202417121368,-0.3176554668104697,-1.0364193902587784,-0.16015781097693235,1.575703818628152,-1.0658058279492595,1.138381089878507,1,0
2020-06-24,-1.222333558190025,-0.49145973859987535,1.3040144534524067,5.714212022649923,-3.3181597129559925,1.412784247075649,,-0.6050809495230023,0.8862765897348387,1.0135565823253796,-0.25756937594095236,-0.18392236600611822,0.5183625320190682,-1.0364193902587784,-0.16015781097693235,2.1278592003033965,0.8076923328905843,-0.26406322516999325,1,0
2020-07-01,1.5218925854615462,2.8669606546123605,2.6369884820831135,2.1157607488595964,2.183501576681124,2.2398011807597484,,-0.6046473078041795,0.8862765897348387,1.0135565823253796,-0.1488262478446354,1.652553495553857,-0.6164325414547274,-1.0364193902587784,-0.16015781097693235,2.263994375842925,0.8299741864055146,-0.040599481853009635,1,0
2020-07-08,0.5672607123944315,6.2412740154496715,8.101280852017156,12.266500795152746,1.9743785002799719,8.056922416980772,,-0.6041885882667648,0.9293105294484135,0.8200846519578379,-0.06260000262422942,1.2951042395585668,0.052939667783236985,-1.146751157699885,-0.24132289901026724,1.5845147716964751,0.3374798456823365,0.599339249916251,1,0
2020-07-15,-0.4535166768660531,2.705364297105328,2.4426676790619606,5.269928966171689,2.8546109273762,2.6566342901761963,,-0.6037040938024378,0.9293105294484135,0.8200846519578379,-0.006664460366464579,0.8142477507968033,0.456654781479924,-1.146751157699885,-0.24132289901026724,1.5210554520169903,0.11405429416879542,0.47946090467415153,1,0
2020-07-22,-0.5262930036894768,2.771569945384811,3.965732652147791,4.243590700053934,0.5290918363465735,3.8587365676840513,,-0.6031931273028788,0.9293105294484135,0.8200846519578379,-0.023355580048126264,-0.33868031738808857,0.5316105236602306,-1.146751157699885,-0.24132289901026724,1.2833186642852015,-1.2981658902050068,0.07854740039938278,1,0
2020-07-29,0.3221198099847417,-3.026074032136594,-1.58133974237602,-1.7648793838453969,-1.2768294592061302,-1.6215609300201272,,-0.6026549916597677,0.9293105294484135,0.8200846519578379,-0.10197893030164353,-1.3218372606487327,0.3579921068891605,-1.146751157699885,-0.24132289901026724,0.842148573916087,-0.8087684427200764,-0.009406595806809682,1,0
2020-08-05,-0.9458098010415921,5.26725989366208,7.732035376548296,12.21999207447424,1.1345126680231132,8.02878234501394,,-0.6020889897647844,0.9293105294484135,0.8200846519578379,-0.11848329976131049,-0.3357157095302049,-0.42050171770906,-1.146751157699885,-0.24132289901026724,0.8448535470396007,0.6890593600156233,-0.16920796214768533,1,0
2020-08-12,0.9749381805730936,3.8858995616264824,2.282902744580406,0.6674517044831241,3.87780812017251,2.099757326011442,,-0.6014944245096089,0.6412623224881907,0.7492519252233893,-0.09641487244004456,0.27661671618723294,0.7481105975856458,-1.1981369315879407,-0.2741166004303458,0.8040508835350976,3.4792034015033604,0.43918096870894396,1,0
2020-08-19,0.6484328761818441,3.765418190568215,2.843220975219163,3.1014781728556873,-1.339281428303618,3.286306258384375,,-0.6008705987859213,0.6412623224881907,0.7492519252233893,-0.1260774078371099,-0.5445979358359344,0.6658335968668033,-1.1981369315879407,-0.2741166004303458,0.5882328428202311,-0.21826836109642164,0.03800291115043148,1,0
2020-08-26,1.8870636570026402,3.0752903542813126,2.764630056433548,4.088267606069351,1.5193837750918426,2.000998962940592,,-0.6002168154854015,0.6412623224881907,0.7492519252233893,-0.11546192555232086,0.09480439763477047,-0.47000737068391185,-1.1981369315879407,-0.2741166004303458,0.5150428210887623,1.5241913046658664,0.02202777885637981,1,0
2020-09-02,0.4007763187959411,0.6733934304337108,2.8055593388132127,3.6822720775563145,-0.33886117500978585,2.799269051067377,,-0.5995323774997297,0.6412623224881907,0.7492519252233893,-0.028867385676076718,1.3009508148346332,-0.097320447936267,-1.1981369315879407,-0.2741166004303458,0.5170647552233638,0.905150691071733,0.16599850554702564,1,0
2020-09-09,-0.20111589269668595,-4.085183560869732,-4.599907361233235,-6.845399494091842,-0.12646566336576015,-4.928753191647761,,-0.5988165877205857,0.8831547678236823,1.0380370120742757,-0.042432659600142864,-0.28905838496670944,0.831782123740348,-1.2290700209732783,-0.3065586077247752,1.1632814705256864,1.9451833436444073,-1.0128402540624342,1,0
2020-09-16,-0.09011007716739602,4.109163396287041,2.914266912301011,6.282216703078225,1.143198271860868,3.521905841294881,,-0.5980687490396492,0.8831547678236823,1.0380370120742757,-0.07881757880856925,-0.6513139100286353,-0.7795920174564537,-1.2290700209732783,-0.3065586077247752,1.0694296065328823,-0.3594251123007764,-0.9550897414998635,1,0
2020-09-23,0.4660843431262734,-0.48043304494864714,-3.216454423555204,-0.6551578488553034,-3.688144394328763,-2.7043282082988895,,-0.5972881643486009,0.8831547678236823,1.0380370120742757,0.01703104808501122,1.4478568736124837,-0.09348550298757856,-1.2290700209732783,-0.3065586077247752,0.5157375144111852,0.5216473858520764,0.4234061502314285,1,0
2020-09-30,0.5637555472020118,9.096643831957074,11.265829249474946,14.06344332785432,1.3848698364312462,10.589784824420523,,-0.5964741365391202,0.8831547678236823,1.0380370120742757,-0.10495929031846761,-2.0102761415714636,-1.153673465639958,-1.2290700209732783,-0.3065586077247752,1.2330214091766132,0.5933796107182284,-0.06443175082808202,1,0
2020-10-07,0.4336431624909869,11.737985579188681,13.156904384918766,14.87338735253081,2.088574697280521,12.953095521298508,,-0.5956259685028874,0.8831547678236823,1.0380370120742757,-0.08904453914490039,0.1789288180552905,-0.943100124817219,-1.2290700209732783,-0.3065586077247752,1.091779144653848,0.9978700423381919,-0.2929094235834987,1,0
2020-10-14,-0.2526684289612496,1.3978213979023213,0.2367741043272975,-0.06653868181851763,1.933472792394486,0.61022536934221,,-0.5947429631315825,0.8495053618816283,0.8761454425447908,-0.0901465901195873,-0.09120818540267207,1.2086526227957206,-1.3330890631462737,-0.4434686309511387,0.9473553599083817,0.3035510710896101,0.09695930449832948,1,0
2020-10-21,1.7299751049741257,-3.7017575512563905,-4.400016764171166,-5.344613438827839,-2.0517544958207345,-3.976007972678808,,-0.5938244233168852,0.8495053618816283,0.8761454425447908,-0.13257861424024842,-0.7473100194242313,0.14637287198940285,-1.3330890631462737,-0.4434686309511387,0.7033748557466727,0.10676974752510136,0.39612589347222577,1,0
2020-10-28,-0.8172150040695274,-5.120394588068322,-4.447436406707439,-3.0798114360594653,-5.431232297376365,-3.851411594801757,,-0.5928696519504758,0.8495053618816283,0.8761454425447908,-0.22039525774303145,-1.4677782352590396,-0.4351442347861316,-1.3330890631462737,-0.4434686309511387,1.5068254066119715,0.6858865649045325,-0.6153262816760076,1,0
2020-11-04,0.7995590998341031,3.283079114195342,2.7524634026432793,-1.9298794818914722,6.391353887240481,1.591106366585926,,-0.5918779519240341,0.8495053618816283,0.8761454425447908,-0.24287461149157988,-0.4305669240794933,-1.7013733305945824,-1.3330890631462737,-0.4434686309511387,2.3953061613193665,-0.27337126881468865,-0.8325485835328659,1,0
2020-11-11,1.2826586396512167,8.108453764800228,9.398388309102534,9.954221946276487,6.580982479423092,9.13555442875058,,-0.5908486261292403,1.9491697569545516,2.1894090094344136,-0.1574447597213812,1.2824617149327149,0.554271561993768,-1.3799031396114283,-0.5002473329757207,1.335840960195594,-0.44165117044475627,0.6540722736235662,1,0
2020-11-18,0.4771921756393688,-0.8815857803963212,-1.4753542483647575,-0.16050484741869653,0.2723530313772038,-0.9144253030616056,,-0.5897809774577741,1.9491697569545516,2.1894090094344136,-0.11848329976131049,0.5447889130904259,1.9996971763170746,-1.3799031396114283,-0.5002473329757207,0.6862573354218946,0.14110375999641414,0.9637803013511295,1,0
2020-11-25,0.1059954584243898,5.278514212322261,7.513564073659751,12.017465067153132,0.34435979859113175,6.759590571736229,,-0.5886743088013158,1.9491697569545516,2.1894090094344136,-0.07881757880856925,0.5559688605655666,-0.03596132875611242,-1.3799031396114283,-0.5002473329757207,0.34320448663692926,-0.3128616594384318,0.12109901717591515,1,0
2020-12-02,-0.04258149606639318,-1.1065692649871117,-0.4750484830179147,-2.560693886593235,-0.5601884149041503,-0.17894508848943502,,-0.5875279230515452,1.9491697569545516,2.1894090094344136,-0.06331515907700223,0.17238317104106227,0.11360152424546173,-1.3799031396114283,-0.5002473329757207,0.3228261688237338,0.17014697357968891,1.3739997846194258,1,0
2020-12-09,0.36010033755144,2.0224457102374416,0.21624720252804153,-2.3533443956408107,1.2256715324291179,0.8800653452166074,,-0.5863411231001423,0.800166775224079,0.8842698693841543,0.003417143401064773,0.9856433178108908,0.3105782420680982,-1.4110316027789973,-0.5257311717110863,0.4693140580943974,0.6681134274286408,0.13414849655903469,1,0
2020-12-16,0.3508078903893463,4.577236353255731,8.054828949144577,13.844391221726493,1.2238057609611275,7.386155158006957,,-0.5851132118387873,0.800166775224079,0.8842698693841543,0.008419627994091112,0.005699619683008866,0.02295737091111431,-1.4110316027789973,-0.5257311717110863,0.19646046491756233,-0.1293730787332619,0.2824657621495398,1,0
2020-12-23,0.8860434804980617,11.352362767039459,10.232319984546834,12.225758672732656,0.7722295601102935,10.076424528140304,,-0.5838434921591599,0.800166775224079,0.8842698693841543,0.07062239364359449,0.9137381798619137,-0.24025930511733423,-1.4110316027789973,-0.5257311717110863,0.3810450650437972,1.0564365484305982,0.5627406353270152,1,0
2020-12-30,0.4566552844112253,-0.2900513232567459,1.9418680962918433,-1.599263382462368,0.7471455769148427,1.8639957643062033,,-0.5825312669529402,0.800166775224079,0.8842698693841543,0.07529668999711127,0.0004897226166348439,-0.686507444609327,-1.4110316027789973,-0.5257311717110863,0.6902918966943866,0.6577339829876162,0.045728976344968475,1,0
2021-01-06,0.9283013155220696,11.005818451430205,10.4299406029837,11.887887931094987,0.8145129345167312,8.521208540725933,,-0.5811758391118083,0.800166775224079,0.8842698693841543,0.08365509551312629,0.0589739313944518,0.47617813758275224,-1.4110316027789973,-0.5257311717110863,0.721801371973143,0.8130892739674087,-0.10281056323015582,1,1
2021-01-13,-0.8997263268639029,5.151253849636461,3.7197729155590498,-0.7051712715838931,1.571963959021172,5.462025268012738,,-0.5797765115274441,0.4281756186051716,0.489223198351908,0.12766674528060584,0.6249592723378203,-0.2252681566812729,-1.3872666290763374,-0.4773986410681693,0.4296962927948603,-0.8050740636841833,0.819691653614014,1,1
2021-01-20,-1.3023796661851004,-4.034520680234177,-4.102679869274217,0.2791767974422932,0.27412639432595753,-3.8190551534165174,,-0.5783325870915276,0.4281756186051716,0.489223198351908,0.12884537780495764,-0.055002968882037755,-0.1565877789625825,-1.3872666290763374,-0.4773986410681693,0.3740514166405867,2.0258295218781837,0.43315245970229016,1,1
2021-01-27,1.4018018280045565,-1.2674776283155165,-3.7125514164012774,-3.8001739697240744,-2.596730010270676,-2.470052914386578,,-0.5768433686957388,0.4281756186051716,0.489223198351908,0.10711083624828906,-0.41874323759007737,-0.029337332935605528,-1.3872666290763374,-0.4773986410681693,0.24003366152918787,-0.611175772142547,0.020039095487321055,1,1
2021-02-03,0.4720169137036727,1.483920639737013,3.9360881363782685,5.339070281211011,2.891820848288429,2.7215571771994185,,-0.5753081592317577,0.4281756186051716,0.489223198351908,0.11878189586772483,0.11156139437336517,-0.5770371978901803,-1.3872666290763374,-0.4773986410681693,1.1830331418317142,-0.2944064146998334,-0.16795889983350917,1,1
2021-02-10,0.45991052423647005,-1.415381602771637,-1.8024167321808005,2.666593750678725,0.5690795675381111,-1.0883672443839032,,-0.5737262615912644,-0.4998698481061758,-0.5276864560366074,0.23564589643064074,1.7814700883707035,0.452819836531186,-1.2799834076822296,-0.3202299864078304,0.6261128039726401,-1.004675111977907,0.8730772037226897,1,1
2021-02-17,-0.5238857469824246,-5.2910320447727255,-4.347799365596661,-3.407150444729279,1.7426304632877532,-4.6621634230942455,,-0.5720969786659387,-0.4998698481061758,-0.5276864560366074,0.2848815489037424,0.7078888630246253,0.3367255939914333,-1.2799834076822296,-0.3202299864078304,0.5882932819264949,0.37745495168607307,0.5941331716205179,1,1
2021-02-24,-0.49070006702482205,-10.520006306946428,-9.568332380167188,-11.297613629567937,0.2542605117107577,-10.163476974816454,,-0.5704196133474606,-0.4998698481061758,-0.5276864560366074,0.2534574139677454,-0.5725628387944344,-0.18064334273207858,-1.2799834076822296,-0.3202299864078304,0.4903741886629304,-1.1727848700029169,0.8550668286809049,1,1
2021-03-03,-0.4570196193507344,-4.616083798450132,-9.878771109305529,-8.942464634831104,0.3771710640296355,-8.355005831945217,,-0.5686934685275102,-0.4998698481061758,-0.5276864560366074,0.27983949358020144,0.34509474712098387,-0.34763776368259236,-1.2799834076822296,-0.3202299864078304,0.42708296160446163,-0.1097442875909795,0.38016436179474816,1,1
2021-03-10,0.37506714643177624,-1.661333896618844,-0.6199606503038968,-4.501949165235342,1.4055675642818954,-1.8388431510654613,,-0.5669178470977675,-0.29474411670859507,-0.2768659051445708,0.23643850665876368,-0.7626920345163498,0.12510635909177478,-1.2084589076261423,-0.21282126052402695,0.46956442623137223,-0.5520788423735111,-0.4823585302702037,1,1
2021-03-17,1.4666027077477386,-2.9842421635557503,-0.29063955841688305,3.0093824949690706,1.0163770056291987,-0.5417520283067745,,-0.5650920519499125,-0.29474411670859507,-0.2768659051445708,0.33823317090443056,1.5422485635873562,-0.15693641032157218,-1.2084589076261423,-0.21282126052402695,0.13632268899467684,1.2691534892963716,0.5949778982987682,1,1
2021-03-24,0.03295416341509397,-1.7410337794699249,-7.1074094938288646,-9.692264640808546,-1.2988924716659689,-6.212943167812668,,-0.563215385975625,-0.29474411670859507,-0.2768659051445708,0.3705753439383181,0.439709573289143,0.15369413052793868,-1.2084589076261423,-0.21282126052402695,-0.24634010491329808,0.18014948185109697,0.026300843568137056,1,1
2021-03-31,-0.09409644481393402,5.168739922371746,8.141552061428525,8.253393882190352,1.9260007539275037,6.580740751761116,,-0.5612871520665853,-0.29474411670859507,-0.2768659051445708,0.33894763780048104,-0.5757944750311549,0.14811602878430177,-1.2084589076261423,-0.21282126052402695,-0.20780188513918593,0.3278774346799239,-0.8912359331465807,1,1
2021-04-07,0.28565992890462427,-4.864548233336663,-4.891379811360075,-5.937225036976823,1.6111620613003197,-3.6787238127486077,,-0.5593066531144733,-0.29474411670859507,-0.2768659051445708,0.3615419777004414,0.28496543217109555,0.15090507965612024,-1.2084589076261423,-0.21282126052402695,-0.16924292911944083,0.20488166025168536,-0.056275218271415454,1,1
2021-04-14,0.3827680496441188,0.35670762001056566,1.0746022161994162,-1.7144344678894363,0.5189454999517729,0.9821985380204623,,-0.5572731920109688,-0.5142111613430456,-0.47115881257165587,0.391337443209601,0.39928129931497464,0.29175214868324933,-1.1602421334252249,-0.13986782519145757,-0.4260825684178522,0.1419318862640122,-0.3937603381404018,1,1
2021-04-21,0.16562051875088038,-2.1959308059176674,0.3840266344931731,0.10580879678281363,0.41379566199806206,-0.5434266633736584,,-0.555186071647752,-0.5142111613430456,-0.47115881257165587,0.39088579127196854,-0.08088328149939343,-0.10464170647480282,-1.1602421334252249,-0.13986782519145757,-0.5240851696039537,0.19198005338734178,0.9322376785207024,1,1
2021-04-28,-0.7442806625036036,3.2055734662460367,2.3570279380606074,3.4872577761785095,1.2030773673553874,2.7280639976845933,,-0.5530445949165028,-0.5142111613430456,-0.47115881257165587,0.43656978391308937,0.6515072505480556,-0.10499033783384205,-1.1602421334252249,-0.13986782519145757,0.06906661261915635,0.6931785408783779,-0.4742876549466077,1,1
2021-05-05,0.6516936374883784,-7.2157587477061025,-9.140766189096539,-14.507564522693883,-0.13515418078746677,-8.736656300713985,,-0.5508480647089011,-0.5142111613430456,-0.47115881257165587,0.47651316499138385,0.5603766378696247,0.038994413424144725,-1.1602421334252249,-0.13986782519145757,-0.09400562825069023,0.19791424427140708,0.6503375364101369,1,1
2021-05-12,-0.9182823803991561,-6.667488155810863,-5.769489308895892,-9.7490406138939,-1.6219412241294862,-5.427625992768981,,-0.5485957839166272,-0.7660153847879517,-0.7900855970039994,0.5097105869608167,0.4532864123829986,-0.004933137807119755,-1.014710512192841,0.08653023462359584,0.1770045821203489,1.0551823581530966,0.5328655167052462,1,1
2021-05-19,0.3090746929541935,3.263198098610065,5.906114753136205,8.215423180372472,-0.8339372557070845,4.970960002124691,,-0.5462870554313608,-0.7660153847879517,-0.7900855970039994,0.6202535801376573,1.6811258533473663,-0.336481560195269,-1.014710512192841,0.08653023462359584,0.8035687556607741,0.9719636601399952,-0.034331354516584894,1,1
2021-05-26,-1.1868630401925677,4.405835718885909,3.839766165700942,5.507646244912223,2.5544464363363772,4.134064623858258,,-0.543921182144782,-0.7660153847879517,-0.7900855970039994,0.514106983600393,-1.758761143981874,-0.20225848698869636,-1.014710512192841,0.08653023462359584,0.8795045203668037,-1.5585326433396844,-0.5888325904809353,1,1
2021-06-02,-1.1809545733828748,-1.4790037978737125,-1.4560071864825996,-2.0895112237532487,2.59509464728227,-1.4940942450618167,,-0.5414974669485708,-0.7660153847879517,-0.7900855970039994,0.5917300932664329,1.1585318542918357,0.20494294029768945,-1.014710512192841,0.08653023462359584,-0.11154489763347566,1.5364524525312662,0.41491184664092845,1,1
2021-06-09,-0.08531672899604587,0.7042957335473776,-0.5794665537517396,-1.374139979171396,0.1863320536922508,-0.2999721901741026,,-0.5390152127344072,-0.7920682456771303,-0.7694470952330487,0.5485911489024902,-0.7585321817635554,0.38797440376123365,-1.0765438747384644,-0.004929822181948125,-0.19314349233038636,-0.2845438641868609,0.32568826185122507,1,1
2021-06-16,-0.5956888048792953,2.5099765895851167,1.8439155284490916,4.279888572456869,1.0051157140943623,2.1725419764784704,,-0.5364737223939711,-0.7920682456771303,-0.7694470952330487,0.5885915675703611,0.5612820937477856,0.015984743731617724,-1.0765438747384644,-0.004929822181948125,-0.3123599615725773,0.9493192064580048,0.12688663874931766,1,1
2021-06-23,-0.22753214652249001,0.6820843590653602,0.7474129664545526,5.059894665441966,-0.6334899721560205,0.0755235188661274,,-0.5338722988189426,-0.7920682456771303,-0.7694470952330487,0.5474351558731461,-0.7270600268203724,0.18158463924617274,-1.0765438747384644,-0.004929822181948125,-0.5268331073143464,-0.1082948009027102,0.48931225626509384,1,1
2021-06-30,-1.1723526028344482,3.909346930329516,2.7221251188692897,6.021192629414429,-0.10369764880655552,2.4594681899274384,,-0.5312102449010018,-0.7920682456771303,-0.7694470952330487,0.6092688129426937,0.9078786837667513,0.07071986709116632,-1.0765438747384644,-0.004929822181948125,-0.06237964447443927,1.1791198046772167,0.24059176592392428,1,1
2021-07-07,-1.1921973219611803,1.1942796596506433,0.4677974996799339,-0.1680583359908283,2.1046014605611063,0.6627557555430208,,-0.5284868635318284,-0.7920682456771303,-0.7694470952330487,0.6395830590995797,0.4075167978773837,-0.08999918939778072,-1.0765438747384644,-0.004929822181948125,-0.12967926009722355,0.9251797060591779,0.30671160921318597,1,1
2021-07-14,0.4531685853077958,-3.3732996336252263,-4.025650802634306,-6.150810630161718,0.6236361558485726,-3.6258750971590814,,-0.5257014576031025,-0.572856499177342,-0.6546233521409902,0.57143143241725,-1.155601560079635,0.054334193219195755,-1.1953547842474208,-0.18521380381312028,-0.295734241236636,-0.7003024090833394,-0.5121849067017852,1,1
2021-07-21,-0.17658265217920704,-0.216939883342393,0.967052417932468,2.995475470906861,-1.2242868770509396,-0.07383409745473912,,-0.5228533300065042,-0.572856499177342,-0.6546233521409902,0.5858139762093824,0.1546054518263749,-0.11161433365439848,-1.1953547842474208,-0.18521380381312028,-0.2244813681577442,0.7199990815079953,0.25608658140182516,1,1
2021-07-28,-0.9708375181590388,-1.4032042624092966,-0.13132423384738523,-2.9835429704125893,2.454762900573648,-0.22044630281694566,,-0.5199417836337136,-0.572856499177342,-0.6546233521409902,0.5629280832188781,-0.4370206215282415,-0.34171103057996577,-1.1953547842474208,-0.18521380381312028,0.4426224544359662,0.322308329015639,-0.631873840158815,1,1
2021-08-04,-0.31143429780040366,2.7334510471195728,1.2622509251253078,5.2603943641814865,0.8362782306578609,2.008107857988861,,-0.5169661213764103,-0.572856499177342,-0.6546233521409902,0.5950424068056006,0.4360925266572051,0.18820863506677873,-1.1953547842474208,-0.18521380381312028,0.10402896766762589,0.9875624006844239,0.477093185546905,1,1
2021-08-11,0.05111800983195751,-0.07144883588767748,-0.04325166541372383,-2.9037452763940763,1.0896821985281413,-0.46759863634360244,,-0.5139256461262748,-0.42510760849154483,-0.42245017707771243,0.6243638759667726,0.3917567390609469,-0.062457312038486805,-1.2831436055898804,-0.3166542982133763,0.057002205570379556,0.6163641349216595,-0.8170892096068271,1,1
2021-08-18,2.702048237532745,-1.8941757645356994,-3.4782360256366385,-8.123716949806337,0.23655261467778743,-2.798501285618027,,-0.5108196607749865,-0.42510760849154483,-0.42245017707771243,0.6645528608982291,0.5642755307610661,-0.03596132875616197,-1.2831436055898804,-0.3166542982133763,-0.35083525642086294,0.8410194842990683,0.1837033410450807,1,1
2021-08-25,0.05314167673757351,2.730541220671334,3.8238145567763837,5.265022303974121,0.19755500120055558,3.1738408574097043,,-0.5076474682142259,-0.42510760849154483,-0.42245017707771243,0.6535330062964423,-0.2486505608482919,-0.06629225698722478,-1.2831436055898804,-0.3166542982133763,-0.07677705805213833,-0.1449820264606886,-0.7020873532759905,1,1
2021-09-01,0.37740955170020474,0.9348307229043229,1.3704593917692964,3.044849385660786,0.46030000719605724,1.6731441684966875,,-0.5044083713356727,-0.42510760849154483,-0.42245017707771243,0.6436138829108659,-0.23117675879258806,0.13277624898925075,-1.2831436055898804,-0.3166542982133763,-0.19654987657837583,-0.0346099048254375,0.6960374829283036,1,1
2021-09-08,-0.6122179209253485,-2.3267116093652174,-2.367227596189636,-2.697936696657699,-1.1599093320922016,-2.5627781986440112,,-0.5011016730310072,-0.29596480971270644,-0.2933426640932983,0.704322736707312,0.8900227444998938,0.16171265178440436,-1.1668650404073015,-0.1410929478633674,-0.2662409217650315,1.0326896432809982,-0.041641189367920446,1,1
2021-09-15,-0.31041618041471153,-2.1248436777942192,-1.7575174406812444,0.4884198772413306,0.41469787817218773,-1.8563717717430706,,-0.497726676191909,-0.29596480971270644,-0.2933426640932983,0.742078691360656,0.5256518514748124,-0.12033011762884353,-1.1668650404073015,-0.1410929478633674,0.27592225138643434,0.9543392345226744,0.05725316370670461,1,1
2021-09-22,-1.2005755313136595,0.9317686284300741,-0.31076455568417316,-1.0752823325492322,0.22081298930212157,-0.2934151411350783,,-0.4942826837100583,-0.29596480971270644,-0.2933426640932983,0.700037160500664,-0.7411110474676511,-0.019227023525201708,-1.1668650404073015,-0.1410929478633674,0.46940794830961535,2.4672063600321694,0.46495838379193355,1,1
2021-09-29,0.3896901582465543,-2.18778776949895,-3.529778153844454,-6.053456317086603,-3.7764989442658603,-3.178029516049552,,-0.4907689984771352,-0.29596480971270644,-0.2933426640932983,0.7120228775049104,0.11655649288295232,-0.30893968283602463,-1.1668650404073015,-0.1410929478633674,0.6392068134241484,0.12707824189666211,0.10938874050619483,1,1
2021-10-06,2.672156476444483,-3.0765797036315323,-1.9535600394171126,-0.8586924912283855,-2.2218647799557623,-2.54546697334872,,-0.48718492338481945,-0.29596480971270644,-0.2933426640932983,0.7487052765740789,0.5086094550228748,0.071068498450156,-1.1668650404073015,-0.1410929478633674,0.8064179886109669,1.8930044081762305,0.4233043863239138,1,1
2021-10-13,-0.678532866368777,7.066544916969031,7.508058176344701,12.49510221403023,1.612742114364707,6.996389464491681,,-0.48352976132479125,-0.5951201206725899,-0.6004124744191797,0.6872351097903487,-1.0495352416252373,-0.6934800717889227,-1.0355418194642279,0.06711245453912319,0.8588624450783136,2.2303828902411653,0.616800224916467,1,1
2021-10-20,-0.574082580557016,4.231402831395803,3.3000650500431217,2.3797342256099974,2.121138994739713,4.0803481331058045,,-0.47980281518873047,-0.5951201206725899,-0.6004124744191797,0.6872351097903487,-0.07371343254804184,-0.1537987280907145,-1.0355418194642279,0.06711245453912319,0.16629376825196332,-1.470928970498541,0.35443763800336237,1,1
2021-10-27,-0.12179954192155326,3.1845127158224518,3.072052662574487,4.383903580869841,-0.036735765304207746,3.096295346789546,,-0.4760033878683172,-0.5951201206725899,-0.6004124744191797,0.6655796982638624,-0.41748707035896504,0.4444526839156811,-1.0355418194642279,0.06711245453912319,-0.5685550289845805,-0.030157259927951124,0.360051355989189,1,1
2021-11-03,0.30102479599579574,0.31456857784251113,1.0573556996186895,3.0942109268846885,2.0135518749628822,0.5437374737186751,,-0.47213078225523125,-0.5951201206725899,-0.6004124744191797,0.7013577803749764,0.49425367471252313,0.17809832565642444,-1.0355418194642279,0.06711245453912319,-0.3746090100217287,-0.7543863267445938,-0.29141162227985945,1,1
2021-11-10,0.3080059088512713,0.6426712975773352,-1.9608553825097186,-4.161568482230837,1.0795980935294658,-1.0400356003583688,,-0.4681843012411529,-0.08560694533943877,-0.11251103792495122,0.700037160500664,-0.09467790592239902,-0.41318045917047463,-1.0695872878353547,0.0375578115510232,-0.46558773968926015,-1.2823209752842142,-0.5375986972260781,1,1
2021-11-17,-0.2308407564044722,2.537508772464392,1.352198386197312,4.151282987865468,1.7154810197038906,1.1148244213180725,,-0.46416324771776185,-0.08560694533943877,-0.11251103792495122,0.7537244388346032,0.7785571860200825,0.3349824371965344,-1.0695872878353547,0.0375578115510232,-0.32342988842832066,-0.8952756150389325,0.29906298743079535,1,1
2021-11-24,-0.6324950667744758,-2.62124151914227,-2.722932097813624,-3.6055159287391447,-2.753933198956382,-3.115132580848723,,-0.4600669245767383,-0.08560694533943877,-0.11251103792495122,0.8144028197508485,0.8895389959981194,-0.19633175388606974,-1.0695872878353547,0.0375578115510232,-0.4224787312003743,3.048619001783058,-0.4067149640462107,1,1
2021-12-01,0.7398516202212624,-1.881659897144372,-4.929215513625929,-8.11104414856425,-1.5598999998584162,-3.5787960256881135,,-0.4558946347097622,-0.08560694533943877,-0.11251103792495122,0.8955756822843431,1.214883194236686,-0.7422884620458448,-1.0695872878353547,0.0375578115510232,0.30451027956059323,-0.12118392983182784,0.2816804369458841,1,1
2021-12-08,0.4567090366042586,-2.7090866724246876,1.0489428845041893,0.6345612951134783,2.325716233796271,-0.2709212975579689,,-0.45164568100851354,0.26657219329309895,0.2873016140459723,0.9471943330718182,0.7457182987953325,-0.7792433860975135,-1.0981256316736925,0.012625665610224561,1.0861207235462367,0.16737721535422603,-2.4339976719717646,1,1
2021-12-15,1.4479106126395251,-8.053210965383428,-5.487621492660999,-6.558951112839928,-2.579354242874654,-6.126194207772162,,-0.44731936636467223,0.26657219329309895,0.2873016140459723,1.0913935463420892,2.215408990951676,0.5197570574549775,-1.0981256316736925,0.012625665610224561,0.9109487251346031,0.583572910015679,1.2424355638756086,1,1
2021-12-22,-0.3205017157002361,0.4855391819903687,-1.9580921986123379,-4.547382140798284,2.1113406525242517,-1.4511615042739123,,-0.4429149936699183,0.26657219329309895,0.2873016140459723,0.9935530742675386,-1.6269037272264844,0.3945983995818396,-1.0981256316736925,0.012625665610224561,0.9155621269546789,2.6575576018132097,-0.4411915763563862,1,1
2021-12-29,-0.8777385754928997,-1.2371413818041077,-1.47026857280248,-3.0667266619044398,3.0123596187635826,-0.9899710635405512,,-0.4384318658159318,0.26657219329309895,0.2873016140459723,0.9403534414642238,-0.9182428138822321,0.1669421221691011,-1.0981256316736925,0.012625665610224561,0.3657367776775839,2.6852277756188734,0.17256681397832108,1,1
2022-01-05,2.368896525521738,-2.0194959652899414,-4.33787887498176,-5.796938150660846,1.9532881263115698,-3.4417697327736363,,-0.4338692856943927,0.26657219329309895,0.2873016140459723,0.9851718832192493,0.6377668708531448,0.24747596609309425,-1.0981256316736925,0.012625665610224561,0.22429325230838063,-5.891819479754828,0.7176409047281055,1,1
2022-01-12,-1.3023796661851004,-4.658406498072543,-1.2054379840063412,1.4222169755587544,-3.687007773099271,-2.5149063502250435,,-0.42922655619698097,-0.1778453528979318,-0.13328355119133467,1.072086633555848,1.3060340668747343,0.02051695139828555,-0.8817181649786135,0.31716902915932277,-0.21084059650920706,-0.5437447424636336,0.33719916478310286,1,1
2022-01-19,-0.4047240645405623,-3.7387535884473966,-4.81336552046252,-7.605874759889453,-3.8334286950929553,-4.622092536869182,,-0.4245029802153766,-0.1778453528979318,-0.13328355119133467,0.9835614695026844,-1.479025802028679,-0.4229421372218887,-0.8817181649786135,0.31716902915932277,-0.10772187777402498,-1.9986855190626924,0.8812066364961844,1,1
2022-01-26,1.9722395894337752,-2.877215341753736,-5.336050794063185,-6.8790153438280655,-3.835851723420358,-4.800853915827563,,-0.41969786064125963,-0.1778453528979318,-0.13328355119133467,1.0085348810817145,0.322732533697957,-0.7210219491481176,-0.8817181649786135,0.31716902915932277,0.5716318559933538,0.047668658775603015,0.6038577783874833,1,1
2022-02-02,-0.8668118341343187,1.7933663834163838,4.1627084257394475,2.387653985042615,1.6800286758683391,3.4460505266485697,,-0.41481050036631,-0.1778453528979318,-0.13328355119133467,1.0849251477333086,1.1389608141660221,-0.4930170403764884,-0.8817181649786135,0.31716902915932277,1.3760812357117072,1.9485249725725364,0.23342184595233595,1,1
2022-02-09,-0.9901888738494734,0.28526018718704194,1.5438180540875202,4.326896393796886,-1.3254183751933546,1.450165877488807,,-0.4098402022822078,-0.7333558743177168,-0.7020721552834078,1.1434648081775192,0.8555874030656633,-0.332646615246531,-0.5356206345099396,0.8123364273050352,0.6142428734337315,-1.7427367424494202,0.01691472626045361,1,1
2022-02-16,-1.3023796661851004,-1.1032286525831658,-1.0087752895693303,-1.766201131498235,-0.6501689296654511,-1.1990371365850905,,-0.4047862692806329,-0.7333558743177168,-0.7020721552834078,1.1076003845247213,-0.6430511877800179,-1.2349045722819305,-0.5356206345099396,0.8123364273050352,0.4248481561008395,-0.4021622121820648,0.5231473735296105,1,1
2022-02-23,0.5757897635477102,-4.338086475173952,-6.44673290117721,-9.582828332605597,-4.8546271420744525,-5.7408123787844545,,-0.3996480042532653,-0.7333558743177168,-0.7020721552834078,1.0966042933169997,-0.24827332357369547,-0.7283432076866534,-0.5356206345099396,0.8123364273050352,1.1631921810720707,-0.6587294807923035,0.3534806496750073,1,1
2022-03-02,-0.6567683414941062,14.290044905334343,13.84993194827735,16.482098339156348,-0.9568621102407526,12.983100178624785,,-0.3944247100917851,-0.7333558743177168,-0.7020721552834078,1.1537455212902936,0.8333876763519996,-0.7945831658925645,-0.5356206345099396,0.8123364273050352,1.9400494279961837,2.4254732334395652,0.25247885433848344,1,1
2022-03-09,-0.7879804663107873,6.7395083720186655,5.54224353684849,8.79822743041947,-1.9979248463988242,5.7945277760029335,,-0.38911568968787225,0.7482020713325522,0.7791493136085076,0.8306009130512384,-5.203544254624779,-1.3436775562830483,-0.4432238022573748,0.9075912776992002,2.441670467968145,6.255610641570618,2.5607533103156825,1,1
2022-03-16,1.4245618893840093,-3.8087743781486605,-2.4200740314390234,-1.587641165897491,5.642884322492758,-3.101835360026506,,-0.3837202459332067,0.7482020713325522,0.7791493136085076,0.8939480236025925,0.9319043370526223,-0.35391312814420867,-0.4432238022573748,0.9075912776992002,2.6711345087792853,-0.6186356543909789,-0.30187215913036336,1,1
2022-03-23,-1.0532330398881484,3.6823268019532396,0.6701921259188559,0.7641605305706456,0.11476397671135175,1.8973674324715084,,-0.3782376817194684,0.7482020713325522,0.7791493136085076,0.9593390051945925,0.964350221629779,0.8282958101505997,-0.4432238022573748,0.9075912776992002,2.189922779532792,-4.226087809657535,-1.56180162171835,1,1
2022-03-30,0.3908509867474423,0.1986341701109673,2.030752308800743,-0.5395857667305215,-0.7441032831096983,2.0279463497081984,,-0.3726672999383375,0.7482020713325522,0.7791493136085076,0.9399648010882563,-0.3812735367363356,0.5037200149419471,-0.4432238022573748,0.9075912776992002,1.6563207413556749,1.309326712104363,2.8098901026798546,1,1
2022-04-06,0.6337521023399851,2.230050623074842,1.7150044422557187,-0.5823227387216079,-5.0817244789319815,1.2403136008244608,,-0.36700840348149394,0.7482020713325522,0.7791493136085076,0.9630167797122624,0.2922303196924406,0.806680665893982,-0.4432238022573748,0.9075912776992002,1.3476768953119915,0.15584967910350975,-1.4174713250006346,1,1
2022-04-13,-0.7801078894057826,-2.1398861238298483,-3.412337537629284,-3.1551688473079764,-0.1840199973170975,-3.578011389616531,,-0.36126029524061765,0.4008901721499517,0.5616987339645838,0.9493785860114441,-0.29021596615106043,-0.6994068048914998,-0.008576926466950513,1.514410251050429,1.814030464602091,-1.1009990305420856,-1.9680928520614829,1,1
2022-04-20,-0.6589957141482683,-0.34305486250092443,-1.6299550578492195,-4.43957317725916,2.742707592765381,-0.9441082575262882,,-0.35542227810738863,0.4008901721499517,0.5616987339645838,0.9525819757459119,-0.022860511050926336,-0.7175356355583692,-0.008576926466950513,1.514410251050429,1.4362615741433689,-0.1518061443385706,1.031753794454293,1,1
2022-04-27,-0.4178768958577647,-6.3658633221860494,-8.25834701750443,-8.468367608282712,-3.805943723711014,-8.826486009959034,,-0.3494936549734869,0.4008901721499517,0.5616987339645838,1.076384701772467,1.8916204261506642,0.1292899353994529,-0.008576926466950513,1.514410251050429,0.9479262236204485,-1.1342067085182241,-0.4756730333112012,1,1
2022-05-04,-0.8886581732431456,1.0354853523514507,4.7164050275686265,9.494158026110266,-0.7958321326555939,3.801718439152957,,-0.34347372873059245,0.4008901721499517,0.5616987339645838,0.9951472968877305,-1.3633346512160553,-2.1029966561374303,-0.008576926466950513,1.514410251050429,1.8669628689665274,1.3087413629979758,-0.2556059926538292,1,1
2022-05-11,-0.127169096287794,-9.698102206893733,-16.45534030703186,-19.950584523338577,-3.6397910056684246,-14.656171059886436,,-0.3373618022703853,0.47803083734932555,0.576574761921607,1.0802145563318566,1.2767056625564381,-0.1328808465520761,0.25020011497659167,1.8316777482127689,1.7063952364342623,-0.35654175873734656,0.9494084756358584,1,1
2022-05-18,3.0748049993183497,5.0246245471545326,6.95437300546593,9.956413614391746,1.5973437567804005,6.651768038305761,,-0.3311571784845454,0.47803083734932555,0.576574761921607,1.0862669160649758,0.02236609566826395,-1.0302579645617191,0.25020011497659167,1.8316777482127689,1.6943847706420443,-1.0127795394369485,-0.38600279606268256,1,1
2022-05-25,0.6695500571666683,1.8476620840591096,5.464676236625632,5.4413487259015625,-0.6414747976251078,4.645163180463285,,-0.3248591602647528,0.47803083734932555,0.576574761921607,1.0383029980396299,-0.8351272973028651,0.11255563016849265,0.25020011497659167,1.8316777482127689,1.2907594619581453,0.04386579430520524,0.29081012454487437,1,1
2022-06-01,-0.7367555034432347,3.9750537417310383,2.420918074474976,4.083972215678688,2.571877216864138,2.9393785417382468,,-0.3184670505026874,0.47803083734932555,0.576574761921607,1.000158445436261,-0.6792476009978906,-0.4637320062222956,0.25020011497659167,1.8316777482127689,1.2647749944473594,-0.7258329492127841,0.7870950027522181,1,1
2022-06-08,-0.5004187785574217,4.63910744747662,4.769902296599593,8.578833036958144,0.44742803949207044,4.415306736766045,,-0.31198015209002933,0.14077491840549775,0.26655715379046097,1.055742647065474,0.8086703159907107,1.7218379832115545,0.7272842873809378,2.3751478441897733,1.0099021392667062,-0.30580689845468595,0.676738434400431,1,1
2022-06-15,0.6694228987276193,-8.752048966756654,-9.257804825135807,-8.621552043291203,-7.807894374875524,-9.82384395834135,,-0.30539776791845846,0.14077491840549775,0.26655715379046097,0.981078772891906,-1.2589816786079713,-0.6544333595833652,0.7272842873809378,2.3751478441897733,0.686991248750907,-0.7636037458370163,0.7789335700317349,1,1
2022-06-22,-0.5478147352987865,2.1065866044081005,1.5949115745597542,1.3022037527045782,-2.7978940711305356,2.1774084246108494,,-0.29871920087965476,0.14077491840549775,0.26655715379046097,1.056894417534415,1.129838849515859,-2.84976502706853,0.7272842873809378,2.3751478441897733,1.5779284573142047,4.177585218769079,-0.4920302379779797,1,1
2022-06-29,-0.41094155254712483,-1.2820782089177918,-1.2204971077132143,-2.549448114935693,1.3061627786132846,-1.2672341328218373,,-0.29194375386529836,0.14077491840549775,0.26655715379046097,1.0047803382259064,-0.9010099539344376,-1.0027160872024747,0.7272842873809378,2.3751478441897733,1.4171997026877095,0.5448309600225957,-1.1342723959693533,1,1
2022-07-06,-0.12259454415534617,3.5906687790364877,1.2204971077132143,2.4791131790284027,-0.667610218558945,1.0414687833541159,,-0.28507072976706926,0.14077491840549775,0.26655715379046097,1.0808888745901106,1.1344884241743092,-0.8684930139959022,0.7272842873809378,2.3751478441897733,1.3491987740701703,0.926709541225927,0.6193604326756241,1,1
2022-07-13,-0.18209830366693655,3.5390555453956196,1.309945188496764,0.08439598863283493,2.3873769227887642,1.7020330151394703,,-0.27809943147664723,0.6830384476234743,0.76354682713022,1.0221012539547008,-1.006950567264473,-1.4315326587455774,0.4351014861938835,1.5671371059458605,1.5819787491479087,2.033499435682062,-1.5429510648823428,1,1
2022-07-20,-0.07130756830635601,1.3561183747404115,2.2646567856115407,3.0873911720996183,5.084577789316835,2.291302600663858,,-0.27102916188571247,0.6830384476234743,0.76354682713022,1.0294663587576796,0.04320555871111406,-0.1858728131167258,0.4351014861938835,1.5671371059458605,1.5530129961185521,0.5329639175977408,-0.19715021099679178,1,1
2022-07-27,0.6174702388590895,2.5708388288528283,3.5494803568366873,4.973101554448611,0.8897978933543271,2.515511354202715,,-0.26385922388594496,0.6830384476234743,0.76354682713022,0.9684449553348969,-1.0424112480257368,2.38946703565462,0.4351014861938835,1.5671371059458605,1.2622361933581334,-1.5454343031400204,1.0966181567867521,1,1
2022-08-03,0.11855679814915265,6.603627926786082,6.925466532758362,5.893691562784831,3.8602760914059786,7.337288449966728,,-0.25658892036902464,0.6830384476234743,0.76354682713022,0.934247108129151,-0.616594749988833,-0.033172277884343515,0.4351014861938835,1.5671371059458605,0.818370017701561,2.814444378703495,-0.8032755162576493,1,1
2022-08-10,0.6907207766704667,6.563367510107199,7.8843435225573355,9.734259753642771,0.9772781708383249,8.168169257662239,,-0.24921755422663142,-0.006790339213364165,-0.01685322936713764,1.0313581517653034,1.467897388450845,1.4983652821065436,0.4043438200327368,1.0543329188662314,0.5691863543955686,-0.3129899276971548,-1.0717565779225877,1,1
2022-08-17,-0.3934281265632424,-0.6002259626839201,-2.0539842572438793,-3.9606898494411347,-0.9359985004895321,-1.9071234329238962,,-0.24174442835044557,-0.006790339213364165,-0.01685322936713764,1.0535505771137446,0.2785851503973746,0.6152820498149825,0.4043438200327368,1.0543329188662314,0.4842100798620526,0.2952115907752178,0.4310865370998029,1,1
2022-08-24,-0.024098307548826674,1.0136700577521918,-2.008808307083898,-1.1376847734752005,-3.623008312794518,-2.286667836465739,,-0.23416884563214674,-0.006790339213364165,-0.01685322936713764,1.1614382323064039,1.6389731010284794,0.07385754932197447,0.4043438200327368,1.0543329188662314,0.6299657168512809,0.9452914570840628,-1.1225469424991181,1,1
2022-08-31,0.05386014166449797,-3.435477090561445,-2.1851350801377123,-1.5531614263654347,-4.747969812502539,-1.8692914422402396,,-0.2264901089634151,-0.006790339213364165,-0.01685322936713764,1.0910600105499049,-1.1909481378919684,-2.065693100726772,0.4043438200327368,1.0543329188662314,1.0115698527453567,2.582865349455443,0.3678429095775723,1,1
2022-09-07,-1.164527564507882,1.4289215250543386,2.405443989095435,3.598637896675161,-0.8110240129195923,1.8071500478590963,,-0.2187075212359307,-0.006790339213364165,-0.01685322936713764,0.9825691393789695,-1.7959758520865572,-1.4611663242587103,0.4043438200327368,1.0543329188662314,1.3288993376860758,-1.9983092885359235,-0.49831476515579504,1,1
2022-09-14,-0.15250218215118327,0.9311004683588919,0.483004321943481,1.0582123191439585,0.30329452475372776,0.7219055441243682,,-0.2108203853413734,0.1508914404426208,0.13837675132695068,0.837236574647692,-2.3808274954212263,0.4563061501209343,1.044198382064019,1.2377656224500662,1.2284197253927414,-1.169790469893411,-1.5299847586940756,1,1
2022-09-21,-0.30321805963068416,-2.883288788735472,-7.030777813193945,-8.402149305187745,-3.6248330937702633,-6.383888822208306,,-0.2028280041714233,0.1508914404426208,0.13837675132695068,0.8853585426641607,0.6902094318781917,1.1591469698208687,1.044198382064019,1.2377656224500662,1.11566455759774,0.17435281088695512,0.937537618643953,1,1
2022-09-28,-0.5768391311699846,-7.166523597286245,-6.353661739269478,-4.920260544389254,-3.6398575864418525,-7.66254641891031,,-0.19472968061776033,0.1508914404426208,0.13837675132695068,0.8468225213927112,-0.6854620572759677,-1.1955092287173834,1.044198382064019,1.2377656224500662,1.2458431608095215,-1.4042592430725058,-0.4798879290691758,1,1
2022-10-05,0.6443585873763229,-4.328020296979762,-2.4329698487889573,-2.7133291733020037,4.202826477823951,-1.8388741410318765,,-0.18652471757206449,0.1508914404426208,0.13837675132695068,0.7817959376084938,-1.1059923728293606,-2.7824791747857986,1.044198382064019,1.2377656224500662,1.718504165690946,0.87216029005199,-0.06520815656252658,1,1
2022-10-12,-0.4442529431643482,-6.103696627723165,-9.63367311327361,-11.789935141743868,-3.0592089021014957,-9.002417137746743,,-0.17821241792601583,0.3473684089240157,0.3252098949038764,0.8096833548752872,0.368991563901971,1.6043492152358925,1.357139751606312,1.1773926824431644,1.5538885302958707,-1.78981701675487,0.729156884153254,1,1
2022-10-19,1.2782001885924419,-0.6657246729683486,0.4509507631078158,-1.1880736872252662,4.814246458149807,0.30822077535912484,,-0.16979208457129422,0.3473684089240157,0.3252098949038764,0.8047926790699655,-0.15135155135695644,-1.3837701625655254,1.357139751606312,1.1773926824431644,1.7699813982956154,-0.828142346513901,-0.1541905502527589,1,1
2022-10-26,-0.8953473310294294,3.6905924164319703,5.631437206876999,6.911392577264053,4.801737922095928,5.066927788940756,,-0.16126302039957974,0.3473684089240157,0.3252098949038764,0.8133723614626119,0.06248664029633457,1.6873234786726647,1.357139751606312,1.1773926824431644,1.3719814473577934,-3.5738482539647682,-0.3402460207770063,1,1
2022-11-02,0.9162586540170887,1.1520533757208185,-0.9615497979988064,-1.2787935978223253,-0.26790458688896734,0.2023238787000281,,-0.15262452830255246,0.3473684089240157,0.3252098949038764,0.9308528522133093,1.7912566987183816,1.5659997657483145,1.357139751606312,1.1773926824431644,1.205544039962204,-0.7742164867186512,0.23035670057129964,1,1
2022-11-09,2.609211714118578,1.4261489796968618,3.688517628084309,6.451168210693936,2.117297698641263,3.0650162917821078,,-0.14387591117189236,0.9075443836220163,1.0315874374706082,0.943844342446309,0.13252286328595567,1.1856429531031936,1.148679872221964,0.3399658342546133,0.9099180914827631,1.879964281029802,0.4582765464732079,1,1
2022-11-16,1.2816616170056416,1.6532314675241633,5.485642840754323,8.908737858597249,2.1959653089050235,5.6180981682451225,,-0.13501647189927918,0.9075443836220163,1.0315874374706082,0.8919096721546547,-0.8981618856673116,0.5971532191481129,1.148679872221964,0.3399658342546133,0.7035501234602131,-1.0862313637596517,-0.4716567364746018,1,1
2022-11-23,0.4838965793450652,1.1275245131297407,1.9399286803937432,0.9884750283799093,2.516542566572255,1.1946776414241356,,-0.12604551337639305,0.9075443836220163,1.0315874374706082,0.9009819261234585,0.07030607713367278,2.3134653993973937,1.148679872221964,0.3399658342546133,0.3862928895521608,0.05475317374284243,-0.08353095821729008,1,1
2022-11-30,-0.21736521245035767,-0.10488150439993404,1.6198630686749205,1.9600286888401541,-1.1456825727520936,0.7514570845198243,,-0.11696233849491426,0.9075443836220163,1.0315874374706082,0.9332039631502445,0.4378024475740348,0.7428811272009491,1.148679872221964,0.3399658342546133,0.10834794672796644,1.290838060442765,-1.0891303989277523,1,1
2022-12-07,-0.5073792373860656,-1.8715305291266304,-3.2663786943148754,-6.798985467067542,-0.36905313436532694,-2.0437939640288505,,-0.10776625014652247,0.9075443836220163,1.0315874374706082,1.0436839579940824,1.6801257723243932,0.06095818903975219,1.148679872221964,0.3399658342546133,0.39278126317491185,1.2145198224901483,-0.0641515952951035,1,1
2022-12-14,-0.9015598076542325,2.081209503596293,3.7230125592369934,5.299346091925727,2.107312820202356,3.790485564888435,,-0.09845655122289769,0.04191542494461701,0.1503917304708998,1.0823483205407154,0.5400725742447378,-0.21132290232213108,1.201160180434588,0.11101605534538532,0.5209663064985584,0.18183873037724016,-1.508014477401113,1,1
2022-12-21,1.5626287077211527,-4.3888807795468665,-3.696121403165442,-5.350338024036905,-3.6363353513138463,-3.838587266554594,,-0.08903254461571994,0.04191542494461701,0.1503917304708998,1.065832440742784,-0.3358984329502965,1.2797734200272397,1.201160180434588,0.11101605534538532,0.2505313753605077,-1.2874907437978698,1.0910452876808368,1,1
2022-12-28,0.05594628661436484,-3.9242437913862283,-4.449642133777365,-8.777673493300231,-0.9627211414482417,-4.061804304727179,,-0.07949353321666931,0.04191542494461701,0.1503917304708998,1.0457815991140376,-0.3920149693003766,-2.038151223367478,1.201160180434588,0.11101605534538532,0.030251631241443727,-3.0026950715803244,-0.5533016157842623,1,1
2023-01-04,1.062306688611235,1.2815898349298305,1.169034666373392,2.0258366613642664,3.0256918709362424,0.4594571579263018,,-0.06983881991742583,0.04191542494461701,0.1503917304708998,1.0255530578748424,-0.39483590121602463,0.6975590505338249,1.201160180434588,0.11101605534538532,0.2784227840691797,-1.863685121821304,0.23962491572897354,1,0
2023-01-11,0.45623300909194875,3.4781341872827554,5.64843739831189,9.008754261592244,1.8250171272523374,5.287310166640413,,-0.06006770760966938,-0.23238395921287333,-0.1770052782760594,0.9248189147869887,-1.6728399501264526,1.1382290882821313,1.2387735485369005,-0.19687549192008286,0.09783698018968287,-2.270787833156155,-1.1779957561120151,1,0
2023-01-18,1.487465614093415,1.525645022519173,0.8085825207778452,1.9506798129405034,3.742463679041741,2.021246952149447,,-0.05017949918507989,-0.23238395921287333,-0.1770052782760594,0.9389276787294148,0.15025927282267781,0.8771042004075714,1.2387735485369005,-0.19687549192008286,0.07938605591191501,0.03772823285973532,1.0427822314730015,1,0
2023-01-25,0.8316416483003738,-4.108924335082165,-2.2516131312674936,-3.2178661128535957,-1.5536798031956067,-3.184437202315049,,-0.04017349753533745,-0.23238395921287333,-0.1770052782760594,0.9934303351411782,0.791501086331653,0.6728062240463495,1.2387735485369005,-0.19687549192008286,-0.14166675367248197,-0.5896246530828668,0.4462545564553781,1,0
2023-02-01,-0.6170838661610173,0.4813978270914454,1.490767806483495,4.239645919342205,0.9423814766519989,1.4908148174043845,,-0.03004900555212207,-0.23238395921287333,-0.1770052782760594,1.004901675480755,0.10839090632726649,-0.7286918390456926,1.2387735485369005,-0.19687549192008286,-0.08527907102717278,-0.8728225368038622,0.20381543741354446,1,0
2023-02-08,0.8035900572942508,-0.685767961578021,-4.390952298558037,-5.740761101523528,0.11193195706358239,-3.94264183132389,,-0.01980532612711376,0.06960002603731683,0.24557894108775447,1.129552985250465,1.9050914571682367,0.35345989922244314,1.3883076067491438,-0.35092672788823653,-0.03500101417667902,0.4851917450425878,-0.6100690547898302,1,0
2023-02-15,0.5414636623840753,-0.7279524072403731,0.49751159930053745,1.2988907029487073,2.7964208087574605,-0.15115982962550234,,-0.009441762151992323,0.06960002603731683,0.24557894108775447,1.0737854737687125,-0.9590071740359968,0.5846024902248803,1.3883076067491438,-0.35092672788823653,-0.030827973857210596,-1.0532336153379784,0.42483224369811184,1,0
2023-02-22,0.017886966167691323,-2.7539444766632393,-4.673282154451641,-6.467357360405401,-0.7315241705351916,-4.190482743501622,,0.0010423834815619345,0.06960002603731683,0.24557894108775447,1.1178262992067107,0.6254224279965133,-0.35391312814420867,1.3883076067491438,-0.35092672788823653,-0.23769534230659614,0.17899759713963212,-0.026072345129094166,1,0
2023-03-01,1.1098018777826704,0.939161414106815,1.2916846515680813,3.266370813406194,0.309093890520451,1.1793800133692578,,0.011647807881869303,0.06960002603731683,0.24557894108775447,1.142304144343492,0.31486555419398343,-1.0055051380742932,1.3883076067491438,-0.35092672788823653,0.3872869756968106,-0.8070593261147794,-0.8112579470924706,1,0
2023-03-08,1.4296352930417497,1.9084074419049912,1.427127991190691,2.324171605833669,0.7997431233108365,1.3132610654206012,,0.022375208157249582,0.9354423876595203,1.1737191555354003,1.1437811163589846,-0.050266912398110326,0.5089494853266439,1.3985219089197558,-0.6864441058132387,0.21158738790828022,-0.7319479196841562,0.7063276274067524,1,0
2023-03-15,-1.1753589264176314,-4.439228110943327,-3.81685147193771,-6.758077989258382,-5.622650745059676,-3.949770753441406,,0.033225281416022955,0.9354423876595203,1.1737191555354003,1.1540585556477836,0.08943805904887876,0.4203971201461851,1.3985219089197558,-0.6864441058132387,-0.15333953026759808,-1.0831259315037898,-0.2878962253492535,1,0
2023-03-22,1.9235035711731183,-1.6372645169069333,-1.6432994115107569,-1.015648312004469,3.5586335331370123,-1.4393281320096207,,0.04419872476650913,0.9354423876595203,1.1737191555354003,1.0657183608862555,-1.4760894659451522,-4.0466164824404105,1.3985219089197558,-0.6864441058132387,1.7908158885903993,0.12148516433151062,-1.440349085943356,1,0
2023-03-29,-0.7648136460637721,-0.17916423828086003,2.376659818421789,2.3315450588187403,0.20446514638692292,2.1283566019336675,,0.05529623531702858,0.9354423876595203,1.1737191555354003,1.067655929268477,-0.04295507312138844,2.932286061583537,1.3985219089197558,-0.6864441058132387,0.5546135795284992,-0.7256317706829466,0.32191860982434045,1,0
2023-04-05,0.2938117888171715,0.019906606216579803,0.10434606950275871,-0.6896920115204708,-0.8704867564019558,0.2978189434347911,,0.06651851017590082,0.9354423876595203,1.1737191555354003,1.0794272695721643,0.11315332235797654,-0.8106202084054959,1.3985219089197558,-0.6864441058132387,0.2605308057409878,0.676888890755296,0.24981743464071232,1,0
2023-04-12,-0.04540454461908285,1.6790745710434152,1.2435263532065033,1.2809350813284048,1.8155227724354184,1.3591410236419854,,0.07786624645144644,0.22988691974439493,0.5020668430663299,1.1480938761964326,1.0163498583981736,0.48315076476224883,1.3647369882533862,-1.0717329568228926,0.18225368295325264,0.3965221981560124,1.4489851431502712,1,0
2023-04-19,-0.4328558039054196,1.071586043725592,1.8367979121575395,4.120770014554598,1.8019482022741506,1.5998166590332374,,0.08934014125198463,0.22988691974439493,0.5020668430663299,1.1402961441517316,-0.19750026099981208,1.0193457948706097,1.3647369882533862,-1.0717329568228926,-0.04842577283343446,-0.4031556242653388,0.3805860883496069,1,0
2023-04-26,0.7054910677715127,-5.620117872930397,-6.097235137482304,-8.488634754566782,-1.4552990213335448,-5.854131197380497,,0.10094089168583627,0.22988691974439493,0.5020668430663299,1.125480567437445,-0.30890659417915267,0.3301015981708769,1.3647369882533862,-1.0717329568228926,-0.3717810342906773,-0.638384288119658,-0.5040473058072591,1,0
2023-05-03,1.1366820797596342,-3.123287443136924,-2.447755041675981,-3.9103130931457564,1.846605033759996,-2.4397267220706453,,0.11266919486132088,0.22988691974439493,0.5020668430663299,1.0301762057021406,-1.5866436806258357,-0.8998698363039339,1.3647369882533862,-1.0717329568228926,-0.02058045718613417,-0.45912167866697523,-1.0831366418716286,1,0
2023-05-10,-1.2163588822193652,2.4651306048530053,2.286433806370436,1.7027782437209815,0.12029996237830076,1.723186329270554,,0.12452574788675823,-0.30325042557029425,-0.3660299841329726,1.023769147796989,-0.1754236956397964,-0.001795455576311611,1.3750156864551943,-1.3151497707158741,0.1836668261881723,-0.48587058904581126,-1.1948783659947764,1,0
2023-05-17,-0.2914534006618742,2.918197813412382,1.971813400982203,2.5010228853844296,1.1687030416926092,1.7747424735892636,,0.136511247870469,-0.30325042557029425,-0.3660299841329726,1.0746903288715637,0.7346461609985754,-0.06908130785904323,1.3750156864551943,-1.3151497707158741,-0.04117926798448686,-0.5149728277810929,0.7072074521475418,1,0
2023-05-24,-1.144156798907296,-1.2902881845500591,-2.0256522424526135,-1.1791342495408585,-1.7877839045898902,-1.6621532050812071,,0.14862639192077254,-0.30325042557029425,-0.3660299841329726,1.0602269789139247,-0.30331509233588355,-0.06908130785909278,1.3750156864551943,-1.3151497707158741,-0.36831446381186445,-0.9284712955468973,0.03609907091450166,1,0
2023-05-31,0.08200386642180002,-0.8481975729818014,-1.2462849961924594,-1.193192923921771,0.44259135297188834,-1.457329354157899,,0.1608718771459894,-0.30325042557029425,-0.3660299841329726,1.0279266051938836,-0.5864728858980633,0.3987819758895673,1.3750156864551943,-1.3151497707158741,0.3476029005933169,-1.4212634066035081,0.17010147226491482,1,0
2023-06-07,-0.27478834937250135,2.6133274650410154,1.7009800396269092,1.4751982331329572,2.6881635554571126,1.7040740564576495,,0.1732484006544394,-0.30325042557029425,-0.3660299841329726,0.9797106258160923,-0.8391287012002517,0.45700341283891366,1.3750156864551943,-1.3151497707158741,0.1901970964414305,-0.3566699361761756,-1.160176909818062,1,0
2023-06-14,-0.2767198411207968,-0.7728201973082438,0.21562499344938146,0.8412969071685872,2.307656034692318,0.47487228137548243,,0.1857566595544423,-0.18081413524933782,-0.06834533694593317,1.0108290200081385,0.4202824243836022,0.9412523704594948,1.3402894247888533,-1.5887950230715349,-0.7099528987526145,-0.20987753040253232,0.9182668966042667,1,0
2023-06-21,-1.1586303389281165,-3.5692441266716557,-1.6286903514176387,-2.8035418460868655,-2.738482973648715,-1.8601007676797288,,0.19839735095431832,-0.18081413524933782,-0.06834533694593317,1.1203123502658756,1.6643039990913078,-0.22178184309147506,1.3402894247888533,-1.5887950230715349,-0.963220333363336,3.767811957785668,-0.673247303174636,1,0
2023-06-28,-0.8569961061500638,-0.5129491228897276,-1.3223470931995607,-0.014348881506176525,0.2613287432984279,-1.4828241381681373,,0.21117117196238763,-0.18081413524933782,-0.06834533694593317,1.088164640634456,-0.5840493859315848,-0.018878392166212017,1.3402894247888533,-1.5887950230715349,-0.9223265858636674,-0.4338774880118961,0.6544446643969193,1,0
2023-07-05,1.3823154592272724,1.0025172140738725,0.44275013837662414,0.2295223363951493,-0.8886850197844964,0.6302996598726907,,0.22407881968696974,-0.18081413524933782,-0.06834533694593317,1.0602269789139247,-0.5172160457332611,-0.20574480057854372,1.3402894247888533,-1.5887950230715349,-0.966276263724583,-0.7574681528388743,-0.6377138763296285,0,0
2023-07-12,0.4280423315118206,-0.12478304758345438,2.8308769525143163,2.1685992804753695,1.4144951179219767,2.400507515277628,,0.23712099123638505,-0.5407397465638492,-0.5026364790247616,1.0386548249516632,-0.4161653796723752,0.5455557780193725,1.4287433696073013,-1.6294319111913942,-0.7173140643294434,0.06061566044050146,0.5724894491835044,0,0
2023-07-19,0.364709762680934,1.947224032312267,1.861251054049573,2.3419665455397976,-0.046742320828130346,1.9995911417004741,,0.25029838371895347,-0.5407397465638492,-0.5026364790247616,1.0393581031375099,-0.06254908685800863,0.9158022812540896,1.4287433696073013,-1.6294319111913942,-0.7417287273200506,-2.5817337331877774,0.6400438082502865,0,0
2023-07-26,1.0119910854269616,-2.1242455981409947,-1.8075800044581314,-4.1815634329288365,0.8431884009445056,-2.0349866872877875,,0.26361169424299513,-0.5407397465638492,-0.5026364790247616,1.0778508114819199,0.5373476115040611,0.08605964688621735,1.4287433696073013,-1.6294319111913942,-0.5715943687681855,0.10948511306107728,-0.1892056202877845,0,0
2023-08-02,0.47424730111264757,-5.450717290550955,-7.576016185926893,-9.96324243928095,-0.45950980510784944,-7.17040594589875,,0.27706161991683,-0.5407397465638492,-0.5026364790247616,1.0956086157939198,0.2081867742618892,-0.33961924242607716,1.4287433696073013,-1.6294319111913942,-0.5431356535929147,0.8168949541448469,0.6169870713938465,0,0
2023-08-09,-0.20479631843288892,-1.2403236614566993,-0.6968625707465925,0.03155524814077992,-0.4330414266282112,-0.9435019336321737,,0.2906488578487778,-0.7371992350438421,-0.6820875003046885,1.0148009597769585,-1.3565125074096662,-0.03770448555106088,1.4908847637292975,-1.6748637746154948,0.14301348949424367,-0.197590820316516,0.1601309989792942,0,0
2023-08-16,-0.899278454312006,-4.163950390485427,-5.9423406231248865,-8.575043661067827,-2.262878911293953,-5.688420834863717,,0.30437410514715885,-0.7371992350438421,-0.6820875003046885,1.0207887877801645,0.021341672395613444,-0.2639662375278406,1.4908847637292975,-1.6748637746154948,0.015527169282591709,3.274583928828701,0.8570585617116941,0,0
2023-08-23,-0.05875144486187413,-0.8985477901636507,-0.18571226873849156,-2.488166880480147,-2.6013260977198804,-0.9098483178789252,,0.3182380589202929,-0.7371992350438421,-0.6820875003046885,1.072199980495268,0.7424249595694679,-0.45501622224785054,1.4908847637292975,-1.6748637746154948,-0.062013627853090676,-0.5421723535518537,-0.8075560656000464,0,0
2023-08-30,0.7295498624422888,0.04688705051041353,0.24753979498570722,2.64271887034635,1.910481670202735,0.5239795384695434,,0.3322414162765004,-0.7371992350438421,-0.6820875003046885,1.0737854737687125,-0.04854416759687137,-0.31451778457966156,1.4908847637292975,-1.6748637746154948,-0.07143280302173038,-0.2822023975068894,-0.10908809416888675,0,0
2023-09-06,1.6831065954589444,-2.371198812023545,-3.971527316373047,-2.5546649305918656,-0.7414804409190623,-3.8095696603053675,,0.34638487432410076,-0.7371992350438421,-0.6820875003046885,1.0513536327558626,-0.42981267260874906,1.0214375830244489,1.4908847637292975,-1.6748637746154948,-0.44706880507441743,-0.2323287820737702,0.4325621266104733,0,0
2023-09-13,-0.5491154249296134,-0.08401907929402874,-0.38660885007977264,-2.1169520786982865,-2.1229558320282393,-0.5636611309836503,,0.3606691301714142,-0.4328945836506444,-0.3794588233561387,1.0212662499599865,-0.5513422701851134,-0.2855813817844584,1.6276619895001876,-1.5941087979589363,-0.3980048824294515,-1.4930665997560824,0.8113257724175518,0,0
2023-09-20,0.2183708765822422,0.5627853046091147,0.1934848290264135,-1.960843108844612,1.0575730779169845,0.5030960570094223,,0.3750948809267614,-0.4328945836506444,-0.3794588233561387,1.013599027029737,-0.19542846508923123,0.008663485193032356,1.6276619895001876,-1.5941087979589363,-0.4588961151444163,1.6967605572389313,0.17711026634997962,0,0
2023-09-27,0.07507241092094914,-4.39362514449031,-6.179302963503508,-5.386351995788097,-2.785633859587211,-6.1980463462051105,,0.3896628236984612,-0.4328945836506444,-0.3794588233561387,1.0108290200081385,-0.11768652395810608,0.373331886684162,1.6276619895001876,-1.5941087979589363,-0.6923465465371946,0.11467974059002799,0.21533596815384723,0,0
2023-10-04,0.7604176597265546,-7.592368044947806,-5.929765923074282,-7.595531159398572,-1.3201884267431296,-6.15314624795138,,0.4043736555948345,-0.4328945836506444,-0.3794588233561387,1.0092599216693168,-0.09862243246984398,-1.0902225583059644,1.6276619895001876,-1.5941087979589363,0.10933983919809133,0.5174172605726919,0.3623340434725906,0,0
2023-10-11,-1.1940723251107233,5.129343028404643,5.241998199873299,5.087563473957024,2.9710972151671733,5.018734774033895,,0.41922807372420084,-0.556327737168515,-0.5382985612152872,1.0021071415243572,-0.1872618288870831,-1.01003734574106,1.8116614648765237,-1.4249137392717306,0.22973849272686056,-0.2341178696016045,-1.1263599023875077,0,0
2023-10-18,1.7626429366239655,-2.682728199771267,-3.869636621437378,-4.400999690848995,-3.623493301446956,-3.453307008612949,,0.4342267751948805,-0.556327737168515,-0.5382985612152872,1.0313581517653034,0.39063822328983877,0.44375542119775124,1.8116614648765237,-1.4249137392717306,-0.20871894538330765,1.8120554153450015,-0.3778542384403713,0,0
2023-10-25,1.6700345350956851,-6.0230635649708875,-5.378821831086489,-12.318852286688253,-3.8399031219079838,-5.429844049024712,,0.4493704571151933,-0.556327737168515,-0.5382985612152872,1.0041734283251535,-0.5052633598479221,-0.5055677692996714,1.8116614648765237,-1.4249137392717306,0.4604296947950647,0.9797769925598585,0.6851088829726136,0,0
2023-11-01,0.15391980808338296,-2.786793296077006,-2.607513671645645,-2.6617443729048507,1.204513721516598,-3.1655236575986123,,0.46465981659345923,-0.556327737168515,-0.5382985612152872,0.9805814840446814,-0.44822898947527845,-0.1273027448084392,1.8116614648765237,-1.4249137392717306,0.28957819770527965,-0.19425894696683624,-0.3057880058926575,0,0
2023-11-08,-1.1290417823027736,1.3960227104750311,2.531780216980639,2.4269586816792366,2.681110218447458,3.1192012408781444,,0.4800955507379989,-0.344101853989795,-0.273562126237201,0.966933113270392,-0.29037752436320313,0.39285524278694073,1.5553128242136058,-1.8244511493169686,-0.043799333496683183,-0.4596901548950189,-0.534951363919498,0,0
2023-11-15,-0.20781781734728427,5.931733619759205,6.311712248641221,9.222814310213323,5.34550563155749,5.634626403489218,,0.49567835665713134,-0.344101853989795,-0.273562126237201,0.9301987716886806,-0.6568608930656361,1.533577049363363,1.5553128242136058,-1.8244511493169686,-0.5541181884334998,-0.4392041942597828,-0.941626211854606,0,0
2023-11-22,0.07740591435706475,-1.5523036783650745,-1.000726328806012,-1.272808088484334,1.037255881562249,-0.4231191044289595,,0.5114089314591769,-0.344101853989795,-0.273562126237201,0.9815758115623645,0.7418827927063704,0.8446814840225703,1.5553128242136058,-1.8244511493169686,-0.8269388983395588,0.2613261108422153,0.1478182546479128,0,0
2023-11-29,-0.2150497294984185,-0.2590003968667931,1.28481327173664,-0.4787757906661749,1.2492005458753397,0.8567550932792933,,0.5272879722524559,-0.344101853989795,-0.273562126237201,0.9235022986588179,-0.9956143055420276,0.47931581981351085,1.5553128242136058,-1.8244511493169686,-1.144923001949738,-0.5450258656118302,-0.12715837997678683,0,0
2023-12-06,0.20418458534829012,2.7863585953612935,0.7771049161787058,1.6014166136228525,3.3652705236474567,1.3967451834592914,,0.543316176145288,-0.344101853989795,-0.273562126237201,0.869762394066684,-0.9268194783349867,0.343698221171029,1.5553128242136058,-1.8244511493169686,-0.9699804906615551,-1.022935353559198,0.19545102863075922,0,0
2023-12-13,-0.4960495466558229,-3.169305947161627,1.951287799438317,0.7698882724981537,1.4230774818710046,-0.033082640737536195,,0.5594942402459935,-0.16186289731964987,0.07411611824732627,0.8386732312864237,-0.567245248943873,-0.06454910019237542,1.0868474017683187,-2.49498973748479,-0.9987477476202778,-0.277319089748202,-1.5867212463649507,0,0
2023-12-20,0.2411197008640942,8.908740882345123,3.519822109355575,7.679895175217588,2.4328218784972933,5.659207911364295,,0.5758228616628923,-0.16186289731964987,0.07411611824732627,0.8398210543564115,-0.055492060405082526,0.38588261560739456,1.0868474017683187,-2.49498973748479,-1.1419284041727917,-0.9525651861075203,-0.052418188296395336,0,0
2023-12-27,-0.2790534333007796,1.406446217521795,4.914192888571689,5.829876717593363,0.43737937381784775,4.032409058541031,,0.5923027375043043,-0.16186289731964987,0.07411611824732627,0.8958466982225027,0.8156780887808712,0.7230091397391807,1.0868474017683187,-2.49498973748479,-1.3389557374555414,-0.6787776009516779,1.2644461244524008,0,0
2024-01-03,-0.7767889776637893,-2.2877248695084784,-3.911848813279528,-6.941870769004588,-2.379381102377387,-3.683862455675868,,0.6089345648785495,-0.16186289731964987,0.07411611824732627,0.9525819757459119,0.8269433258136977,0.25549448734955993,1.0868474017683187,-2.49498973748479,-1.1580397198298957,0.5695137123160526,-0.038788314102710233,0,0
2024-01-10,0.27144173066887145,-1.7862173777181134,-1.2713404920497773,-3.701874641112246,0.6756444299931275,-1.212123387058206,,0.625719040893948,0.04001670120517948,0.23188298517293504,0.9209958838916696,-0.5751338598477954,-1.1125349652805616,1.1207659540103463,-2.4326454003757774,-0.6741077448739916,-0.8149777787804824,-0.6999389231694884,0,0
2024-01-17,0.014944090250097864,-6.72197526021312,-7.987434221147982,-11.7964363594254,-0.6957333234137941,-8.023633946620379,,0.6426568626588197,0.04001670120517948,0.23188298517293504,0.8202706237627712,-1.672698935622489,0.8286444415095399,1.1207659540103463,-2.4326454003757774,-1.168265498729152,-0.5986477060474052,0.21881107735894595,0,0
2024-01-24,0.9079978635199906,2.192485641289821,1.6636769639121862,2.6232522659876967,2.2424301637501642,1.8732845205533977,,0.6597487272814848,0.04001670120517948,0.23188298517293504,0.7180427525416321,-1.696552468988167,-0.5195130236587637,1.1207659540103463,-2.4326454003757774,-0.7648118110793076,-1.1251468001426663,0.0602829347300394,0,0
2024-01-31,-0.7553969195108713,0.8316742188524628,-0.9369270906771199,-3.8430631826412487,0.8168501483549306,-0.41451068738709296,,0.6769953318702634,0.04001670120517948,0.23188298517293504,0.7596517642639541,0.5868180613007302,0.5643818714041718,1.1207659540103463,-2.4326454003757774,-1.15127323649672,0.4223110516529707,0.5637054132610192,0,0
2024-02-07,-0.09849010448634862,1.6953978669908443,3.206541640140692,4.137880809300087,1.1479069209435977,2.3564697703562842,,0.694397373533475,0.04001670120517948,0.23188298517293504,0.7379541343900576,-0.4181572748874629,0.12824404132253336,1.1207659540103463,-2.4326454003757774,-0.8245784750641459,0.4327163937412814,0.12754794298431676,0,0
2024-02-14,-0.36024749933277456,1.1880837084806473,1.7379643011906865,5.442476680580288,0.929927130830599,1.5028876375332345,,0.71195554937944,-0.8284088755681138,-0.7568848120404958,0.7100625820277495,-0.5164840724898,-0.2761683350920835,1.2229813341136184,-2.272702121549288,-1.105899101491507,-0.7197416515573363,-0.3288305513546921,0,0
2024-02-21,-0.28279297865500347,-2.62999023449233,-2.5123488655337756,-4.092933862751513,2.2106995399878038,-2.230299629997212,,0.7296705565164786,-0.8284088755681138,-0.7568848120404958,0.6143261696343033,-1.5935023647143995,0.23876018211859965,1.2229813341136184,-2.272702121549288,-0.9114980054575749,-1.279298123647234,0.5408437678770509,0,0
2024-02-28,-0.4502530702682135,-2.728430413319849,-3.377967287815853,-6.340715440940992,1.799142044831381,-3.1767225318044545,,0.74754309205291,-0.8284088755681138,-0.7568848120404958,0.5770599432516873,-0.6653044164168178,0.19134631729758686,1.2229813341136184,-2.272702121549288,-0.8863259556698423,-0.37570477378147277,0.044830237710263864,0,0
2024-03-06,-0.8859914294524999,1.8585575529482146,2.8820466491714214,4.491738786012034,0.5530936986869683,2.617396693170093,,0.765573853097055,-0.8284088755681138,-0.7568848120404958,0.6362407994658362,0.8657662076619703,0.12859267268152308,1.2229813341136184,-2.272702121549288,-1.0506026823662564,0.6553203304453081,-0.1325188834365009,0,0
2024-03-13,1.5929109381597961,-2.545561217900838,-2.735948300155533,-0.15943687421451358,1.3155254191590693,-2.556987848846237,,0.7837635367572334,-0.6890316835430598,-0.666353291617664,0.659746791535911,0.2994376569337198,0.2861740469396124,1.1620695403192693,-2.3653497976607873,-0.9786234561053972,0.35578660443789534,0.40384010218633226,0,0
2024-03-20,1.2333301169176916,-1.8928886024176084,0.14587078382541918,0.5002287640328174,0.8622963494167024,-0.9007884095000307,,0.802112840141765,-0.6890316835430598,-0.666353291617664,0.6047313355249045,-0.947068502508199,0.46606782817234843,1.1620695403192693,-2.3653497976607873,-1.2337109518839786,-0.6662664981800278,-0.45771348494231734,0,0
2024-03-27,0.8887699444607368,3.6016251851844316,1.948814858802539,2.90588444722486,1.4281686830434737,2.3476216773675063,,0.82062246035897,-0.6890316835430598,-0.666353291617664,0.6879042521094362,1.246633496284861,-0.20853385145031264,1.1620695403192693,-2.3653497976607873,-1.2807070750357537,1.0758606424225121,0.2901474571046567,0,0
2024-04-03,0.5093777594570712,-1.0491194160259676,-1.1502640493894933,-3.383317201500402,-0.8234132992130938,-0.9444624353359465,,0.8392930945171684,-0.6890316835430598,-0.666353291617664,0.7167442623315708,0.38411371224859425,-0.08337519357717474,1.1620695403192693,-2.3653497976607873,-1.3049527738949733,-0.03237938068079289,-0.15465312027513156,0,0
2024-04-10,-0.9147102866627508,0.8184429762850609,-0.14470973023610334,0.20489570447024263,-0.6181368906079676,0.5032438682423646,,0.85812543972468,-0.7885648342338698,-0.8074079384382188,0.6330639845217744,-1.40211457978636,-0.24862645773283915,1.2636888402402329,-2.1622141395805192,-0.9574978678753029,-0.8169356653349784,0.9045958760585298,0,0
2024-04-17,-0.1845153412367228,-3.9769688908785072,-4.7451587398980255,-9.213130214828569,-1.2139856706357754,-5.266629462611494,,0.8771201930898253,-0.7885648342338698,-0.8074079384382188,0.7227355251502192,1.3497973463742083,-0.003887243730150678,1.2636888402402329,-2.1622141395805192,-0.5842485267899314,0.5761767940465375,0.13606271037034046,0,0
2024-04-24,0.027891224277506524,-0.3256634086033827,-0.22804505333815506,0.5223298312408975,1.0443314120269775,-0.053521412815626945,,0.896278051720924,-0.7885648342338698,-0.8074079384382188,0.828862516245497,1.6110230479445369,-1.0905711896649541,1.2636888402402329,-2.1622141395805192,-0.07661164567517069,1.4364611867944916,-0.3357875100162418,0,0
2024-05-01,0.02974616193153043,,0.8336523570496635,-0.024815157404223243,-0.9472998917377851,0.6084525813683683,,0.9155997127262956,-0.7885648342338698,-0.8074079384382188,0.7784447550677182,-0.8740813751830039,0.7296331355597867,1.2636888402402329,-2.1622141395805192,-0.6463450153010252,-0.7719107989847259,-0.09900637794524504,0,0
2024-05-08,0.15985857749608492,4.722892867018458,4.428768937074246,5.268195124432662,3.4035366240468434,4.279854262250016,,0.935085873214261,-0.6323561624061032,-0.648178965988155,,,,1.3041893287128064,-2.0054012227213813,,-0.11291841018507467,-0.9207896934838599,0,0
2024-05-15,-0.033681282241489356,2.537860760083599,3.1274700892778284,2.9000990843716323,2.6545472303159734,2.663962537820197,,0.9547372302931394,-0.6323561624061032,-0.648178965988155,0.8553287176843835,1.146798100364787,0.7386975508932214,1.3041893287128064,-2.0054012227213813,-1.085799404089375,0.626219027602123,-0.20674038298196687,0,0
2024-05-22,-0.46021569883306074,3.0205832697542734,3.4391338219353695,6.6993708149284625,-0.944882201844699,3.5458713371107287,,0.9745544810712514,-0.6323561624061032,-0.648178965988155,0.8236288975520845,-0.5769392646456545,0.12894130404051277,1.3041893287128064,-2.0054012227213813,-1.2455676929707513,-0.30472646668618025,-0.4481702554225198,0,0
2024-05-29,-1.193587426915202,1.0723961357363532,0.27009289340234055,1.7804651639893976,-0.5221158579435503,0.3825640677835196,,0.9945383226569172,-0.6323561624061032,-0.648178965988155,0.9186155059854707,1.4341725701967425,0.09233501134778409,1.3041893287128064,-2.0054012227213813,-1.3368505151134682,1.4537253460876436,-0.030176928161596398,0,0
2024-06-05,0.4201320500865752,0.8094203896459984,1.5390066443508044,1.9349436631555417,1.1863856307541276,1.136891206723778,,1.014689452158456,-0.6323561624061032,-0.648178965988155,0.887547082606812,-0.5669160167089695,-0.36158301804168463,1.3041893287128064,-2.0054012227213813,-0.9991094883556223,-0.1629854637873117,0.26702074140460264,0,0
2024-06-12,-0.8512907487098847,0.4774992452528881,-0.6180037002369243,-0.49576594912092986,0.7782470494284155,0.19486035939610957,,1.0350085666841882,-0.7622713896289426,-0.8313507680348542,0.8602570541164352,-0.50693504824563,0.1097665792966742,1.3409696437229326,-1.832941114502898,-1.0337249226509124,-0.16949995541483634,-1.1240875038644098,0,0
2024-06-19,-1.1559693790349812,-6.379491321871789,,,-3.045419887043721,-5.582824924362484,,1.055496363342434,-0.7622713896289426,-0.8313507680348542,0.8453976745977796,-0.3096019515213933,-0.362280280759664,1.3409696437229326,-1.832941114502898,-0.8353397242683231,0.5572016518787896,0.9196730007456103,0,0
2024-06-26,-1.0631205924515446,-1.2504418149784646,-8.122033385227612,-15.757340255859509,-1.3703800408135791,-2.890030597887794,,1.076153539241513,-0.7622713896289426,-0.8313507680348542,0.8391038212241022,-0.1736266051733368,-1.5420487995416436,1.3409696437229326,-1.832941114502898,-0.06752635461714145,0.0001834155026570174,0.8637542202383505,0,0
2024-07-03,0.7207103056405868,-2.4378082321622196,-0.8791168187722853,-1.736191437756629,1.3660246401160592,-1.0938584439144527,,1.0969807914897456,-0.7622713896289426,-0.8313507680348542,0.7946379305819875,-0.7795970850404522,-0.30824242011804526,1.3409696437229326,-1.832941114502898,0.015598714908149043,-0.453763747766525,0.004083189381687892,0,0
2024-07-10,0.7129903999478944,1.8543134211860046,1.9672726597663281,2.075005061772428,-0.41681730232472347,1.6810765324745347,,1.117978817195452,-0.0893632010140657,0.010487953389030571,0.8500918917189204,0.8066027843824282,1.2937186743863816,1.2970106980253633,-1.8489938860198325,-0.821532975713202,-0.35581109832706986,0.3925016497423325,0,0
2024-07-17,-0.04514434306999813,-0.6416672707956872,-0.43384247356756944,2.032840562425786,0.5887115535561982,0.019250477074983507,,1.1391483134669511,-0.0893632010140657,0.010487953389030571,0.8098311799068144,-0.712841040147497,0.49221518009568355,1.2970106980253633,-1.8489938860198325,-1.049500993853048,-0.6182348393007188,-0.29345308354029576,0,0
2024-07-24,0.34181564353563815,1.7514481680569682,0.8658108817811705,-1.0471306554619808,-1.2711432985167193,0.8040686346582504,,1.1604899774125639,-0.0893632010140657,0.010487953389030571,0.7893702509735356,-0.3985249912561702,-0.06210868067949711,1.2970106980253633,-1.8489938860198325,-0.887375934798987,0.3443730431206161,-0.14673962591764406,0,0
2024-07-31,0.43405771968932777,1.3501948499101024,1.6387893142898236,0.78637414888032,1.8888238744347419,1.1202753076553051,,1.1820045061406101,-0.0893632010140657,0.010487953389030571,0.817047645056441,0.3656575042438792,-0.3002238988615796,1.2970106980253633,-1.8489938860198325,-0.5510521767883744,0.2151287594449553,-0.48095319720439966,0,0
2024-08-07,-0.7800056899928832,-2.7325224142991322,-3.3779656925184476,-6.547265382243994,-5.518656880280037,-2.5000599236349785,,1.20369259675941,-0.0893632010140657,0.010487953389030571,0.8311796995917314,0.15062900450964922,-0.1304404270391978,1.2970106980253633,-1.8489938860198325,-0.6191093624871177,0.9441146969528642,-0.2971238764089615,0,0
2024-08-14,-0.7208058619787928,0.46290224833689386,2.7398884814704427,1.5340504523345455,2.0161608705961065,2.3933766516759825,,1.2255549463772837,-0.5481585871536999,-0.5151264607106861,0.850233793133364,0.22876500541584024,-1.3077685263083487,1.1220300187142533,-1.9397842328763912,0.3180355769151769,0.6885839771387319,-0.5754749802897747,0,0
2024-08-21,0.9785663381222818,0.06788978829124215,1.482569362167796,2.6109890903680544,2.2261003771759214,0.7708874540326427,,1.2475922521025504,-0.5481585871536999,-0.5151264607106861,0.8679522530835857,0.20756219345633425,0.41342449296663897,1.1220300187142533,-1.9397842328763912,-0.4060554853536803,0.1219963094190525,0.6763049821906117,0,0
2024-08-28,-0.762348530422274,0.36583959578657677,0.0,-0.5118895346763352,1.3563066547621183,0.6587255147761262,,1.269805211043531,-0.5481585871536999,-0.5151264607106861,0.8765555789327092,0.06286197359506301,1.044447252717075,1.1220300187142533,-1.9397842328763912,-0.6774405417435618,-0.5317705894627931,-0.6154120688595252,0,0
2024-09-04,0.7235393816075019,-0.9375874422688169,-1.269424257685614,-1.5763892304818672,-1.7246311963917904,-1.389593403153988,,1.292194520308544,-0.5481585871536999,-0.5151264607106861,0.8578663610222076,-0.3703995713026006,0.27292605529845,1.1220300187142533,-1.9397842328763912,-0.6524368493636229,0.39072082293007904,0.21232874274752309,0,0
2024-09-11,1.7589485018245794,1.2886035646368255,1.9677433727501192,0.5200017336994378,-1.7750175186450612,0.975509588440282,,1.3147608770059123,-0.41425919952627616,-0.39847878253759744,0.803454646006032,-0.9374842820543527,-0.7025444871223079,1.061405087977232,-1.8850242652873472,0.17056847940371803,-0.75109839118806,-1.006865716015715,0,0
2024-09-18,1.2332845424962227,1.9485458228620134,1.6563546047751565,2.3432832258789116,2.6323405896938823,2.2344683901874163,,1.3375049782439523,-0.41425919952627616,-0.39847878253759744,0.7950881418435339,-0.20652936025204227,-0.3044074751693073,1.061405087977232,-1.8850242652873472,0.12444339120125499,0.08402639716901832,-0.8743942592949092,0,0
2024-09-25,-0.8944550279766322,-1.4779611990859642,-1.101182471301243,-2.121251794265433,2.7895601954635474,-1.1060958242357088,,1.3604275211309869,-0.41425919952627616,-0.39847878253759744,0.753880877532795,-0.7278672979231156,0.6348054059177116,1.061405087977232,-1.8850242652873472,-0.3464148082450437,-0.26570691949327296,0.8139068715205042,0,0
2024-10-02,-0.4872390660755338,0.628473320707279,-0.5551721334739135,4.505151491294246,0.49433935381957284,-0.9304528567195547,,1.3835292027753352,-0.41425919952627616,-0.39847878253759744,0.7778342260222636,0.30653931572718374,0.09616995629657163,1.061405087977232,-1.8850242652873472,-0.5188053072293507,0.5639917182700606,0.15161949150196186,0,0
2024-10-09,-0.03081643087333806,-2.0469365391878602,-3.18160058047412,-5.819819256716308,0.27988528250961764,-2.6468761706270882,,1.406810720285316,-0.38095362319553033,-0.3534279454382919,0.740018565222802,-0.6740265350422966,-0.35879396716986617,1.0882491730112784,-1.496542340785787,0.1744623285189429,0.33226223179513703,-0.11845790936173015,0,0
2024-10-16,0.42152510416006556,-2.563187253789989,-2.6940131303648585,-5.914318983216438,-0.048345227901513965,-2.7501433060131752,,1.430272770769251,-0.38095362319553033,-0.3534279454382919,0.7307745328581438,-0.2204598765098051,0.14218929568162564,1.0882491730112784,-1.496542340785787,0.08389425391512763,-0.08467730000094754,0.3974050914007011,0,0
2024-10-23,-0.562431655325829,-2.3158235161019114,-3.4538029224647104,-1.8987106000155407,0.21212479207033397,-3.240227856014233,,1.4539160513354594,-0.38095362319553033,-0.3534279454382919,0.7468164974172762,0.18094829518600758,0.3499735856326453,1.0882491730112784,-1.496542340785787,0.05698453612435856,0.22150536820127,-0.6617236830956513,0,0
2024-10-30,0.1704420263148578,-1.062770369953836,0.15267010633004396,4.848156512917656,-0.8681414884653016,-0.4236353716184915,,1.4777412590922614,-0.38095362319553033,-0.3534279454382919,0.7753883300582575,0.3798564677007531,-0.30301294973339804,1.0882491730112784,-1.496542340785787,0.018066116088252666,0.5226296757418986,0.182276097919811,0,0
2024-11-06,-0.6645347653801101,-4.307455381061431,-4.684691789161866,-4.282807314776482,0.8723374393733607,-3.8219650943728034,,1.5017490911479772,-0.38095362319553033,-0.3534279454382919,0.7872552898678573,0.11467125543225952,0.06444450262955002,1.0882491730112784,-1.496542340785787,0.18160650535187656,-0.1292461800121153,-0.2995728685619934,0,0
2024-11-13,-0.8816590726439257,-1.84077214168743,-4.412479958942495,-6.688579136431061,-0.8405977888777727,-4.758325083919779,,1.5259402446109258,0.559375246979558,0.4885336995838707,0.7612056944307318,-0.48724351836379964,0.08222470193742983,1.141649550037061,-1.2066258264006404,-0.07381923125138161,-0.1400967285879559,0.6150886027123987,0,0
2024-11-20,0.17735433946370058,0.8741107554997019,0.9147613019361511,-0.5468389956456932,-1.3954358880211792,0.573614090369734,,1.550315416589429,0.559375246979558,0.4885336995838707,0.7995790068319594,0.5354522340979326,0.38971756055613255,1.141649550037061,-1.2066258264006404,-0.2244813681577442,0.7742432057693013,-0.71526394675904,0,0
2024-11-27,-0.33548426534681447,2.7556677412322372,2.210490899754758,5.310985011179614,1.1963676308376137,2.5101829378036733,,1.574875304191805,0.559375246979558,0.4885336995838707,0.8300217872454627,0.4095572434688556,-0.4316579211963338,1.141649550037061,-1.2066258264006404,0.2031523735692283,0.6854469768752776,0.26912801190260144,0,0
2024-12-04,0.6524617469473972,-1.4289259178267288,-1.7150208177197257,-1.4333181725943778,4.404153225071994,-1.6242399369607696,,1.5996206045263748,0.559375246979558,0.4885336995838707,0.8336357666806878,-0.01634251369472688,-0.36681248842638137,1.141649550037061,-1.2066258264006404,-0.10863084670550191,-0.01970168986420204,-0.09675345315480165,0,0
2024-12-11,1.783010422324318,-0.4098653735101765,0.32894402041465653,-1.3134230770201594,-0.8024482977851299,-0.20295651159498718,,1.6245520147014585,1.1040046377357626,1.1634334937981938,0.8247943221594882,-0.21406890641371992,0.5413722017115953,1.0429661774771,-1.110592206159683,-0.5991573217485879,0.0486588928481264,0.13199153442962025,0,0
2024-12-18,1.7366531675909143,-1.5791785014163784,-5.7359667718309915,-5.849961455310115,-1.0876264990606899,-3.8181888545670617,,1.6496702318253753,1.1040046377357626,1.1634334937981938,0.8359417950859999,0.1032496011795138,0.4427095271208317,1.0429661774771,-1.110592206159683,-1.0004120742573113,-0.5293472853283208,-0.07333382280604024,0,0
2024-12-25,0.7700417600500391,,,,,0.3355347540519915,,1.6749759530064463,1.1040046377357626,1.1634334937981938,0.7549752553920712,-1.3590347416121011,-0.3570508103750168,1.0429661774771,-1.110592206159683,-0.8926774527760615,-0.8802332746670842,0.02050645677819113,0,0
2025-01-01,1.5717512269110379,,,,,-1.9127818518847484,,1.7004698753529899,1.1040046377357626,1.1634334937981938,,,,1.0429661774771,-1.110592206159683,,,-0.2221279472451622,0,0
2025-01-08,8.32563481940527,-0.48020711627534407,1.2216458410878595,5.6374073677836645,-0.2794656782496574,0.805282186168288,,1.7261526959733278,0.8804051780496478,0.8338190395960378,,,,1.275852724951747,-0.6055177521255601,,,0.1922473096681791,0,0
2025-01-15,-0.046670052705627706,-0.9360438046383868,-1.397406069236773,-2.7280968079388845,-0.27193390707882514,-1.5592888292667695,,1.7520251119757793,0.8804051780496478,0.8338190395960378,0.8594139404856662,1.58422165951437,-0.6021386557365959,1.275852724951747,-0.6055177521255601,-0.3364600337890538,1.048706697300089,0.508163984938703,0,0
2025-01-22,0.29047529910451847,-3.5253712763392953,-2.9453186144076327,-5.321036432854731,4.527204342749691,-2.511000279966691,,1.778087820468664,0.8804051780496478,0.8338190395960378,0.9356796364971769,1.136983289885152,0.11220699880955251,1.275852724951747,-0.6055177521255601,-0.5423555563074831,0.30279871194028135,1.068675739852085,0,0
2025-01-29,2.2267084636466494,0.7763163543576423,1.528116719640149,3.1432049978535215,-0.9060310636909819,1.2452657725357419,,1.8043415185603031,0.8804051780496478,0.8338190395960378,0.947965797397611,0.12132595621197591,0.5371886254038676,1.275852724951747,-0.6055177521255601,-0.7826406390691822,0.34780822391397714,-0.6234858198508048,0,0
2025-02-05,-0.39820703499207616,2.529377676560629,1.8559947515899289,-0.11908579956201315,-0.1384222097746246,1.7955043501152623,,1.8307869033590152,0.8804051780496478,0.8338190395960378,0.9986943968655169,0.7315889815301081,-0.11091707093646865,1.275852724951747,-0.6055177521255601,-0.6204681253080233,0.4802603018820241,-0.5575772366312983,0,0
2025-02-12,0.3692438084171453,-3.2569943495371234,-2.842107823843776,-1.1384217545981734,2.1292190502683717,-3.0577046847214184,,1.8574246719731216,1.10560924884828,0.9720888801257384,0.9782159377906701,-0.3988032773802097,-0.03630996011510211,1.1919454082944017,-0.5029897203333302,-0.464165952995695,0.4275420378463205,-0.4504108589148234,0,0
2025-02-19,1.0264118355840504,2.8477364780048253,2.579075195170244,6.728411212613761,3.9987608981818745,2.9042778953538573,,1.884255521510941,1.10560924884828,0.9720888801257384,0.9676893234843987,-0.24082050827705057,0.05642598137303482,1.1919454082944017,-0.5029897203333302,-0.529163254680406,0.39846410850415803,0.1114988836788562,0,0
2025-02-26,-0.1634044632960979,0.9731582710643005,1.3949607464150304,-1.5328171881888952,-0.5870561873773994,1.646569760528127,,1.9112801490807938,1.10560924884828,0.9720888801257384,0.8867269481410409,-1.3589686337044715,0.16624485945117126,1.1919454082944017,-0.5029897203333302,-0.275582336384754,-1.449729653480816,0.1646805185340932,0,0
2025-03-05,0.8126413978240569,-6.885893328074499,-2.276815679666555,-7.6354810260070405,2.3908960523280953,-3.5007039305469334,,1.9384992517910014,1.10560924884828,0.9720888801257384,0.8492400549686082,-0.6688074403601209,-0.051649739910202684,1.1919454082944017,-0.5029897203333302,-0.3611520893982601,-1.5743027997069399,-0.5588072198661665,0,0
2025-03-12,1.6672441578182702,1.3298115606291017,1.7559756868855914,-0.3401908753745353,-2.252343242500121,2.272762339667178,,1.965913526749882,2.8144205494489603,2.7002492818134756,0.8180742791834884,-0.5684614590977164,-0.34136239922097605,1.4666615110424415,0.026865512045823534,0.43749264572962515,0.029481063608317173,-0.5238356516536341,0,0
2025-03-19,2.7263155683590905,3.153193722710501,3.0850849753881526,2.4783320959154587,3.349684697811295,3.089038320135984,,1.9935236710657562,2.8144205494489603,2.7002492818134756,0.8298769527371965,0.11365072899146157,-0.6007441303006866,1.4666615110424415,0.026865512045823534,0.4888030925678077,0.16717932192830728,0.27093067045943214,0,0
2025-03-26,0.48134599338543105,-1.4667063857153773,-2.73755988793436,-5.369791159987214,-2.908734332973406,-2.476574854600866,,2.021330381846944,2.8144205494489603,2.7002492818134756,0.8827533391102338,0.7656845015675187,0.10837205386076497,1.4666615110424415,0.026865512045823534,-0.05196360416177977,0.2469143262851028,-0.0989611878902894,0,0
2025-04-02,-0.059991608996650285,-0.7006106352961172,0.17331490532717098,-0.8968691900261394,-3.8301899030710906,-0.033927517577669875,,2.049334356201766,2.8144205494489603,2.7002492818134756,0.8469648931195032,-0.6418450635163784,0.09442679950167271,1.4666615110424415,0.026865512045823534,0.022745673673569552,-0.6073584817101415,0.5021899733975705,0,0
2025-04-09,2.8541429201641613,-11.400917894788165,-4.064169050262967,-10.543204038017517,-14.32231021632635,-6.667452501510773,,2.0775362912385407,4.685159332218103,4.276175723520262,0.8174877617448526,-0.541654698522141,-1.3607604928729984,1.2836809019413864,-0.0021265064558917968,0.40968878262201747,0.08409009327388449,0.4858832175816447,0,0
2025-04-16,1.9608265987417277,6.095884102456917,2.05272994190131,-0.5017909868139991,8.051285097142369,5.109377359954337,,2.1059368840655903,4.685159332218103,4.276175723520262,0.702676637365568,-1.8963081147481524,-3.912393409233838,1.2836809019413864,-0.0021265064558917968,3.0110828984853932,-2.0634443195440166,-1.9871230389430952,0,0
2025-04-23,1.7268670035024885,0.7043991570821362,1.490599115580693,1.6393844879329045,1.3425527170586982,1.422249846307988,,2.1345368317912325,4.685159332218103,4.276175723520262,0.795538148044147,1.4004372341131817,2.3092818230896164,1.2836809019413864,-0.0021265064558917968,1.1223844364680144,0.4687907436184941,0.1191570223775837,0,0
2025-04-30,1.9610514723351369,2.2514665610480877,2.4076887384437473,0.31762244848994037,3.216728700707705,1.930307206054671,,2.1633368315237895,4.685159332218103,4.276175723520262,0.7950881418435339,-0.08085715588172318,0.7753038435859501,1.2836809019413864,-0.0021265064558917968,0.8873444942876311,-0.3467055911371866,0.051153662691534076,0,0
2025-05-07,5.941529483588317,0.33423016665501404,0.42391213681503004,4.208973205690558,2.7268421166408707,0.3048356715118494,,2.1923375803715794,4.685159332218103,4.276175723520262,0.7916312678952575,-0.12859034547113748,-0.12381643121864137,1.2836809019413864,-0.0021265064558917968,0.5888371854673292,-0.571435374049868,-1.076574674826923,0,0
2025-05-14,0.2551522928427185,9.933637931274175,8.975713760027437,17.497475514964258,4.297710839304347,8.546617396022782,,2.2215397754429236,3.333201744084385,3.0087554233682914,0.8564573639260624,0.9553828203831477,0.8736178868177735,1.2615202768302824,0.16773692462769077,0.4643341571050265,0.6555706946634662,-0.7221171978667787,0,0
2025-05-21,-0.17063284421184982,-1.4629392384771345,-1.1668752851911712,-3.7271311259915674,1.8617019730607254,-0.7582057500860273,,2.250944113846141,3.333201744084385,3.0087554233682914,0.8732341405456898,0.19261323236971054,1.4781446632857855,1.2615202768302824,0.16773692462769077,-0.3168940692035365,0.13742534384609195,1.2510970651220672,0,0
2025-05-28,1.588607684617009,-2.1332123034442763,-1.7364213643912052,-6.9792241527933285,0.4973186069022084,-2.0609041059640454,,2.2805512926895526,3.333201744084385,3.0087554233682914,0.8819292139994432,0.06431844131286531,-0.21690100406576798,1.2615202768302824,0.16773692462769077,-0.42152242254019395,0.4301727332035133,-0.026725886733122355,0,0
2025-06-04,0.6062817270017974,1.0177766375257802,1.9708943246394384,4.4451720687903595,0.7404692068854857,1.8627514143746637,,2.310362009081478,3.333201744084385,3.0087554233682914,0.8730955046658081,-0.213946112461504,-0.06908130785909278,1.2615202768302824,0.16773692462769077,0.07478397887908374,0.0057751104688224045,-0.046261639948504955,0,0
2025-06-11,0.793372460981745,2.977509814735124,3.301634501977091,4.198080195762222,-0.7877264690248964,3.3306327133377778,,2.3403769601302367,1.6006399465023777,1.4526315537408405,0.8805541426621428,0.04469037215355372,0.17252022391278754,1.2731525483525843,0.3255606320025338,-0.06891968899326177,-0.3014041870575862,0.19317131071901447,0,0
2025-06-18,-0.14801759259141076,-3.3051961757424753,-3.1058475452324874,-6.118569788278938,-1.3894833208114576,-2.916314177739121,,2.3705968429441486,1.6006399465023777,1.4526315537408405,0.9040771731850119,0.29970813763516624,0.3158077124527454,1.2731525483525843,0.3255606320025338,-0.30976051050302367,0.06171520492345529,0.935873389996786,0,0
2025-06-25,0.6613842431339985,-0.10947537775209959,1.5625309079845273,2.971715035275979,-0.16420213462184918,1.0495965133751284,,2.4010223546315355,1.6006399465023777,1.4526315537408405,0.9074306099676029,-0.02047855587482378,-0.9908626209972216,1.2731525483525843,0.3255606320025338,0.5778364309168968,0.7391877897894042,1.3370044816590392,0,0
2025-07-02,0.28657082605728235,2.9144035962257453,4.026379545312331,10.134888280044407,1.3735396524229948,3.7799231535940336,,2.431654192300715,1.6006399465023777,1.4526315537408405,0.8598355872363718,-0.8292711870611312,0.5800702825582126,1.2731525483525843,0.3255606320025338,0.018727360922236546,-0.9086807886156094,-1.9593041382350798,0,0
2025-07-09,0.49789418413557956,1.3585105919827534,1.257869251273247,4.073562044358381,2.4681062850751445,1.328521955132178,,2.4624930530600095,2.0642903962149757,1.8822393839799325,0.8724020333125903,0.12577540545869365,0.28164183927289504,1.3481881072262223,0.43744005558849797,-0.21275312995907006,-0.5413961095515598,0.47619302486269754,0,0
2025-07-16,1.6713954986810098,-0.8280040908277053,-1.0347512746098353,-1.8574841229905825,-1.3038180888622186,-1.4408131754656495,,2.493539634017737,2.0642903962149757,1.8822393839799325,0.8515099895601526,-0.40536881916104406,0.15613455004076746,1.3481881072262223,0.43744005558849797,-0.43695796496607536,0.19934427417377976,0.21996284812909983,0,0
2025-07-23,1.9566506926367342,3.125247628762251,3.50400907714139,3.630166653783018,2.5469914365445767,3.3535553023996023,,2.524794632282218,2.0642903962149757,1.8822393839799325,0.864461863682246,0.131893968538538,-0.40202425568315125,1.3481881072262223,0.43744005558849797,0.02647398351750617,0.13493485630019011,-0.4813367354340946,0,0
2025-07-30,0.012644030927374858,0.05859728295334321,-2.8375768009977875,-4.452118934409244,-0.1686163324993828,-2.032790160559017,,2.556258744961774,2.0642903962149757,1.8822393839799325,0.8370927940178283,-0.5081898049101983,0.2342279744518823,1.3481881072262223,0.43744005558849797,-0.08575817273861686,-0.645471343561549,-0.11867186016115781,0,0
2025-08-06,0.4059273017367034,-1.3118389499911842,0.3683189984662327,-4.04782044478611,-1.6179833554111234,-0.21737630833751354,,2.5879326691647226,2.0642903962149757,1.8822393839799325,0.8870004019474826,0.7185559690947849,0.15648318139975714,1.3481881072262223,0.43744005558849797,-0.46227116320486417,0.5416450971739627,0.9433860553154021,0,0
2025-08-13,-0.8184492834562849,0.6949227518722179,1.4598791205690187,3.219045837077461,0.7706104214703302,1.3554813974352875,,2.6198171019993857,1.2948693839526313,1.0914666863103653,0.8613800875949733,-0.48042880048501924,-0.596560553992959,1.37479018122077,0.4331964944592689,-0.09138345901397141,-0.3930583729999719,-1.2249026209186593,0,0
2025-08-20,0.016072939505912598,4.593037363825214,4.186496945089857,9.665153187704867,-0.11175266575591536,4.17666099519316,,2.6519127405740828,1.2948693839526313,1.0914666863103653,0.8714303549519271,0.08583176778429254,0.656420550174379,1.37479018122077,0.4331964944592689,-0.5311167724375765,-0.21350261447427238,-0.38163033352542597,0,0
2025-08-27,1.3217799604091154,0.46332280663681225,-0.3480700438410089,-0.17075183231067825,0.00709912148675329,-0.28626130729367816,,2.684220281997133,1.2948693839526313,1.0914666863103653,0.8679522530835857,-0.12892733280084057,-0.10987117685949957,1.37479018122077,0.4331964944592689,-0.44084318672499073,-0.22928018805699102,0.274059290605021,0,0
2025-09-03,-0.3921275668414184,-1.4390740132476099,-0.9810912305093122,1.4782787543785147,-0.41614856428990876,-0.6888407917347017,,2.7167404233768577,1.2948693839526313,1.0914666863103653,0.8812419175568624,0.13725629645835977,-0.2925540089640541,1.37479018122077,0.4331964944592689,-0.19502704775885102,0.18936721645367532,0.013619651358602618,0,0
2025-09-10,1.846729013078463,2.484162778795196,2.5036183873095474,0.8145712372837899,2.004266029400803,2.620742542872101,,2.749473861821576,0.8727878259490387,0.6897226068124477,0.9172905914830863,0.4985492445532735,-0.5519357400437647,1.3984498927725686,0.4615623589619937,-0.08774901161372888,-0.14924538665454534,-0.013791020767096837,0,0
2025-09-17,-0.266382504342939,1.622469620621958,3.3764126073983824,2.2414545989884793,0.17801051821049185,3.1829832373508005,,2.7824212944396076,0.8727878259490387,0.6897226068124477,0.9452630326659308,0.3703412949327594,0.6382917195075094,1.3984498927725686,0.4615623589619937,-0.39287702246299827,0.299783343954142,-0.04540933059989332,0,0
2025-09-24,1.5327855075632657,2.0786368774009967,0.5298047953387286,1.1367663741479905,1.2734390750997804,0.556768236237648,,2.8155834183392736,0.8727878259490387,0.6897226068124477,0.9441024376923861,-0.09213755510939448,0.2743205807344088,1.3984498927725686,0.4615623589619937,-0.39788366251324053,-0.2342216282818881,0.3116173869989246,0,0
2025-10-01,-0.14156024334818543,3.4658218838635957,4.772022151786537,3.913206176197148,1.0974916044610872,4.165935321304293,,2.848960930628893,0.8727878259490387,0.6897226068124477,0.9318984811997733,-0.26744784918660097,0.13486803714308981,1.3984498927725686,0.4615623589619937,-0.40053128227436047,-0.16850777491347518,0.07660692302490486,0,0
2025-10-08,1.1214184390281283,2.207707344819143,0.815304499778069,2.3241509727885745,2.10282217151585,0.9244691720380338,,2.882554528416787,2.0398993926137576,2.195581780828875,0.938019302731287,0.023452907685497754,-0.15484462216768358,1.3062428067578487,0.31041191501734805,-0.46550530101102855,-0.1934572256333296,-0.6378062538892558,0,0
2025-10-15,0.7090744467365201,4.672653082597034,5.2323412971687855,5.871047202066393,-2.5277193595461434,5.216134636053393,,2.916364908811274,2.0398993926137576,2.195581780828875,0.9719636159732067,0.4651431036990701,-0.24095656783526406,1.3062428067578487,0.31041191501734805,-0.25682823623311185,0.4174325245771622,0.14372725415153909,0,0
2025-10-22,0.5714946140696954,-4.660038619627382,-4.547611436882981,-6.28368461326354,0.920881083194125,-4.574152024838796,,2.9503927689206755,2.0398993926137576,2.195581780828875,0.9580676260507192,-0.2943084095030943,-0.017832498089292482,1.3062428067578487,0.31041191501734805,0.04806741110482258,-0.28545944274345214,-1.1360127135824978,0,0
2025-10-29,0.4200315128997382,8.881863400181667,7.180095109182405,5.606963410437826,1.3246564409343797,6.905885456460226,,2.9846388058533115,2.0398993926137576,2.195581780828875,0.9650400515753608,0.03697188433176445,0.003085383449395452,1.3062428067578487,0.31041191501734805,-0.21183497943443994,-0.03076204022472306,-0.02734810561268884,0,0
2025-11-05,2.3696173441224686,4.338677614516184,4.40502221595227,5.3677289297989095,-1.5061185320914383,4.245557476473127,,3.0191037167175008,2.0398993926137576,2.195581780828875,0.9713362020978213,0.02623620667558243,0.5295187355063421,1.3062428067578487,0.31041191501734805,-0.351532699496704,0.01962142966725256,0.5962623425143424,0,0
2025-11-12,3.5828566133080852,-3.4534607141063045,-2.46098465644331,-1.3942279750579267,0.1848507729601323,-1.9812620245891033,,3.0537881986215627,1.630931933204121,1.6885169924728705,1.00441623702541,0.4514229257271433,-0.4612915867094668,1.3165813530751966,0.31693712998502255,-0.18510732500311042,-0.02820253938512402,-0.3422546107836121,0,0
2025-11-19,0.1103161727740572,-5.049002744525177,-6.431209617361411,-6.010569042842651,-5.529541024174112,-5.934295376385723,,3.0886929486738204,1.630931933204121,1.6885169924728705,1.0096222425326282,0.008930457617297362,0.21575051242607265,1.3165813530751966,0.31693712998502255,-0.1944371351803878,-0.2970364796074255,-0.3936398127182376,0,0
2025-11-26,-0.3371662816146984,-0.5478776926660434,1.4388684247195638,0.5862717643632998,1.0349864818249621,0.7683948378520711,,3.1238186639825907,1.630931933204121,1.6885169924728705,0.9941665412828193,-0.31906839322690445,-0.5693673079927043,1.3165813530751966,0.31693712998502255,0.6681676846671681,-0.010094463573147087,0.4156411132854044,0,0
2025-12-03,-0.8958209966705387,-0.6983249153277082,-0.9569377108016752,-1.091531499815046,0.5038061195938859,-0.7617536291496307,,3.1591660416561953,1.630931933204121,1.6885169924728705,1.0076883273638995,0.1409411624527788,0.4671137222493175,1.3165813530751966,0.31693712998502255,-0.07319492646535049,-0.5379921181389035,0.21269909772454948,0,0
2025-12-10,-0.6999045336980795,0.22105032436514627,0.5991655269034002,2.9120146488881726,1.5276288568154328,0.1412583603378259,,3.1947357788029542,,,1.0092599216693168,-0.048764809850411865,0.13870298209187734,1.4083246201554296,0.4526931075919198,-0.4340163350282512,-0.41931676776686105,-0.25120647434864324,0,0
2025-12-17,1.0144275276549606,-3.7622423969710272,-3.746218900931675,-3.1867713823357846,-0.8020267906501566,-3.0589601913388442,,3.230528572531186,,,1.0168408956614694,0.04663242207793923,-0.10324718103894313,1.4083246201554296,0.4526931075919198,-0.5182191624254215,-0.6025460687171375,-0.15761165827662518,0,0
2025-12-24,-0.9122469108043118,,3.5608422132527906,7.362411805484248,2.308380460911774,3.7124029938551573,,3.2665451199492135,,,1.0446167928056136,0.36722121295734306,0.18402505875905106,1.4083246201554296,0.4526931075919198,-0.5887762713971164,0.2697257493736684,-0.5949093701943023,0,0
2025-12-31,0.8337275987350605,,-0.9088138044763383,-3.481050990072454,0.3398314361080068,-1.2720925882661938,,3.3027861181653537,,,,,0.13103309219435183,1.4083246201554296,0.4526931075919198,,0.25594781709081593,0.6936340504608002,0,0
