Date,GCPU_baseline,y_IQQH_EUR,y_ICLN,y_TAN,y_stoxx,y_Global_Clean_Index,CPU_EU_step,CPU_EU_spline,GEPU_current,GEPU_ppp,l_t,c_t,itraxx_robustness,rate_10y,Term_Spread,log_VSTOXX,TTF_return,Brent_return,COVID_dummy,Energy_crisis_dummy
2016-01-13,93.44739103798285,-8.750427709056495,-10.350248836466802,-17.862593912127167,-2.4794199125026672,,0.2525937504425556,,144.52665766496807,139.96425403713414,204.76928433652554,,,1.11450059178444,1.26065059178444,326.9911085968026,1.4315921825067246,-5.062916124134498,0,0
2016-01-20,43.14949550565428,-11.656931200722266,-6.469321444313181,-6.956787365384631,-6.547708295444643,,0.2525937504425556,,144.52665766496807,139.96425403713414,197.9621206397625,-6.807163696763041,-0.23597159999999917,1.11450059178444,1.26065059178444,333.70072442763615,-6.514693043061204,-17.041281311723864,0,0
2016-01-27,56.22965492534179,7.120504149121087,3.645616467678825,6.026935605079942,6.113354206830834,,0.2525937504425556,,144.52665766496807,139.96425403713414,184.0549633397487,-13.907157300013807,-0.6119803999999931,1.11450059178444,1.26065059178444,355.8579976079677,-10.205741854776695,-9.422609304116136,0,0
2016-02-03,83.49771820579537,-2.1895324335206467,2.0083260152097493,-1.3082871208957236,-3.1236391546487496,,0.2525937504425556,,144.52665766496807,139.96425403713414,177.4952350911674,-6.559728248581308,0.3654674,1.11450059178444,1.26065059178444,332.44315214769864,3.734953505904137,20.192816183344142,0,0
2016-02-10,153.9775651706734,-6.871862997904832,-7.527825439163505,-12.802052253156493,-3.2966760804745476,,0.06721766670604111,0.06798005996377299,147.48300213264932,144.826617455293,172.4550719534605,-5.040163137706884,-0.6151566000000059,1.04183095663421,1.225402385205639,342.5463887221656,-2.747425555224847,1.7131706955487491,0,0
2016-02-17,190.0988011412122,4.517750272401777,4.439688875749015,4.168225071532472,5.20886859790517,,0.06721766670604111,0.061823251429266785,147.48300213264932,144.826617455293,158.10384379124025,-14.351228162220252,-0.6231160999999901,1.04183095663421,1.225402385205639,351.0135490096411,-7.576398630448988,-8.8416147821603,0,0
2016-02-24,94.58947598233243,-0.4868529378647013,0.9603989496979493,1.1596934094201483,-1.644252002983304,,0.06721766670604111,0.04414191233840371,147.48300213264932,144.826617455293,162.13664832993743,4.032804538697178,0.47420899999998767,1.04183095663421,1.225402385205639,341.7670944355044,-0.7960824713292958,11.372623496076928,0,0
2016-03-02,38.06901828439257,7.043279199974717,4.096542390617408,6.065065597922592,5.268549567066394,,0.06721766670604111,0.017828182248124425,147.48300213264932,144.826617455293,157.69147207285403,-4.4451762570834035,-0.13015609999999356,1.04183095663421,1.225402385205639,350.007090219004,1.3786407100786047,-5.28634895570681,0,0
2016-03-09,90.24966048275272,1.6753015495529544,2.3796991544168034,1.6556862459661037,0.9337648863768422,,-0.009404829718575775,-0.014225799284630422,159.28977291016236,160.7291506237977,160.1405740736836,2.4491020008295834,0.8117713000000037,0.930695301153468,1.159219110677278,330.04300050760185,1.3435190755687998,14.403162725838925,0,0
2016-03-16,101.3111950843768,0.1702361262518881,2.6521219757833947,0.24598590434030676,0.5941529021151304,,-0.009404829718575775,-0.04912789270292011,159.28977291016236,160.7291506237977,162.3340817603092,2.193507686625594,0.24566649999999868,0.930695301153468,1.159219110677278,333.4370020906277,-1.1528454426708468,10.133924712166875,0,0
2016-03-23,76.39410357410702,0.4666841299788782,-1.2068532998273707,-7.789520232802127,1.1133444731426856,,-0.009404829718575775,-0.08398595844980399,159.28977291016236,160.7291506237977,160.1405740736836,-2.193507686625594,0.7232048000000049,0.930695301153468,1.159219110677278,313.9806643164443,-0.6564484082576705,-4.78219296320912,0,0
2016-03-30,136.8705118922398,1.0107650870260443,3.1507197913048124,0.04427139713159001,1.3134899715117498,,-0.009404829718575775,-0.1159078569683414,159.28977291016236,160.7291506237977,156.65304114228238,-3.4875329314012333,0.12970289999999807,0.930695301153468,1.159219110677278,309.54463781939273,-0.3089385832944824,1.1914152843570225,0,0
2016-04-06,14.95552328316886,-4.018516779007109,-3.2611513564513306,-0.04427139713159001,-3.44284799158574,,-0.009404829718575775,-0.14200144870159168,159.28977291016236,160.7291506237977,159.73653311998314,3.08349197770076,0.10991949999998951,0.930695301153468,1.159219110677278,311.99081646293126,0.957104389153729,-5.531241776427853,0,0
2016-04-13,13.93292340055902,4.540936396215622,3.5814798216295074,3.3945865528878016,3.299524454032987,,-0.14798152439737094,-0.15933502271977687,142.29600124441353,144.8379381031954,166.7706820558076,7.034148935824476,-0.2585658999999936,0.960151858445288,1.2093423346357641,322.55971858283255,-5.735819894980043,2.737691106551976,0,0
2016-04-20,168.9905840331039,0.2081759116402404,-0.2134443719315371,3.3245398121450442,2.34156015298268,,-0.14798152439737094,-0.16458811892636563,142.29600124441353,144.8379381031954,171.01878155342433,4.248099497616721,0.1672396999999961,0.960151858445288,1.2093423346357641,310.5115686498709,-0.6865619785981547,12.525658343248924,0,0
2016-04-27,185.866291050222,-0.6259023717503309,0.32004166350816377,2.5741961700660454,-0.04671320771114651,,-0.14798152439737094,-0.15421962724988575,142.29600124441353,144.8379381031954,171.19945007591923,0.18066852249489784,0.24888740000000098,0.960151858445288,1.2093423346357641,298.9870124685416,4.126704650331403,0.6519231470892173,0,0
2016-05-04,103.5581526910809,-6.820088989106421,-6.262352891887102,-9.825938500094722,-3.7772276609458366,,-0.14798152439737094,-0.1246859050510036,142.29600124441353,144.8379381031954,192.2787731634459,21.07932308752666,-0.020186499999994112,0.960151858445288,1.2093423346357641,305.7969711729695,16.961295468788194,2.475487398068843,0,0
2016-05-11,262.1835130457125,0.8922602283939041,0.4524703029518129,-3.856208693128993,1.6522231215571281,-0.1744620448084433,-0.09784096079496021,-0.07261840946457514,125.81350028030027,122.20841082088944,181.319474994812,-10.959298168633893,-0.41241870000000347,0.972331397375095,1.229513215556913,329.72173941182075,-11.791716482297154,-2.4986973320247685,0,0
2016-05-18,121.3420148954829,-1.5066465757010539,-4.148042787142026,-1.9617751071877798,0.92375752558711,-3.1414855698820965,-0.09784096079496021,-0.00043337535053415525,125.81350028030027,122.20841082088944,178.84205679625404,-2.477418198557956,0.1196628000000004,0.972331397375095,1.229513215556913,317.21824608760164,4.608458153864614,6.73201640994483,0,0
2016-05-25,30.50892670977988,2.0568019189825426,2.325634756065953,4.112393385932656,2.434397330544691,1.5995328771511552,-0.09784096079496021,0.08248139734771137,125.81350028030027,122.20841082088944,179.84040119467235,0.9983443984183111,-0.05875629999999887,0.972331397375095,1.229513215556913,314.83117196397643,0.651168654749501,6.001168891339637,0,0
2016-06-01,7.359549368569877,1.4216020334000046,2.1604673268461605,0.045245096663970585,-0.5966175183210964,1.8187918714801299,-0.09784096079496021,0.1663230573701559,125.81350028030027,122.20841082088944,176.81496035889214,-3.0254408357802163,0.36460710000000063,0.972331397375095,1.229513215556913,304.73944998777847,1.5156398044258612,-0.12269940189688633,0,0
2016-06-08,158.4685428573,0.7471287274073424,2.5542685460864245,0.13565004972337924,0.010316723417780338,2.415610663268808,0.24128875345679407,0.24128875345679407,231.05573344420372,220.1147415136731,178.33912195575382,1.5241615968616884,-0.1323466000000053,0.882978166585566,1.1508872574946571,317.5203939931916,5.679482990133833,-0.1228501383007341,0,0
2016-06-15,60.97408875042601,-6.069332274458872,-8.940686894949689,-9.870503781441808,-5.551827152875166,-7.8946644415390566,0.24128875345679407,0.2972025093499627,231.05573344420372,220.1147415136731,180.66480817218056,2.325686216426732,0.07556780000000174,0.882978166585566,1.1508872574946571,319.1159244693089,2.2970138567524057,3.8582241679542495,0,0
2016-06-22,115.8099905241158,4.012398787782279,4.22910166280277,1.73058218294444,4.9672570600777455,4.2744484026996155,0.24128875345679407,0.3223958488013674,231.05573344420372,220.1147415136731,177.15567619105354,-3.5091319811270125,-0.6925853999999987,0.882978166585566,1.1508872574946571,362.93178608324064,-1.3986241974739855,-6.64195190153718,0,0
2016-06-29,194.9013912395424,1.2215545084586443,1.510765660204516,1.1695954715574164,-5.953566425594836,-0.12362738830047348,0.24128875345679407,0.3048271705650566,231.05573344420372,220.1147415136731,173.34238922150917,-3.8132869695443787,0.4962083000000064,0.882978166585566,1.1508872574946571,358.4560062964521,7.199306124909599,2.0021523851911027,0,0
2016-07-06,144.5824475169947,0.7696476698859422,1.1467960333358729,2.3936073074901643,-2.825898657510617,0.8820363811953058,0.24128875345679407,0.23245487339507828,231.05573344420372,220.1147415136731,150.6297153514587,-22.712673870050452,-0.42212520000001064,0.882978166585566,1.1508872574946571,335.17620093907345,-5.606426281501831,-0.061964269255199156,0,0
2016-07-13,136.4315681722471,3.1269513110811165,2.2548825487545443,1.4091374963894676,6.565662246344317,3.0718654143597313,0.20002598133885482,0.09661359019495229,204.9228587156837,188.7607739232181,152.16989981260934,1.5401844611506306,0.16147240000000807,0.621088196069088,0.9156120055928971,334.13730645164895,-1.8608441811710286,-5.7401515822426585,0,0
2016-07-20,122.0740109782613,2.577945386952485,1.4389052347717257,1.8942752995815937,1.9592506330223358,1.418537385752927,0.20002598133885482,-0.07819392184739027,204.9228587156837,188.7607739232181,156.44405465033645,4.27415483772711,0.5939326999999963,0.621088196069088,0.9156120055928971,313.9477576153039,0.44386587828122437,-2.2796162536131703,0,0
2016-07-27,54.7445566522116,0.6804895860313742,1.20150957395877,0.502146511760726,1.2457838612593974,0.6272953294893746,0.20002598133885482,-0.24863902392656365,204.9228587156837,188.7607739232181,154.11590716808058,-2.328147482255872,0.15586439999999868,0.621088196069088,0.9156120055928971,301.28351814536535,3.4409916870877133,2.541854166132218,0,0
2016-08-03,11.08883369233548,-2.518086201209746,-0.6535964580889786,-0.22794189724621994,-1.8928664301303577,-0.42578826453354424,0.20002598133885482,-0.37117699825161593,204.9228587156837,188.7607739232181,150.85119938441397,-3.2647077836666085,0.0108107000000075,0.621088196069088,0.9156120055928971,302.20528286193405,-1.8716482324830697,-6.864997337109013,0,0
2016-08-10,117.6704705237998,0.6302478242150578,-0.43809992789491936,-3.0115773886756347,3.962133684314928,0.2285715280855527,-0.40525224752564365,-0.40262623896187444,134.74163051003325,135.32588036274123,153.03947050936475,2.1882711249507736,-0.05098290000000816,0.611150867374379,0.909368258678727,313.33789368246465,-5.315260697773372,-5.600406014975867,0,0
2016-08-17,56.56918496649518,-0.8412123540833427,1.091696385983898,0.5160848902152626,-1.0064059455581642,0.5939001667718102,-0.40525224752564365,-0.3314412671222493,134.74163051003325,135.32588036274123,156.23463049002498,3.195159980660236,0.20205620000000124,0.611150867374379,0.909368258678727,295.43997320601403,-6.070216824739916,4.211658263174645,0,0
2016-08-24,51.71223016947624,2.379053197265768,0.7571709346569921,-0.7515407603782442,2.5592244248191065,1.0591988761068372,-0.40525224752564365,-0.2018142850955213,134.74163051003325,135.32588036274123,149.73884086254773,-6.495789627477251,0.02702139999999531,0.611150867374379,0.909368258678727,305.3543529801509,-6.3551545517392505,14.102869743777902,0,0
2016-08-31,131.6891383693248,-0.9323500719001565,-0.9745356259660998,-1.4245274060294744,-0.8558117712798463,-1.2983884794741662,-0.40525224752564365,-0.06361111915508494,134.74163051003325,135.32588036274123,,,-0.006623499999989235,0.611150867374379,0.909368258678727,298.7251412501034,-8.391350664035224,-2.121985175144525,0,0
2016-09-07,206.7707397327158,3.3971006458641373,3.8424994821026903,0.8571492469294562,2.409279251840424,3.9756101055911763,-0.40525224752564365,0.03330240442566512,134.74163051003325,135.32588036274123,149.51487660319728,-0.22396425935045272,-0.023201400000004924,0.611150867374379,0.909368258678727,296.6128370295411,13.009915892436386,0.7958157183657111,0,0
2016-09-14,113.5152996604212,-6.076283770161162,-5.820620879931493,-7.174008486388361,-3.4793454769801,-5.976298793491175,0.04086898210472543,0.04864170449390447,135.50843354811593,137.52613762559957,138.8791241318478,-10.635752471349491,0.1663097999999934,0.732542524614651,1.034178888251015,292.1778904833158,-5.456709631192691,-1.9802627296179764,0,0
2016-09-21,277.665375433089,2.8040113014644374,3.0603655820401254,0.20357323654920378,0.9150390643434037,2.3984528587903675,0.04086898210472543,0.001250902423288229,135.50843354811593,137.52613762559957,138.12818192963462,-0.7509422022131673,-0.21847819999999274,0.732542524614651,1.034178888251015,310.0731724035631,-0.4426448952913553,-2.9143994669080797,0,0
2016-09-28,7.279589495366094,0.0,0.64376634675547,3.888819898179907,-0.10014521892500738,0.34186904517365946,0.04086898210472543,-0.06749221133266925,135.50843354811593,137.52613762559957,143.98351280479204,5.855330875157421,0.11181960000000402,0.732542524614651,1.034178888251015,300.03366570922736,10.479954809969305,0.7420374510854977,0,0
2016-10-05,100.8694576086886,-1.0659528901670656,-0.9672285494825683,1.2150984473337623,0.5993724551577095,-1.629642870889203,0.04086898210472543,-0.11616548870415472,135.50843354811593,137.52613762559957,,,0.018554699999995705,0.732542524614651,1.034178888251015,298.03546415096685,4.660909120186618,-1.0931459969919732,0,0
2016-10-12,22.13631326967988,-0.653529316220558,-3.4050441613612037,-2.692959893729485,-1.7836531848520742,-2.5520060780173104,-0.12061667344848322,-0.10580177686611807,126.4360770997193,121.611165183971,170.11051009599242,26.126997291200382,-0.020010200000001532,0.766417752375933,1.075417752375933,296.75436821446806,14.866805175231201,8.589329045056981,0,0
2016-10-19,145.4982435270718,3.0617744776948674,2.7550005319932236,2.8377676900940507,1.4844160157760022,2.1767970685499627,-0.12061667344848322,-0.03867017124538953,126.4360770997193,121.611165183971,170.6564623164823,0.5459522204898803,-0.04376949999999624,0.766417752375933,1.075417752375933,300.23006544320225,-4.638420664117637,-0.08072654323365569,0,0
2016-10-26,55.59996830744601,-1.5920817044592583,-2.5317884695376325,-4.741614515416526,-0.9837955168650048,-2.1962738514011093,-0.12061667344848322,0.04874373650731498,126.4360770997193,121.611165183971,173.51891177396607,2.8624494574837627,0.2165157000000022,0.766417752375933,1.075417752375933,289.4352712260728,8.398673853445837,4.577638807539008,0,0
2016-11-02,129.3037049918644,-6.634666383192345,-4.795421250904686,-4.23618671736814,-3.683667199319629,-4.433505828366968,-0.12061667344848322,0.11891865362239501,126.4360770997193,121.611165183971,178.17091333745537,4.652001563489307,-0.013962800000001607,0.766417752375933,1.075417752375933,292.7132182061734,2.278863597088465,-5.694288315151441,0,0
2016-11-09,38.06901828439257,-1.8658369790441443,-3.9361299745456657,-6.204392172524731,2.7970242787554334,-4.561692829255293,0.1369059570266689,0.13437885642746156,228.7257194746165,213.8180989889198,183.09801823813362,4.927104900678245,-0.2174923999999976,1.22588777156883,1.5385695897506482,316.35575991959,10.111968921517356,-10.133071690111839,0,0
2016-11-16,139.3549823029348,-1.9326740154376632,-4.351208030093789,-0.9024209694953989,0.5987130371038596,-3.0370927175095375,0.1369059570266689,0.08079772263350585,228.7257194746165,213.8180989889198,181.15620965242348,-1.9418085857101346,0.1621728999999874,1.22588777156883,1.5385695897506482,304.932517182458,-5.648521891529468,-0.8622699215873997,0,0
2016-11-23,119.3596504649728,1.607507690307175,1.5132681984265206,0.1132621759973862,1.5709625694014129,0.8650314939294468,0.1369059570266689,0.004592236534286434,228.7257194746165,213.8180989889198,171.37979277583432,-9.776416876589167,-0.3229153999999994,1.22588777156883,1.5385695897506482,304.9969480375904,-1.5980533643224604,2.6758201295527417,0,0
2016-11-30,51.95858454339514,1.103202566863093,0.6238433587472558,-0.7954597233070793,0.33805649893059453,0.23336771923263555,0.1369059570266689,-0.0379776925787802,228.7257194746165,213.8180989889198,168.4545384920906,-2.925254283743726,-0.13278040000000146,1.22588777156883,1.5385695897506482,300.53261052253123,0.9877320319962024,3.2095321171588864,0,0
2016-12-07,59.00129334311405,-1.1956909796646542,1.6039762058746243,3.860618303652119,1.4143392098922902,1.1548334246374914,0.1369059570266689,0.009347844585722132,228.7257194746165,213.8180989889198,152.16989981260934,-16.284638679481247,0.1526831000000044,1.22588777156883,1.5385695897506482,306.51277306591436,2.265630808666552,2.9846643455301525,0,0
2016-12-14,16.30152037865406,0.39246761539890596,-3.234121079558472,-3.8035953392257404,1.717405040136999,-1.314967892702601,0.026727502202809218,0.18886740114487177,184.98364258927208,185.3912372721263,145.86150226995167,-6.308397542657673,0.302897999999999,1.28320932640245,1.598971231164355,284.1624926121204,-11.404271604066007,7.915998884239572,0,0
2016-12-21,162.152776712848,0.41388919636595745,0.12635173858619453,0.7384367588807006,0.9955093222827394,-1.487001427328316,0.026727502202809218,0.45671986456578106,184.98364258927208,185.3912372721263,161.14359150967735,15.282089239725678,0.10119570000000522,1.28320932640245,1.598971231164355,283.9937743344737,5.238807950695312,2.3799314616113953,0,0
2016-12-28,107.4136321279013,1.3221110981289863,0.7049134047276251,-0.9849384202819778,0.4988015377426436,0.9712500658827672,0.026727502202809218,0.7362090809425823,184.98364258927208,185.3912372721263,175.61322915849038,14.469637648813034,0.1655066000000005,1.28320932640245,1.598971231164355,269.03816949486736,2.9121008127079406,-0.26375297882421656,0,0
2017-01-04,368.8815039024011,2.106270802836363,3.5135252009245166,3.998184369452762,0.26028740944070705,2.9086402925173616,0.026727502202809218,0.950574260461193,184.98364258927208,185.3912372721263,,,-0.1004324999999966,1.28320932640245,1.598971231164355,283.7017862395471,6.287093750502137,3.5943105849916,0,0
2017-01-11,177.4917633006017,0.9928386629865615,1.71153487025959,1.9972000422366687,0.9080492420661557,1.7843941059494384,1.0142886897732264,1.0248782111788195,247.29754147936166,252.5567930262066,174.22190236679188,-1.3913267916985035,0.22521599999998898,1.30738702746158,1.632932482007035,280.1182252931362,0.366855822555312,-0.6939399651490152,0,0
2017-01-18,131.438169377924,0.4818498665813964,0.6042215806717488,0.16934248267310714,-0.4177135118830222,1.377616555438621,1.0142886897732264,0.9444300115670979,247.29754147936166,252.5567930262066,170.6564623164823,-3.565440050309576,-0.07733890000000088,1.30738702746158,1.632932482007035,275.3730773594184,8.433217330208453,-1.7748663358694294,0,0
2017-01-25,270.929541663783,-0.6576170769113876,1.0785251708160137,0.33784927630384765,1.739093181043394,-0.035567536574276915,1.0142886897732264,0.7671449516397182,247.29754147936166,252.5567930262066,157.69147207285403,-12.964990243628279,0.04262180000000626,1.30738702746158,1.632932482007035,269.80402684728915,-4.397518100374631,0.2980072982140314,0,0
2017-02-01,184.0927307491709,-0.6398394984931777,-0.3582218778050317,-2.389180641580868,-0.602690744114831,-0.084289398575077,1.0142886897732264,0.5552609237719437,247.29754147936166,252.5567930262066,160.34198401085374,2.6505119379997097,0.0612334000000061,1.30738702746158,1.632932482007035,275.3393160641928,2.0383128371820547,1.05449131766151,0,0
2017-02-08,61.76833132509012,0.6618183640669573,0.0,-0.05760036106607913,0.11153972434918558,0.3666090932488153,0.3710158203390378,0.3710158203390378,186.28732769294118,188.47482115803516,166.01310267496186,5.671118664108121,-0.2677305000000132,1.43714133420551,1.76574133420551,281.19716818457795,7.186875348005062,2.633403785923516,0,0
2017-02-15,208.1949948243084,4.996196330992619,3.9864299998213726,6.79170570857579,2.159613430058105,3.658832944956192,0.3710158203390378,0.2603085268556093,186.28732769294118,188.47482115803516,165.05798557652756,-0.9551170984343003,-0.06240569999999934,1.43714133420551,1.76574133420551,282.3222424144029,-5.857292830507577,-2.4862908502336634,0,0
2017-02-22,345.1731633473386,1.8444443316125936,0.6872995634035206,0.7506666820604746,0.0,0.974411693374666,0.3710158203390378,0.20368190139364992,186.28732769294118,188.47482115803516,161.93882432872684,-3.1191612478007187,0.2058943000000113,1.43714133420551,1.76574133420551,268.6683551360319,-7.3664524091467065,0.2752547843040354,0,0
2017-03-01,99.94532367365775,-1.239701356092593,-0.6872995634035206,-0.37462367380598494,1.5426557616845749,-1.1040923729197516,0.3710158203390378,0.16533979516449712,186.28732769294118,188.47482115803516,162.3340817603092,0.39525743158236537,-0.13206310000001054,1.43714133420551,1.76574133420551,269.8518249382952,-4.358886032171094,0.6029067317343983,0,0
2017-03-08,116.8889277758114,-1.0449173219522434,-1.2723929438339443,-3.6586022249887495,-1.0348333146599664,-0.7943514640867733,0.10948605937948812,0.10948605937948812,236.02181683318673,246.41324331698056,177.6645831418007,15.330501381491501,0.19605230000000518,1.45313673040938,1.7824845564963372,273.3750435952023,-5.3144081792204645,1.4825800396120137,0,0
2017-03-15,23.06874679883299,-1.0984704554052316,1.0422838011472368,0.6099251060337707,0.5502449387313035,0.078085989349308,0.10948605937948812,0.012093382486091563,236.02181683318673,246.41324331698056,165.63214983329507,-12.032433308505631,-0.03477800000000286,1.45313673040938,1.7824845564963372,270.63888217755436,-5.199480265904066,-4.440281773980592,0,0
2017-03-22,126.1296153056972,-2.8437765949659077,-2.3311404902543797,-3.831469044073721,-0.44176054532272246,-1.935508818212206,0.10948605937948812,-0.10379019812369908,236.02181683318673,246.41324331698056,164.67336971777974,-0.9587801155153386,-0.015206100000000333,1.45313673040938,1.7824845564963372,274.716193395838,-0.9276504370292482,-5.139204518998097,0,0
2017-03-29,104.9594000455785,1.561189452228584,1.1723596478520504,-0.4028687464890268,1.6132996109031517,1.1299347307748064,0.10948605937948812,-0.20334780782175912,236.02181683318673,246.41324331698056,160.1405740736836,-4.532795644096126,0.16102419999999995,1.45313673040938,1.7824845564963372,267.5168818532198,-3.1237750495280103,-2.1360229220876104,0,0
2017-04-05,321.8712883739858,0.4721732903303133,-0.9367778130797033,-0.7525379389500486,1.403748661760229,-0.9893787719205349,0.10948605937948812,-0.2517625719799637,236.02181683318673,246.41324331698056,155.814461804655,-4.326112269028613,0.10746819999999957,1.45313673040938,1.7824845564963372,276.82292334623287,-0.1539646185592769,3.5675602620763858,0,0
2017-04-12,140.9154897701914,-0.10711545314392446,0.3523321747087582,1.6138639647443664,1.0725599855448742,0.42600733866287044,-0.24822769503005312,-0.2166040474892282,176.40003710496936,175.7483549203579,157.2773928062509,1.462931001595905,-0.04222310000000107,1.26257504822609,1.592963937114979,291.8878226693771,4.069872035836353,3.913833496997343,0,0
2017-04-19,68.95883288018688,-0.6883325144659613,-0.9423078038701238,-1.6719885127669087,-0.7792982254589909,-0.9206772249140016,-0.24822769503005312,-0.10552638316184206,176.40003710496936,175.7483549203579,159.53389880545987,2.2565059992089687,-0.07917589999999564,1.26257504822609,1.592963937114979,312.3047510855527,-3.691799751845748,2.477937434493116,0,0
2017-04-26,108.1370023952282,-1.085054908068095,0.8250167243927242,1.9574676684857906,4.512043528047016,0.6571724611134755,-0.24822769503005312,0.04055538289328585,176.40003710496936,175.7483549203579,157.48464676644812,-2.0492520390117477,0.08480360000000076,1.26257504822609,1.592963937114979,318.6439406257251,3.327455630642273,-4.329842211216883,0,0
2017-05-03,178.8432540161874,0.9338576534066778,1.166848825113087,1.1337914047708342,0.41691046796143993,1.297886268948023,-0.24822769503005312,0.1797194367701519,176.40003710496936,175.7483549203579,152.82278570085572,-4.661861065592404,0.4862221000000062,1.26257504822609,1.592963937114979,274.62447469001796,-0.6330313449956826,-4.765596115896242,0,0
2017-05-10,179.7747016117982,0.8395297691273784,0.9237778778242944,2.559979613169805,0.799755635360988,0.4923657079313415,0.25166500236856704,0.27030268189261814,144.09811272073168,141.1083830098967,147.932922708708,-4.889862992147727,0.12314319999998702,1.17237157183444,1.501826117288985,285.63667525934795,1.6363945377757094,-2.3682920460665002,0,0
2017-05-17,124.1258991843363,-3.1631459123421024,-0.8078211069777019,-2.1100314371309548,-2.089447742971551,-0.7842035803601988,0.25166500236856704,0.29318276904913376,144.09811272073168,141.1083830098967,149.06543764441335,1.132514935705359,0.18056950000000427,1.17237157183444,1.501826117288985,264.37249905456525,-4.927414235697691,-1.5065809675242736,0,0
2017-05-24,35.98931418572013,0.15682032485455633,0.5777119642909945,3.5826243555444393,0.4163606056936331,0.5283306149967082,0.25166500236856704,0.2689504591625994,144.09811272073168,141.1083830098967,151.95132049061132,2.8858828461979726,-0.05882689999999968,1.17237157183444,1.501826117288985,278.15360750310464,0.23136257107063685,7.354339490307371,0,0
2017-05-31,42.56420845772954,-0.786457870301116,0.115098549638315,0.21634035238187188,0.38537307359556294,-0.2802141649392631,0.25166500236856704,0.22223897143507396,144.09811272073168,141.1083830098967,159.1273941806429,7.176073690031586,0.07576269999999852,1.17237157183444,1.501826117288985,263.01391088103674,-0.18633346220777725,2.913104611604611,0,0
2017-06-07,272.6850121970553,-0.33893183523703296,-0.5770008116517289,-0.1081116722672526,0.2755512765559409,-0.5627949877774263,0.25166500236856704,0.17768152506861618,144.09811272073168,141.1083830098967,160.54298910365617,1.4155949230132592,0.015993800000003944,1.17237157183444,1.501826117288985,267.7852127903856,-1.6470350272812517,-7.579827211481405,0,0
2017-06-14,179.8383595186845,-0.9780424754125328,-0.6968785803889155,0.0,0.012507035223574547,-0.59178295177853,0.1729283550108744,0.15579277096248467,171.71627059966727,173.16011188512874,158.30939370944986,-2.2335953942063043,0.05623719999999821,1.07211029535976,1.4021102953597602,268.1521403755942,-2.448831832420062,-4.810214180180106,0,0
2017-06-21,95.45702503306929,0.13700688698794483,-0.9168245552711785,2.2460941286338354,0.7765336033094705,-1.052504759236772,0.1729283550108744,0.15167045470282564,171.71627059966727,173.16011188512874,159.33085305042167,1.021459340971802,0.30069240000000264,1.07211029535976,1.4021102953597602,263.52214104468686,-1.519016549397545,-3.4795514555156615,0,0
2017-06-28,40.08425153871153,0.9993507741518526,3.2944102869586267,5.203324767408546,-1.2026528093122657,2.261731490592922,0.1729283550108744,0.1507260593858661,171.71627059966727,173.16011188512874,158.51452198650557,-0.8163310639160954,0.06584329999999738,1.07211029535976,1.4021102953597602,265.1747891288847,0.22423819405266165,-1.8870578832532736,0,0
2017-07-05,175.2901447015705,-0.6347762264007795,-1.3986128831578792,-1.823748660916058,-0.3270854595553985,-0.751299107476644,0.1729283550108744,0.13835200066198683,171.71627059966727,173.16011188512874,159.53389880545987,1.0193768189542993,0.07316289999999981,1.07211029535976,1.4021102953597602,269.8168201247759,2.639135085484501,4.019427625546124,0,0
2017-07-12,244.2867345777068,0.7702783429276883,1.8605245901627043,3.81190191051215,0.9323004880187113,1.794805741183314,0.12593000077902933,0.10052271636757322,164.9591009516385,169.39409745402185,161.74060820832773,2.206709402867858,-0.04323739999999532,1.20647009752845,1.536898668957021,268.79223209170436,-1.183681861268493,2.403603961496392,0,0
2017-07-19,109.6504162213042,2.825864411576773,3.509089113856856,5.551657690624623,-0.7770111780680544,3.6070876840398114,0.12593000077902933,0.03298879824455293,164.9591009516385,169.39409745402185,169.92786164338898,8.187253435061251,0.00815579999999727,1.20647009752845,1.536898668957021,262.0929727252643,-3.2635978212432804,-1.802614816247683,0,0
2017-07-26,195.35036165127,-0.7708630410114603,1.3260177012925478,-0.8415196148512827,-1.512747515630064,0.3730538313359233,0.12593000077902933,-0.060387227747709986,164.9591009516385,169.39409745402185,168.4545384920906,-1.4733231512983878,0.15815929999999412,1.20647009752845,1.536898668957021,258.53928050295656,2.092813353721734,3.3873018563002066,0,0
2017-08-02,139.2141544148647,-2.122696253183176,-1.1037660196691945,0.4683725863785959,-1.052911627601194,0.0069273665643798665,0.12593000077902933,-0.17549729504013092,164.9591009516385,169.39409745402185,165.82280766035325,-2.631730831737343,0.09180580000000305,1.20647009752845,1.536898668957021,256.4726255653102,2.684456068574681,3.536235151650624,0,0
2017-08-09,20.69471861149054,2.1669229024701364,0.663687009915348,2.035225960277165,-0.16794784646601002,0.7865906836959979,-0.288347603351947,-0.3082228490055105,140.6259306511348,140.40616251631815,169.0095815451555,3.1867738848022498,-0.012821999999999889,1.04453174515063,1.373618701672369,262.12642532469783,-2.9080561210811595,3.9351264965257204,0,0
2017-08-16,141.612806081445,0.528976268131176,0.5497878996039596,-0.45892389107398124,0.6144346569685766,-0.1186270350837404,-0.288347603351947,-0.44911740149433704,140.6259306511348,140.40616251631815,167.89639750827106,-1.1131840368844337,-0.1719348000000025,1.04453174515063,1.373618701672369,270.9063021359903,5.470964709219039,0.13429258612971395,0,0
2017-08-23,141.5041041540637,-1.8190188817258424,-1.1025370347130803,-1.9977357762292591,-1.0203950503881565,-1.0149211821500081,-0.288347603351947,-0.5747538828900867,140.6259306511348,140.40616251631815,175.61322915849038,7.716831650219319,0.00128860000000941,1.04453174515063,1.373618701672369,265.65323200934637,3.328483081225464,-3.4523174925890743,0,0
2017-08-30,21.03033762731414,-0.42627789301512564,0.9928281448629672,0.8876411540776008,-1.2453894906530927,0.8082775171509127,-0.288347603351947,-0.6594398030234416,140.6259306511348,140.40616251631815,178.17091333745537,2.5576841789649905,-0.12692030000000898,1.04453174515063,1.373618701672369,278.67073339254864,1.61442905030591,3.7394814690013156,0,0
2017-09-06,206.0227057177516,0.20216185000230258,0.32876624722821823,1.7063004362507073,1.6599694591329595,0.01206594904461511,-0.288347603351947,-0.6774826717250841,140.6259306511348,140.40616251631815,179.50872593207296,1.3378125946175885,0.09579159999999831,1.04453174515063,1.373618701672369,280.1419103907658,0.967190239840221,-0.7676107543382216,0,0
2017-09-13,150.2677844564373,0.35832702977671715,-0.10945681787131178,0.04569773676261768,2.5738982852947068,0.42654256132612645,-0.6668017660820398,-0.6072974052147492,157.6540748050436,161.13732682183164,190.21075263969206,10.702026707619098,0.1412235000000095,1.11592108421413,1.445302036595082,279.5975604686677,1.847350562130634,4.832221200211917,0,0
2017-09-20,124.8145047775054,-0.2238091263177866,0.5461371835017381,2.0358133114002808,0.9613851007277852,0.8289441315731949,-0.6668017660820398,-0.46765008007823183,157.6540748050436,161.13732682183164,195.8685340544036,5.657781414711536,0.14525449999999296,1.11592108421413,1.445302036595082,256.81979213134167,2.7259227611075687,1.8909654357292194,0,0
2017-09-27,311.9959766285005,-0.22432316921756623,-1.869212632527839,-3.1387565784715576,1.116914068265551,-2.3420677549101043,-0.6668017660820398,-0.3002096709266878,157.6540748050436,161.13732682183164,193.00710850255672,-2.861425551846878,0.12340240000000335,1.11592108421413,1.445302036595082,246.7667234654983,-2.1452148007046645,2.9810582187202783,0,0
2017-10-04,73.02418820333357,1.6702199835377352,0.993948554541868,1.1029432670712769,1.8948063985310348,1.0262367528030225,-0.6668017660820398,-0.14690802638017225,157.6540748050436,161.13732682183164,193.29696377795787,0.28985527540115186,0.013722099999995407,1.11592108421413,1.445302036595082,249.5533319529216,3.3180464576128,2.6567027384722053,0,0
2017-10-11,19.57115250712738,-0.11048271045857039,0.7662844544252589,-0.09143442993200246,-0.8268529598921326,0.5109117192071189,-0.08179214135365516,-0.04874873484632123,144.50923773473738,148.43712882138308,193.00710850255672,-0.28985527540115186,0.0169000000000068,1.14940415647413,1.478949611019585,254.75057915445203,2.606341472414986,-4.7769235035324265,0,0
2017-10-18,37.41808705203991,0.9900242445126439,0.7604454243532732,3.6383846828674127,0.46695851777389663,0.9698867094906305,-0.08179214135365516,-0.0160684177150674,144.50923773473738,148.43712882138308,199.6059932740785,6.598884771521767,0.09309999999999263,1.14940415647413,1.478949611019585,253.91975302552194,0.44449456448996116,0.23187382189586714,0,0
2017-10-25,181.7783210254793,-1.7445637155506954,-0.8695794608917229,1.140366121679115,-0.40592708469233685,-1.2155554209687836,-0.08179214135365516,-0.022245187918909587,144.50923773473738,148.43712882138308,205.28408598826567,5.678092714187187,0.02970000000000539,1.14940415647413,1.478949611019585,240.2557116770975,1.469360282868326,3.3634279189792338,0,0
2017-11-01,26.93340344037031,4.316293491571632,1.516828639821144,4.935082834493976,3.634585364321641,2.160977033103162,-0.08179214135365516,-0.03845683788683413,144.50923773473738,148.43712882138308,200.01277349601105,-5.271312492254623,-0.0053000000000054115,1.14940415647413,1.478949611019585,267.6552654042212,-3.1916126486082774,0.686697977417694,0,0
2017-11-08,47.97319748802582,-0.5563018258828878,-0.21530795452093798,2.338563823535589,-0.8350121383219111,-0.32371763697955913,-0.0358811600478275,-0.0358811600478275,159.90805790363834,165.6133808546744,201.49030205422648,1.4775285582154254,0.33030000000000825,0.948731630672955,1.277731630672955,246.74552561742448,3.904715477214493,4.237425364203151,0,0
2017-11-15,92.49070252371295,-4.722502397737749,-3.286149478714373,-0.8961335783577606,-3.973819069134965,-3.3310659833898804,-0.0358811600478275,0.004636978465727509,159.90805790363834,165.6133808546744,204.25181875752384,2.76151670329736,-0.0940000000000083,0.948731630672955,1.277731630672955,251.82527694621047,4.325773257822618,4.7711946405644134,0,0
2017-11-22,35.35538908408398,-0.08424680193281908,0.3335298209854898,2.3853955454403497,0.8850340486422859,0.07155885147964725,-0.0358811600478275,0.06358441170786269,159.90805790363834,165.6133808546744,203.8619547159581,-0.38986404156574395,-0.08689999999999998,0.948731630672955,1.277731630672955,274.58468237967764,-1.8665670635035436,-4.329403854091662,0,0
2017-11-29,178.274046850326,-0.8035858388176331,-0.7799879204386073,-2.303601339983219,0.7599345725388673,-0.7214179423142397,-0.0358811600478275,0.11178089902921348,159.90805790363834,165.6133808546744,199.74177062012453,-4.120184095833565,0.25780000000000314,0.948731630672955,1.277731630672955,255.50311030169922,3.6019797038618684,2.6900228765240897,0,0
2017-12-06,137.6567560520461,-2.261440947763438,-2.7212414192749446,-4.131616018835738,-0.3284607888054403,-2.9081094065063873,-0.0358811600478275,0.12004619978041536,159.90805790363834,165.6133808546744,204.25181875752384,4.510048137399309,0.041200000000003456,0.948731630672955,1.277731630672955,260.5914111022004,3.762309136328712,1.2948230799112892,0,0
2017-12-13,65.15955374073376,3.396061699333064,3.167699518728062,4.0088955674364435,0.27581748644971427,3.381470622795657,0.11098988248749668,0.06326858239392892,148.16699621114816,153.4196525390174,198.51308622085946,-5.738732536664372,0.003500000000002501,0.87902629874751,1.2069210355896152,263.2658328177434,4.028101533475992,-2.365377364437382,0,0
2017-12-20,129.0049386750156,0.7379820458584208,1.4372958406546843,1.5434857936065693,0.404236947905634,2.000014718769183,0.11098988248749668,-0.043694651477933964,148.16699621114816,153.4196525390174,195.58604799084813,-2.927038230011334,0.05310000000000059,0.87902629874751,1.2069210355896152,254.43069930694477,-2.520277812180538,2.2397886509129883,0,0
2017-12-27,105.7434795938205,2.0822614183730215,2.290363078154689,2.7379582105637734,0.41868016071102687,2.2629426654666496,0.11098988248749668,-0.1633001935426039,148.16699621114816,153.4196525390174,205.0270164379556,9.44096844710748,0.061399999999991905,0.87902629874751,1.2069210355896152,252.65922712751072,-1.522574796921461,1.2022941296605083,0,0
2018-01-03,107.8932299548754,0.9153635574885577,2.2497148807228307,3.683789354984812,-0.06831836623151233,1.5929040060700395,0.11098988248749668,-0.2577443509262745,148.16699621114816,153.4196525390174,209.67901800144492,4.652001563489307,0.132000000000005,0.87902629874751,1.2069210355896152,254.27273442717012,-5.920266415878217,2.452982105592838,0,0
2018-01-10,79.21181791984438,0.9831968043821027,0.6335475017402725,-0.23111521085450448,2.8299288598733874,0.7182746341686475,-0.28885871282122005,-0.28949617651722287,177.71403301677506,177.03756043991226,205.41237336955462,-4.266644631890301,0.026399999999995316,1.03092972825132,1.359384273705866,249.62339200136756,0.743304615210727,2.719020207439815,0,0
2018-01-17,40.90282687126909,-1.1260091742508527,1.8770318252611773,0.19264303783832482,0.5106327726028148,0.8707617879885277,-0.28885871282122005,-0.2447876977252105,177.71403301677506,177.03756043991226,206.0513531794317,0.6389798098770711,-0.020600000000001728,1.03092972825132,1.359384273705866,246.46189048412785,1.0406564473195878,2.819134674818269,0,0
2018-01-24,69.87376737603236,-1.9202432666378888,-1.247405493171705,-3.048294722051592,0.23688871488234398,-0.452371650474781,-0.28885871282122005,-0.1517174164397458,177.71403301677506,177.03756043991226,209.80179272527715,3.7504395458454667,0.040300000000002,1.03092972825132,1.359384273705866,248.0505311426317,-5.515261260909243,-0.8634389518340946,0,0
2018-01-31,168.0079524573266,0.43607983264017935,0.10454776972848023,-0.5571145240137465,-0.8374442772411506,0.5497379012903814,-0.28885871282122005,-0.042645487082884515,177.71403301677506,177.03756043991226,224.38960966453664,14.587816939259483,0.034100000000009345,1.03092972825132,1.359384273705866,251.70833814832213,-3.320149704283226,1.035235701317383,0,0
2018-02-07,93.74223745236233,-3.8444046660409903,-5.586864638940181,-7.755181261920985,-4.116267420396369,-5.689797667609664,-0.28885871282122005,0.050067935923317486,177.71403301677506,177.03756043991226,222.35418856535927,-2.03542109917737,0.012199999999992883,1.03092972825132,1.359384273705866,271.8950575570498,0.4914563672593353,-3.094153434498814,0,0
2018-02-14,24.4881302980089,-0.7332184914585538,2.185913183612831,3.308182557545969,-2.3255903150593227,1.5537204154830064,0.06009043289429224,0.09741520853676512,125.99200449060847,128.6703239074004,219.38856760707046,-2.9656209582888096,-0.19899999999999807,1.26966337620687,1.59816337620687,306.17821520154905,1.7232283259860814,-3.055959794283236,0,0
2018-02-21,40.56196998067518,5.067412494305357,2.6667773535093975,4.407090768471722,3.60532267903908,2.9285498926101994,0.06009043289429224,0.09107802160651014,125.99200449060847,128.6703239074004,225.9677591982769,6.579191591206438,-0.37890000000000157,1.26966337620687,1.59816337620687,303.0389706146366,-0.5986561885854336,-5.390666897001939,0,0
2018-02-28,24.17577523956914,-1.1053450020671596,-1.4846503044673387,-3.163273524227872,-1.1168327148434187,-1.1043634282126291,0.06009043289429224,0.030622673727067822,125.99200449060847,128.6703239074004,225.4444717666111,-0.5232874316658069,0.18210000000000548,1.26966337620687,1.59816337620687,292.57871631171196,8.714908579081682,3.965901317357101,0,0
2018-03-07,107.1157887816829,-0.7776985396493297,1.2739361256823845,1.9584436145738682,-2.0763414238249567,0.32150638389971675,0.06009043289429224,-0.08436901562565807,125.99200449060847,128.6703239074004,231.05532626432225,5.610854497711159,-0.028700000000000614,1.26966337620687,1.59816337620687,289.0382868945548,-13.23924157062426,1.9406216773098173,0,0
2018-03-14,83.03304546700332,1.7274812404048712,1.1536452852976886,2.1188067522634135,0.9674694058436906,2.142734514334421,-0.1052727297656505,-0.25061035795529996,181.6901391229753,178.45300349120163,236.27390158137928,5.218575317057031,-0.015000000000000568,1.168397749229,1.496302511133762,289.89239721256456,2.577447602985705,-1.5095201628427368,0,0
2018-03-21,104.7642585471992,1.9819737962630812,1.0373420405436207,2.1522942982345583,0.13157896635194177,0.5958213374999133,-0.1052727297656505,-0.4419508203012412,181.6901391229753,178.45300349120163,241.3231613081109,5.049259726731634,0.14439999999999031,1.168397749229,1.496302511133762,282.7940644244354,3.3581329652344394,-2.300023689358266,0,0
2018-03-28,49.66771834368389,-2.696262673452088,-2.1909873258413093,-6.22954466507184,-2.25653157476442,-2.5897536816269273,-0.1052727297656505,-0.6235265666362193,181.6901391229753,178.45300349120163,253.52828571130672,12.20512440319581,0.03260000000000218,1.168397749229,1.496302511133762,269.82085976713347,5.1035263164340705,6.89404674518288,0,0
2018-04-04,112.5382566036204,1.0916740880727138,2.1909873258413093,0.28799201298514987,-1.5246134473022366,1.0665233997238843,-0.1052727297656505,-0.7604566087615807,181.6901391229753,178.45300349120163,256.1867690924129,2.6584833811061515,-0.16689999999999827,1.168397749229,1.496302511133762,297.98924838345766,-5.201341779075008,-0.02935133569650361,0,0
2018-04-11,158.4329998364819,1.702679054549594,0.9245273672534804,2.5554045327551123,2.7070208389254447,2.1491250246738147,-0.8052337497705242,-0.8185565009532928,165.0225491320811,170.6900898970385,256.64866367804234,0.46189458562946584,0.0759000000000043,1.12553181283971,1.45398181283971,297.4319650910563,-1.0933252733993815,-3.1157025733649313,0,0
2018-04-18,50.60594573628794,0.44558845786946133,0.6116332134609603,1.470904420744512,2.392645172803398,0.3880089495279293,-0.8052337497705242,-0.7866534970192385,165.0225491320811,170.6900898970385,259.4508159703081,2.8021522922657596,0.15670000000000073,1.12553181283971,1.45398181283971,283.2254060561483,5.880909027491565,9.663082050691596,0,0
2018-04-25,56.14308296434388,-0.6855096865997723,-2.3651693290964726,-2.6796178976415064,-0.9248196937281961,-2.15211025033355,-0.8052337497705242,-0.6813075604049793,165.0225491320811,170.6900898970385,262.8285232633348,3.377707293026674,0.2411999999999921,1.12553181283971,1.45398181283971,256.7891179901688,0.2846424486208754,1.3518332442715497,0,0
2018-05-02,40.02361458085102,3.7817182489312096,2.0598258140284376,-0.7323146612721931,2.3262037199240027,1.661658675718325,-0.8052337497705242,-0.5207297181996224,165.0225491320811,170.6900898970385,258.173083442354,-4.655439820980746,-0.16379999999999484,1.12553181283971,1.45398181283971,268.49589722788073,2.656896294788824,0.08134490687163876,0,0
2018-05-09,53.23178008594338,0.15760094051888718,0.203633128647418,2.0611029146038184,2.3241234234030017,-0.192363241004756,-0.3529357567081454,-0.3231310328788865,171.49932503519423,170.2781483345167,256.64866367804234,-1.5244197643116877,0.09869999999999379,1.23621542510378,1.561442697831053,260.47763956383847,0.025159131639496124,-0.884780834904042,0,0
2018-05-16,253.6381784956348,2.876223821648871,1.5144257199906086,6.989908758811492,0.5454913195171329,1.5096789685062895,-0.3529357567081454,-0.10674054331692331,171.49932503519423,170.2781483345167,263.61960973342264,6.9709460553802955,-0.07469999999999288,1.23621542510378,1.561442697831053,259.17335897199916,4.721727884798899,5.919201446793831,0,0
2018-05-23,118.7179609190493,0.39323908464974355,0.0,-1.806594999817701,0.689284017772529,-0.0015805403867474865,-0.3529357567081454,0.11016554125953212,171.49932503519423,170.2781483345167,271.8000531955378,8.180443462115193,0.012299999999996203,1.23621542510378,1.561442697831053,260.8045686797469,3.4804984381428206,0.7574334947249461,0,0
2018-05-30,9.250493621313344,-2.1999403457476197,-2.3315902763734186,-1.8011536610171408,-1.3246770377962847,-2.804940756611174,-0.3529357567081454,0.3093033681157494,171.49932503519423,170.2781483345167,277.1963526845863,5.396299489048488,-0.2744,1.23621542510378,1.561442697831053,271.2148458428365,5.320571714803313,0.6374320410469814,0,0
2018-06-06,178.1122312892039,-5.090132858773511,-4.832859477350926,-10.467325450474307,1.1044679434204063,-4.196118029174656,-0.3529357567081454,0.47238908451699796,171.49932503519423,170.2781483345167,276.19068738929207,-1.00566529529425,-0.375,1.23621542510378,1.561442697831053,290.9144443219448,1.452873443266256,-3.623115913107089,0,0
2018-06-13,32.47612716786703,-0.1878110923957843,-0.8648697538095718,2.3340654581632148,0.7897261607208605,-0.6291895735600406,0.5098045140137684,0.5823193253495007,164.91752705189032,161.661239991144,276.56899805486245,0.37831066557038184,-0.04819999999999425,1.28733057157399,1.6093781906216091,269.4552853683556,-8.00463172149981,-3.5679750342842986,0,0
2018-06-20,167.2184327583869,-0.5323296297860658,-1.6049553240498504,-1.3938967498053234,-1.581840265927692,-1.6702747446398547,0.5098045140137684,0.6335878358877266,164.91752705189032,161.661239991144,272.65447837383743,-3.9145196810250127,0.04899999999999238,1.28733057157399,1.6093781906216091,258.00653029612295,4.93463954821709,2.4815838511932142,0,0
2018-06-27,180.2755189896274,-2.07865457569556,-3.182067547359946,-2.3672354559316044,-1.8055363134409141,-3.127319378133464,0.5098045140137684,0.6272707603805803,164.91752705189032,161.661239991144,267.20775406433927,-5.446724309498165,0.09550000000000125,1.28733057157399,1.6093781906216091,263.7870911814193,-4.088899395078505,-1.0983233902101652,0,0
2018-07-04,81.3801409119326,-0.8436842503846131,1.2622078440071682,0.521290415616793,-0.7930382088614962,0.1627310558412809,0.5098045140137684,0.5645197942847076,164.91752705189032,161.661239991144,272.26103524335394,5.053281179014675,-0.3200999999999965,1.28733057157399,1.6093781906216091,284.3757557931887,2.5132838337979635,2.4479072505622312,0,0
2018-07-11,166.9528316442859,1.013846030241039,1.02101332725697,1.2486794475643492,1.3945675860720819,1.8201635643954717,0.5037676522871052,0.44692001708073364,227.49118600017695,233.46485885926924,274.01946544287773,1.7584301995237865,0.07319999999999993,1.19588314685909,1.516610419586363,278.6325193441065,0.9573340217976067,1.1758693101526774,0,0
2018-07-18,51.73521177091131,0.666475686777801,0.45042713972813786,-1.3353712892435254,2.709074713645787,-0.11235561731099963,0.5037676522871052,0.29037423230074216,227.49118600017695,233.46485885926924,278.99373605743943,4.9742706145617035,0.28180000000000405,1.19588314685909,1.516610419586363,268.07543697428395,1.4677607298985151,-2.153161821745364,0,0
2018-07-25,93.60203858668625,2.325820183230398,3.3152310811330743,1.8900972812552652,-0.4040254067450455,2.935584122727075,0.5037676522871052,0.12804034813524603,227.49118600017695,233.46485885926924,279.60610784249235,0.6123717850529147,0.22279999999999234,1.19588314685909,1.516610419586363,248.17098788897138,-1.976896975808362,-6.624756754283467,0,0
2018-08-01,0.0,-0.49622131175581785,-1.5334356883437206,-3.8166000306407266,0.7375571234788936,-0.4667512897596815,0.5037676522871052,-0.005896446575810177,227.49118600017695,233.46485885926924,285.0128299695199,5.406722127027535,0.08080000000001064,1.19588314685909,1.516610419586363,260.29044771898,0.15346425941262787,4.369930316505233,0,0
2018-08-08,0.0,-0.8771615461614424,-1.445265904896731,0.4851162951241328,-0.14937666756749124,-1.8419593588026473,-0.07725096299248169,-0.07725096299248169,172.16646480818656,179.2019741805026,287.63855159214245,2.6257216226225637,0.07719999999999061,1.36578839763528,1.68478839763528,256.7100887413987,-1.0883474015756622,-1.9048194970694432,0,0
2018-08-15,158.7906775286756,-3.830639592634899,-6.356863496682186,-7.726007125449419,-2.38161904436458,-6.159169659996255,-0.07725096299248169,-0.06103863318858943,172.16646480818656,179.2019741805026,285.35925063928687,-2.2793009528555785,-0.09340000000000259,1.36578839763528,1.68478839763528,255.4541537360735,2.995889996986545,-2.1960460107878,0,0
2018-08-22,68.86339312037097,1.4037822295518199,3.977143011650641,3.36479751443739,1.831987604003249,3.76014277288208,-0.07725096299248169,0.03092262710698271,172.16646480818656,179.2019741805026,289.36995479888395,4.010704159597083,-0.4037999999999897,1.36578839763528,1.68478839763528,291.64455300675115,3.9902947608082773,-3.3506621404994164,0,0
2018-08-29,24.39325721190959,-0.03429943439559047,0.6857166405625392,1.821535043088529,1.8406599018818248,0.17863527436965398,-0.07725096299248169,0.17761428125158524,172.16646480818656,179.2019741805026,298.4671326194566,9.097177820572654,0.27079999999999416,1.36578839763528,1.68478839763528,262.83718714793724,3.873980786435993,6.483096155492074,0,0
2018-09-05,174.2561718224201,-2.195601029000449,-2.771538628455028,-3.4430736015289565,-3.2808742329948792,-2.395042868024788,-0.07725096299248169,0.3580177926025684,172.16646480818656,179.2019741805026,304.5474365448805,6.080303925423891,0.06579999999999586,1.36578839763528,1.68478839763528,256.42876000868785,5.645827060023612,4.174262324313371,0,0
2018-09-12,98.30643595281684,-0.33939858948317525,0.0,-2.028853115630591,1.2318728845573723,-0.40848158643811416,0.44044486420793083,0.5508718564068459,193.32195627597463,202.43677937495283,301.2097627640255,-3.3376737808549706,0.0024000000000086175,1.31916154308239,1.63801154308239,285.0047324756898,4.353363864033177,0.7986949168233615,0,0
2018-09-19,137.6314739290432,1.0843847598795753,0.9323887943603282,0.6650791520740551,0.5622968791941574,1.213219657146336,0.44044486420793083,0.7308374223063346,193.32195627597463,202.43677937495283,313.2009891846539,11.99122642062838,0.2513000000000005,1.31916154308239,1.63801154308239,272.9387597749567,1.7427476824550592,4.2635685251645405,0,0
2018-09-26,57.21198348065437,-0.45334235754168617,0.0,0.8956128846301148,0.3603607503298356,-0.1687856007380084,0.44044486420793083,0.8691918594037366,193.32195627597463,202.43677937495283,306.47918094854856,-6.721808236105346,0.08449999999999136,1.31916154308239,1.63801154308239,260.48798778136717,2.9671088751638486,-0.7400472784047984,0,0
2018-10-03,81.77856592233145,1.2042855546773756,-0.11607043654744409,-2.1343110903193185,-1.0231251985451273,-0.24551939659502864,0.44044486420793083,0.9371101190051621,193.32195627597463,202.43677937495283,300.4692014925463,-6.00997945600227,0.10260000000000957,1.31916154308239,1.63801154308239,255.34838793522584,-0.21207416403123958,3.025649274331599,0,0
2018-10-10,153.9436996415467,-3.0027243718237617,-4.271097359183784,-8.50086288876093,-7.608459860177952,-3.522854679239096,0.9265317431344784,0.9061330040241504,213.58534986857518,222.14653979527162,305.11669804420916,4.647496551662869,-0.005800000000007799,1.55399426482612,1.871689917000033,268.14597888286795,-4.1467946503356945,4.279878617324329,0,0
2018-10-17,295.8964412161088,0.6030743670960792,2.0396617538388284,2.321499084046419,0.12923938179767447,1.0731206296551221,0.9265317431344784,0.779676138671355,213.58534986857518,222.14653979527162,296.68182633893485,-8.434871705274304,-0.2370999999999981,1.55399426482612,1.871689917000033,291.25082608916466,-3.3527721321644055,-1.9259767064674804,0,0
2018-10-24,147.8652353496404,-2.4223988380281725,-4.867138127785919,-9.23570572775354,-5.001789861193373,-4.314637673724864,0.9265317431344784,0.6173133688975418,213.58534986857518,222.14653979527162,295.75110607337933,-0.9307202655555216,-0.06770000000000209,1.55399426482612,1.871689917000033,283.41717082079657,-1.0659201417072328,-4.777064111055385,0,0
2018-10-31,165.1035567101213,0.5660934005606411,1.115944038600425,3.3547324291598457,3.7946329438562465,0.6989505408969698,0.9265317431344784,0.4843349720195304,213.58534986857518,222.14653979527162,297.6039640208255,1.8528579474461822,-0.14929999999999666,1.55399426482612,1.871689917000033,309.0005552325835,-2.660157249786277,-3.268971520722097,0,0
2018-11-07,316.4306321294065,6.588121728617424,8.05165621367232,12.776841343635414,0.4501953538203374,8.219838395576229,0.9265317431344784,0.44603122535414086,213.58534986857518,222.14653979527162,279.54503913830433,-18.058924882521183,0.13360000000000127,1.55399426482612,1.871689917000033,301.08080606477097,-3.742825066430111,-3.285878477326154,0,0
2018-11-14,316.1915985258065,-0.3604791206701874,-2.1852195186831125,-6.539561188036158,-2.3359594397238226,-2.054318015609624,0.452094817673924,0.5531062248878656,247.13327892405806,260.26032300337,292.36990706541593,12.824867927111598,0.4070999999999998,1.40517946789719,1.721543104260826,279.8889796659152,0.35690149262412874,-6.5429707365344925,0,0
2018-11-21,222.9139522186834,-0.2877171585106586,0.5797053251259676,2.111701111503139,-2.709224933282073,0.43381653550875754,0.452094817673924,0.7662484197862498,247.13327892405806,260.26032300337,298.26470340053356,5.894796335117633,-0.31220000000000425,1.40517946789719,1.721543104260826,291.5329917881532,7.332961853707154,-7.738338423338664,0,0
2018-11-28,186.3666185261257,4.188849840656417,4.299308452451767,8.164875691876583,0.9622852557702011,3.5688213236066524,0.452094817673924,1.0118417216416626,247.13327892405806,260.26032300337,302.04248861443625,3.777785213902689,-0.24809999999999377,1.40517946789719,1.721543104260826,290.36005371425045,-7.0058969668948645,-5.1066180196804645,0,0
2018-12-05,274.4459942587495,-0.3645982727529917,-0.6666687827265427,-4.78965603479784,-1.1346267111846942,-0.7420240514013798,0.452094817673924,1.2162025134292038,247.13327892405806,260.26032300337,295.9586826917638,-6.083805922672468,-0.13360000000000127,1.40517946789719,1.721543104260826,292.29034828986494,-0.8114466064261361,-6.154759425871159,0,0
2018-12-12,145.1094969909122,-1.9220541536042468,-1.2338845078195604,-2.4343901268438106,-1.2371658841764166,-1.3400416770650736,1.2729037244744674,1.3096935669271212,220.3905672413882,215.5648434194108,297.96028916241073,2.001606470646948,-0.08050000000000068,1.21055886842946,1.522453605271565,294.91855908968694,-1.9949128027711094,5.748419980145503,0,0
2018-12-19,260.7148146810645,-3.536964116098784,-5.293470864066174,-6.358604775613896,-2.493668679461969,-3.8527864486591845,1.2729037244744674,1.2906443408415542,220.3905672413882,215.5648434194108,306.665661189069,8.705372026658267,0.09009999999999252,1.21055886842946,1.522453605271565,298.19071453602925,0.41054056237221914,-2.4065773264578816,0,0
2018-12-26,115.6664141854477,-2.7492794148771704,-0.6042199478477617,-1.0475237524808723,,-1.7265835435091859,1.2729037244744674,1.213780837822528,220.3905672413882,215.5648434194108,319.17101567954313,12.505354490474133,-0.03689999999998861,1.21055886842946,1.522453605271565,297.5652007719799,1.2050841867536022,-7.516086063198113,0,0
2019-01-02,13.73798917535931,2.4566488493860117,0.8449157984250277,0.42668282972386784,-0.9316980823506071,0.9371400572306676,1.2729037244744674,1.1355361307963967,220.3905672413882,215.5648434194108,,,,1.21055886842946,1.522453605271565,,0.15271274404398127,-6.828654340030882,0,0
2019-01-09,403.1070553663507,2.7633564793256182,4.924780275154017,6.7394970989498315,4.436713957629834,4.624383627291362,1.1101471698670378,1.1122901897434405,243.99054678658453,240.52425388299542,321.9675505038765,2.796534824333378,-0.3663000000000096,1.20242066426418,1.51042066426418,315.2411183284368,-7.597830975655162,4.019788299207416,0,0
2019-01-16,44.6044291836017,2.4222287952732735,1.024506911142442,0.792868536364999,0.4599539310506273,1.5373201828722927,1.1101471698670378,1.173446688038243,243.99054678658453,240.52425388299542,308.46584827483923,-13.501702229037278,0.37650000000000716,1.20242066426418,1.51042066426418,294.4281071962912,-3.4127135143671605,9.520927672165014,0,0
2019-01-23,167.627348684336,0.8534187115480485,1.3498212115220287,1.6642521871550908,1.6324570927633175,1.0698841629192657,1.1101471698670378,1.2776230719384736,243.99054678658453,240.52425388299542,314.63051320333653,6.164664928497302,0.2750999999999948,1.20242066426418,1.51042066426418,275.4787465864075,1.3082246772870842,0.5869053486513565,0,0
2019-01-30,241.9768685035575,3.981064785486854,4.050902704826509,8.777966360974254,1.6105071858393494,3.9615890919878716,1.1101471698670378,1.3719665513497739,243.99054678658453,240.52425388299542,319.9896858270398,5.359172623703273,0.037700000000000955,1.20242066426418,1.51042066426418,280.20989796137223,0.8417101010785633,2.0520329500247847,0,0
2019-02-06,9.030509592834902,2.7201256658845097,1.9129295875780272,3.4523933742586443,1.6648341651090526,1.8414469893735408,1.1101471698670378,1.4036243361777851,243.99054678658453,240.52425388299542,313.11369105601943,-6.875994771020373,0.2493999999999943,1.20242066426418,1.51042066426418,277.3550759333664,-9.494523356226203,1.3665415194556552,0,0
2019-02-13,230.6192804259883,0.6993841713649696,0.5249420466340915,0.042947662829107,-0.7760150283470324,0.8496089011504004,1.3937594097342534,1.3272010478795613,173.79769550537634,175.62271910451054,315.99747169480395,2.883780638784515,0.2074000000000069,1.11999908018448,1.42844908018448,261.12455718310184,-6.473344292994909,0.5317875718221288,0,0
2019-02-20,322.4294878897038,1.1109359279057651,0.730319946944169,2.501713373649439,3.1301394766675372,0.8053386798017925,1.3937594097342534,1.170562918993238,173.79769550537634,175.62271910451054,303.5914063186823,-12.40606537612166,-0.0031000000000034333,1.11999908018448,1.42844908018448,263.6876381647685,-4.841489096878382,1.6734791689302142,0,0
2019-02-27,195.5204671465217,-0.020281598097193765,1.4447988878832696,3.8608472078752953,0.2581809929518286,0.8453244390674186,1.3937594097342534,1.0031587088676293,173.79769550537634,175.62271910451054,301.3572191682322,-2.2341871504501114,0.26260000000000616,1.11999908018448,1.42844908018448,265.8453711940137,0.6746693732496034,5.459115376981671,0,0
2019-03-06,142.2240175125679,0.53587046488488,-1.1334408757698977,-3.2762972493863174,0.3839873999166521,-0.7243557068262518,1.3937594097342534,0.894914451190839,173.79769550537634,175.62271910451054,305.3057340173261,3.948514849093897,0.23499999999999943,1.11999908018448,1.42844908018448,266.37290360637536,-2.9475582600338335,-1.918922671890133,0,0
2019-03-13,383.1930024839306,1.5508931489193856,2.355466982309329,0.6225444615749698,-0.4453986319136405,2.1149113630380967,0.8846392015377168,0.907820728967318,240.87607356546934,247.7255139672963,309.2405160814252,3.9347820640991245,0.02230000000000132,0.991972744387536,1.3011632205780121,259.830229713871,-4.445434272659776,-1.599295966555836,0,0
2019-03-20,133.275265893147,-0.17887148951443166,0.7059914782858723,2.4521073654853787,1.5039099853197513,0.22070540070524558,0.8846392015377168,1.0259102576853063,240.87607356546934,247.7255139672963,309.874002362822,0.633486281396813,0.11239999999999384,0.991972744387536,1.3011632205780121,263.55010134124814,-6.915819963190106,2.1166434381577837,0,0
2019-03-27,120.122473130593,-1.382099446687346,-3.580946529297746,-7.370443840257135,-1.980101361344122,-2.5163173501743685,0.8846392015377168,1.1889676798209907,240.87607356546934,247.7255139672963,306.9447311376272,-2.9292712251948387,-0.06080000000000041,0.991972744387536,1.3011632205780121,267.2616441712819,-3.31014771055127,3.6654878244230638,0,0
2019-04-03,176.042992017666,3.4882521096655683,3.077160912807475,4.503735087760941,5.11739555247086,2.772669274408468,0.8846392015377168,1.336269769006806,240.87607356546934,247.7255139672963,307.96137575346927,1.0166446158420968,-0.12239999999999895,0.991972744387536,1.3011632205780121,279.3230458170134,-1.450020440012123,-1.4738660313585505,0,0
2019-04-10,71.41875664723851,1.2004028398227007,2.3953533681729144,3.26960929593203,-0.42705806672485025,1.6929363433174416,1.3982026521590345,1.40749678953315,191.28384853645807,201.62958381169673,313.8966441639899,5.935268410520621,0.4013999999999953,0.952038365123788,1.262488365123788,265.2699564013478,-5.518310455569386,2.724245799739844,0,0
2019-04-17,190.147196206217,-0.36631072171233736,-0.09868983857019842,1.1593133354106389,2.5736857160984172,-0.24894674420981033,1.3982026521590345,1.377483129265632,191.28384853645807,201.62958381169673,326.0017768199376,12.105132655947727,0.0537000000000063,0.952038365123788,1.262488365123788,265.8929982470796,10.31027005450098,3.436861977258854,0,0
2019-04-24,137.4005951094961,1.5334663011668415,0.09868983857019842,1.6555358991368063,1.3719408757205898,0.3107008721198845,1.3982026521590345,1.2829989920675038,191.28384853645807,201.62958381169673,330.9812819860303,4.979505166092679,0.132000000000005,0.952038365123788,1.262488365123788,242.18958499785964,-3.4603290701429756,-0.6864214106051314,0,0
2019-05-01,208.3382047527495,-0.40028653127526237,-0.19746683169832302,-0.824341989800903,0.3353621471204882,0.38202674433271966,1.3982026521590345,1.1671191233327214,191.28384853645807,201.62958381169673,330.79849999399767,-0.18278199203263057,-0.03180000000000405,0.952038365123788,1.262488365123788,252.92982656225195,-6.322754580791745,3.3859380418198803,0,0
2019-05-08,20.37735532816085,-0.2485592292802652,-0.3960450447086483,1.5255554798469628,-2.6222013857419846,-0.8089085309298305,1.0729182684552414,1.0729182684552414,223.54791390088798,234.30780715921594,,,,0.871484192056088,1.1833478284197239,,-1.46895296760432,-2.170414867773207,0,0
2019-05-15,231.8446328132512,-1.3299076836287949,-1.4992445918627695,-2.1185661421167623,-1.3647444463374292,-1.2995401332053902,1.0729182684552414,1.0346451253353917,223.54791390088798,234.30780715921594,328.9147877853532,-1.8837122086444538,-0.18659999999999854,0.871484192056088,1.1833478284197239,287.03277681410765,1.8747465699952226,-1.2858318319383777,0,0
2019-05-22,340.0152205741181,1.184136323989593,1.1016456333438285,2.7763300852785555,0.671091086695963,0.8147735649479237,1.0729182684552414,1.0512442018989856,223.54791390088798,234.30780715921594,325.3856793763446,-3.529108409008586,-0.20230000000000814,0.871484192056088,1.1833478284197239,281.82012239357124,-3.307846476466869,2.774487855090868,0,0
2019-05-29,168.9534312188067,-0.9504447944106431,-0.8000141435307917,-1.2027217232465137,-3.4376345370649375,-1.2412201540773715,1.0729182684552414,1.1128339585782068,223.54791390088798,234.30780715921594,326.95689391837186,1.571214542027235,0.030600000000006844,0.871484192056088,1.1833478284197239,273.75701676382016,-9.114019115467453,-1.5859120224822831,0,0
2019-06-05,110.3610356887218,2.2737018975249157,2.8700576392021837,4.577448249052463,1.7711580312025355,2.9124047556776667,1.0729182684552414,1.2095328558052403,223.54791390088798,234.30780715921594,323.6715742996532,-3.285319618718688,-0.279200000000003,0.871484192056088,1.1833478284197239,287.81079752981594,-3.4258737870279,-1.8235881971772727,0,0
2019-06-12,663.1845937617508,0.9857799164326497,1.3566267324726322,0.33500655085565434,2.13589718823588,1.1831033844494243,1.259274158390167,1.3310196985700662,320.4310665201146,342.29141784639637,318.5525845186647,-5.1189897809885,0.32040000000000646,0.573975698638794,0.902875698638794,277.9030429819257,-5.222812150185607,-12.820665233080408,0,0
2019-06-19,113.9321399363409,1.6278721738323787,1.8045199225098951,4.113419179864097,2.110178825744935,1.8253909668526802,1.259274158390167,1.459588454356892,320.4310665201146,342.29141784639637,320.9633243501268,2.4107398314621378,0.2819999999999965,0.573975698638794,0.902875698638794,270.4376795735901,-4.03695496946459,-0.7754481506896838,0,0
2019-06-26,354.7859654539815,-0.521022340689048,0.19029563506895997,-1.871910581168379,-0.16688162865614586,0.04606480359035103,1.259274158390167,1.5714053929242053,320.4310665201146,342.29141784639637,321.44661163795007,0.48328728782325925,0.3739000000000061,0.573975698638794,0.902875698638794,261.4501136290785,-6.087146613746386,1.9115512578252059,0,0
2019-07-03,71.18717704190102,4.0045547420609395,3.088706745776282,5.959803298562472,2.088574153373024,2.8384618219282842,1.259274158390167,1.642451304390814,320.4310665201146,342.29141784639637,330.83508312958037,9.388471491630298,0.010599999999996612,0.573975698638794,0.902875698638794,264.35756779167264,-8.600602078354491,6.170036851169591,0,0
2019-07-10,43.38742772155042,0.08956531026362846,0.0,-0.5148447638116505,-3.2108518408417552,0.12266841383796745,1.6549314289993986,1.6490212740833334,249.39605046668876,255.84941993206405,327.6767303283978,-3.1583528011825592,0.35240000000000293,0.357586837911898,0.722456403129289,245.99733832427884,6.771693655294753,-5.093906826951056,0,0
2019-07-17,20.76010766357735,-0.26897354720964994,-0.6472727050540694,-0.552093160955236,1.205753313640212,-0.35253529352132773,1.6549314289993986,1.5947933573086635,249.39605046668876,255.84941993206405,333.75473545856994,6.07800513017213,0.001999999999995339,0.357586837911898,0.722456403129289,255.0936246220079,16.436781183917315,4.433541227418036,0,0
2019-07-24,264.7063596100642,0.6086756630626855,0.0,-1.008531962128778,1.8749022845006458,-0.20138659255160007,1.6549314289993986,1.5316899237722543,249.39605046668876,255.84941993206405,334.814816057234,1.060080598664058,-0.04739999999999611,0.357586837911898,0.722456403129289,253.39666188266662,-9.91252448367086,-4.213415352368788,0,0
2019-07-31,135.8592230125785,0.33853391968012847,-0.4649120877769697,3.0972881048725753,-1.8862812220993952,-0.4782854838091488,1.6549314289993986,1.5165442058015577,249.39605046668876,255.84941993206405,337.24549127965014,2.4306752224161414,0.27319999999998856,0.357586837911898,0.722456403129289,257.43435550264604,-8.694519127248324,0.25098052390317704,0,0
2019-08-07,113.1181761282936,-1.613812621425792,0.557614522318195,5.054749883228071,-5.444661273093132,0.26631949321060944,1.6549314289993986,1.6061894357240258,249.39605046668876,255.84941993206405,333.0059353828816,-4.239555896768536,-0.23219999999999175,0.357586837911898,0.722456403129289,266.65960623764573,8.78548611250789,0.3752936382964478,0,0
2019-08-14,108.5956233853906,1.0251164494019527,-1.0246786960702803,-6.488221047846343,-1.1319127518032879,-0.342124561202084,1.6308641513326514,1.84436933571154,290.65585871241694,288.7119942269406,334.109345759245,1.1034103763633993,-0.402000000000001,0.0995032681576103,0.5071850863394283,304.6377858222883,3.6951995265630977,-15.209774457926262,0,0
2019-08-21,110.6308189195248,3.34300859404022,3.5866029654661347,8.655284134828722,3.6123104883841073,3.2808169543550036,1.6308641513326514,2.194048382392578,290.65585871241694,288.7119942269406,329.13825156549484,-4.971094193750162,-0.012500000000002842,0.0995032681576103,0.5071850863394283,309.38385406603174,-2.0538965624300687,5.014780847632139,0,0
2019-08-28,216.6385067777822,-1.46419794029784,-2.1918756386451133,-3.9220654859908777,-1.833611435832161,-2.025800771679087,1.6308641513326514,2.5874064636964063,290.65585871241694,288.7119942269406,325.8865473084359,-3.2517042570589183,0.455600000000004,0.0995032681576103,0.5071850863394283,281.9716791608891,2.0714204387563218,4.626859352728019,0,0
2019-09-04,400.1187822851258,2.2226952580012727,2.46250330523452,-0.3613081588801137,3.9675205403748137,2.1626006632649464,1.6308641513326514,2.9565628679682363,290.65585871241694,288.7119942269406,325.8096538021482,-0.07689350628771763,0.032299999999992224,0.0995032681576103,0.5071850863394283,296.14875595565786,-10.8929753816974,-0.2974717116742909,0,0
2019-09-11,128.9424348816059,-0.395768892616144,-0.4514695170423355,-1.8934347071661417,2.861700679787482,-0.5653325776776796,3.1305201362945305,3.2345871518969997,237.37555726286612,246.91369974039762,323.907053215372,-1.9026005867762024,0.03249999999999886,0.04752293261004,0.46509436118146896,280.81609608738125,15.548959216117053,0.4293978521805464,0,0
2019-09-18,38.07318869257885,0.9267344162050328,1.3483208955074044,4.395599474734313,-0.2307149462354552,1.3151044200858664,3.1305201362945305,3.385942922638225,237.37555726286612,246.91369974039762,326.804686887465,2.8976336720929794,0.0028000000000076852,0.04752293261004,0.46509436118146896,273.66635727462875,18.269780311431425,3.783798184879661,0,0
2019-09-25,259.3891294353982,0.7827102598332747,-0.268198850241097,0.5440835268340827,-2.1311849945387706,-0.17640639637557243,3.1305201362945305,3.4129285454770213,237.37555726286612,246.91369974039762,323.63227384719215,-3.172413040272829,0.09510000000000218,0.04752293261004,0.46509436118146896,272.1933382210806,-14.366365772588141,1.9951961824467013,0,0
2019-10-02,273.5001592407685,-4.188195450389909,-4.4858831602795135,-9.151908340549264,-2.766646991691424,-4.461674580375163,3.1305201362945305,3.3200948736243556,237.37555726286612,246.91369974039762,322.68439945173776,-0.9478743954543916,-0.035800000000008936,0.04752293261004,0.46509436118146896,284.67274974905115,-3.978706297952872,-2.9678579207644162,0,0
2019-10-09,45.933262838068,1.8387821228611267,2.7702314576080855,1.9397878520460043,0.5423662747976898,1.8408545033459234,3.1486064038266823,3.112015500430235,202.25403568557496,206.74121446051177,318.63526331626406,-4.049136135473702,-0.11560000000000059,0.131567819751726,0.544437384969117,304.4860475820202,29.219109812737145,-7.466277086848994,0,0
2019-10-16,270.7174239587196,-1.732787923716228,-1.3755041307870641,-0.13731389002171746,3.5099370854887013,-0.8624915316805648,3.1486064038266823,2.804816009878087,202.25403568557496,206.74121446051177,312.06012555998603,-6.575137756278025,-0.037700000000000955,0.131567819751726,0.544437384969117,291.1904913108584,-2.730004548178666,3.026927232109511,0,0
2019-10-23,204.8749222877009,0.6686703739141153,0.552470318205911,-0.1375027003581497,1.3249675983157516,0.8653684844124321,3.1486064038266823,2.444934591294542,202.25403568557496,206.74121446051177,326.9949095052201,14.934783945234074,0.33140000000000214,0.131567819751726,0.544437384969117,269.19208191723266,3.1602200073802322,-0.6722714394876483,0,0
2019-10-30,248.1994559973078,-2.81007970746332,-2.1346397446960097,-3.500538495481953,2.53335655257807,-2.2165923442931224,3.1486064038266823,2.083721304039338,202.25403568557496,206.74121446051177,320.88254890146993,-6.112360603750176,0.11660000000000537,0.131567819751726,0.544437384969117,259.94028080950187,-4.1799784248890415,2.0364582916474916,0,0
2019-11-06,28.01120295595253,-0.09022099605340284,-0.8478647056544997,-0.3926478579107773,2.3754934584488296,-0.9516422504828981,3.1486064038266823,1.7725262074722123,202.25403568557496,206.74121446051177,325.7711848653399,4.888635963869945,-0.03990000000000293,0.131567819751726,0.544437384969117,262.4400440271625,-11.219536732634783,-0.4969365866567266,0,0
2019-11-13,282.7610739219741,0.8807337362219281,0.2834210689415695,-1.9502188211436344,0.9940544455282918,0.552287170989274,1.699986351492732,1.5626993609529047,242.6026066416673,254.54054849802372,321.00368762009964,-4.767497245240236,0.13450000000000273,0.301267643553345,0.702553357839059,255.9820844476025,16.68530897376117,3.090248351762437,0,0
2019-11-20,99.05801293436146,-0.2899946991152813,-0.09436485356841828,0.32769498280704745,0.024463121965734302,0.020670003469369647,1.699986351492732,1.5055908238411515,242.6026066416673,254.54054849802372,319.37631240531255,-1.6273752147870937,0.004400000000003956,0.301267643553345,0.702553357839059,254.90935466129883,-5.232505758109651,0.25727623131484023,0,0
2019-11-27,204.670953768992,3.1255339035419105,3.6164820475585113,2.760523385730318,1.3018531054911797,3.090317281075272,1.699986351492732,1.6525506554966913,242.6026066416673,254.54054849802372,317.88868166518375,-1.4876307401287931,-0.022600000000011278,0.301267643553345,0.702553357839059,254.3757149760934,0.8827661308181689,2.427342146638356,0,0
2019-12-04,141.4931968419338,1.3101832637448796,1.626085798318444,0.8100085068886376,-1.312336567838912,1.5312146675651839,1.699986351492732,2.0549289152792625,242.6026066416673,254.54054849802372,322.32661731694935,4.437935651765599,0.14850000000001273,0.301267643553345,0.702553357839059,250.16982124278374,2.483655286166586,1.9095511530316855,0,0
2019-12-11,255.9776219928199,0.5538225813937148,0.8032105446492466,1.7040877021562206,0.6444331280834881,0.6925303530037397,2.419298549927752,,232.09853032302175,241.28658052185546,320.8421366964342,-1.4844806205151713,-0.004100000000008208,0.366036461077784,0.760736461077784,272.285342407189,-0.6151547865109297,0.3377344321742193,0,0
2019-12-18,514.0099908833624,3.2099134344034885,3.441462661231709,4.714680726491949,1.8951230102038252,3.480406302707806,2.419298549927752,,232.09853032302175,241.28658052185546,319.78564576441255,-1.0564909320216316,0.0478999999999985,0.366036461077784,0.760736461077784,272.35625927327186,-12.277754262424656,0.1837391421835477,0,0
2019-12-25,586.6695734079051,1.6740298693814104,1.5450815939594076,1.5393072272541275,,,2.419298549927752,,232.09853032302175,241.28658052185546,327.563415868681,7.777770104268427,0.14990000000000236,0.366036461077784,0.760736461077784,247.0165193132965,6.236933738301786,5.578068687116211,0,0
2020-01-01,304.6585212042752,-0.27981614753163075,0.08514382974111889,0.06494672124333079,,,2.419298549927752,,232.09853032302175,241.28658052185546,,,,0.366036461077784,0.760736461077784,,-17.05259719826584,0.20234144784758712,0,0
2020-01-08,43.70420214674267,1.6510425434764553,1.3525074043855945,4.0406351663716755,0.5165335846512242,2.7799010361102106,,,191.721791492481,196.33211752982746,,,,0.315867468685361,0.7070038323217249,,-4.510457120387734,-2.174791982625468,0,0
2020-01-15,42.60999047335061,2.4977229896340436,2.814761340367289,3.342332013757998,0.5206232178683656,2.9603483140149045,,,191.721791492481,196.33211752982746,317.6803048446293,-9.883111024051686,0.09369999999999834,0.315867468685361,0.7070038323217249,264.19175210794225,-0.7245503277553134,-0.6810805125399888,0,0
2020-01-22,117.6990287774798,1.8952821448669832,1.1363919359890229,0.5713449561589812,0.9163136595472743,1.2142738982514167,,,191.721791492481,196.33211752982746,319.54024686825585,1.8599420236265587,0.020600000000001728,0.315867468685361,0.7070038323217249,248.8300882856016,-6.786512247951304,-6.15814752354078,0,0
2020-01-29,201.9836971235428,1.172286025124536,0.40271995700713603,-0.8431293078169144,-0.16719615999907234,0.3537598502505013,,,191.721791492481,196.33211752982746,321.64729402518907,2.10704715693322,0.0053000000000054115,0.315867468685361,0.7070038323217249,250.46194037646484,-6.695668540759181,-1.88203322160021,0,0
2020-02-05,44.28392259711572,3.4663203307924606,3.320461603221414,5.0128554841624595,1.200925928302432,3.138497239022797,,,191.721791492481,196.33211752982746,317.47149290824314,-4.175801116945934,-0.0461000000000098,0.315867468685361,0.7070038323217249,266.8609197019997,-2.960662739280062,-4.360318900126003,1,0
2020-02-12,87.12301673178438,4.70180242545799,4.262431679697221,9.773875711049484,0.7642426102535183,4.408739168384912,,,196.49325687323858,195.59433936842683,316.5896900077314,-0.8818029005117296,0.10350000000001103,0.132262730992167,0.5411127309921671,261.0452072604924,-8.606243194827545,-7.144650626053739,1,0
2020-02-19,144.9329464590326,5.79275698152808,5.226160422503279,6.071669221335441,-0.6287569063995413,5.39537463712616,,,196.49325687323858,195.59433936842683,317.09452911106507,0.5048391033336657,0.08769999999999811,0.132262730992167,0.5411127309921671,252.19294364490173,-6.556270411894616,0.32461705692385934,1,0
2020-02-26,92.02691262765563,-6.4023143302944785,-7.945337639755179,-7.22593535842373,-6.705583172340113,-7.684489206506928,,,196.49325687323858,195.59433936842683,324.49333591874904,7.398806807683968,0.01999999999999602,0.132262730992167,0.5411127309921671,255.59008506120645,9.299360062555229,7.256349079233626,1,0
2020-03-04,57.87150668616006,-4.210817380401699,1.6704943757634094,1.6226579496619653,-5.6029028528967295,0.6868060933392428,,,196.49325687323858,195.59433936842683,318.75915348284343,-5.734182435905609,-0.5131999999999977,0.132262730992167,0.5411127309921671,320.03166641469164,-5.3759658413319755,-8.306132475689498,1,0
2020-03-11,32.1701718053948,-18.128405628341703,-20.209392017577876,-21.815871435358282,-15.707433953642536,-19.255527711781717,,,318.4648591140121,309.28002701120806,316.92653243148663,-1.8326210513567958,-0.6239999999999952,0.372634326290483,0.789270689926847,339.3047595521702,-1.768382844787908,-5.805786780357591,1,0
2020-03-18,140.17623189235,-19.78010134692372,-24.409910512834898,-33.0676936964585,-25.609544352692737,-23.89301923887066,,,318.4648591140121,309.28002701120806,317.3459961337718,0.4194637022851566,-2.0531000000000006,0.372634326290483,0.789270689926847,398.4557597611361,5.000768378412301,-40.903878265085055,1,0
2020-03-25,42.7055688779763,12.499129248114937,13.617470448550373,17.102196508713252,14.010798054833984,12.165667431631988,,,318.4648591140121,309.28002701120806,272.32671669070703,-45.01927944306476,-1.8145000000000095,0.372634326290483,0.789270689926847,444.02589855258753,-12.53766356960635,-41.31871542020748,1,0
2020-04-01,96.65929979974659,-5.522566496784087,-5.812492732490915,-10.157976125050183,-2.343585736651921,-4.758907134529,,,318.4648591140121,309.28002701120806,285.7618971424357,13.435180451728684,2.4799000000000007,0.372634326290483,0.789270689926847,404.5338124667266,-6.5111381298711635,11.705145321099542,1,0
2020-04-08,65.19962385137278,9.753024885502981,11.402799284900622,14.20379867779542,7.791883771943731,10.512855661025622,,,328.13263909267255,330.9455147178349,283.08576303637574,-2.676134106059976,-0.769999999999996,0.553776148698786,0.807826148698786,393.45826130727147,-12.647253978489804,-53.73250980370514,1,0
2020-04-15,43.87673044598697,-1.0687435178142746,-0.38911109042487624,1.8025083362880334,-2.6846617754475943,-0.1632005975109152,,,328.13263909267255,330.9455147178349,304.6425387869509,21.556775750575184,0.4391999999999996,0.553776148698786,0.807826148698786,381.32452204241366,6.1796268113325725,52.158913210523664,1,0
2020-04-22,146.4017304758294,0.5542348248646078,0.0974298475012958,1.6300870549955881,2.559106642582787,-0.4620641951628812,,,328.13263909267255,330.9455147178349,295.3346557057553,-9.307883081195598,0.6961000000000013,0.553776148698786,0.807826148698786,380.5717599057215,-8.777561088238572,-24.195539283628385,1,0
2020-04-29,132.4675963501303,7.316005283212634,7.410786459956098,9.194935121900594,7.2804251710180345,7.641221895948203,,,328.13263909267255,330.9455147178349,302.3833703664866,7.048714660731264,-0.1636000000000024,0.553776148698786,0.807826148698786,378.32096083955423,-6.573239540090148,-36.31896249599262,1,0
2020-05-06,109.5621657652102,-2.4615412799079417,-3.683653223620631,-1.942434800163051,-4.844195102919446,-2.98503799946932,,,328.13263909267255,330.9455147178349,300.1714345231539,-2.2119358433326965,0.4825000000000017,0.553776148698786,0.807826148698786,342.4930184188685,-3.464398745307906,26.00712627077897,1,0
2020-05-13,196.9836978057019,2.255852869890651,1.1194209363270424,1.717756577869478,0.31737422359929823,1.3709100764843996,,,415.7433513381408,418.14840903798756,294.07479652212317,-6.096638001030726,-0.22929999999999495,0.479135742756966,0.751085742756966,354.9832880801303,-4.263191211180817,30.378905771428766,1,0
2020-05-20,142.3230545846668,4.589215847924888,6.812655571050508,8.290585690480867,4.93698487209091,5.521936206673317,,,415.7433513381408,418.14840903798756,292.26238017333526,-1.812416348787906,-0.13070000000000448,0.479135742756966,0.751085742756966,350.914255421471,-11.849906497908314,14.19155684767568,1,0
2020-05-27,66.13441535658785,-0.16486273622937642,2.650871943450861,-0.4743554754975676,4.391771916571052,2.5241976113758113,,,415.7433513381408,418.14840903798756,305.3529372280208,13.090557054685519,0.43359999999999843,0.479135742756966,0.751085742756966,337.10577107490644,-13.736201146510552,22.019909875779355,1,0
2020-06-03,48.67788981438782,3.803977121865243,4.375450712443696,4.304241255881314,6.358191759996501,4.261623267686687,,,415.7433513381408,418.14840903798756,305.6356895370426,0.2827523090218165,0.5940999999999974,0.479135742756966,0.751085742756966,338.09538571850965,-18.861654161017547,-6.017521188410191,1,0
2020-06-10,197.4154999421069,1.5445630543619693,2.2364890689274386,0.25586745066865646,-0.5821189986724207,2.508798456427197,,,309.5923035474373,319.7302475651302,309.14968955383705,3.514000016794455,0.2805000000000035,0.351459291517374,0.727459291517374,338.80513499921403,36.65582834404588,14.876761687105056,1,0
2020-06-17,97.8713232307964,-1.1166435967312704,-3.3434364197876487,-3.495961374175671,-0.3040463868742904,-3.0926520009741942,,,309.5923035474373,319.7302475651302,312.8951117340214,3.7454221801843346,-0.06289999999999907,0.351459291517374,0.727459291517374,340.29425246805454,-10.450634004156267,8.089299621550339,1,0
2020-06-24,11.20838069610642,-0.49145973859987535,1.3040144534524067,5.714212022649923,-3.3181597129559925,1.412784247075649,,,309.5923035474373,319.7302475651302,312.19242987917505,-0.7026818548463325,0.1769000000000034,0.351459291517374,0.727459291517374,356.5589721896348,8.135540096399318,-1.739174271186883,1,0
2020-07-01,395.4660554870803,2.8669606546123605,2.6369884820831135,2.1157607488595964,2.183501576681124,2.2398011807597484,,,309.5923035474373,319.7302475651302,323.1989464013584,11.006516522183347,-0.14860000000000184,0.351459291517374,0.727459291517374,360.5690761347972,8.356588836861345,-0.1731173920669793,1,0
2020-07-08,261.7946287809668,6.2412740154496715,8.101280852017156,12.266500795152746,1.9743785002799719,8.056922416980772,,,313.1465900918374,304.37945264277766,331.92639988994694,8.727453488588537,0.04339999999999122,0.220885310186352,0.665015744968961,340.55379477605754,3.4707630850410176,4.311639008352408,1,0
2020-07-15,118.8612386214724,2.705364297105328,2.4426676790619606,5.269928966171689,2.8546109273762,2.6566342901761963,,,313.1465900918374,304.37945264277766,337.58795736778654,5.661557477839608,0.15919999999999845,0.220885310186352,0.665015744968961,338.6844875437755,1.2542537306460266,3.471519244684096,1,0
2020-07-22,108.6708021701289,2.771569945384811,3.965732652147791,4.243590700053934,0.5290918363465735,3.8587365676840513,,,313.1465900918374,304.37945264277766,335.8985532852846,-1.6894040825019374,0.18070000000000164,0.220885310186352,0.665015744968961,331.68152723895207,-12.755778819011754,0.6618762037950976,1,0
2020-07-29,227.4690053719696,-3.026074032136594,-1.58133974237602,-1.7648793838453969,-1.2768294592061302,-1.6215609300201272,,,313.1465900918374,304.37945264277766,327.9406324608233,-7.9579208244613255,0.13090000000001112,0.220885310186352,0.665015744968961,318.6860768502819,-7.900676020701614,0.0454855591194292,1,0
2020-08-05,49.92835870962829,5.26725989366208,7.732035376548296,12.21999207447424,1.1345126680231132,8.02878234501394,,,313.1465900918374,304.37945264277766,326.27013044082304,-1.6705020200002423,-0.09240000000001203,0.220885310186352,0.665015744968961,318.76575664906403,6.958633102835954,-1.0744188394026022,1,0
2020-08-12,318.8792813521121,3.8858995616264824,2.282902744580406,0.6674517044831241,3.87780812017251,2.099757326011442,,,289.35592920994884,298.7593161205136,328.50380271218694,2.2336722713639006,0.24280000000000257,0.160071953925014,0.6397862396392999,317.563841558096,34.63845900534559,3.1892333137653495,1,0
2020-08-19,273.1606843762244,3.765418190568215,2.843220975219163,3.1014781728556873,-1.339281428303618,3.286306258384375,,,289.35592920994884,298.7593161205136,325.50148714840736,-3.0023155637795753,0.21920000000000073,0.160071953925014,0.6397862396392999,311.20653696670024,-2.0425772230333816,0.3777362562750408,1,0
2020-08-26,446.5987900016617,3.0752903542813126,2.764630056433548,4.088267606069351,1.5193837750918426,2.000998962940592,,,289.35592920994884,298.7593161205136,326.57594107670513,1.0744539282977712,-0.10660000000000025,0.160071953925014,0.6397862396392999,309.0505945827521,15.2436200030883,0.26578088735211836,1,0
2020-09-02,238.4828087543503,0.6733934304337108,2.8055593388132127,3.6822720775563145,-0.33886117500978585,2.799269051067377,,,289.35592920994884,298.7593161205136,335.34067178258067,8.764730705875536,0.00030000000000995897,0.160071953925014,0.6397862396392999,309.1101542521608,9.102382792362862,1.2747425362490183,1,0
2020-09-09,154.2034201194174,-4.085183560869732,-4.599907361233235,-6.845399494091842,-0.12646566336576015,-4.928753191647761,,,309.3344640447869,321.6726174788043,333.9676525013905,-1.3730192811901816,0.26679999999998927,0.123463670294754,0.61482730665839,328.1456180049607,19.420101995414065,-6.986680643442522,1,0
2020-09-16,169.7469046322508,4.109163396287041,2.914266912301011,6.282216703078225,1.143198271860868,3.521905841294881,,,309.3344640447869,321.6726174788043,330.2849258644379,-3.682726636952566,-0.19539999999999225,0.123463670294754,0.61482730665839,325.3810442747192,-3.4429329896901617,-6.581959116232516,1,0
2020-09-23,247.6275032003311,-0.48043304494864714,-3.216454423555204,-0.6551578488553034,-3.688144394328763,-2.7043282082988895,,,309.3344640447869,321.6726174788043,339.9863158649019,9.70139000046396,0.0013999999999896318,0.123463670294754,0.61482730665839,309.07105801126636,5.297810496569522,3.0786817646554887,1,0
2020-09-30,261.3038213343162,9.096643831957074,11.265829249474946,14.06344332785432,1.3848698364312462,10.589784824420523,,,309.3344640447869,321.6726174788043,327.6389731068807,-12.34734275802117,-0.3026999999999873,0.123463670294754,0.61482730665839,330.19993204988776,6.009435225031945,-0.3401363823490211,1,0
2020-10-07,243.0849575113662,11.737985579188681,13.156904384918766,14.87338735253081,2.088574697280521,12.953095521298508,,,309.3344640447869,321.6726174788043,329.2497964738815,1.6108233670007621,-0.24230000000000018,0.123463670294754,0.61482730665839,326.03938970701654,10.022211827239769,-1.941331394268131,1,0
2020-10-14,146.984824902538,1.3978213979023213,0.2367741043272975,-0.06653868181851763,1.933472792394486,0.61022536934221,,,306.5552708878756,308.82752786407934,329.13825156549484,-0.11154490838663378,0.3748999999999967,0.0003605895975517,0.5094969532339158,321.78513002220114,3.134170221071386,0.7909087199601483,1,0
2020-10-21,424.6026138197537,-3.7017575512563905,-4.400016764171166,-5.344613438827839,-2.0517544958207345,-3.976007972678808,,,306.5552708878756,308.82752786407934,324.8434627109745,-4.294788854520334,0.07019999999999982,0.0003605895975517,0.5094969532339158,314.5982499347876,1.1819868584423077,2.8874989216235214,1,0
2020-10-28,67.93472374226786,-5.120394588068322,-4.447436406707439,-3.0798114360594653,-5.431232297376365,-3.851411594801757,,,306.5552708878756,308.82752786407934,315.9550358783386,-8.8884268326359,-0.09660000000000935,0.0003605895975517,0.5094969532339158,338.26531622385505,6.927157159302766,-4.2008618714058255,1,0
2020-11-04,294.3219911566072,3.283079114195342,2.7524634026432793,-1.9298794818914722,6.391353887240481,1.591106366585926,,,306.5552708878756,308.82752786407934,313.6797713832594,-2.2752644950792273,-0.4597999999999871,0.0003605895975517,0.5094969532339158,364.43709853898844,-2.5892296071699406,-5.723178087323877,1,0
2020-11-11,361.9675480988281,8.108453764800228,9.398388309102534,9.954221946276487,6.580982479423092,9.13555442875058,,,397.37945265644953,413.0268277626341,322.32661731694935,8.646845933689974,0.18719999999999004,-0.0550423146444472,0.4658148282126958,333.2286649658807,-4.258662550684944,4.695213663549547,1,0
2020-11-18,249.1828669604657,-0.8815857803963212,-1.4753542483647575,-0.16050484741869653,0.2723530313772038,-0.9144253030616056,,,397.37945265644953,413.0268277626341,326.27013044082304,3.943513123873686,0.6017999999999972,-0.0550423146444472,0.4658148282126958,314.09402290078447,1.5225999141158741,6.865679351369902,1,0
2020-11-25,197.2063970995399,5.278514212322261,7.513564073659751,12.017465067153132,0.34435979859113175,6.759590571736229,,,397.37945265644953,413.0268277626341,330.2849258644379,4.014795423614885,0.017900000000011573,-0.0550423146444472,0.4658148282126958,303.9887905325906,-2.98099688550173,0.9600823073061981,1,0
2020-12-02,176.4020493265885,-1.1065692649871117,-0.4750484830179147,-2.560693886593235,-0.5601884149041503,-0.17894508848943502,,,397.37945265644953,413.0268277626341,331.8540147981146,1.5690889336766531,0.06080000000000041,-0.0550423146444472,0.4658148282126958,303.3885109036512,1.8107252164948129,9.74053964944539,1,0
2020-12-09,232.7871928850053,2.0224457102374416,0.21624720252804153,-2.3533443956408107,1.2256715324291179,0.8800653452166074,,,302.48026692951555,309.47215062685325,338.6083743852107,6.754359587096133,0.11730000000000018,-0.0918818166552814,0.44620909243562756,307.70357246180254,6.75083746262799,1.051534399952292,1,0
2020-12-16,231.4860267446402,4.577236353255731,8.054828949144577,13.844391221726493,1.2238057609611275,7.386155158006957,,,302.48026692951555,309.47215062685325,339.1147045808654,0.506330195654698,0.03479999999998995,-0.0918818166552814,0.44620909243562756,299.6661841371923,-1.160685140481732,2.0909570401645983,1,0
2020-12-23,306.431884904449,11.352362767039459,10.232319984546834,12.225758672732656,0.7722295601102935,10.076424528140304,,,302.48026692951555,309.47215062685325,345.4106037317557,6.295899150890307,-0.04070000000000107,-0.0918818166552814,0.44620909243562756,305.1034521338646,10.603225089727708,4.055152155975517,1,0
2020-12-30,246.307208156246,-0.2900513232567459,1.9418680962918433,-1.599263382462368,0.7471455769148427,1.8639957643062033,,,302.48026692951555,309.47215062685325,345.883716110857,0.47311237910128057,-0.16870000000000118,-0.0918818166552814,0.44620909243562756,314.2128680854452,6.6478674328301235,0.4318813151863221,1,0
2021-01-06,312.3489983557549,11.005818451430205,10.4299406029837,11.887887931094987,0.8145129345167312,8.521208540725933,,,302.48026692951555,309.47215062685325,346.72971833666793,0.8460022258109348,0.16480000000001382,-0.0918818166552814,0.44620909243562756,315.1410357733669,8.189080840959928,-0.6090990439538757,1,1
2021-01-13,56.38115367143342,5.151253849636461,3.7197729155590498,-0.7051712715838931,1.571963959021172,5.462025268012738,,,271.75653651100254,278.1276531576149,351.18439017492193,4.454671838254001,-0.03640000000000043,-0.0637567597967504,0.48339324020324964,306.5365606568333,-7.864025666092367,5.855891299660287,1,1
2021-01-20,0.0,-4.034520680234177,-4.102679869274217,0.2791767974422932,0.27412639432595753,-3.8190551534165174,,,271.75653651100254,278.1276531576149,351.3036863417691,0.11929616684716393,-0.01670000000000016,-0.0637567597967504,0.48339324020324964,304.89744176996237,20.220158243414588,3.1469849030810515,1,1
2021-01-27,378.6504605584108,-1.2674776283155165,-3.7125514164012774,-3.8001739697240744,-2.596730010270676,-2.470052914386578,,,271.75653651100254,278.1276531576149,349.10380856619446,-2.1998777755746346,0.01979999999998938,-0.0637567597967504,0.48339324020324964,300.94971021297044,-5.940443631307968,0.2518439899195535,1,1
2021-02-03,248.4582057941674,1.483920639737013,3.9360881363782685,5.339070281211011,2.891820848288429,2.7215571771994185,,,271.75653651100254,278.1276531576149,350.28510353886554,1.1812949726710826,-0.1372999999999962,-0.0637567597967504,0.48339324020324964,328.72743864546703,-2.797910294359207,-1.0656652823354484,1,1
2021-02-10,246.7630200393261,-1.415381602771637,-1.8024167321808005,2.666593750678725,0.5690795675381111,-1.0883672443839032,,,195.1068145269577,197.44219387975886,362.1135802027417,11.828476663876131,0.15810000000000457,0.0632093685662669,0.6043093685662669,312.32235865685385,-9.844182311977479,6.230022721394768,1,1
2021-02-17,109.0078760177113,-5.2910320447727255,-4.347799365596661,-3.407150444729279,1.7426304632877532,-4.6621634230942455,,,195.1068145269577,197.44219387975886,367.09700335703684,4.983423154295167,0.12479999999999336,0.0632093685662669,0.6043093685662669,311.20831730816974,3.867339017381699,4.275154276613602,1,1
2021-02-24,113.654669521361,-10.520006306946428,-9.568332380167188,-11.297613629567937,0.2542605117107577,-10.163476974816454,,,195.1068145269577,197.44219387975886,363.91638618680037,-3.1806171702364736,-0.02360000000000184,0.0632093685662669,0.6043093685662669,308.3239360992225,-11.511927333544225,6.103804162128501,1,1
2021-03-03,118.3707424073743,-4.616083798450132,-9.878771109305529,-8.942464634831104,0.3771710640296355,-8.355005831945217,,,195.1068145269577,197.44219387975886,366.5866679804863,2.6702817936859446,-0.07150000000000034,0.0632093685662669,0.6043093685662669,306.4595803343332,-0.9659562973050928,2.775638867219321,1,1
2021-03-10,234.8829061674924,-1.661333896618844,-0.6199606503038968,-4.501949165235342,1.4055675642818954,-1.8388431510654613,,,212.04868951840004,217.3432453229355,362.1938048360055,-4.3928631444808275,0.06410000000001048,0.147856238199887,0.686943194721626,307.7109475009858,-5.354168262346182,-3.2690102041097013,1,1
2021-03-17,387.7241425623988,-2.9842421635557503,-0.29063955841688305,3.0093824949690706,1.0163770056291987,-0.5417520283067745,,,212.04868951840004,217.3432453229355,372.49702742582895,10.303222589823463,-0.01680000000000348,0.147856238199887,0.686943194721626,297.8947188893172,12.713498897147169,4.281074207989555,1,1
2021-03-24,186.9788587281406,-1.7410337794699249,-7.1074094938288646,-9.692264640808546,-1.2988924716659689,-6.212943167812668,,,212.04868951840004,217.3432453229355,375.77056450437885,3.273537078549907,0.07229999999999848,0.147856238199887,0.686943194721626,286.62270507337524,1.9099558237409386,0.29572696400617104,1,1
2021-03-31,169.1887172662918,5.168739922371746,8.141552061428525,8.253393882190352,1.9260007539275037,6.580740751761116,,,212.04868951840004,217.3432453229355,372.5693427236652,-3.201221780713638,0.0707000000000022,0.147856238199887,0.686943194721626,287.75791694307185,3.3755016717093245,-6.134465064869499,1,1
2021-04-07,222.3637449474919,-4.864548233336663,-4.891379811360075,-5.937225036976823,1.6111620613003197,-3.6787238127486077,,,212.04868951840004,217.3432453229355,374.856245627511,2.286902903845771,0.07150000000000034,0.147856238199887,0.686943194721626,288.8937396357985,2.1553131895753808,-0.2829745639236769,1,1
2021-04-14,235.9612178689572,0.35670762001056566,1.0746022161994162,-1.7144344678894363,0.5189454999517729,0.9821985380204623,,,193.9223276543613,201.92731097465662,377.87201581137253,3.015770183861548,0.11189999999999145,0.204919188611819,0.743069188611819,281.3280708309304,1.5308154006898889,-2.6481049681956748,1,1
2021-04-21,205.5553398764796,-2.1959308059176674,0.3840266344931731,0.10580879678281363,0.41379566199806206,-0.5434266633736584,,,193.9223276543613,201.92731097465662,377.8263015248622,-0.04571428651036058,-0.0017999999999886995,0.204919188611819,0.743069188611819,278.44122974746296,2.027321864913434,6.644625408856264,1,1
2021-04-28,78.14728605873958,3.2055734662460367,2.3570279380606074,3.4872577761785095,1.2030773673553874,2.7280639976845933,,,193.9223276543613,201.92731097465662,382.45024078986506,4.623939265002889,-0.00190000000000623,0.204919188611819,0.743069188611819,295.91357142951676,6.999497734713955,-3.2124486803769337,1,1
2021-05-05,273.617269399509,-7.2157587477061025,-9.140766189096539,-14.507564522693883,-0.13515418078746677,-8.736656300713985,,,193.9223276543613,201.92731097465662,386.49313978942956,4.0428989995645,0.039400000000000546,0.204919188611819,0.743069188611819,291.10998827132875,2.086192435070666,4.669040241329103,1,1
2021-05-12,53.78285979494356,-6.667488155810863,-5.769489308895892,-9.7490406138939,-1.6219412241294862,-5.427625992768981,,,173.12515293203327,176.62245329444613,389.8532415245647,3.3601017351351175,0.026799999999994384,0.377151027497333,0.9172462655925709,299.0930764737797,10.59078280430672,3.8457842543299314,1,1
2021-05-19,225.6423751763748,3.263198098610065,5.906114753136205,8.215423180372472,-0.8339372557070845,4.970960002124691,,,173.12515293203327,176.62245329444613,401.041932728434,11.188691203869325,-0.06829999999999359,0.377151027497333,0.9172462655925709,317.54963962326735,9.765205687647205,-0.12918971150144287,1,1
2021-05-26,16.17510648904635,4.405835718885909,3.839766165700942,5.507646244912223,2.5544464363363772,4.134064623858258,,,173.12515293203327,176.62245329444613,390.2982260775997,-10.743706650834326,-0.029799999999994498,0.377151027497333,0.9172462655925709,319.78646275453923,-15.33876603773856,-4.015191360684689,1,1
2021-06-02,17.00243397556726,-1.4790037978737125,-1.4560071864825996,-2.0895112237532487,2.59509464728227,-1.4940942450618167,,,173.12515293203327,176.62245329444613,398.1549068076757,7.856680730075993,0.08699999999998909,0.377151027497333,0.9172462655925709,290.59333786801875,15.365257607897487,3.0191528121114253,1,1
2021-06-09,170.4180886842822,0.7042957335473776,-0.5794665537517396,-1.374139979171396,0.1863320536922508,-0.2999721901741026,,,170.97337846011976,178.25999010709182,393.78856649538733,-4.366340312288344,0.13949999999999818,0.303973297148943,0.8468823880580341,288.1897059983204,-2.7000681481851974,2.3938647601635665,1,1
2021-06-16,98.95372062889201,2.5099765895851167,1.8439155284490916,4.279888572456869,1.0051157140943623,2.1725419764784704,,,170.97337846011976,178.25999010709182,397.837238596968,4.048672101580678,0.03280000000000882,0.303973297148943,0.8468823880580341,284.67797266605146,9.540559745984378,1.0006425541016384,1,1
2021-06-23,150.5045091184877,0.6820843590653602,0.7474129664545526,5.059894665441966,-0.6334899721560205,0.0755235188661274,,,170.97337846011976,178.25999010709182,393.6715618018518,-4.165676795116212,0.08029999999999404,0.303973297148943,0.8468823880580341,278.36028435028817,-0.9515765597063464,3.540558529082638,1,1
2021-06-30,18.20691678002032,3.909346930329516,2.7221251188692897,6.021192629414429,-0.10369764880655552,2.4594681899274384,,,170.97337846011976,178.25999010709182,399.9301013535207,6.258539551668889,0.048500000000004206,0.303973297148943,0.8468823880580341,292.0415879244541,11.820313212622136,1.797499771115163,1,1
2021-07-07,15.42817872078322,1.1942796596506433,0.4677974996799339,-0.1680583359908283,2.1046014605611063,0.6627557555430208,,,170.97337846011976,178.25999010709182,402.9983803061711,3.0682789526504166,0.0023999999999944066,0.303973297148943,0.8468823880580341,290.0591579386164,9.30108208516196,2.2608744281958693,1,1
2021-07-14,245.8189864062714,-3.3732996336252263,-4.025650802634306,-6.150810630161718,0.6236361558485726,-3.6258750971590814,,,189.07865457809666,187.37054029943536,396.1003627649768,-6.898017541194292,0.0438000000000045,0.163364532874183,0.7081827146923649,285.1677128558745,-6.824630883691496,-3.47803651547709,1,1
2021-07-21,157.6386639597046,-0.216939883342393,0.967052417932468,2.995475470906861,-1.2242868770509396,-0.07383409745473912,,,189.07865457809666,187.37054029943536,397.55610262321335,1.4557398582365408,-0.0037999999999982492,0.163364532874183,0.7081827146923649,287.26659307772326,7.265572849188384,1.9060890304270828,1,1
2021-07-28,46.42387625029297,-1.4032042624092966,-0.13132423384738523,-2.9835429704125893,2.454762900573648,-0.22044630281694566,,,189.07865457809666,187.37054029943536,395.23968995664194,-2.3164126665714093,-0.06980000000000075,0.163364532874183,0.7081827146923649,306.9173237592965,3.320252955898262,-4.316828861889288,1,1
2021-08-04,138.756189602403,2.7334510471195728,1.2622509251253078,5.2603943641814865,0.8362782306578609,2.008107857988861,,,189.07865457809666,187.37054029943536,398.49016508407186,3.2504751274299224,0.08220000000000027,0.163364532874183,0.7081827146923649,296.94344983791774,9.919954122189667,3.454926025703653,1,1
2021-08-11,189.5222341731821,-0.07144883588767748,-0.04325166541372383,-2.9037452763940763,1.0896821985281413,-0.46759863634360244,,,201.28162501514726,205.79203839529433,401.4579593753238,2.9677942912519484,0.010300000000000864,0.0594693793304723,0.6070602884213813,295.55819284267756,6.237454860915603,-5.6148372060498275,1,1
2021-08-18,560.7162364189192,-1.8941757645356994,-3.4782360256366385,-8.123716949806337,0.23655261467778743,-2.798501285618027,,,201.28162501514726,205.79203839529433,405.5257173514054,4.067757976081566,0.017899999999997362,0.0594693793304723,0.6070602884213813,283.54461436206486,8.466164514026708,1.3988198429917276,1,1
2021-08-25,189.8055962209865,2.730541220671334,3.8238145567763837,5.265022303974121,0.19755500120055558,3.1738408574097043,,,201.28162501514726,205.79203839529433,404.4103345785354,-1.115382772869964,0.00920000000000698,0.0594693793304723,0.6070602884213813,291.61748647705633,-1.3155348361218788,-4.80889237784119,1,1
2021-09-01,235.2108992536113,0.9348307229043229,1.3704593917692964,3.044849385660786,0.46030000719605724,1.6731441684966875,,,201.28162501514726,205.79203839529433,403.4063631337171,-1.003971444818319,0.06629999999999825,0.0594693793304723,0.6070602884213813,288.08936488620543,-0.22058021516784265,4.989310163231675,1,1
2021-09-08,96.63924676058497,-2.3267116093652174,-2.367227596189636,-2.697936696657699,-1.1599093320922016,-2.5627781986440112,,,211.94786926470647,216.03591693102638,409.55105488620706,6.144691752489962,0.07459999999998956,0.19708119822436,0.7421266527698139,286.03649108530925,10.367642198489646,-0.18041778539048536,1,1
2021-09-15,138.8987505280743,-2.1248436777942192,-1.7575174406812444,0.4884198772413306,0.41469787817218773,-1.8563717717430706,,,211.94786926470647,216.03591693102638,413.3725518945951,3.8214970083880644,-0.0062999999999959755,0.19708119822436,0.7421266527698139,302.00687251655944,9.590361297728522,0.512644004588303,1,1
2021-09-22,14.25502786652754,0.9317686284300741,-0.31076455568417316,-1.0752823325492322,0.22081298930212157,-0.2934151411350783,,,211.94786926470647,216.03591693102638,409.11728710564654,-4.25526478894858,0.022700000000000387,0.19708119822436,0.7421266527698139,307.7063381652364,24.59886911132667,3.369884087879438,1,1
2021-09-29,236.9304795904723,-2.18778776949895,-3.529778153844454,-6.053456317086603,-3.7764989442658603,-3.178029516049552,,,211.94786926470647,216.03591693102638,410.3304303593573,1.2131432537107685,-0.06040000000000134,0.19708119822436,0.7421266527698139,312.70806601537737,1.3834587466990733,0.8780154849089783,1,1
2021-10-06,556.5306707949801,-3.0765797036315323,-1.9535600394171126,-0.8586924912283855,-2.2218647799557623,-2.54546697334872,,,211.94786926470647,216.03591693102638,414.04326664148556,3.712836282128251,0.048600000000007526,0.19708119822436,0.7421266527698139,317.6335688520576,18.90245708960938,3.0779685927330824,1,1
2021-10-13,87.35355913643211,7.066544916969031,7.508058176344701,12.49510221403023,1.612742114364707,6.996389464491681,,,187.2398433784515,191.67183643519695,407.8215180292217,-6.221748612263866,-0.17070000000001073,0.352497867398119,0.9023073912076429,319.17841367962046,22.249444738974944,4.434007315664079,1,1
2021-10-20,101.9791117900023,4.231402831395803,3.3000650500431217,2.3797342256099974,2.121138994739713,4.0803481331058045,,,187.2398433784515,191.67183643519695,407.8215180292217,0.0,-0.015899999999987813,0.352497867398119,0.9023073912076429,298.77757038375347,-14.469687460931357,2.595343342886469,1,1
2021-10-27,165.309617249805,3.1845127158224518,3.072052662574487,4.383903580869841,-0.036735765304207746,3.096295346789546,,,187.2398433784515,191.67183643519695,405.62964945845704,-2.1918685707646546,0.15569999999999595,0.352497867398119,0.9023073912076429,277.13129087357294,-0.17640742919855512,2.6346848554676505,1,1
2021-11-03,224.5151959551227,0.31456857784251113,1.0573556996186895,3.0942109268846885,2.0135518749628822,0.5437374737186751,,,187.2398433784515,191.67183643519695,409.25095462763716,3.6213051691801184,0.07930000000000348,0.352497867398119,0.9023073912076429,282.8443161273998,-7.361174303217233,-1.9308346487992623,1,1
2021-11-10,225.4927196914606,0.6426712975773352,-1.9608553825097186,-4.161568482230837,1.0795980935294658,-1.0400356003583688,,,229.32187991367334,230.38378229584893,409.11728710564654,-0.13366752199061693,-0.09029999999999916,0.31220618663745,0.879569823001086,280.1643756835011,-12.598588193751503,-3.656138971313183,1,1
2021-11-17,150.0412241436025,2.537508772464392,1.352198386197312,4.151282987865468,1.7154810197038906,1.1148244213180725,,,229.32187991367334,230.38378229584893,414.55128487965,5.433997774003444,0.12429999999999097,0.31220618663745,0.879569823001086,284.3518882636849,-8.758876684717354,2.207272100675972,1,1
2021-11-24,93.7999585578222,-2.62124151914227,-2.722932097813624,-3.6055159287391447,-2.753933198956382,-3.115132580848723,,,229.32187991367334,230.38378229584893,420.69289229692464,6.141607417274656,-0.028099999999994907,0.31220618663745,0.879569823001086,281.43422827177005,30.366815304026318,-2.738892317924435,1,1
2021-12-01,285.9615076969129,-1.881659897144372,-4.929215513625929,-8.11104414856425,-1.5598999998584162,-3.5787960256881135,,,229.32187991367334,230.38378229584893,428.90886390146125,8.215971604536605,-0.18470000000000653,0.31220618663745,0.879569823001086,302.8489837792163,-1.0794440961087837,2.0854534004274505,1,1
2021-12-08,246.3147347563251,-2.7090866724246876,1.0489428845041893,0.6345612951134783,2.325716233796271,-0.2709212975579689,,,258.40928353024697,262.1064307240119,434.13348400105906,5.224620099597814,-0.19530000000000314,0.278432004803968,0.860388526543098,325.8727108400955,1.7832476295556177,-16.94629788422306,1,1
2021-12-15,385.1067995930995,-8.053210965383428,-5.487621492660999,-6.558951112839928,-2.579354242874654,-6.126194207772162,,,258.40928353024697,262.1064307240119,448.72871453313746,14.595230532078403,0.17730000000000246,0.278432004803968,0.860388526543098,320.71270778336526,5.912147140944413,8.818524069272993,1,1
2021-12-22,137.4865329720236,0.4855391819903687,-1.9580921986123379,-4.547382140798284,2.1113406525242517,-1.4511615042739123,,,258.40928353024697,262.1064307240119,438.8257184424518,-9.90299609068569,0.1414000000000044,0.278432004803968,0.860388526543098,320.8486037468147,26.487262382240484,-2.9805079602459372,1,1
2021-12-29,59.45996779732072,-1.2371413818041077,-1.47026857280248,-3.0667266619044398,3.0123596187635826,-0.9899710635405512,,,258.40928353024697,262.1064307240119,433.44107807322183,-5.384640369229942,0.07609999999999673,0.278432004803968,0.860388526543098,304.65251927747653,26.761766344130766,1.3207739167778065,1,1
