Date,split,realized_variance_daily_proxy,daily_log_return_sum,trading_days,GCPU_baseline,y_IQQH_EUR,y_ICLN,y_TAN,y_stoxx,y_Global_Clean_Index,CPU_EU_step,CPU_EU_spline,GEPU_current,GEPU_ppp,l_t,c_t,itraxx_robustness,rate_10y,Term_Spread,log_VSTOXX,TTF_return,Brent_return,COVID_dummy,Energy_crisis_dummy
2016-01-13,train,23.91949598409059,-8.750427709056495,5,93.44739103798284,-8.750427709056495,-10.350248836466802,-17.862593912127167,-2.4794199125026672,,0.2525937504425556,,144.52665766496807,139.96425403713414,204.76928433652557,,,1.11450059178444,1.26065059178444,326.9911085968026,1.4315921825067246,-5.062916124134498,0,0
2016-01-20,train,67.2161317361076,-11.656931200722266,5,43.14949550565428,-11.656931200722266,-6.469321444313181,-6.956787365384631,-6.547708295444643,,0.2525937504425556,,144.52665766496807,139.96425403713414,197.9621206397625,-6.807163696763041,-0.2359715999999991,1.11450059178444,1.26065059178444,333.70072442763615,-6.514693043061204,-17.041281311723864,0,0
2016-01-27,train,19.71841581390273,7.120504149121087,5,56.22965492534179,7.120504149121087,3.645616467678825,6.026935605079942,6.113354206830834,,0.2525937504425556,,144.52665766496807,139.96425403713414,184.0549633397487,-13.907157300013807,-0.6119803999999931,1.11450059178444,1.26065059178444,355.8579976079677,-10.205741854776695,-9.422609304116136,0,0
2016-02-03,train,39.6218770700829,-2.1895324335206467,5,83.49771820579537,-2.1895324335206467,2.0083260152097493,-1.3082871208957236,-3.1236391546487496,,0.2525937504425556,,144.52665766496807,139.96425403713414,177.4952350911674,-6.559728248581308,0.3654674,1.11450059178444,1.26065059178444,332.44315214769864,3.734953505904137,20.192816183344146,0,0
2016-02-10,train,24.09664054344426,-6.871862997904832,5,153.9775651706734,-6.871862997904832,-7.527825439163505,-12.802052253156493,-3.296676080474548,,0.0672176667060411,0.0679800599637729,147.48300213264932,144.826617455293,172.4550719534605,-5.040163137706884,-0.6151566000000059,1.04183095663421,1.225402385205639,342.5463887221656,-2.747425555224847,1.7131706955487491,0,0
2016-02-17,train,42.50762583330463,4.517750272401777,5,190.0988011412122,4.517750272401777,4.439688875749015,4.168225071532472,5.20886859790517,,0.0672176667060411,0.0618232514292667,147.48300213264932,144.826617455293,158.10384379124025,-14.351228162220252,-0.6231160999999901,1.04183095663421,1.225402385205639,351.0135490096411,-7.576398630448988,-8.8416147821603,0,0
2016-02-24,train,10.473015362933644,-0.4868529378647013,5,94.58947598233244,-0.4868529378647013,0.9603989496979491,1.1596934094201483,-1.644252002983304,,0.0672176667060411,0.0441419123384037,147.48300213264932,144.826617455293,162.13664832993743,4.032804538697178,0.4742089999999876,1.04183095663421,1.225402385205639,341.7670944355044,-0.7960824713292958,11.372623496076928,0,0
2016-03-02,train,11.833179545090665,7.043279199974717,5,38.06901828439257,7.043279199974717,4.096542390617408,6.065065597922592,5.268549567066394,,0.0672176667060411,0.0178281822481244,147.48300213264932,144.826617455293,157.69147207285403,-4.445176257083404,-0.1301560999999935,1.04183095663421,1.225402385205639,350.007090219004,1.378640710078605,-5.28634895570681,0,0
2016-03-09,train,8.898791794030082,1.6753015495529544,5,90.24966048275272,1.6753015495529544,2.379699154416804,1.6556862459661037,0.9337648863768422,,-0.0094048297185757,-0.0142257992846304,159.28977291016236,160.7291506237977,160.1405740736836,2.4491020008295834,0.8117713000000037,0.930695301153468,1.159219110677278,330.04300050760185,1.3435190755687998,14.403162725838923,0,0
2016-03-16,train,20.94063827572137,0.1702361262518881,5,101.3111950843768,0.1702361262518881,2.6521219757833947,0.2459859043403067,0.5941529021151304,,-0.0094048297185757,-0.0491278927029201,159.28977291016236,160.7291506237977,162.3340817603092,2.193507686625594,0.2456664999999986,0.930695301153468,1.159219110677278,333.4370020906277,-1.1528454426708468,10.133924712166875,0,0
2016-03-23,train,5.782314775270352,0.4666841299788782,5,76.39410357410702,0.4666841299788782,-1.2068532998273709,-7.789520232802127,1.1133444731426856,,-0.0094048297185757,-0.0839859584498039,159.28977291016236,160.7291506237977,160.1405740736836,-2.193507686625594,0.7232048000000049,0.930695301153468,1.159219110677278,313.9806643164443,-0.6564484082576705,-4.78219296320912,0,0
2016-03-30,train,8.312648857995594,1.0107650870260443,3,136.8705118922398,1.0107650870260445,3.1507197913048124,0.04427139713159,1.3134899715117498,,-0.0094048297185757,-0.1159078569683414,159.28977291016236,160.7291506237977,156.65304114228238,-3.4875329314012333,0.129702899999998,0.930695301153468,1.159219110677278,309.54463781939273,-0.3089385832944824,1.1914152843570225,0,0
2016-04-06,train,5.658659138284144,-4.018516779007109,5,14.95552328316886,-4.018516779007109,-3.2611513564513306,-0.04427139713159,-3.44284799158574,,-0.0094048297185757,-0.1420014487015916,159.28977291016236,160.7291506237977,159.73653311998314,3.08349197770076,0.1099194999999895,0.930695301153468,1.159219110677278,311.99081646293126,0.957104389153729,-5.531241776427853,0,0
2016-04-13,train,9.708634908979029,4.540936396215622,5,13.93292340055902,4.540936396215622,3.5814798216295074,3.3945865528878016,3.299524454032987,,-0.1479815243973709,-0.1593350227197768,142.29600124441353,144.8379381031954,166.7706820558076,7.034148935824476,-0.2585658999999936,0.960151858445288,1.209342334635764,322.55971858283255,-5.735819894980043,2.737691106551976,0,0
2016-04-20,train,1.2811600031329062,0.2081759116402404,5,168.9905840331039,0.2081759116402404,-0.2134443719315371,3.324539812145044,2.34156015298268,,-0.1479815243973709,-0.1645881189263656,142.29600124441353,144.8379381031954,171.01878155342433,4.248099497616721,0.1672396999999961,0.960151858445288,1.209342334635764,310.5115686498709,-0.6865619785981547,12.525658343248924,0,0
2016-04-27,train,2.7319743934296805,-0.6259023717503309,5,185.866291050222,-0.6259023717503309,0.3200416635081637,2.5741961700660454,-0.0467132077111465,,-0.1479815243973709,-0.1542196272498857,142.29600124441353,144.8379381031954,171.19945007591923,0.1806685224948978,0.2488874000000009,0.960151858445288,1.209342334635764,298.9870124685416,4.126704650331403,0.6519231470892173,0,0
2016-05-04,train,15.514153876623563,-6.820088989106421,5,103.5581526910809,-6.820088989106421,-6.262352891887102,-9.825938500094722,-3.7772276609458366,,-0.1479815243973709,-0.1246859050510036,142.29600124441353,144.8379381031954,192.2787731634459,21.07932308752666,-0.0201864999999941,0.960151858445288,1.209342334635764,305.7969711729695,16.961295468788194,2.475487398068843,0,0
2016-05-11,train,7.422424390165592,0.8922602283939041,5,262.1835130457125,0.8922602283939041,0.4524703029518129,-3.856208693128993,1.652223121557128,-0.1744620448084433,-0.0978409607949602,-0.0726184094645751,125.81350028030027,122.20841082088944,181.319474994812,-10.959298168633891,-0.4124187000000034,0.972331397375095,1.229513215556913,329.72173941182075,-11.791716482297154,-2.4986973320247685,0,0
2016-05-18,train,3.810322355549407,-1.5066465757010539,4,121.3420148954829,-1.506646575701054,-4.148042787142026,-1.96177510718778,0.92375752558711,-3.1414855698820965,-0.0978409607949602,-0.0004333753505341,125.81350028030027,122.20841082088944,178.84205679625404,-2.477418198557956,0.1196628000000004,0.972331397375095,1.229513215556913,317.21824608760164,4.608458153864614,6.73201640994483,0,0
2016-05-25,train,15.23349347474999,2.0568019189825426,5,30.50892670977988,2.0568019189825426,2.325634756065953,4.112393385932656,2.434397330544691,1.5995328771511552,-0.0978409607949602,0.0824813973477113,125.81350028030027,122.20841082088944,179.84040119467235,0.9983443984183112,-0.0587562999999988,0.972331397375095,1.229513215556913,314.83117196397643,0.651168654749501,6.001168891339637,0,0
2016-06-01,train,2.2290306431089606,1.4216020334000046,5,7.359549368569877,1.4216020334000046,2.1604673268461605,0.0452450966639705,-0.5966175183210964,1.8187918714801297,-0.0978409607949602,0.1663230573701559,125.81350028030027,122.20841082088944,176.81496035889214,-3.0254408357802163,0.3646071000000006,0.972331397375095,1.229513215556913,304.73944998777847,1.5156398044258612,-0.1226994018968863,0,0
2016-06-08,train,4.3001059279972536,0.7471287274073424,5,158.4685428573,0.7471287274073424,2.5542685460864245,0.1356500497233792,0.0103167234177803,2.415610663268808,0.241288753456794,0.241288753456794,231.05573344420367,220.1147415136731,178.33912195575382,1.5241615968616884,-0.1323466000000053,0.882978166585566,1.1508872574946571,317.5203939931916,5.679482990133833,-0.1228501383007341,0,0
2016-06-15,train,16.887046225811606,-6.069332274458872,5,60.97408875042601,-6.069332274458872,-8.940686894949689,-9.870503781441808,-5.551827152875166,-7.894664441539056,0.241288753456794,0.2972025093499627,231.05573344420367,220.1147415136731,180.66480817218056,2.325686216426732,0.0755678000000017,0.882978166585566,1.1508872574946571,319.1159244693089,2.2970138567524057,3.8582241679542495,0,0
2016-06-22,train,12.406484783642838,4.012398787782279,5,115.8099905241158,4.012398787782279,4.22910166280277,1.73058218294444,4.9672570600777455,4.274448402699616,0.241288753456794,0.3223958488013674,231.05573344420367,220.1147415136731,177.15567619105354,-3.5091319811270125,-0.6925853999999987,0.882978166585566,1.1508872574946571,362.93178608324064,-1.3986241974739857,-6.64195190153718,0,0
2016-06-29,train,25.44775224146634,1.2215545084586443,5,194.9013912395424,1.2215545084586443,1.510765660204516,1.1695954715574164,-5.953566425594836,-0.1236273883004734,0.241288753456794,0.3048271705650566,231.05573344420367,220.1147415136731,173.34238922150917,-3.8132869695443783,0.4962083000000064,0.882978166585566,1.1508872574946571,358.4560062964521,7.199306124909599,2.0021523851911027,0,0
2016-07-06,train,3.712877271242984,0.7696476698859422,5,144.5824475169947,0.7696476698859422,1.1467960333358729,2.3936073074901643,-2.825898657510617,0.8820363811953058,0.241288753456794,0.2324548733950782,231.05573344420367,220.1147415136731,150.6297153514587,-22.71267387005045,-0.4221252000000106,0.882978166585566,1.1508872574946571,335.17620093907345,-5.606426281501831,-0.0619642692551991,0,0
2016-07-13,train,10.096978365811122,3.1269513110811165,5,136.4315681722471,3.1269513110811165,2.2548825487545443,1.4091374963894676,6.565662246344317,3.0718654143597317,0.2000259813388548,0.0966135901949522,204.9228587156837,188.7607739232181,152.16989981260934,1.5401844611506306,0.161472400000008,0.621088196069088,0.9156120055928972,334.1373064516489,-1.8608441811710288,-5.7401515822426585,0,0
2016-07-20,train,3.5084178209925168,2.577945386952485,5,122.0740109782613,2.577945386952485,1.4389052347717255,1.8942752995815937,1.959250633022336,1.418537385752927,0.2000259813388548,-0.0781939218473902,204.9228587156837,188.7607739232181,156.44405465033643,4.27415483772711,0.5939326999999963,0.621088196069088,0.9156120055928972,313.9477576153039,0.4438658782812243,-2.2796162536131703,0,0
2016-07-27,train,1.2936314808483504,0.6804895860313742,5,54.7445566522116,0.6804895860313742,1.20150957395877,0.502146511760726,1.2457838612593974,0.6272953294893746,0.2000259813388548,-0.2486390239265636,204.9228587156837,188.7607739232181,154.11590716808058,-2.328147482255872,0.1558643999999986,0.621088196069088,0.9156120055928972,301.2835181453653,3.4409916870877133,2.541854166132218,0,0
2016-08-03,train,9.599455390653876,-2.518086201209746,5,11.08883369233548,-2.518086201209746,-0.6535964580889786,-0.2279418972462199,-1.8928664301303575,-0.4257882645335442,0.2000259813388548,-0.3711769982516159,204.9228587156837,188.7607739232181,150.85119938441397,-3.2647077836666085,0.0108107000000075,0.621088196069088,0.9156120055928972,302.20528286193405,-1.8716482324830697,-6.864997337109013,0,0
2016-08-10,train,9.505144120768776,0.6302478242150578,5,117.6704705237998,0.6302478242150578,-0.4380999278949193,-3.0115773886756347,3.962133684314928,0.2285715280855527,-0.4052522475256436,-0.4026262389618744,134.74163051003325,135.32588036274123,153.03947050936475,2.1882711249507736,-0.0509829000000081,0.611150867374379,0.909368258678727,313.33789368246465,-5.315260697773372,-5.600406014975867,0,0
2016-08-17,train,1.9492116714366412,-0.8412123540833427,5,56.56918496649518,-0.8412123540833427,1.091696385983898,0.5160848902152626,-1.0064059455581642,0.5939001667718102,-0.4052522475256436,-0.3314412671222493,134.74163051003325,135.32588036274123,156.23463049002498,3.195159980660236,0.2020562000000012,0.611150867374379,0.909368258678727,295.43997320601403,-6.070216824739916,4.211658263174645,0,0
2016-08-24,train,6.821442722382718,2.379053197265768,5,51.71223016947624,2.379053197265768,0.7571709346569921,-0.7515407603782442,2.5592244248191065,1.0591988761068372,-0.4052522475256436,-0.2018142850955213,134.74163051003325,135.32588036274123,149.73884086254773,-6.495789627477251,0.0270213999999953,0.611150867374379,0.909368258678727,305.3543529801509,-6.3551545517392505,14.102869743777902,0,0
2016-08-31,train,3.9055249796006075,-0.9323500719001565,5,131.6891383693248,-0.9323500719001564,-0.9745356259660998,-1.4245274060294744,-0.8558117712798463,-1.2983884794741662,-0.4052522475256436,-0.0636111191550849,134.74163051003325,135.32588036274123,,,-0.0066234999999892,0.611150867374379,0.909368258678727,298.7251412501034,-8.391350664035224,-2.121985175144525,0,0
2016-09-07,train,4.4081103586597,3.3971006458641373,5,206.7707397327158,3.3971006458641373,3.8424994821026894,0.8571492469294562,2.409279251840424,3.975610105591176,-0.4052522475256436,0.0333024044256651,134.74163051003325,135.32588036274123,149.51487660319728,-0.2239642593504527,-0.0232014000000049,0.611150867374379,0.909368258678727,296.6128370295411,13.009915892436386,0.7958157183657111,0,0
2016-09-14,train,9.618574381009196,-6.076283770161162,5,113.5152996604212,-6.076283770161162,-5.820620879931493,-7.174008486388361,-3.4793454769801,-5.976298793491175,0.0408689821047254,0.0486417044939044,135.50843354811593,137.52613762559955,138.8791241318478,-10.635752471349493,0.1663097999999934,0.732542524614651,1.034178888251015,292.1778904833158,-5.456709631192691,-1.9802627296179764,0,0
2016-09-21,train,2.6926784320353474,2.8040113014644374,5,277.665375433089,2.804011301464437,3.060365582040125,0.2035732365492037,0.9150390643434037,2.3984528587903675,0.0408689821047254,0.0012509024232882,135.50843354811593,137.52613762559955,138.12818192963462,-0.7509422022131673,-0.2184781999999927,0.732542524614651,1.034178888251015,310.0731724035631,-0.4426448952913553,-2.91439946690808,0,0
2016-09-28,train,6.691177361405988,0.0,5,7.279589495366094,0.0,0.64376634675547,3.888819898179907,-0.1001452189250073,0.3418690451736594,0.0408689821047254,-0.0674922113326692,135.50843354811593,137.52613762559955,143.98351280479204,5.855330875157421,0.111819600000004,0.732542524614651,1.034178888251015,300.03366570922736,10.479954809969303,0.7420374510854977,0,0
2016-10-05,train,7.657669599689385,-1.0659528901670656,4,100.8694576086886,-1.0659528901670656,-0.9672285494825684,1.2150984473337625,0.5993724551577095,-1.629642870889203,0.0408689821047254,-0.1161654887041547,135.50843354811593,137.52613762559955,,,0.0185546999999957,0.732542524614651,1.034178888251015,298.03546415096685,4.660909120186618,-1.0931459969919732,0,0
2016-10-12,train,3.2488789707561354,-0.653529316220558,5,22.13631326967988,-0.653529316220558,-3.405044161361204,-2.692959893729485,-1.7836531848520742,-2.5520060780173104,-0.1206166734484832,-0.105801776866118,126.4360770997193,121.611165183971,170.11051009599242,26.126997291200382,-0.0200102000000015,0.766417752375933,1.075417752375933,296.75436821446806,14.8668051752312,8.589329045056981,0,0
2016-10-19,train,5.498848097322781,3.0617744776948674,5,145.4982435270718,3.0617744776948674,2.755000531993224,2.8377676900940507,1.4844160157760022,2.1767970685499627,-0.1206166734484832,-0.0386701712453895,126.4360770997193,121.611165183971,170.6564623164823,0.5459522204898803,-0.0437694999999962,0.766417752375933,1.075417752375933,300.23006544320225,-4.638420664117637,-0.0807265432336556,0,0
2016-10-26,train,2.4869385895103653,-1.5920817044592583,5,55.59996830744601,-1.5920817044592583,-2.5317884695376325,-4.741614515416526,-0.9837955168650048,-2.1962738514011093,-0.1206166734484832,0.0487437365073149,126.4360770997193,121.611165183971,173.51891177396607,2.8624494574837627,0.2165157000000022,0.766417752375933,1.075417752375933,289.4352712260728,8.398673853445837,4.577638807539008,0,0
2016-11-02,train,12.665499689446932,-6.634666383192345,5,129.3037049918644,-6.634666383192345,-4.795421250904686,-4.23618671736814,-3.683667199319629,-4.433505828366968,-0.1206166734484832,0.118918653622395,126.4360770997193,121.611165183971,178.17091333745535,4.652001563489307,-0.0139628000000016,0.766417752375933,1.075417752375933,292.7132182061734,2.278863597088465,-5.694288315151441,0,0
2016-11-09,train,20.51521559405883,-1.8658369790441443,5,38.06901828439257,-1.8658369790441445,-3.9361299745456657,-6.204392172524731,2.7970242787554334,-4.561692829255293,0.1369059570266689,0.1343788564274615,228.7257194746165,213.8180989889198,183.0980182381336,4.927104900678245,-0.2174923999999976,1.22588777156883,1.5385695897506482,316.35575991959,10.111968921517356,-10.13307169011184,0,0
2016-11-16,train,15.955523909754191,-1.9326740154376632,5,139.3549823029348,-1.9326740154376632,-4.351208030093789,-0.9024209694953989,0.5987130371038596,-3.037092717509537,0.1369059570266689,0.0807977226335058,228.7257194746165,213.8180989889198,181.15620965242348,-1.9418085857101344,0.1621728999999874,1.22588777156883,1.5385695897506482,304.932517182458,-5.648521891529468,-0.8622699215873997,0,0
2016-11-23,train,1.8108588225057218,1.607507690307175,5,119.3596504649728,1.607507690307175,1.5132681984265206,0.1132621759973862,1.5709625694014129,0.8650314939294468,0.1369059570266689,0.0045922365342864,228.7257194746165,213.8180989889198,171.37979277583432,-9.776416876589169,-0.3229153999999994,1.22588777156883,1.5385695897506482,304.9969480375904,-1.5980533643224604,2.6758201295527417,0,0
2016-11-30,train,2.133733979498357,1.103202566863093,5,51.95858454339514,1.103202566863093,0.6238433587472558,-0.7954597233070793,0.3380564989305945,0.2333677192326355,0.1369059570266689,-0.0379776925787802,228.7257194746165,213.8180989889198,168.4545384920906,-2.925254283743726,-0.1327804000000014,1.22588777156883,1.5385695897506482,300.53261052253123,0.9877320319962024,3.2095321171588864,0,0
2016-12-07,train,6.471053819578255,-1.1956909796646542,5,59.00129334311405,-1.1956909796646542,1.6039762058746243,3.860618303652119,1.4143392098922902,1.1548334246374914,0.1369059570266689,0.0093478445857221,228.7257194746165,213.8180989889198,152.16989981260934,-16.284638679481247,0.1526831000000044,1.22588777156883,1.5385695897506482,306.5127730659144,2.265630808666552,2.9846643455301525,0,0
2016-12-14,train,4.342526055266973,0.39246761539890596,5,16.30152037865406,0.3924676153989059,-3.234121079558472,-3.803595339225741,1.717405040136999,-1.314967892702601,0.0267275022028092,0.1888674011448717,184.98364258927208,185.3912372721263,145.86150226995167,-6.308397542657673,0.302897999999999,1.28320932640245,1.598971231164355,284.1624926121204,-11.404271604066007,7.915998884239572,0,0
2016-12-21,train,1.3140457261438394,0.41388919636595745,5,162.152776712848,0.4138891963659574,0.1263517385861945,0.7384367588807006,0.9955093222827394,-1.487001427328316,0.0267275022028092,0.456719864565781,184.98364258927208,185.3912372721263,161.14359150967735,15.282089239725678,0.1011957000000052,1.28320932640245,1.598971231164355,283.9937743344737,5.238807950695312,2.379931461611396,0,0
2016-12-28,train,1.9132188021757086,1.3221110981289863,4,107.4136321279013,1.3221110981289863,0.7049134047276251,-0.9849384202819778,0.4988015377426436,0.9712500658827672,0.0267275022028092,0.7362090809425823,184.98364258927208,185.3912372721263,175.61322915849038,14.469637648813034,0.1655066000000005,1.28320932640245,1.598971231164355,269.03816949486736,2.9121008127079406,-0.2637529788242165,0,0
2017-01-04,train,2.893768794130536,2.106270802836363,5,368.8815039024011,2.106270802836363,3.5135252009245166,3.998184369452762,0.260287409440707,2.9086402925173616,0.0267275022028092,0.950574260461193,184.98364258927208,185.3912372721263,,,-0.1004324999999966,1.28320932640245,1.598971231164355,283.7017862395471,6.287093750502137,3.5943105849916,0,0
2017-01-11,train,1.210975721171426,0.9928386629865615,5,177.4917633006017,0.9928386629865616,1.71153487025959,1.9972000422366687,0.9080492420661556,1.7843941059494384,1.0142886897732264,1.0248782111788195,247.29754147936168,252.5567930262066,174.22190236679188,-1.3913267916985037,0.2252159999999889,1.30738702746158,1.632932482007035,280.1182252931362,0.366855822555312,-0.6939399651490152,0,0
2017-01-18,train,2.266712284789049,0.4818498665813964,5,131.438169377924,0.4818498665813964,0.6042215806717488,0.1693424826731071,-0.4177135118830222,1.377616555438621,1.0142886897732264,0.944430011567098,247.29754147936168,252.5567930262066,170.6564623164823,-3.565440050309576,-0.0773389000000008,1.30738702746158,1.632932482007035,275.3730773594184,8.433217330208453,-1.7748663358694294,0,0
2017-01-25,train,1.6492499157617178,-0.6576170769113876,5,270.929541663783,-0.6576170769113876,1.0785251708160135,0.3378492763038476,1.739093181043394,-0.0355675365742769,1.0142886897732264,0.7671449516397182,247.29754147936168,252.5567930262066,157.69147207285403,-12.96499024362828,0.0426218000000062,1.30738702746158,1.632932482007035,269.80402684728915,-4.397518100374631,0.2980072982140314,0,0
2017-02-01,train,6.317794442057425,-0.6398394984931777,5,184.0927307491709,-0.6398394984931777,-0.3582218778050317,-2.389180641580868,-0.602690744114831,-0.084289398575077,1.0142886897732264,0.5552609237719437,247.29754147936168,252.5567930262066,160.34198401085374,2.6505119379997097,0.0612334000000061,1.30738702746158,1.632932482007035,275.3393160641928,2.0383128371820547,1.05449131766151,0,0
2017-02-08,train,1.1005037787608674,0.6618183640669573,5,61.76833132509012,0.6618183640669573,0.0,-0.0576003610660791,0.1115397243491855,0.3666090932488153,0.3710158203390378,0.3710158203390378,186.2873276929412,188.4748211580352,166.01310267496186,5.671118664108121,-0.2677305000000132,1.43714133420551,1.76574133420551,281.19716818457795,7.186875348005062,2.633403785923516,0,0
2017-02-15,train,5.383645566907374,4.996196330992619,5,208.1949948243084,4.996196330992619,3.9864299998213726,6.79170570857579,2.159613430058105,3.658832944956192,0.3710158203390378,0.2603085268556093,186.2873276929412,188.4748211580352,165.05798557652756,-0.9551170984343004,-0.0624056999999993,1.43714133420551,1.76574133420551,282.3222424144029,-5.857292830507577,-2.486290850233664,0,0
2017-02-22,train,3.4652259666600265,1.8444443316125936,5,345.1731633473386,1.8444443316125936,0.6872995634035206,0.7506666820604746,0.0,0.974411693374666,0.3710158203390378,0.2036819013936499,186.2873276929412,188.4748211580352,161.93882432872684,-3.1191612478007187,0.2058943000000113,1.43714133420551,1.76574133420551,268.6683551360319,-7.366452409146706,0.2752547843040354,0,0
2017-03-01,train,3.1192696593863674,-1.239701356092593,5,99.94532367365775,-1.239701356092593,-0.6872995634035206,-0.3746236738059849,1.5426557616845749,-1.1040923729197516,0.3710158203390378,0.1653397951644971,186.2873276929412,188.4748211580352,162.3340817603092,0.3952574315823653,-0.1320631000000105,1.43714133420551,1.76574133420551,269.8518249382952,-4.358886032171094,0.6029067317343983,0,0
2017-03-08,train,0.7226118341641788,-1.0449173219522434,5,116.8889277758114,-1.0449173219522434,-1.2723929438339443,-3.6586022249887495,-1.0348333146599664,-0.7943514640867733,0.1094860593794881,0.1094860593794881,236.02181683318676,246.41324331698056,177.6645831418007,15.3305013814915,0.1960523000000051,1.45313673040938,1.7824845564963372,273.3750435952023,-5.3144081792204645,1.4825800396120137,0,0
2017-03-15,train,3.5539311247070904,-1.0984704554052316,5,23.06874679883299,-1.0984704554052316,1.0422838011472368,0.6099251060337707,0.5502449387313035,0.078085989349308,0.1094860593794881,0.0120933824860915,236.02181683318676,246.41324331698056,165.63214983329507,-12.032433308505633,-0.0347780000000028,1.45313673040938,1.7824845564963372,270.6388821775544,-5.199480265904066,-4.440281773980592,0,0
2017-03-22,train,7.952870113434302,-2.8437765949659077,5,126.1296153056972,-2.843776594965908,-2.33114049025438,-3.831469044073721,-0.4417605453227224,-1.935508818212206,0.1094860593794881,-0.103790198123699,236.02181683318676,246.41324331698056,164.67336971777974,-0.9587801155153386,-0.0152061000000003,1.45313673040938,1.7824845564963372,274.716193395838,-0.9276504370292482,-5.139204518998097,0,0
2017-03-29,train,4.695866914182904,1.561189452228584,5,104.9594000455785,1.561189452228584,1.1723596478520504,-0.4028687464890268,1.6132996109031517,1.1299347307748064,0.1094860593794881,-0.2033478078217591,236.02181683318676,246.41324331698056,160.1405740736836,-4.532795644096126,0.1610241999999999,1.45313673040938,1.7824845564963372,267.5168818532198,-3.1237750495280103,-2.1360229220876104,0,0
2017-04-05,train,0.4708239895441678,0.4721732903303133,5,321.8712883739858,0.4721732903303133,-0.9367778130797032,-0.7525379389500486,1.403748661760229,-0.9893787719205348,0.1094860593794881,-0.2517625719799637,236.02181683318676,246.41324331698056,155.814461804655,-4.326112269028613,0.1074681999999995,1.45313673040938,1.7824845564963372,276.82292334623287,-0.1539646185592769,3.5675602620763858,0,0
2017-04-12,train,0.75399619832579,-0.10711545314392446,5,140.9154897701914,-0.1071154531439244,0.3523321747087582,1.6138639647443664,1.0725599855448742,0.4260073386628704,-0.2482276950300531,-0.2166040474892282,176.40003710496936,175.7483549203579,157.2773928062509,1.462931001595905,-0.042223100000001,1.26257504822609,1.592963937114979,291.8878226693771,4.069872035836353,3.913833496997343,0,0
2017-04-19,train,1.634665113464604,-0.6883325144659613,3,68.95883288018688,-0.6883325144659613,-0.9423078038701238,-1.6719885127669087,-0.7792982254589909,-0.9206772249140016,-0.2482276950300531,-0.105526383161842,176.40003710496936,175.7483549203579,159.53389880545987,2.2565059992089687,-0.0791758999999956,1.26257504822609,1.592963937114979,312.3047510855527,-3.691799751845748,2.477937434493116,0,0
2017-04-26,train,1.6740410689766543,-1.085054908068095,5,108.1370023952282,-1.085054908068095,0.8250167243927242,1.9574676684857903,4.512043528047016,0.6571724611134755,-0.2482276950300531,0.0405553828932858,176.40003710496936,175.7483549203579,157.48464676644812,-2.049252039011748,0.0848036000000007,1.26257504822609,1.592963937114979,318.6439406257251,3.327455630642273,-4.329842211216883,0,0
2017-05-03,train,3.5502423383643116,0.9338576534066778,4,178.8432540161874,0.9338576534066778,1.166848825113087,1.1337914047708342,0.4169104679614399,1.297886268948023,-0.2482276950300531,0.1797194367701519,176.40003710496936,175.7483549203579,152.82278570085572,-4.661861065592404,0.4862221000000062,1.26257504822609,1.592963937114979,274.624474690018,-0.6330313449956826,-4.765596115896242,0,0
2017-05-10,train,2.9558847348820247,0.8395297691273784,5,179.7747016117982,0.8395297691273784,0.9237778778242944,2.559979613169805,0.799755635360988,0.4923657079313415,0.251665002368567,0.2703026818926181,144.09811272073168,141.1083830098967,147.932922708708,-4.889862992147727,0.123143199999987,1.17237157183444,1.501826117288985,285.63667525934795,1.6363945377757094,-2.3682920460665,0,0
2017-05-17,train,5.197664465433382,-3.1631459123421024,5,124.1258991843363,-3.1631459123421024,-0.8078211069777019,-2.1100314371309548,-2.089447742971551,-0.7842035803601988,0.251665002368567,0.2931827690491337,144.09811272073168,141.1083830098967,149.06543764441335,1.132514935705359,0.1805695000000042,1.17237157183444,1.501826117288985,264.37249905456525,-4.927414235697691,-1.5065809675242736,0,0
2017-05-24,train,5.751439277580005,0.15682032485455633,5,35.98931418572013,0.1568203248545563,0.5777119642909945,3.5826243555444397,0.4163606056936331,0.5283306149967082,0.251665002368567,0.2689504591625994,144.09811272073168,141.1083830098967,151.95132049061132,2.8858828461979726,-0.0588268999999996,1.17237157183444,1.501826117288985,278.15360750310464,0.2313625710706368,7.354339490307371,0,0
2017-05-31,train,1.8196160527279122,-0.786457870301116,5,42.56420845772954,-0.786457870301116,0.115098549638315,0.2163403523818718,0.3853730735955629,-0.2802141649392631,0.251665002368567,0.2222389714350739,144.09811272073168,141.1083830098967,159.1273941806429,7.176073690031586,0.0757626999999985,1.17237157183444,1.501826117288985,263.01391088103674,-0.1863334622077772,2.913104611604611,0,0
2017-06-07,train,0.8232389314706305,-0.33893183523703296,5,272.6850121970553,-0.3389318352370329,-0.5770008116517289,-0.1081116722672526,0.2755512765559409,-0.5627949877774263,0.251665002368567,0.1776815250686161,144.09811272073168,141.1083830098967,160.54298910365617,1.4155949230132592,0.0159938000000039,1.17237157183444,1.501826117288985,267.7852127903856,-1.6470350272812515,-7.579827211481405,0,0
2017-06-14,train,1.4698052134873634,-0.9780424754125328,5,179.8383595186845,-0.9780424754125328,-0.6968785803889155,0.0,0.0125070352235745,-0.59178295177853,0.1729283550108744,0.1557927709624846,171.71627059966727,173.16011188512874,158.30939370944986,-2.2335953942063043,0.0562371999999982,1.07211029535976,1.4021102953597602,268.1521403755942,-2.448831832420062,-4.810214180180106,0,0
2017-06-21,train,2.10650104214251,0.13700688698794483,5,95.45702503306929,0.1370068869879448,-0.9168245552711785,2.2460941286338354,0.7765336033094705,-1.052504759236772,0.1729283550108744,0.1516704547028256,171.71627059966727,173.16011188512874,159.33085305042167,1.021459340971802,0.3006924000000026,1.07211029535976,1.4021102953597602,263.52214104468686,-1.519016549397545,-3.479551455515661,0,0
2017-06-28,train,3.1601401805854934,0.9993507741518526,5,40.08425153871153,0.9993507741518526,3.2944102869586267,5.203324767408546,-1.2026528093122657,2.261731490592922,0.1729283550108744,0.1507260593858661,171.71627059966727,173.16011188512874,158.51452198650557,-0.8163310639160954,0.0658432999999973,1.07211029535976,1.4021102953597602,265.1747891288847,0.2242381940526616,-1.8870578832532736,0,0
2017-07-05,train,7.54327480098976,-0.6347762264007795,5,175.2901447015705,-0.6347762264007795,-1.3986128831578792,-1.823748660916058,-0.3270854595553985,-0.751299107476644,0.1729283550108744,0.1383520006619868,171.71627059966727,173.16011188512874,159.53389880545987,1.019376818954299,0.0731628999999998,1.07211029535976,1.4021102953597602,269.8168201247759,2.639135085484501,4.019427625546124,0,0
2017-07-12,train,4.227558855039092,0.7702783429276883,5,244.2867345777068,0.7702783429276883,1.8605245901627043,3.81190191051215,0.9323004880187112,1.794805741183314,0.1259300007790293,0.1005227163675732,164.9591009516385,169.39409745402185,161.74060820832773,2.206709402867858,-0.0432373999999953,1.20647009752845,1.536898668957021,268.7922320917044,-1.183681861268493,2.403603961496392,0,0
2017-07-19,train,4.52404910758109,2.825864411576773,5,109.6504162213042,2.825864411576773,3.509089113856856,5.551657690624623,-0.7770111780680544,3.6070876840398114,0.1259300007790293,0.0329887982445529,164.9591009516385,169.39409745402185,169.92786164338898,8.187253435061251,0.0081557999999972,1.20647009752845,1.536898668957021,262.0929727252643,-3.2635978212432804,-1.802614816247683,0,0
2017-07-26,train,1.0288612899337182,-0.7708630410114603,5,195.35036165127,-0.7708630410114603,1.3260177012925478,-0.8415196148512827,-1.512747515630064,0.3730538313359233,0.1259300007790293,-0.0603872277477099,164.9591009516385,169.39409745402185,168.4545384920906,-1.4733231512983878,0.1581592999999941,1.20647009752845,1.536898668957021,258.53928050295656,2.092813353721734,3.387301856300206,0,0
2017-08-02,train,1.8790499533587084,-2.122696253183176,5,139.2141544148647,-2.122696253183176,-1.1037660196691943,0.4683725863785959,-1.052911627601194,0.0069273665643798,0.1259300007790293,-0.1754972950401309,164.9591009516385,169.39409745402185,165.82280766035325,-2.631730831737343,0.091805800000003,1.20647009752845,1.536898668957021,256.4726255653102,2.684456068574681,3.536235151650624,0,0
2017-08-09,train,4.092058298217953,2.1669229024701364,5,20.69471861149054,2.1669229024701364,0.663687009915348,2.035225960277165,-0.16794784646601,0.7865906836959979,-0.288347603351947,-0.3082228490055105,140.6259306511348,140.40616251631815,169.0095815451555,3.1867738848022498,-0.0128219999999998,1.04453174515063,1.373618701672369,262.12642532469783,-2.9080561210811595,3.93512649652572,0,0
2017-08-16,train,7.1360941950073355,0.528976268131176,5,141.612806081445,0.528976268131176,0.5497878996039596,-0.4589238910739812,0.6144346569685766,-0.1186270350837404,-0.288347603351947,-0.449117401494337,140.6259306511348,140.40616251631815,167.89639750827106,-1.1131840368844337,-0.1719348000000025,1.04453174515063,1.373618701672369,270.9063021359903,5.470964709219039,0.1342925861297139,0,0
2017-08-23,train,2.8649240958298905,-1.8190188817258424,5,141.5041041540637,-1.8190188817258424,-1.1025370347130805,-1.9977357762292591,-1.0203950503881565,-1.014921182150008,-0.288347603351947,-0.5747538828900867,140.6259306511348,140.40616251631815,175.61322915849038,7.716831650219319,0.0012886000000094,1.04453174515063,1.373618701672369,265.6532320093464,3.328483081225464,-3.4523174925890743,0,0
2017-08-30,train,2.7500146720261736,-0.42627789301512564,5,21.03033762731414,-0.4262778930151256,0.9928281448629672,0.8876411540776008,-1.245389490653093,0.8082775171509127,-0.288347603351947,-0.6594398030234416,140.6259306511348,140.40616251631815,178.17091333745535,2.5576841789649905,-0.1269203000000089,1.04453174515063,1.373618701672369,278.67073339254864,1.61442905030591,3.739481469001316,0,0
2017-09-06,train,0.8333732799408325,0.20216185000230258,5,206.0227057177516,0.2021618500023025,0.3287662472282182,1.7063004362507073,1.6599694591329597,0.0120659490446151,-0.288347603351947,-0.6774826717250841,140.6259306511348,140.40616251631815,179.50872593207296,1.3378125946175885,0.0957915999999983,1.04453174515063,1.373618701672369,280.1419103907658,0.967190239840221,-0.7676107543382216,0,0
2017-09-13,train,1.658807827813395,0.35832702977671715,5,150.2677844564373,0.3583270297767171,-0.1094568178713117,0.0456977367626176,2.5738982852947068,0.4265425613261264,-0.6668017660820398,-0.6072974052147492,157.6540748050436,161.13732682183164,190.2107526396921,10.702026707619098,0.1412235000000095,1.11592108421413,1.445302036595082,279.5975604686677,1.847350562130634,4.832221200211917,0,0
2017-09-20,train,1.4562421591324057,-0.2238091263177866,5,124.8145047775054,-0.2238091263177866,0.5461371835017381,2.0358133114002808,0.9613851007277852,0.8289441315731949,-0.6668017660820398,-0.4676500800782318,157.6540748050436,161.13732682183164,195.8685340544036,5.657781414711536,0.1452544999999929,1.11592108421413,1.445302036595082,256.81979213134167,2.7259227611075687,1.8909654357292196,0,0
2017-09-27,train,0.7704230268532211,-0.22432316921756623,5,311.9959766285005,-0.2243231692175662,-1.869212632527839,-3.1387565784715576,1.116914068265551,-2.3420677549101043,-0.6668017660820398,-0.3002096709266878,157.6540748050436,161.13732682183164,193.00710850255672,-2.861425551846878,0.1234024000000033,1.11592108421413,1.445302036595082,246.7667234654983,-2.1452148007046645,2.9810582187202783,0,0
2017-10-04,train,2.09067661820048,1.6702199835377352,5,73.02418820333357,1.6702199835377352,0.993948554541868,1.1029432670712769,1.8948063985310348,1.0262367528030223,-0.6668017660820398,-0.1469080263801722,157.6540748050436,161.13732682183164,193.29696377795787,0.2898552754011518,0.0137220999999954,1.11592108421413,1.445302036595082,249.5533319529216,3.3180464576128,2.6567027384722053,0,0
2017-10-11,train,1.2724169021136502,-0.11048271045857039,5,19.57115250712738,-0.1104827104585703,0.7662844544252589,-0.0914344299320024,-0.8268529598921326,0.5109117192071189,-0.0817921413536551,-0.0487487348463212,144.50923773473738,148.43712882138308,193.00710850255672,-0.2898552754011518,0.0169000000000068,1.14940415647413,1.478949611019585,254.75057915445203,2.606341472414986,-4.7769235035324265,0,0
2017-10-18,train,1.014285734038844,0.9900242445126439,5,37.41808705203991,0.990024244512644,0.7604454243532732,3.6383846828674127,0.4669585177738966,0.9698867094906304,-0.0817921413536551,-0.0160684177150674,144.50923773473738,148.43712882138308,199.6059932740785,6.598884771521767,0.0930999999999926,1.14940415647413,1.478949611019585,253.91975302552197,0.4444945644899611,0.2318738218958671,0,0
2017-10-25,train,5.724814976853428,-1.7445637155506954,5,181.7783210254793,-1.7445637155506954,-0.8695794608917229,1.140366121679115,-0.4059270846923368,-1.2155554209687836,-0.0817921413536551,-0.0222451879189095,144.50923773473738,148.43712882138308,205.28408598826567,5.678092714187187,0.0297000000000053,1.14940415647413,1.478949611019585,240.2557116770975,1.469360282868326,3.3634279189792338,0,0
2017-11-01,train,9.112208649255395,4.316293491571632,5,26.93340344037031,4.316293491571632,1.516828639821144,4.935082834493976,3.634585364321641,2.160977033103162,-0.0817921413536551,-0.0384568378868341,144.50923773473738,148.43712882138308,200.01277349601105,-5.271312492254623,-0.0053000000000054,1.14940415647413,1.478949611019585,267.6552654042212,-3.191612648608277,0.686697977417694,0,0
2017-11-08,train,3.210621736296706,-0.5563018258828878,5,47.97319748802582,-0.5563018258828878,-0.2153079545209379,2.338563823535589,-0.8350121383219111,-0.3237176369795591,-0.0358811600478275,-0.0358811600478275,159.90805790363834,165.6133808546744,201.49030205422648,1.4775285582154254,0.3303000000000082,0.948731630672955,1.277731630672955,246.74552561742448,3.904715477214493,4.237425364203151,0,0
2017-11-15,train,6.479047031256015,-4.722502397737749,5,92.49070252371295,-4.722502397737749,-3.286149478714373,-0.8961335783577606,-3.973819069134965,-3.3310659833898804,-0.0358811600478275,0.0046369784657275,159.90805790363834,165.6133808546744,204.25181875752384,2.76151670329736,-0.0940000000000083,0.948731630672955,1.277731630672955,251.8252769462105,4.325773257822618,4.771194640564413,0,0
2017-11-22,train,4.870062248950903,-0.08424680193281908,5,35.35538908408398,-0.084246801932819,0.3335298209854898,2.3853955454403497,0.8850340486422859,0.0715588514796472,-0.0358811600478275,0.0635844117078626,159.90805790363834,165.6133808546744,203.8619547159581,-0.3898640415657439,-0.0868999999999999,0.948731630672955,1.277731630672955,274.58468237967764,-1.866567063503544,-4.329403854091662,0,0
2017-11-29,train,6.922864688886042,-0.8035858388176331,5,178.274046850326,-0.8035858388176331,-0.7799879204386073,-2.303601339983219,0.7599345725388673,-0.7214179423142397,-0.0358811600478275,0.1117808990292134,159.90805790363834,165.6133808546744,199.74177062012453,-4.120184095833565,0.2578000000000031,0.948731630672955,1.277731630672955,255.5031103016992,3.6019797038618684,2.6900228765240897,0,0
2017-12-06,train,2.832510400725157,-2.261440947763438,5,137.6567560520461,-2.261440947763438,-2.721241419274945,-4.131616018835738,-0.3284607888054403,-2.9081094065063877,-0.0358811600478275,0.1200461997804153,159.90805790363834,165.6133808546744,204.25181875752384,4.510048137399309,0.0412000000000034,0.948731630672955,1.277731630672955,260.5914111022004,3.762309136328712,1.2948230799112892,0,0
2017-12-13,train,3.406248315157213,3.396061699333064,5,65.15955374073376,3.396061699333064,3.167699518728062,4.008895567436444,0.2758174864497142,3.381470622795657,0.1109898824874966,0.0632685823939289,148.16699621114816,153.4196525390174,198.51308622085944,-5.738732536664372,0.0035000000000025,0.87902629874751,1.2069210355896152,263.2658328177434,4.028101533475992,-2.365377364437382,0,0
2017-12-20,train,1.6747914899640672,0.7379820458584208,5,129.0049386750156,0.7379820458584208,1.4372958406546843,1.5434857936065691,0.404236947905634,2.000014718769183,0.1109898824874966,-0.0436946514779339,148.16699621114816,153.4196525390174,195.58604799084813,-2.927038230011334,0.0531000000000005,0.87902629874751,1.2069210355896152,254.4306993069448,-2.520277812180538,2.2397886509129883,0,0
2017-12-27,train,2.273627160778221,2.0822614183730215,3,105.7434795938205,2.082261418373021,2.290363078154689,2.7379582105637734,0.4186801607110268,2.2629426654666496,0.1109898824874966,-0.1633001935426039,148.16699621114816,153.4196525390174,205.0270164379556,9.44096844710748,0.0613999999999919,0.87902629874751,1.2069210355896152,252.65922712751072,-1.522574796921461,1.2022941296605083,0,0
2018-01-03,train,0.5638514238378174,0.9153635574885577,4,107.8932299548754,0.9153635574885576,2.2497148807228307,3.683789354984812,-0.0683183662315123,1.5929040060700397,0.1109898824874966,-0.2577443509262745,148.16699621114816,153.4196525390174,209.6790180014449,4.652001563489307,0.132000000000005,0.87902629874751,1.2069210355896152,254.2727344271701,-5.920266415878217,2.452982105592838,0,0
2018-01-10,train,6.276879533416534,0.9831968043821027,5,79.21181791984438,0.9831968043821028,0.6335475017402725,-0.2311152108545044,2.8299288598733874,0.7182746341686475,-0.28885871282122,-0.2894961765172228,177.71403301677506,177.03756043991226,205.41237336955464,-4.266644631890301,0.0263999999999953,1.03092972825132,1.359384273705866,249.6233920013676,0.743304615210727,2.719020207439815,0,0
2018-01-17,train,4.105550673776399,-1.1260091742508527,5,40.90282687126909,-1.126009174250853,1.8770318252611773,0.1926430378383248,0.5106327726028148,0.8707617879885277,-0.28885871282122,-0.2447876977252105,177.71403301677506,177.03756043991226,206.0513531794317,0.6389798098770711,-0.0206000000000017,1.03092972825132,1.359384273705866,246.46189048412785,1.0406564473195878,2.819134674818269,0,0
2018-01-24,train,3.3192570826706196,-1.9202432666378888,5,69.87376737603236,-1.9202432666378888,-1.247405493171705,-3.048294722051592,0.2368887148823439,-0.452371650474781,-0.28885871282122,-0.1517174164397458,177.71403301677506,177.03756043991226,209.80179272527715,3.7504395458454662,0.040300000000002,1.03092972825132,1.359384273705866,248.0505311426317,-5.515261260909243,-0.8634389518340946,0,0
2018-01-31,train,0.778700798101794,0.43607983264017935,5,168.0079524573266,0.4360798326401793,0.1045477697284802,-0.5571145240137465,-0.8374442772411506,0.5497379012903814,-0.28885871282122,-0.0426454870828845,177.71403301677506,177.03756043991226,224.38960966453664,14.587816939259485,0.0341000000000093,1.03092972825132,1.359384273705866,251.70833814832213,-3.320149704283226,1.035235701317383,0,0
2018-02-07,train,15.286411036515279,-3.8444046660409903,5,93.74223745236232,-3.8444046660409903,-5.586864638940181,-7.755181261920985,-4.116267420396369,-5.689797667609664,-0.28885871282122,0.0500679359233174,177.71403301677506,177.03756043991226,222.35418856535927,-2.03542109917737,0.0121999999999928,1.03092972825132,1.359384273705866,271.8950575570498,0.4914563672593353,-3.094153434498814,0,0
2018-02-14,train,9.44113408061875,-0.7332184914585538,5,24.4881302980089,-0.7332184914585538,2.185913183612831,3.308182557545969,-2.3255903150593227,1.5537204154830064,0.0600904328942922,0.0974152085367651,125.99200449060848,128.6703239074004,219.38856760707048,-2.9656209582888096,-0.198999999999998,1.26966337620687,1.59816337620687,306.17821520154905,1.7232283259860814,-3.055959794283236,0,0
2018-02-21,train,8.138629505217226,5.067412494305357,5,40.56196998067518,5.067412494305357,2.666777353509397,4.407090768471722,3.60532267903908,2.9285498926101994,0.0600904328942922,0.0910780216065101,125.99200449060848,128.6703239074004,225.9677591982769,6.579191591206438,-0.3789000000000015,1.26966337620687,1.59816337620687,303.0389706146366,-0.5986561885854336,-5.390666897001939,0,0
2018-02-28,train,2.475836054562304,-1.1053450020671596,5,24.17577523956914,-1.1053450020671596,-1.4846503044673387,-3.163273524227872,-1.1168327148434187,-1.1043634282126291,0.0600904328942922,0.0306226737270678,125.99200449060848,128.6703239074004,225.4444717666111,-0.5232874316658069,0.1821000000000054,1.26966337620687,1.59816337620687,292.578716311712,8.714908579081682,3.965901317357101,0,0
2018-03-07,train,7.618677776536934,-0.7776985396493297,5,107.1157887816829,-0.7776985396493297,1.2739361256823845,1.958443614573868,-2.0763414238249567,0.3215063838997167,0.0600904328942922,-0.084369015625658,125.99200449060848,128.6703239074004,231.05532626432225,5.610854497711159,-0.0287000000000006,1.26966337620687,1.59816337620687,289.0382868945548,-13.23924157062426,1.9406216773098173,0,0
2018-03-14,train,2.8998728467627477,1.7274812404048712,5,83.03304546700332,1.7274812404048712,1.1536452852976886,2.118806752263413,0.9674694058436906,2.142734514334421,-0.1052727297656505,-0.2506103579552999,181.6901391229753,178.45300349120163,236.27390158137928,5.218575317057031,-0.0150000000000005,1.168397749229,1.496302511133762,289.89239721256456,2.577447602985705,-1.5095201628427368,0,0
2018-03-21,train,4.463573402683136,1.9819737962630812,5,104.7642585471992,1.9819737962630808,1.037342040543621,2.1522942982345583,0.1315789663519417,0.5958213374999133,-0.1052727297656505,-0.4419508203012412,181.6901391229753,178.45300349120163,241.3231613081109,5.049259726731634,0.1443999999999903,1.168397749229,1.496302511133762,282.7940644244354,3.3581329652344394,-2.300023689358266,0,0
2018-03-28,train,9.108211129309721,-2.696262673452088,5,49.66771834368389,-2.696262673452088,-2.1909873258413093,-6.22954466507184,-2.25653157476442,-2.5897536816269278,-0.1052727297656505,-0.6235265666362193,181.6901391229753,178.45300349120163,253.52828571130672,12.20512440319581,0.0326000000000021,1.168397749229,1.496302511133762,269.82085976713347,5.103526316434071,6.89404674518288,0,0
2018-04-04,train,0.5540429265239418,1.0916740880727138,3,112.5382566036204,1.0916740880727138,2.1909873258413093,0.2879920129851498,-1.5246134473022366,1.0665233997238843,-0.1052727297656505,-0.7604566087615807,181.6901391229753,178.45300349120163,256.1867690924129,2.6584833811061515,-0.1668999999999982,1.168397749229,1.496302511133762,297.98924838345766,-5.201341779075008,-0.0293513356965036,0,0
2018-04-11,train,8.742840022352787,1.702679054549594,5,158.4329998364819,1.702679054549594,0.9245273672534804,2.5554045327551123,2.7070208389254447,2.1491250246738147,-0.8052337497705242,-0.8185565009532928,165.0225491320811,170.6900898970385,256.64866367804234,0.4618945856294658,0.0759000000000043,1.12553181283971,1.45398181283971,297.4319650910563,-1.0933252733993817,-3.1157025733649317,0,0
2018-04-18,train,5.447695443662699,0.44558845786946133,5,50.60594573628794,0.4455884578694613,0.6116332134609603,1.470904420744512,2.392645172803398,0.3880089495279293,-0.8052337497705242,-0.7866534970192385,165.0225491320811,170.6900898970385,259.4508159703081,2.80215229226576,0.1567000000000007,1.12553181283971,1.45398181283971,283.2254060561483,5.880909027491565,9.663082050691596,0,0
2018-04-25,train,1.2554746664515415,-0.6855096865997723,5,56.14308296434388,-0.6855096865997723,-2.3651693290964726,-2.6796178976415064,-0.924819693728196,-2.15211025033355,-0.8052337497705242,-0.6813075604049793,165.0225491320811,170.6900898970385,262.8285232633348,3.377707293026674,0.2411999999999921,1.12553181283971,1.45398181283971,256.7891179901688,0.2846424486208754,1.3518332442715495,0,0
2018-05-02,train,6.748406914749251,3.7817182489312096,4,40.02361458085102,3.7817182489312096,2.0598258140284376,-0.7323146612721931,2.3262037199240027,1.661658675718325,-0.8052337497705242,-0.5207297181996224,165.0225491320811,170.6900898970385,258.173083442354,-4.655439820980746,-0.1637999999999948,1.12553181283971,1.45398181283971,268.49589722788073,2.656896294788824,0.0813449068716387,0,0
2018-05-09,train,3.403085621799502,0.15760094051888718,5,53.23178008594338,0.1576009405188871,0.203633128647418,2.0611029146038184,2.3241234234030017,-0.192363241004756,-0.3529357567081454,-0.3231310328788865,171.49932503519423,170.2781483345167,256.64866367804234,-1.5244197643116877,0.0986999999999937,1.23621542510378,1.561442697831053,260.47763956383847,0.0251591316394961,-0.884780834904042,0,0
2018-05-16,train,6.304530955077605,2.876223821648871,5,253.6381784956348,2.876223821648871,1.5144257199906086,6.989908758811492,0.5454913195171329,1.5096789685062897,-0.3529357567081454,-0.1067405433169233,171.49932503519423,170.2781483345167,263.61960973342264,6.970946055380296,-0.0746999999999928,1.23621542510378,1.561442697831053,259.1733589719992,4.721727884798899,5.919201446793831,0,0
2018-05-23,train,4.748396960669391,0.39323908464974355,5,118.7179609190493,0.3932390846497435,0.0,-1.806594999817701,0.689284017772529,-0.0015805403867474,-0.3529357567081454,0.1101655412595321,171.49932503519423,170.2781483345167,271.8000531955378,8.180443462115193,0.0122999999999962,1.23621542510378,1.561442697831053,260.8045686797469,3.480498438142821,0.7574334947249461,0,0
2018-05-30,train,1.6834864484742622,-2.1999403457476197,5,9.250493621313344,-2.19994034574762,-2.331590276373418,-1.8011536610171408,-1.3246770377962849,-2.804940756611174,-0.3529357567081454,0.3093033681157494,171.49932503519423,170.2781483345167,277.1963526845863,5.396299489048488,-0.2744,1.23621542510378,1.561442697831053,271.2148458428365,5.320571714803313,0.6374320410469814,0,0
2018-06-06,train,13.22222673381796,-5.090132858773511,5,178.1122312892039,-5.090132858773511,-4.832859477350926,-10.467325450474307,1.1044679434204063,-4.196118029174656,-0.3529357567081454,0.4723890845169979,171.49932503519423,170.2781483345167,276.19068738929207,-1.00566529529425,-0.375,1.23621542510378,1.561442697831053,290.9144443219448,1.452873443266256,-3.623115913107089,0,0
2018-06-13,train,0.6464900117172665,-0.1878110923957843,5,32.47612716786703,-0.1878110923957843,-0.8648697538095718,2.3340654581632148,0.7897261607208605,-0.6291895735600406,0.5098045140137684,0.5823193253495007,164.91752705189032,161.661239991144,276.56899805486245,0.3783106655703818,-0.0481999999999942,1.28733057157399,1.6093781906216091,269.4552853683556,-8.00463172149981,-3.567975034284298,0,0
2018-06-20,train,3.5220498707917423,-0.5323296297860658,5,167.2184327583869,-0.5323296297860658,-1.6049553240498504,-1.3938967498053234,-1.581840265927692,-1.6702747446398547,0.5098045140137684,0.6335878358877266,164.91752705189032,161.661239991144,272.65447837383743,-3.9145196810250127,0.0489999999999923,1.28733057157399,1.6093781906216091,258.00653029612295,4.93463954821709,2.4815838511932142,0,0
2018-06-27,train,3.5412221461364513,-2.07865457569556,5,180.2755189896274,-2.07865457569556,-3.182067547359946,-2.3672354559316044,-1.805536313440914,-3.127319378133464,0.5098045140137684,0.6272707603805803,164.91752705189032,161.661239991144,267.20775406433927,-5.446724309498165,0.0955000000000012,1.28733057157399,1.6093781906216091,263.7870911814193,-4.088899395078505,-1.0983233902101652,0,0
2018-07-04,train,4.575507929475573,-0.8436842503846131,5,81.3801409119326,-0.8436842503846131,1.2622078440071682,0.521290415616793,-0.7930382088614962,0.1627310558412809,0.5098045140137684,0.5645197942847076,164.91752705189032,161.661239991144,272.26103524335394,5.053281179014675,-0.3200999999999965,1.28733057157399,1.6093781906216091,284.3757557931887,2.5132838337979635,2.4479072505622312,0,0
2018-07-11,train,3.3708297997315757,1.013846030241039,5,166.9528316442859,1.013846030241039,1.02101332725697,1.2486794475643492,1.394567586072082,1.820163564395472,0.5037676522871052,0.4469200170807336,227.49118600017692,233.46485885926924,274.01946544287773,1.7584301995237863,0.0731999999999999,1.19588314685909,1.516610419586363,278.6325193441065,0.9573340217976068,1.1758693101526774,0,0
2018-07-18,train,1.6180767771568743,0.666475686777801,5,51.73521177091131,0.666475686777801,0.4504271397281378,-1.3353712892435254,2.709074713645787,-0.1123556173109996,0.5037676522871052,0.2903742323007421,227.49118600017692,233.46485885926924,278.99373605743943,4.974270614561704,0.281800000000004,1.19588314685909,1.516610419586363,268.07543697428395,1.4677607298985151,-2.153161821745364,0,0
2018-07-25,train,2.3412191425625863,2.325820183230398,5,93.60203858668623,2.325820183230398,3.3152310811330743,1.8900972812552648,-0.4040254067450455,2.935584122727075,0.5037676522871052,0.128040348135246,227.49118600017692,233.46485885926924,279.60610784249235,0.6123717850529147,0.2227999999999923,1.19588314685909,1.516610419586363,248.17098788897135,-1.976896975808362,-6.624756754283467,0,0
2018-08-01,train,1.183977449740144,-0.49622131175581785,5,0.0,-0.4962213117558178,-1.5334356883437206,-3.816600030640727,0.7375571234788936,-0.4667512897596815,0.5037676522871052,-0.0058964465758101,227.49118600017692,233.46485885926924,285.0128299695199,5.406722127027535,0.0808000000000106,1.19588314685909,1.516610419586363,260.29044771898,0.1534642594126278,4.369930316505233,0,0
2018-08-08,train,1.4305875856611714,-0.8771615461614424,5,0.0,-0.8771615461614424,-1.445265904896731,0.4851162951241328,-0.1493766675674912,-1.8419593588026475,-0.0772509629924816,-0.0772509629924816,172.16646480818656,179.2019741805026,287.63855159214245,2.625721622622564,0.0771999999999906,1.36578839763528,1.68478839763528,256.7100887413987,-1.0883474015756622,-1.9048194970694432,0,0
2018-08-15,train,5.661311583776426,-3.830639592634899,5,158.7906775286756,-3.830639592634899,-6.356863496682186,-7.726007125449419,-2.38161904436458,-6.159169659996255,-0.0772509629924816,-0.0610386331885894,172.16646480818656,179.2019741805026,285.35925063928687,-2.2793009528555785,-0.0934000000000025,1.36578839763528,1.68478839763528,255.4541537360735,2.995889996986545,-2.1960460107878,0,0
2018-08-22,train,3.860075398634982,1.4037822295518199,5,68.86339312037097,1.40378222955182,3.977143011650641,3.36479751443739,1.831987604003249,3.76014277288208,-0.0772509629924816,0.0309226271069827,172.16646480818656,179.2019741805026,289.36995479888395,4.010704159597083,-0.4037999999999897,1.36578839763528,1.68478839763528,291.64455300675115,3.990294760808277,-3.3506621404994164,0,0
2018-08-29,train,2.2799063616776536,-0.03429943439559047,5,24.39325721190959,-0.0342994343955904,0.6857166405625392,1.821535043088529,1.8406599018818248,0.1786352743696539,-0.0772509629924816,0.1776142812515852,172.16646480818656,179.2019741805026,298.4671326194566,9.097177820572654,0.2707999999999941,1.36578839763528,1.68478839763528,262.83718714793724,3.873980786435993,6.483096155492074,0,0
2018-09-05,train,3.811951043748466,-2.195601029000449,5,174.2561718224201,-2.195601029000449,-2.771538628455028,-3.4430736015289565,-3.2808742329948792,-2.395042868024788,-0.0772509629924816,0.3580177926025684,172.16646480818656,179.2019741805026,304.5474365448805,6.080303925423891,0.0657999999999958,1.36578839763528,1.68478839763528,256.42876000868785,5.645827060023612,4.174262324313371,0,0
2018-09-12,train,0.6764419086211155,-0.33939858948317525,5,98.30643595281684,-0.3393985894831752,0.0,-2.028853115630591,1.2318728845573723,-0.4084815864381141,0.4404448642079308,0.5508718564068459,193.32195627597463,202.43677937495283,301.2097627640255,-3.3376737808549706,0.0024000000000086,1.31916154308239,1.63801154308239,285.0047324756898,4.353363864033177,0.7986949168233615,0,0
2018-09-19,train,2.5933341318979926,1.0843847598795753,5,137.6314739290432,1.0843847598795753,0.9323887943603282,0.6650791520740551,0.5622968791941574,1.213219657146336,0.4404448642079308,0.7308374223063346,193.32195627597463,202.43677937495283,313.2009891846539,11.99122642062838,0.2513000000000005,1.31916154308239,1.63801154308239,272.9387597749567,1.7427476824550592,4.2635685251645405,0,0
2018-09-26,train,2.638066272439291,-0.45334235754168617,5,57.21198348065437,-0.4533423575416861,0.0,0.8956128846301148,0.3603607503298356,-0.1687856007380084,0.4404448642079308,0.8691918594037366,193.32195627597463,202.43677937495283,306.47918094854856,-6.721808236105346,0.0844999999999913,1.31916154308239,1.63801154308239,260.4879877813672,2.9671088751638486,-0.7400472784047984,0,0
2018-10-03,train,0.6515733631890959,1.2042855546773756,4,81.77856592233145,1.2042855546773756,-0.116070436547444,-2.1343110903193185,-1.0231251985451273,-0.2455193965950286,0.4404448642079308,0.937110119005162,193.32195627597463,202.43677937495283,300.4692014925463,-6.00997945600227,0.1026000000000095,1.31916154308239,1.63801154308239,255.34838793522584,-0.2120741640312395,3.025649274331599,0,0
2018-10-10,train,7.036031338153896,-3.0027243718237617,5,153.9436996415467,-3.0027243718237617,-4.271097359183784,-8.50086288876093,-7.608459860177952,-3.522854679239096,0.9265317431344784,0.9061330040241504,213.5853498685752,222.1465397952716,305.1166980442092,4.647496551662869,-0.0058000000000077,1.55399426482612,1.871689917000033,268.14597888286795,-4.146794650335695,4.279878617324329,0,0
2018-10-17,train,9.409053313422556,0.6030743670960792,5,295.8964412161088,0.6030743670960792,2.0396617538388284,2.321499084046419,0.1292393817976744,1.073120629655122,0.9265317431344784,0.779676138671355,213.5853498685752,222.1465397952716,296.68182633893485,-8.434871705274304,-0.2370999999999981,1.55399426482612,1.871689917000033,291.25082608916466,-3.352772132164405,-1.9259767064674804,0,0
2018-10-24,train,12.020430939138652,-2.4223988380281725,5,147.8652353496404,-2.4223988380281725,-4.867138127785919,-9.23570572775354,-5.001789861193373,-4.314637673724864,0.9265317431344784,0.6173133688975418,213.5853498685752,222.1465397952716,295.75110607337933,-0.9307202655555216,-0.067700000000002,1.55399426482612,1.871689917000033,283.41717082079657,-1.0659201417072328,-4.777064111055385,0,0
2018-10-31,train,5.640888974718597,0.5660934005606411,5,165.1035567101213,0.5660934005606411,1.115944038600425,3.3547324291598457,3.7946329438562474,0.6989505408969698,0.9265317431344784,0.4843349720195304,213.5853498685752,222.1465397952716,297.6039640208255,1.8528579474461824,-0.1492999999999966,1.55399426482612,1.871689917000033,309.0005552325835,-2.660157249786277,-3.268971520722097,0,0
2018-11-07,train,12.104226357472154,6.588121728617424,5,316.4306321294065,6.588121728617424,8.05165621367232,12.776841343635414,0.4501953538203374,8.219838395576229,0.9265317431344784,0.4460312253541408,213.5853498685752,222.1465397952716,279.54503913830433,-18.058924882521183,0.1336000000000012,1.55399426482612,1.871689917000033,301.08080606477097,-3.742825066430111,-3.285878477326154,0,0
2018-11-14,train,3.4369616482112066,-0.3604791206701874,5,316.1915985258065,-0.3604791206701874,-2.1852195186831125,-6.539561188036158,-2.3359594397238226,-2.054318015609624,0.452094817673924,0.5531062248878656,247.1332789240581,260.26032300337,292.369907065416,12.824867927111598,0.4070999999999998,1.40517946789719,1.721543104260826,279.8889796659152,0.3569014926241287,-6.5429707365344925,0,0
2018-11-21,train,3.3800470658426396,-0.2877171585106586,5,222.9139522186834,-0.2877171585106586,0.5797053251259676,2.111701111503139,-2.709224933282073,0.4338165355087575,0.452094817673924,0.7662484197862498,247.1332789240581,260.26032300337,298.2647034005336,5.894796335117633,-0.3122000000000042,1.40517946789719,1.721543104260826,291.5329917881532,7.332961853707154,-7.738338423338664,0,0
2018-11-28,train,7.083712087517013,4.188849840656417,5,186.3666185261257,4.188849840656417,4.299308452451767,8.164875691876583,0.9622852557702012,3.5688213236066524,0.452094817673924,1.0118417216416626,247.1332789240581,260.26032300337,302.04248861443625,3.777785213902689,-0.2480999999999937,1.40517946789719,1.721543104260826,290.36005371425045,-7.0058969668948645,-5.1066180196804645,0,0
2018-12-05,train,2.280247454734675,-0.3645982727529917,5,274.4459942587495,-0.3645982727529917,-0.6666687827265427,-4.78965603479784,-1.1346267111846942,-0.7420240514013798,0.452094817673924,1.2162025134292038,247.1332789240581,260.26032300337,295.9586826917638,-6.083805922672468,-0.1336000000000012,1.40517946789719,1.721543104260826,292.29034828986494,-0.8114466064261361,-6.154759425871159,0,0
2018-12-12,train,13.643189045979051,-1.9220541536042468,5,145.1094969909122,-1.9220541536042468,-1.2338845078195604,-2.4343901268438106,-1.2371658841764166,-1.3400416770650736,1.2729037244744674,1.3096935669271212,220.3905672413882,215.5648434194108,297.9602891624108,2.001606470646948,-0.0805000000000006,1.21055886842946,1.522453605271565,294.91855908968694,-1.9949128027711092,5.748419980145503,0,0
2018-12-19,train,8.901384797676412,-3.536964116098784,5,260.7148146810645,-3.536964116098784,-5.293470864066174,-6.358604775613896,-2.493668679461969,-3.852786448659185,1.2729037244744674,1.2906443408415542,220.3905672413882,215.5648434194108,306.665661189069,8.705372026658267,0.0900999999999925,1.21055886842946,1.522453605271565,298.19071453602925,0.4105405623722191,-2.4065773264578816,0,0
2018-12-26,train,3.944284023348112,-2.7492794148771704,2,115.6664141854477,-2.7492794148771704,-0.6042199478477617,-1.0475237524808725,,-1.726583543509186,1.2729037244744674,1.213780837822528,220.3905672413882,215.5648434194108,319.17101567954313,12.505354490474131,-0.0368999999999886,1.21055886842946,1.522453605271565,297.5652007719799,1.2050841867536022,-7.516086063198113,0,0
2019-01-02,train,6.286002166790051,2.4566488493860117,3,13.73798917535931,2.456648849386012,0.8449157984250277,0.4266828297238678,-0.9316980823506072,0.9371400572306676,1.2729037244744674,1.1355361307963967,220.3905672413882,215.5648434194108,,,,1.21055886842946,1.522453605271565,,0.1527127440439812,-6.828654340030882,0,0
2019-01-09,train,6.23766645917383,2.7633564793256182,5,403.1070553663507,2.7633564793256182,4.924780275154017,6.739497098949832,4.436713957629834,4.624383627291362,1.1101471698670378,1.1122901897434403,243.99054678658453,240.52425388299545,321.9675505038765,2.796534824333378,-0.3663000000000096,1.20242066426418,1.51042066426418,315.2411183284368,-7.597830975655162,4.019788299207416,0,0
2019-01-16,train,3.172921309556724,2.4222287952732735,5,44.6044291836017,2.422228795273273,1.024506911142442,0.792868536364999,0.4599539310506273,1.5373201828722929,1.1101471698670378,1.173446688038243,243.99054678658453,240.52425388299545,308.46584827483923,-13.501702229037278,0.3765000000000071,1.20242066426418,1.51042066426418,294.4281071962912,-3.4127135143671605,9.520927672165014,0,0
2019-01-23,train,1.7284710344174012,0.8534187115480485,5,167.627348684336,0.8534187115480485,1.3498212115220287,1.6642521871550908,1.6324570927633175,1.0698841629192657,1.1101471698670378,1.2776230719384736,243.99054678658453,240.52425388299545,314.63051320333653,6.164664928497302,0.2750999999999948,1.20242066426418,1.51042066426418,275.4787465864075,1.3082246772870842,0.5869053486513565,0,0
2019-01-30,train,10.649688004036125,3.981064785486854,5,241.9768685035575,3.981064785486854,4.050902704826509,8.777966360974254,1.6105071858393494,3.961589091987872,1.1101471698670378,1.371966551349774,243.99054678658453,240.52425388299545,319.9896858270398,5.359172623703273,0.0377000000000009,1.20242066426418,1.51042066426418,280.20989796137223,0.8417101010785633,2.0520329500247847,0,0
2019-02-06,train,2.5143313778035634,2.7201256658845097,5,9.030509592834902,2.7201256658845097,1.9129295875780272,3.4523933742586443,1.6648341651090526,1.8414469893735408,1.1101471698670378,1.4036243361777851,243.99054678658453,240.52425388299545,313.11369105601943,-6.875994771020373,0.2493999999999943,1.20242066426418,1.51042066426418,277.3550759333664,-9.494523356226203,1.3665415194556552,0,0
2019-02-13,train,4.939359079790593,0.6993841713649696,5,230.6192804259883,0.6993841713649696,0.5249420466340915,0.042947662829107,-0.7760150283470324,0.8496089011504004,1.3937594097342534,1.3272010478795613,173.79769550537634,175.62271910451054,315.99747169480395,2.883780638784515,0.2074000000000069,1.11999908018448,1.42844908018448,261.12455718310184,-6.473344292994909,0.5317875718221288,0,0
2019-02-20,train,0.700396411761146,1.1109359279057651,5,322.4294878897038,1.1109359279057651,0.730319946944169,2.501713373649439,3.130139476667537,0.8053386798017925,1.3937594097342534,1.170562918993238,173.79769550537634,175.62271910451054,303.5914063186823,-12.40606537612166,-0.0031000000000034,1.11999908018448,1.42844908018448,263.6876381647685,-4.841489096878382,1.6734791689302142,0,0
2019-02-27,train,2.9639938239814665,-0.020281598097193765,5,195.5204671465217,-0.0202815980971937,1.4447988878832696,3.8608472078752953,0.2581809929518286,0.8453244390674186,1.3937594097342534,1.0031587088676293,173.79769550537634,175.62271910451054,301.3572191682322,-2.2341871504501114,0.2626000000000061,1.11999908018448,1.42844908018448,265.8453711940137,0.6746693732496034,5.459115376981671,0,0
2019-03-06,train,4.055120693266385,0.53587046488488,5,142.2240175125679,0.53587046488488,-1.1334408757698975,-3.2762972493863174,0.3839873999166521,-0.7243557068262518,1.3937594097342534,0.894914451190839,173.79769550537634,175.62271910451054,305.3057340173261,3.948514849093897,0.2349999999999994,1.11999908018448,1.42844908018448,266.37290360637536,-2.947558260033833,-1.918922671890133,0,0
2019-03-13,train,9.48442483164738,1.5508931489193856,5,383.1930024839306,1.5508931489193856,2.355466982309329,0.6225444615749698,-0.4453986319136405,2.1149113630380967,0.8846392015377168,0.907820728967318,240.8760735654693,247.7255139672963,309.2405160814252,3.934782064099125,0.0223000000000013,0.991972744387536,1.301163220578012,259.830229713871,-4.445434272659776,-1.599295966555836,0,0
2019-03-20,train,1.7237256122667772,-0.17887148951443166,5,133.275265893147,-0.1788714895144316,0.7059914782858723,2.4521073654853787,1.5039099853197513,0.2207054007052455,0.8846392015377168,1.0259102576853063,240.8760735654693,247.7255139672963,309.874002362822,0.633486281396813,0.1123999999999938,0.991972744387536,1.301163220578012,263.55010134124814,-6.915819963190106,2.116643438157784,0,0
2019-03-27,train,2.595677928163191,-1.382099446687346,5,120.122473130593,-1.382099446687346,-3.580946529297746,-7.370443840257135,-1.980101361344122,-2.5163173501743685,0.8846392015377168,1.1889676798209907,240.8760735654693,247.7255139672963,306.9447311376272,-2.9292712251948387,-0.0608000000000004,0.991972744387536,1.301163220578012,267.2616441712819,-3.31014771055127,3.665487824423064,0,0
2019-04-03,train,2.6374206034914813,3.4882521096655683,5,176.042992017666,3.4882521096655683,3.077160912807475,4.503735087760941,5.11739555247086,2.772669274408468,0.8846392015377168,1.336269769006806,240.8760735654693,247.7255139672963,307.96137575346927,1.0166446158420968,-0.1223999999999989,0.991972744387536,1.301163220578012,279.3230458170134,-1.450020440012123,-1.4738660313585503,0,0
2019-04-10,train,1.7990251052970996,1.2004028398227007,5,71.41875664723851,1.200402839822701,2.3953533681729144,3.26960929593203,-0.4270580667248502,1.6929363433174416,1.3982026521590345,1.40749678953315,191.28384853645807,201.62958381169676,313.8966441639899,5.935268410520621,0.4013999999999953,0.952038365123788,1.262488365123788,265.2699564013478,-5.518310455569386,2.724245799739844,0,0
2019-04-17,train,1.2603125641500876,-0.36631072171233736,5,190.147196206217,-0.3663107217123373,-0.0986898385701984,1.1593133354106389,2.573685716098417,-0.2489467442098103,1.3982026521590345,1.377483129265632,191.28384853645807,201.62958381169676,326.0017768199376,12.105132655947727,0.0537000000000063,0.952038365123788,1.262488365123788,265.8929982470796,10.31027005450098,3.436861977258854,0,0
2019-04-24,train,0.9417320642065825,1.5334663011668415,3,137.4005951094961,1.5334663011668417,0.0986898385701984,1.6555358991368063,1.3719408757205898,0.3107008721198845,1.3982026521590345,1.2829989920675038,191.28384853645807,201.62958381169676,330.9812819860303,4.979505166092679,0.132000000000005,0.952038365123788,1.262488365123788,242.18958499785964,-3.460329070142976,-0.6864214106051314,0,0
2019-05-01,train,0.22394450002330207,-0.40028653127526237,4,208.3382047527495,-0.4002865312752623,-0.197466831698323,-0.824341989800903,0.3353621471204882,0.3820267443327196,1.3982026521590345,1.1671191233327214,191.28384853645807,201.62958381169676,330.79849999399767,-0.1827819920326305,-0.031800000000004,0.952038365123788,1.262488365123788,252.92982656225195,-6.322754580791745,3.3859380418198803,0,0
2019-05-08,train,7.5820498833171985,-0.2485592292802652,5,20.37735532816085,-0.2485592292802652,-0.3960450447086483,1.5255554798469628,-2.6222013857419846,-0.8089085309298305,1.0729182684552414,1.0729182684552414,223.547913900888,234.30780715921597,,,,0.871484192056088,1.183347828419724,,-1.46895296760432,-2.170414867773207,0,0
2019-05-15,train,14.773950986992006,-1.3299076836287949,5,231.8446328132512,-1.3299076836287949,-1.4992445918627697,-2.1185661421167623,-1.3647444463374292,-1.2995401332053902,1.0729182684552414,1.0346451253353917,223.547913900888,234.30780715921597,328.9147877853532,-1.8837122086444535,-0.1865999999999985,0.871484192056088,1.183347828419724,287.03277681410765,1.8747465699952224,-1.2858318319383777,0,0
2019-05-22,train,8.679746153440338,1.184136323989593,5,340.0152205741181,1.184136323989593,1.1016456333438285,2.7763300852785555,0.671091086695963,0.8147735649479237,1.0729182684552414,1.0512442018989856,223.547913900888,234.30780715921597,325.3856793763446,-3.529108409008586,-0.2023000000000081,0.871484192056088,1.183347828419724,281.82012239357124,-3.307846476466869,2.774487855090868,0,0
2019-05-29,train,3.377961549176861,-0.9504447944106431,5,168.9534312188067,-0.9504447944106432,-0.8000141435307917,-1.2027217232465135,-3.437634537064937,-1.2412201540773715,1.0729182684552414,1.1128339585782068,223.547913900888,234.30780715921597,326.95689391837186,1.571214542027235,0.0306000000000068,0.871484192056088,1.183347828419724,273.75701676382016,-9.114019115467451,-1.5859120224822831,0,0
2019-06-05,train,2.5540614205760064,2.2737018975249157,5,110.3610356887218,2.273701897524916,2.870057639202184,4.577448249052463,1.7711580312025357,2.9124047556776667,1.0729182684552414,1.2095328558052405,223.547913900888,234.30780715921597,323.6715742996532,-3.285319618718688,-0.279200000000003,0.871484192056088,1.183347828419724,287.81079752981594,-3.4258737870279,-1.8235881971772727,0,0
2019-06-12,train,1.9740758694038782,0.9857799164326497,4,663.1845937617508,0.9857799164326496,1.3566267324726322,0.3350065508556543,2.13589718823588,1.1831033844494243,1.259274158390167,1.3310196985700662,320.4310665201146,342.2914178463964,318.5525845186647,-5.1189897809885,0.3204000000000064,0.573975698638794,0.902875698638794,277.9030429819257,-5.222812150185607,-12.820665233080408,0,0
2019-06-19,train,9.20143773513575,1.6278721738323787,5,113.9321399363409,1.6278721738323787,1.8045199225098951,4.113419179864097,2.110178825744935,1.82539096685268,1.259274158390167,1.459588454356892,320.4310665201146,342.2914178463964,320.9633243501268,2.4107398314621378,0.2819999999999965,0.573975698638794,0.902875698638794,270.4376795735901,-4.03695496946459,-0.7754481506896838,0,0
2019-06-26,train,2.2531169578566175,-0.521022340689048,5,354.7859654539815,-0.521022340689048,0.1902956350689599,-1.871910581168379,-0.1668816286561458,0.046064803590351,1.259274158390167,1.5714053929242051,320.4310665201146,342.2914178463964,321.44661163795007,0.4832872878232592,0.3739000000000061,0.573975698638794,0.902875698638794,261.4501136290785,-6.087146613746386,1.9115512578252056,0,0
2019-07-03,train,6.060720169030047,4.0045547420609395,5,71.18717704190102,4.00455474206094,3.088706745776282,5.959803298562472,2.088574153373024,2.838461821928284,1.259274158390167,1.642451304390814,320.4310665201146,342.2914178463964,330.8350831295804,9.388471491630298,0.0105999999999966,0.573975698638794,0.902875698638794,264.35756779167264,-8.600602078354491,6.170036851169591,0,0
2019-07-10,train,0.34048627922486313,0.08956531026362846,5,43.38742772155042,0.0895653102636284,0.0,-0.5148447638116505,-3.2108518408417552,0.1226684138379674,1.6549314289993986,1.6490212740833334,249.3960504666888,255.84941993206405,327.6767303283978,-3.1583528011825592,0.3524000000000029,0.357586837911898,0.722456403129289,245.99733832427884,6.771693655294753,-5.093906826951056,0,0
2019-07-17,train,1.3268021472100415,-0.26897354720964994,5,20.76010766357735,-0.2689735472096499,-0.6472727050540694,-0.552093160955236,1.205753313640212,-0.3525352935213277,1.6549314289993986,1.5947933573086637,249.3960504666888,255.84941993206405,333.75473545856994,6.07800513017213,0.0019999999999953,0.357586837911898,0.722456403129289,255.0936246220079,16.436781183917315,4.433541227418036,0,0
2019-07-24,train,1.046866667883684,0.6086756630626855,5,264.7063596100642,0.6086756630626855,0.0,-1.008531962128778,1.8749022845006456,-0.2013865925516,1.6549314289993986,1.5316899237722543,249.3960504666888,255.84941993206405,334.814816057234,1.060080598664058,-0.0473999999999961,0.357586837911898,0.722456403129289,253.39666188266665,-9.91252448367086,-4.213415352368788,0,0
2019-07-31,train,6.561976461134604,0.33853391968012847,5,135.8592230125785,0.3385339196801284,-0.4649120877769697,3.0972881048725758,-1.8862812220993952,-0.4782854838091488,1.6549314289993986,1.5165442058015577,249.3960504666888,255.84941993206405,337.24549127965014,2.430675222416141,0.2731999999999885,0.357586837911898,0.722456403129289,257.43435550264604,-8.694519127248324,0.250980523903177,0,0
2019-08-07,train,37.5634669883646,-1.613812621425792,5,113.1181761282936,-1.613812621425792,0.557614522318195,5.054749883228071,-5.444661273093132,0.2663194932106094,1.6549314289993986,1.6061894357240258,249.3960504666888,255.84941993206405,333.0059353828816,-4.239555896768536,-0.2321999999999917,0.357586837911898,0.722456403129289,266.65960623764573,8.78548611250789,0.3752936382964478,0,0
2019-08-14,train,8.599641076923291,1.0251164494019527,5,108.5956233853906,1.025116449401953,-1.0246786960702805,-6.488221047846343,-1.131912751803288,-0.342124561202084,1.6308641513326514,1.84436933571154,290.65585871241694,288.7119942269406,334.109345759245,1.1034103763633991,-0.402000000000001,0.0995032681576103,0.5071850863394283,304.6377858222883,3.6951995265630977,-15.209774457926262,0,0
2019-08-21,train,7.262590154642826,3.34300859404022,5,110.6308189195248,3.34300859404022,3.5866029654661347,8.655284134828722,3.6123104883841073,3.280816954355004,1.6308641513326514,2.194048382392578,290.65585871241694,288.7119942269406,329.13825156549484,-4.971094193750162,-0.0125000000000028,0.0995032681576103,0.5071850863394283,309.38385406603174,-2.0538965624300687,5.014780847632139,0,0
2019-08-28,train,6.281951752003129,-1.46419794029784,5,216.6385067777822,-1.46419794029784,-2.1918756386451133,-3.9220654859908777,-1.833611435832161,-2.025800771679087,1.6308641513326514,2.5874064636964063,290.65585871241694,288.7119942269406,325.8865473084359,-3.2517042570589183,0.455600000000004,0.0995032681576103,0.5071850863394283,281.9716791608891,2.0714204387563218,4.626859352728019,0,0
2019-09-04,train,4.689998927949829,2.2226952580012727,5,400.1187822851258,2.2226952580012727,2.46250330523452,-0.3613081588801137,3.9675205403748137,2.1626006632649464,1.6308641513326514,2.9565628679682363,290.65585871241694,288.7119942269406,325.8096538021482,-0.0768935062877176,0.0322999999999922,0.0995032681576103,0.5071850863394283,296.14875595565786,-10.8929753816974,-0.2974717116742909,0,0
2019-09-11,train,5.141930662731921,-0.395768892616144,5,128.9424348816059,-0.395768892616144,-0.4514695170423355,-1.8934347071661417,2.861700679787482,-0.5653325776776796,3.1305201362945305,3.234587151897,237.37555726286607,246.9136997403976,323.907053215372,-1.9026005867762024,0.0324999999999988,0.04752293261004,0.4650943611814689,280.81609608738125,15.548959216117051,0.4293978521805464,0,0
2019-09-18,train,1.8526042373765705,0.9267344162050328,5,38.07318869257885,0.9267344162050328,1.3483208955074044,4.395599474734313,-0.2307149462354552,1.3151044200858664,3.1305201362945305,3.385942922638225,237.37555726286607,246.9136997403976,326.804686887465,2.8976336720929794,0.0028000000000076,0.04752293261004,0.4650943611814689,273.66635727462875,18.269780311431425,3.783798184879661,0,0
2019-09-25,train,4.515521792346359,0.7827102598332747,5,259.3891294353982,0.7827102598332747,-0.268198850241097,0.5440835268340827,-2.13118499453877,-0.1764063963755724,3.1305201362945305,3.4129285454770213,237.37555726286607,246.9136997403976,323.6322738471921,-3.172413040272829,0.0951000000000021,0.04752293261004,0.4650943611814689,272.1933382210806,-14.36636577258814,1.9951961824467013,0,0
2019-10-02,train,5.219994275468182,-4.188195450389909,5,273.5001592407685,-4.188195450389909,-4.4858831602795135,-9.151908340549264,-2.766646991691424,-4.461674580375163,3.1305201362945305,3.320094873624356,237.37555726286607,246.9136997403976,322.68439945173776,-0.9478743954543916,-0.0358000000000089,0.04752293261004,0.4650943611814689,284.67274974905115,-3.978706297952872,-2.967857920764416,0,0
2019-10-09,train,3.329709931660639,1.8387821228611267,4,45.933262838068,1.8387821228611267,2.770231457608085,1.9397878520460043,0.5423662747976898,1.8408545033459236,3.1486064038266823,3.112015500430235,202.25403568557496,206.74121446051177,318.63526331626406,-4.049136135473702,-0.1156000000000005,0.131567819751726,0.544437384969117,304.4860475820202,29.219109812737145,-7.466277086848994,0,0
2019-10-16,train,4.954886263953913,-1.732787923716228,5,270.7174239587196,-1.732787923716228,-1.375504130787064,-0.1373138900217174,3.5099370854887013,-0.8624915316805648,3.1486064038266823,2.804816009878087,202.25403568557496,206.74121446051177,312.06012555998603,-6.575137756278025,-0.0377000000000009,0.131567819751726,0.544437384969117,291.1904913108584,-2.730004548178666,3.026927232109511,0,0
2019-10-23,train,2.2068860244344406,0.6686703739141153,5,204.8749222877009,0.6686703739141153,0.552470318205911,-0.1375027003581497,1.3249675983157516,0.8653684844124321,3.1486064038266823,2.444934591294542,202.25403568557496,206.74121446051177,326.9949095052201,14.934783945234074,0.3314000000000021,0.131567819751726,0.544437384969117,269.19208191723266,3.160220007380232,-0.6722714394876483,0,0
2019-10-30,train,10.109646396101217,-2.81007970746332,5,248.1994559973078,-2.81007970746332,-2.1346397446960097,-3.500538495481953,2.53335655257807,-2.2165923442931224,3.1486064038266823,2.083721304039338,202.25403568557496,206.74121446051177,320.88254890147,-6.112360603750176,0.1166000000000053,0.131567819751726,0.544437384969117,259.94028080950187,-4.1799784248890415,2.036458291647492,0,0
2019-11-06,train,0.2891744681664859,-0.09022099605340284,5,28.01120295595253,-0.0902209960534028,-0.8478647056544997,-0.3926478579107773,2.3754934584488296,-0.951642250482898,3.1486064038266823,1.7725262074722123,202.25403568557496,206.74121446051177,325.7711848653399,4.888635963869945,-0.0399000000000029,0.131567819751726,0.544437384969117,262.4400440271625,-11.219536732634785,-0.4969365866567266,0,0
2019-11-13,train,1.8323645780358788,0.8807337362219281,5,282.7610739219741,0.8807337362219281,0.2834210689415695,-1.9502188211436344,0.9940544455282918,0.552287170989274,1.699986351492732,1.5626993609529047,242.6026066416673,254.54054849802367,321.00368762009964,-4.767497245240236,0.1345000000000027,0.301267643553345,0.702553357839059,255.9820844476025,16.68530897376117,3.090248351762437,0,0
2019-11-20,train,1.3423968570413296,-0.2899946991152813,5,99.05801293436146,-0.2899946991152813,-0.0943648535684182,0.3276949828070474,0.0244631219657343,0.0206700034693696,1.699986351492732,1.5055908238411515,242.6026066416673,254.54054849802367,319.37631240531255,-1.6273752147870937,0.0044000000000039,0.301267643553345,0.702553357839059,254.90935466129883,-5.232505758109651,0.2572762313148402,0,0
2019-11-27,train,5.667662659135262,3.1255339035419105,5,204.670953768992,3.1255339035419105,3.6164820475585113,2.760523385730318,1.3018531054911795,3.090317281075272,1.699986351492732,1.6525506554966911,242.6026066416673,254.54054849802367,317.8886816651837,-1.4876307401287931,-0.0226000000000112,0.301267643553345,0.702553357839059,254.3757149760934,0.8827661308181689,2.427342146638356,0,0
2019-12-04,train,3.3268991610951946,1.3101832637448796,5,141.4931968419338,1.3101832637448796,1.626085798318444,0.8100085068886376,-1.312336567838912,1.531214667565184,1.699986351492732,2.0549289152792625,242.6026066416673,254.54054849802367,322.3266173169493,4.437935651765599,0.1485000000000127,0.301267643553345,0.702553357839059,250.1698212427837,2.483655286166586,1.909551153031685,0,0
2019-12-11,train,3.354841599970764,0.5538225813937148,5,255.9776219928199,0.5538225813937148,0.8032105446492466,1.7040877021562206,0.6444331280834881,0.6925303530037397,2.419298549927752,,232.09853032302172,241.28658052185543,320.8421366964342,-1.4844806205151713,-0.0041000000000082,0.366036461077784,0.760736461077784,272.285342407189,-0.6151547865109297,0.3377344321742193,0,0
2019-12-18,train,4.552675209453928,3.2099134344034885,5,514.0099908833624,3.2099134344034885,3.441462661231709,4.714680726491949,1.8951230102038248,3.480406302707806,2.419298549927752,,232.09853032302172,241.28658052185543,319.7856457644125,-1.0564909320216316,0.0478999999999985,0.366036461077784,0.760736461077784,272.35625927327186,-12.277754262424656,0.1837391421835477,0,0
2019-12-25,train,1.5084424210181806,1.6740298693814104,3,586.6695734079051,1.6740298693814104,1.5450815939594076,1.5393072272541275,,,2.419298549927752,,232.09853032302172,241.28658052185543,327.563415868681,7.777770104268427,0.1499000000000023,0.366036461077784,0.760736461077784,247.0165193132965,6.236933738301786,5.578068687116211,0,0
2020-01-01,train,0.2888668889486891,-0.27981614753163075,2,304.6585212042752,-0.2798161475316307,0.0851438297411188,0.0649467212433307,,,2.419298549927752,,232.09853032302172,241.28658052185543,,,,0.366036461077784,0.760736461077784,,-17.05259719826584,0.2023414478475871,0,0
2020-01-08,train,2.026663919189814,1.6510425434764553,5,43.70420214674267,1.6510425434764553,1.3525074043855945,4.040635166371676,0.5165335846512242,2.7799010361102106,,,191.721791492481,196.33211752982743,,,,0.315867468685361,0.7070038323217249,,-4.510457120387734,-2.174791982625468,0,0
2020-01-15,train,2.153968160540775,2.4977229896340436,5,42.60999047335061,2.497722989634044,2.814761340367289,3.342332013757998,0.5206232178683656,2.9603483140149045,,,191.721791492481,196.33211752982743,317.6803048446293,-9.883111024051686,0.0936999999999983,0.315867468685361,0.7070038323217249,264.19175210794225,-0.7245503277553134,-0.6810805125399888,0,0
2020-01-22,train,3.0239709122887057,1.8952821448669832,5,117.6990287774798,1.8952821448669832,1.1363919359890229,0.5713449561589812,0.9163136595472744,1.2142738982514167,,,191.721791492481,196.33211752982743,319.54024686825585,1.8599420236265587,0.0206000000000017,0.315867468685361,0.7070038323217249,248.8300882856016,-6.786512247951304,-6.15814752354078,0,0
2020-01-29,train,10.181812653404846,1.172286025124536,5,201.9836971235428,1.172286025124536,0.402719957007136,-0.8431293078169144,-0.1671961599990723,0.3537598502505013,,,191.721791492481,196.33211752982743,321.64729402518907,2.10704715693322,0.0053000000000054,0.315867468685361,0.7070038323217249,250.46194037646484,-6.695668540759181,-1.88203322160021,0,0
2020-02-05,train,18.99512004618329,3.4663203307924606,5,44.28392259711572,3.4663203307924606,3.320461603221414,5.01285548416246,1.200925928302432,3.138497239022797,,,191.721791492481,196.33211752982743,317.47149290824314,-4.175801116945934,-0.0461000000000098,0.315867468685361,0.7070038323217249,266.8609197019997,-2.960662739280062,-4.360318900126003,1,0
2020-02-12,train,11.375947953625266,4.70180242545799,5,87.12301673178438,4.70180242545799,4.262431679697221,9.773875711049484,0.7642426102535183,4.408739168384912,,,196.49325687323855,195.59433936842683,316.5896900077314,-0.8818029005117296,0.103500000000011,0.132262730992167,0.5411127309921671,261.0452072604924,-8.606243194827545,-7.144650626053739,1,0
2020-02-19,train,22.875106820895397,5.79275698152808,5,144.9329464590326,5.79275698152808,5.226160422503279,6.071669221335441,-0.6287569063995413,5.39537463712616,,,196.49325687323855,195.59433936842683,317.09452911106507,0.5048391033336657,0.0876999999999981,0.132262730992167,0.5411127309921671,252.19294364490173,-6.556270411894616,0.3246170569238593,1,0
2020-02-26,train,15.869117877475677,-6.4023143302944785,5,92.02691262765563,-6.402314330294479,-7.945337639755179,-7.22593535842373,-6.705583172340113,-7.684489206506928,,,196.49325687323855,195.59433936842683,324.49333591874904,7.398806807683968,0.019999999999996,0.132262730992167,0.5411127309921671,255.59008506120645,9.299360062555229,7.256349079233626,1,0
2020-03-04,train,44.27936384133231,-4.210817380401699,5,57.87150668616006,-4.210817380401699,1.6704943757634094,1.6226579496619653,-5.6029028528967295,0.6868060933392428,,,196.49325687323855,195.59433936842683,318.75915348284343,-5.734182435905609,-0.5131999999999977,0.132262730992167,0.5411127309921671,320.03166641469164,-5.375965841331976,-8.306132475689498,1,0
2020-03-11,train,129.44362770409467,-18.128405628341703,5,32.1701718053948,-18.128405628341703,-20.20939201757788,-21.81587143535828,-15.707433953642536,-19.25552771178172,,,318.4648591140121,309.28002701120806,316.92653243148663,-1.832621051356796,-0.6239999999999952,0.372634326290483,0.789270689926847,339.3047595521702,-1.768382844787908,-5.805786780357591,1,0
2020-03-18,train,296.5063792826925,-19.78010134692372,5,140.17623189235,-19.78010134692372,-24.409910512834895,-33.0676936964585,-25.609544352692737,-23.89301923887066,,,318.4648591140121,309.28002701120806,317.3459961337718,0.4194637022851566,-2.0531000000000006,0.372634326290483,0.789270689926847,398.4557597611361,5.000768378412301,-40.903878265085055,1,0
2020-03-25,train,205.1114534369984,12.499129248114937,5,42.7055688779763,12.499129248114937,13.617470448550373,17.102196508713252,14.010798054833984,12.165667431631988,,,318.4648591140121,309.28002701120806,272.32671669070703,-45.01927944306476,-1.814500000000009,0.372634326290483,0.789270689926847,444.02589855258753,-12.53766356960635,-41.31871542020748,1,0
2020-04-01,train,74.75664044693079,-5.522566496784087,5,96.6592997997466,-5.522566496784087,-5.812492732490915,-10.157976125050183,-2.343585736651921,-4.758907134529,,,318.4648591140121,309.28002701120806,285.7618971424357,13.435180451728684,2.4799000000000007,0.372634326290483,0.789270689926847,404.5338124667266,-6.511138129871164,11.705145321099542,1,0
2020-04-08,train,36.12265358453712,9.753024885502981,5,65.19962385137278,9.75302488550298,11.402799284900622,14.20379867779542,7.791883771943731,10.512855661025622,,,328.13263909267255,330.9455147178349,283.08576303637574,-2.676134106059976,-0.769999999999996,0.553776148698786,0.807826148698786,393.4582613072714,-12.647253978489804,-53.73250980370514,1,0
2020-04-15,train,15.259955942357884,-1.0687435178142746,3,43.87673044598697,-1.0687435178142746,-0.3891110904248762,1.8025083362880332,-2.6846617754475943,-0.1632005975109152,,,328.13263909267255,330.9455147178349,304.6425387869509,21.556775750575184,0.4391999999999996,0.553776148698786,0.807826148698786,381.32452204241366,6.1796268113325725,52.158913210523664,1,0
2020-04-22,train,29.023700832374526,0.5542348248646078,5,146.4017304758294,0.5542348248646078,0.0974298475012958,1.630087054995588,2.559106642582787,-0.4620641951628812,,,328.13263909267255,330.9455147178349,295.3346557057553,-9.307883081195598,0.6961000000000013,0.553776148698786,0.807826148698786,380.5717599057215,-8.777561088238572,-24.195539283628385,1,0
2020-04-29,train,33.03765324862339,7.316005283212634,5,132.4675963501303,7.316005283212634,7.410786459956098,9.194935121900594,7.280425171018034,7.641221895948203,,,328.13263909267255,330.9455147178349,302.3833703664866,7.048714660731264,-0.1636000000000024,0.553776148698786,0.807826148698786,378.32096083955423,-6.573239540090148,-36.31896249599262,1,0
2020-05-06,train,36.288471045214784,-2.4615412799079417,4,109.5621657652102,-2.4615412799079417,-3.683653223620631,-1.942434800163051,-4.844195102919446,-2.98503799946932,,,328.13263909267255,330.9455147178349,300.1714345231539,-2.2119358433326965,0.4825000000000017,0.553776148698786,0.807826148698786,342.4930184188685,-3.464398745307906,26.00712627077897,1,0
2020-05-13,train,22.29617459588917,2.255852869890651,5,196.9836978057019,2.255852869890651,1.1194209363270424,1.717756577869478,0.3173742235992982,1.3709100764843996,,,415.7433513381408,418.1484090379876,294.0747965221232,-6.096638001030726,-0.2292999999999949,0.479135742756966,0.751085742756966,354.9832880801303,-4.263191211180817,30.37890577142877,1,0
2020-05-20,train,28.47060395485157,4.589215847924888,5,142.3230545846668,4.589215847924888,6.812655571050508,8.290585690480867,4.93698487209091,5.521936206673317,,,415.7433513381408,418.1484090379876,292.26238017333526,-1.812416348787906,-0.1307000000000044,0.479135742756966,0.751085742756966,350.914255421471,-11.849906497908314,14.19155684767568,1,0
2020-05-27,train,11.52208981348819,-0.16486273622937642,5,66.13441535658785,-0.1648627362293764,2.650871943450861,-0.4743554754975676,4.391771916571052,2.524197611375812,,,415.7433513381408,418.1484090379876,305.3529372280208,13.09055705468552,0.4335999999999984,0.479135742756966,0.751085742756966,337.10577107490644,-13.736201146510552,22.019909875779355,1,0
2020-06-03,train,14.296952335457448,3.803977121865243,4,48.67788981438782,3.803977121865243,4.375450712443696,4.304241255881314,6.358191759996501,4.261623267686687,,,415.7433513381408,418.1484090379876,305.6356895370426,0.2827523090218165,0.5940999999999974,0.479135742756966,0.751085742756966,338.09538571850965,-18.861654161017547,-6.017521188410191,1,0
2020-06-10,train,12.74832704114476,1.5445630543619693,5,197.4154999421069,1.5445630543619693,2.2364890689274386,0.2558674506686564,-0.5821189986724207,2.508798456427197,,,309.5923035474373,319.7302475651302,309.14968955383705,3.514000016794455,0.2805000000000035,0.351459291517374,0.727459291517374,338.80513499921403,36.65582834404588,14.876761687105056,1,0
2020-06-17,train,41.869381259525134,-1.1166435967312704,5,97.8713232307964,-1.1166435967312704,-3.3434364197876487,-3.495961374175671,-0.3040463868742904,-3.0926520009741942,,,309.5923035474373,319.7302475651302,312.8951117340214,3.745422180184335,-0.062899999999999,0.351459291517374,0.727459291517374,340.29425246805454,-10.450634004156267,8.089299621550339,1,0
2020-06-24,train,13.046623439916285,-0.49145973859987535,5,11.20838069610642,-0.4914597385998753,1.3040144534524067,5.714212022649923,-3.3181597129559925,1.412784247075649,,,309.5923035474373,319.7302475651302,312.19242987917505,-0.7026818548463325,0.1769000000000034,0.351459291517374,0.727459291517374,356.5589721896348,8.135540096399318,-1.739174271186883,1,0
2020-07-01,train,6.814545774996178,2.8669606546123605,5,395.4660554870803,2.8669606546123605,2.636988482083113,2.1157607488595964,2.183501576681124,2.2398011807597484,,,309.5923035474373,319.7302475651302,323.1989464013584,11.006516522183349,-0.1486000000000018,0.351459291517374,0.727459291517374,360.5690761347972,8.356588836861345,-0.1731173920669793,1,0
2020-07-08,train,10.958624418642135,6.2412740154496715,5,261.7946287809668,6.241274015449672,8.101280852017156,12.266500795152746,1.974378500279972,8.056922416980772,,,313.1465900918374,304.37945264277766,331.92639988994694,8.727453488588537,0.0433999999999912,0.220885310186352,0.665015744968961,340.55379477605754,3.4707630850410176,4.311639008352408,1,0
2020-07-15,train,20.087351801394746,2.705364297105328,5,118.8612386214724,2.705364297105328,2.4426676790619606,5.269928966171689,2.8546109273762,2.6566342901761963,,,313.1465900918374,304.37945264277766,337.58795736778654,5.661557477839608,0.1591999999999984,0.220885310186352,0.665015744968961,338.6844875437755,1.2542537306460266,3.471519244684096,1,0
2020-07-22,train,6.797874827152323,2.771569945384811,5,108.6708021701289,2.771569945384811,3.965732652147791,4.243590700053934,0.5290918363465735,3.8587365676840513,,,313.1465900918374,304.37945264277766,335.8985532852846,-1.6894040825019374,0.1807000000000016,0.220885310186352,0.665015744968961,331.68152723895207,-12.755778819011754,0.6618762037950976,1,0
2020-07-29,train,19.963657799172353,-3.026074032136594,5,227.4690053719696,-3.026074032136594,-1.58133974237602,-1.7648793838453969,-1.2768294592061302,-1.6215609300201272,,,313.1465900918374,304.37945264277766,327.9406324608233,-7.957920824461325,0.1309000000000111,0.220885310186352,0.665015744968961,318.6860768502819,-7.900676020701614,0.0454855591194292,1,0
2020-08-05,train,16.580662752950207,5.26725989366208,5,49.92835870962829,5.26725989366208,7.732035376548296,12.21999207447424,1.1345126680231132,8.02878234501394,,,313.1465900918374,304.37945264277766,326.27013044082304,-1.6705020200002425,-0.092400000000012,0.220885310186352,0.665015744968961,318.76575664906403,6.958633102835954,-1.0744188394026022,1,0
2020-08-12,train,10.996489386370225,3.8858995616264824,5,318.8792813521121,3.8858995616264815,2.282902744580406,0.6674517044831241,3.87780812017251,2.099757326011442,,,289.35592920994884,298.7593161205136,328.50380271218694,2.233672271363901,0.2428000000000025,0.160071953925014,0.6397862396392999,317.563841558096,34.63845900534559,3.189233313765349,1,0
2020-08-19,train,10.55182122625734,3.765418190568215,5,273.1606843762244,3.765418190568215,2.843220975219163,3.1014781728556877,-1.339281428303618,3.286306258384375,,,289.35592920994884,298.7593161205136,325.50148714840736,-3.0023155637795758,0.2192000000000007,0.160071953925014,0.6397862396392999,311.20653696670024,-2.0425772230333816,0.3777362562750408,1,0
2020-08-26,train,9.407671625150732,3.0752903542813126,5,446.5987900016617,3.0752903542813126,2.764630056433548,4.088267606069351,1.5193837750918426,2.000998962940592,,,289.35592920994884,298.7593161205136,326.57594107670513,1.0744539282977712,-0.1066000000000002,0.160071953925014,0.6397862396392999,309.0505945827521,15.2436200030883,0.2657808873521183,1,0
2020-09-02,train,1.909262192755051,0.6733934304337108,5,238.4828087543503,0.6733934304337108,2.8055593388132127,3.6822720775563145,-0.3388611750097858,2.799269051067377,,,289.35592920994884,298.7593161205136,335.34067178258067,8.764730705875536,0.0003000000000099,0.160071953925014,0.6397862396392999,309.1101542521608,9.102382792362862,1.2747425362490183,1,0
2020-09-09,train,52.04322124320762,-4.085183560869732,5,154.2034201194174,-4.085183560869732,-4.599907361233235,-6.845399494091842,-0.1264656633657601,-4.928753191647761,,,309.3344640447869,321.6726174788043,333.9676525013905,-1.3730192811901816,0.2667999999999892,0.123463670294754,0.61482730665839,328.1456180049607,19.420101995414065,-6.986680643442522,1,0
2020-09-16,train,13.922435625194641,4.109163396287041,5,169.7469046322508,4.109163396287041,2.914266912301011,6.282216703078225,1.143198271860868,3.521905841294881,,,309.3344640447869,321.6726174788043,330.2849258644379,-3.682726636952566,-0.1953999999999922,0.123463670294754,0.61482730665839,325.3810442747192,-3.4429329896901617,-6.581959116232516,1,0
2020-09-23,train,21.54107894443822,-0.48043304494864714,5,247.6275032003311,-0.4804330449486471,-3.216454423555204,-0.6551578488553034,-3.688144394328763,-2.704328208298889,,,309.3344640447869,321.6726174788043,339.9863158649019,9.70139000046396,0.0013999999999896,0.123463670294754,0.61482730665839,309.0710580112664,5.297810496569522,3.0786817646554887,1,0
2020-09-30,train,43.12979257301346,9.096643831957074,5,261.3038213343162,9.096643831957074,11.265829249474946,14.06344332785432,1.3848698364312462,10.589784824420525,,,309.3344640447869,321.6726174788043,327.6389731068807,-12.34734275802117,-0.3026999999999873,0.123463670294754,0.61482730665839,330.19993204988776,6.009435225031945,-0.3401363823490211,1,0
2020-10-07,train,34.441856908942185,11.737985579188681,5,243.0849575113662,11.73798557918868,13.156904384918766,14.87338735253081,2.088574697280521,12.953095521298508,,,309.3344640447869,321.6726174788043,329.2497964738815,1.610823367000762,-0.2423000000000001,0.123463670294754,0.61482730665839,326.03938970701654,10.022211827239769,-1.941331394268131,1,0
2020-10-14,train,14.279701856637574,1.3978213979023213,5,146.984824902538,1.3978213979023213,0.2367741043272975,-0.0665386818185176,1.933472792394486,0.61022536934221,,,306.5552708878756,308.82752786407934,329.13825156549484,-0.1115449083866337,0.3748999999999967,0.0003605895975517,0.5094969532339158,321.78513002220114,3.134170221071386,0.7909087199601483,1,0
2020-10-21,train,13.299597901406242,-3.7017575512563905,5,424.6026138197537,-3.7017575512563914,-4.400016764171166,-5.344613438827839,-2.0517544958207345,-3.976007972678808,,,306.5552708878756,308.82752786407934,324.8434627109745,-4.294788854520334,0.0701999999999998,0.0003605895975517,0.5094969532339158,314.5982499347876,1.1819868584423077,2.8874989216235214,1,0
2020-10-28,train,16.614560029716632,-5.120394588068322,5,67.93472374226786,-5.120394588068322,-4.447436406707439,-3.0798114360594653,-5.431232297376365,-3.851411594801757,,,306.5552708878756,308.82752786407934,315.9550358783386,-8.8884268326359,-0.0966000000000093,0.0003605895975517,0.5094969532339158,338.26531622385505,6.927157159302766,-4.2008618714058255,1,0
2020-11-04,train,7.9293183857136,3.283079114195342,5,294.3219911566072,3.283079114195342,2.7524634026432797,-1.929879481891472,6.391353887240481,1.591106366585926,,,306.5552708878756,308.82752786407934,313.6797713832594,-2.275264495079228,-0.4597999999999871,0.0003605895975517,0.5094969532339158,364.4370985389885,-2.589229607169941,-5.723178087323877,1,0
2020-11-11,train,57.70233228356706,8.108453764800228,5,361.9675480988281,8.108453764800228,9.398388309102534,9.954221946276489,6.580982479423092,9.13555442875058,,,397.37945265644953,413.0268277626341,322.3266173169493,8.646845933689974,0.18719999999999,-0.0550423146444472,0.4658148282126958,333.2286649658807,-4.258662550684944,4.695213663549547,1,0
2020-11-18,train,2.925967364939679,-0.8815857803963212,5,249.1828669604657,-0.8815857803963212,-1.4753542483647577,-0.1605048474186965,0.2723530313772038,-0.9144253030616056,,,397.37945265644953,413.0268277626341,326.27013044082304,3.943513123873686,0.6017999999999972,-0.0550423146444472,0.4658148282126958,314.09402290078447,1.522599914115874,6.865679351369902,1,0
2020-11-25,train,8.31850522400655,5.278514212322261,5,197.2063970995399,5.278514212322261,7.513564073659751,12.017465067153132,0.3443597985911317,6.759590571736229,,,397.37945265644953,413.0268277626341,330.2849258644379,4.014795423614885,0.0179000000000115,-0.0550423146444472,0.4658148282126958,303.9887905325906,-2.98099688550173,0.960082307306198,1,0
2020-12-02,train,8.986750221991983,-1.1065692649871117,5,176.4020493265885,-1.1065692649871115,-0.4750484830179147,-2.560693886593235,-0.5601884149041503,-0.178945088489435,,,397.37945265644953,413.0268277626341,331.8540147981146,1.5690889336766531,0.0608000000000004,-0.0550423146444472,0.4658148282126958,303.3885109036512,1.8107252164948129,9.74053964944539,1,0
2020-12-09,train,4.930635994351933,2.0224457102374416,5,232.7871928850053,2.0224457102374416,0.2162472025280415,-2.3533443956408107,1.225671532429118,0.8800653452166074,,,302.48026692951555,309.47215062685325,338.6083743852107,6.754359587096133,0.1173000000000001,-0.0918818166552814,0.4462090924356275,307.70357246180254,6.75083746262799,1.051534399952292,1,0
2020-12-16,train,14.417393360896037,4.577236353255731,5,231.4860267446402,4.577236353255731,8.054828949144577,13.844391221726491,1.2238057609611277,7.386155158006957,,,302.48026692951555,309.47215062685325,339.1147045808654,0.506330195654698,0.0347999999999899,-0.0918818166552814,0.4462090924356275,299.6661841371923,-1.160685140481732,2.0909570401645983,1,0
2020-12-23,train,36.858340129064786,11.352362767039459,5,306.431884904449,11.35236276703946,10.232319984546834,12.225758672732656,0.7722295601102935,10.076424528140304,,,302.48026692951555,309.47215062685325,345.4106037317557,6.295899150890307,-0.040700000000001,-0.0918818166552814,0.4462090924356275,305.1034521338646,10.603225089727708,4.055152155975517,1,0
2020-12-30,train,6.179561090660375,-0.2900513232567459,3,246.307208156246,-0.2900513232567459,1.9418680962918435,-1.599263382462368,0.7471455769148427,1.8639957643062035,,,302.48026692951555,309.47215062685325,345.883716110857,0.4731123791012805,-0.1687000000000011,-0.0918818166552814,0.4462090924356275,314.2128680854452,6.647867432830124,0.4318813151863221,1,0
2021-01-06,train,55.55175126563167,11.005818451430205,3,312.3489983557549,11.005818451430205,10.4299406029837,11.887887931094989,0.8145129345167312,8.521208540725933,,,302.48026692951555,309.47215062685325,346.729718336668,0.8460022258109348,0.1648000000000138,-0.0918818166552814,0.4462090924356275,315.1410357733669,8.189080840959928,-0.6090990439538757,1,1
2021-01-13,train,69.97654492283007,5.151253849636461,5,56.38115367143342,5.151253849636461,3.7197729155590498,-0.7051712715838931,1.571963959021172,5.462025268012738,,,271.75653651100254,278.1276531576149,351.184390174922,4.454671838254001,-0.0364000000000004,-0.0637567597967504,0.4833932402032496,306.5365606568333,-7.864025666092367,5.855891299660287,1,1
2021-01-20,train,31.528368556919656,-4.034520680234177,5,0.0,-4.034520680234177,-4.102679869274217,0.2791767974422932,0.2741263943259575,-3.819055153416517,,,271.75653651100254,278.1276531576149,351.3036863417691,0.1192961668471639,-0.0167000000000001,-0.0637567597967504,0.4833932402032496,304.8974417699624,20.220158243414588,3.1469849030810515,1,1
2021-01-27,train,31.35141529240405,-1.2674776283155165,5,378.6504605584108,-1.2674776283155165,-3.712551416401277,-3.8001739697240735,-2.596730010270676,-2.470052914386578,,,271.75653651100254,278.1276531576149,349.10380856619446,-2.1998777755746346,0.0197999999999893,-0.0637567597967504,0.4833932402032496,300.94971021297044,-5.940443631307968,0.2518439899195535,1,1
2021-02-03,train,10.012040473074132,1.483920639737013,5,248.4582057941674,1.483920639737013,3.936088136378269,5.339070281211011,2.891820848288429,2.7215571771994185,,,271.75653651100254,278.1276531576149,350.28510353886554,1.1812949726710826,-0.1372999999999962,-0.0637567597967504,0.4833932402032496,328.72743864546703,-2.797910294359207,-1.0656652823354484,1,1
2021-02-10,train,3.964136337604243,-1.415381602771637,5,246.7630200393261,-1.415381602771637,-1.8024167321808005,2.666593750678725,0.5690795675381111,-1.0883672443839032,,,195.1068145269577,197.4421938797589,362.1135802027417,11.828476663876131,0.1581000000000045,0.0632093685662669,0.6043093685662669,312.32235865685385,-9.84418231197748,6.230022721394768,1,1
2021-02-17,train,24.251134770703278,-5.2910320447727255,5,109.0078760177113,-5.2910320447727255,-4.347799365596661,-3.407150444729279,1.7426304632877532,-4.6621634230942455,,,195.1068145269577,197.4421938797589,367.0970033570368,4.983423154295167,0.1247999999999933,0.0632093685662669,0.6043093685662669,311.20831730816974,3.867339017381699,4.275154276613602,1,1
2021-02-24,train,83.58101697912667,-10.520006306946428,5,113.654669521361,-10.520006306946428,-9.568332380167188,-11.297613629567936,0.2542605117107577,-10.163476974816454,,,195.1068145269577,197.4421938797589,363.9163861868004,-3.1806171702364736,-0.0236000000000018,0.0632093685662669,0.6043093685662669,308.3239360992225,-11.511927333544223,6.103804162128501,1,1
2021-03-03,train,45.94306666329869,-4.616083798450132,5,118.3707424073743,-4.616083798450132,-9.878771109305529,-8.942464634831104,0.3771710640296355,-8.355005831945217,,,195.1068145269577,197.4421938797589,366.5866679804863,2.6702817936859446,-0.0715000000000003,0.0632093685662669,0.6043093685662669,306.4595803343332,-0.9659562973050928,2.775638867219321,1,1
2021-03-10,train,142.74007540846668,-1.661333896618844,5,234.8829061674924,-1.661333896618844,-0.6199606503038968,-4.501949165235342,1.4055675642818954,-1.8388431510654613,,,212.04868951840004,217.3432453229355,362.1938048360055,-4.392863144480828,0.0641000000000104,0.147856238199887,0.686943194721626,307.7109475009858,-5.354168262346182,-3.2690102041097013,1,1
2021-03-17,train,61.37623971009297,-2.9842421635557503,5,387.7241425623988,-2.9842421635557503,-0.290639558416883,3.0093824949690706,1.0163770056291987,-0.5417520283067745,,,212.04868951840004,217.3432453229355,372.49702742582895,10.303222589823465,-0.0168000000000034,0.147856238199887,0.686943194721626,297.8947188893172,12.713498897147169,4.281074207989555,1,1
2021-03-24,train,11.802674691474135,-1.7410337794699249,5,186.9788587281406,-1.7410337794699249,-7.1074094938288646,-9.692264640808546,-1.2988924716659689,-6.212943167812668,,,212.04868951840004,217.3432453229355,375.77056450437885,3.273537078549907,0.0722999999999984,0.147856238199887,0.686943194721626,286.62270507337524,1.9099558237409384,0.295726964006171,1,1
2021-03-31,train,42.76010288505425,5.168739922371746,5,169.1887172662918,5.168739922371746,8.141552061428525,8.253393882190352,1.926000753927504,6.580740751761116,,,212.04868951840004,217.3432453229355,372.5693427236652,-3.201221780713638,0.0707000000000022,0.147856238199887,0.686943194721626,287.75791694307185,3.3755016717093245,-6.134465064869499,1,1
2021-04-07,train,22.067580361187698,-4.864548233336663,3,222.3637449474919,-4.864548233336663,-4.891379811360075,-5.937225036976823,1.6111620613003197,-3.678723812748608,,,212.04868951840004,217.3432453229355,374.856245627511,2.286902903845771,0.0715000000000003,0.147856238199887,0.686943194721626,288.8937396357985,2.1553131895753808,-0.2829745639236769,1,1
2021-04-14,train,11.941644416771751,0.35670762001056566,5,235.9612178689572,0.3567076200105656,1.0746022161994162,-1.7144344678894363,0.5189454999517729,0.9821985380204624,,,193.9223276543613,201.92731097465665,377.8720158113725,3.015770183861548,0.1118999999999914,0.204919188611819,0.743069188611819,281.3280708309304,1.5308154006898889,-2.6481049681956748,1,1
2021-04-21,train,10.496252314678845,-2.1959308059176674,5,205.5553398764796,-2.1959308059176674,0.3840266344931731,0.1058087967828136,0.413795661998062,-0.5434266633736584,,,193.9223276543613,201.92731097465665,377.8263015248622,-0.0457142865103605,-0.0017999999999886,0.204919188611819,0.743069188611819,278.44122974746296,2.027321864913434,6.644625408856264,1,1
2021-04-28,train,32.357080483541985,3.2055734662460367,5,78.14728605873958,3.2055734662460367,2.3570279380606074,3.487257776178509,1.2030773673553874,2.7280639976845933,,,193.9223276543613,201.92731097465665,382.45024078986506,4.623939265002889,-0.0019000000000062,0.204919188611819,0.743069188611819,295.9135714295168,6.999497734713955,-3.2124486803769337,1,1
2021-05-05,train,33.16472942899909,-7.2157587477061025,5,273.617269399509,-7.2157587477061025,-9.14076618909654,-14.507564522693883,-0.1351541807874667,-8.736656300713985,,,193.9223276543613,201.92731097465665,386.4931397894296,4.0428989995645,0.0394000000000005,0.204919188611819,0.743069188611819,291.10998827132875,2.086192435070666,4.669040241329103,1,1
2021-05-12,train,29.906806905584055,-6.667488155810863,5,53.78285979494356,-6.667488155810863,-5.769489308895892,-9.7490406138939,-1.6219412241294862,-5.427625992768981,,,173.12515293203327,176.62245329444613,389.8532415245647,3.360101735135117,0.0267999999999943,0.377151027497333,0.9172462655925708,299.0930764737797,10.59078280430672,3.845784254329931,1,1
2021-05-19,train,11.66317999126273,3.263198098610065,5,225.6423751763748,3.263198098610065,5.906114753136205,8.215423180372472,-0.8339372557070845,4.970960002124691,,,173.12515293203327,176.62245329444613,401.041932728434,11.188691203869324,-0.0682999999999935,0.377151027497333,0.9172462655925708,317.5496396232673,9.765205687647205,-0.1291897115014428,1,1
2021-05-26,train,12.75232914552457,4.405835718885909,4,16.17510648904635,4.405835718885909,3.839766165700942,5.507646244912223,2.554446436336377,4.134064623858258,,,173.12515293203327,176.62245329444613,390.2982260775997,-10.743706650834326,-0.0297999999999944,0.377151027497333,0.9172462655925708,319.78646275453923,-15.33876603773856,-4.015191360684689,1,1
2021-06-02,train,3.478287846890883,-1.4790037978737125,5,17.00243397556726,-1.4790037978737125,-1.4560071864825996,-2.0895112237532487,2.59509464728227,-1.4940942450618169,,,173.12515293203327,176.62245329444613,398.1549068076757,7.856680730075993,0.086999999999989,0.377151027497333,0.9172462655925708,290.59333786801875,15.365257607897489,3.0191528121114253,1,1
2021-06-09,train,1.4478159784748992,0.7042957335473776,5,170.4180886842822,0.7042957335473776,-0.5794665537517396,-1.374139979171396,0.1863320536922508,-0.2999721901741026,,,170.97337846011976,178.25999010709182,393.7885664953873,-4.366340312288344,0.1394999999999981,0.303973297148943,0.8468823880580341,288.1897059983204,-2.7000681481851974,2.3938647601635665,1,1
2021-06-16,train,10.495239829864534,2.5099765895851167,5,98.953720628892,2.5099765895851167,1.843915528449092,4.279888572456869,1.0051157140943623,2.1725419764784704,,,170.97337846011976,178.25999010709182,397.837238596968,4.048672101580678,0.0328000000000088,0.303973297148943,0.8468823880580341,284.67797266605146,9.540559745984378,1.0006425541016384,1,1
2021-06-23,train,5.940949659770461,0.6820843590653602,5,150.5045091184877,0.6820843590653602,0.7474129664545526,5.059894665441966,-0.6334899721560205,0.0755235188661274,,,170.97337846011976,178.25999010709182,393.6715618018518,-4.165676795116212,0.080299999999994,0.303973297148943,0.8468823880580341,278.36028435028817,-0.9515765597063464,3.540558529082638,1,1
2021-06-30,train,9.363733546412908,3.909346930329516,5,18.20691678002032,3.909346930329516,2.7221251188692897,6.021192629414429,-0.1036976488065555,2.4594681899274384,,,170.97337846011976,178.25999010709182,399.9301013535207,6.258539551668889,0.0485000000000042,0.303973297148943,0.8468823880580341,292.0415879244541,11.820313212622136,1.797499771115163,1,1
2021-07-07,train,1.420050835761388,1.1942796596506433,5,15.42817872078322,1.1942796596506433,0.4677974996799339,-0.1680583359908283,2.1046014605611063,0.6627557555430208,,,170.97337846011976,178.25999010709182,402.9983803061711,3.0682789526504166,0.0023999999999944,0.303973297148943,0.8468823880580341,290.0591579386164,9.30108208516196,2.2608744281958693,1,1
2021-07-14,train,13.265929804056375,-3.3732996336252263,5,245.8189864062714,-3.3732996336252263,-4.025650802634306,-6.150810630161718,0.6236361558485726,-3.6258750971590814,,,189.07865457809663,187.37054029943536,396.1003627649768,-6.898017541194292,0.0438000000000045,0.163364532874183,0.7081827146923649,285.1677128558745,-6.824630883691496,-3.47803651547709,1,1
2021-07-21,train,20.396760480393915,-0.216939883342393,5,157.6386639597046,-0.216939883342393,0.967052417932468,2.995475470906861,-1.2242868770509396,-0.0738340974547391,,,189.07865457809663,187.37054029943536,397.55610262321335,1.4557398582365408,-0.0037999999999982,0.163364532874183,0.7081827146923649,287.26659307772326,7.265572849188384,1.9060890304270828,1,1
2021-07-28,train,13.678137007387022,-1.4032042624092966,5,46.42387625029297,-1.4032042624092966,-0.1313242338473852,-2.9835429704125893,2.454762900573648,-0.2204463028169456,,,189.07865457809663,187.37054029943536,395.23968995664194,-2.3164126665714093,-0.0698000000000007,0.163364532874183,0.7081827146923649,306.9173237592965,3.320252955898262,-4.316828861889288,1,1
2021-08-04,train,2.7957875758192463,2.7334510471195728,5,138.756189602403,2.7334510471195728,1.2622509251253078,5.260394364181487,0.8362782306578609,2.008107857988861,,,189.07865457809663,187.37054029943536,398.4901650840719,3.2504751274299224,0.0822000000000002,0.163364532874183,0.7081827146923649,296.94344983791774,9.919954122189669,3.454926025703653,1,1
2021-08-11,train,5.067155306047431,-0.07144883588767748,5,189.5222341731821,-0.0714488358876774,-0.0432516654137238,-2.9037452763940763,1.0896821985281413,-0.4675986363436024,,,201.28162501514728,205.79203839529436,401.4579593753238,2.9677942912519484,0.0103000000000008,0.0594693793304723,0.6070602884213813,295.5581928426776,6.237454860915603,-5.614837206049828,1,1
2021-08-18,train,7.759569734130395,-1.8941757645356994,5,560.7162364189192,-1.8941757645356996,-3.4782360256366385,-8.123716949806337,0.2365526146777874,-2.798501285618027,,,201.28162501514728,205.79203839529436,405.5257173514054,4.067757976081566,0.0178999999999973,0.0594693793304723,0.6070602884213813,283.54461436206486,8.466164514026708,1.3988198429917276,1,1
2021-08-25,train,2.6017038827274632,2.730541220671334,5,189.8055962209865,2.730541220671334,3.823814556776384,5.265022303974121,0.1975550012005555,3.1738408574097043,,,201.28162501514728,205.79203839529436,404.4103345785354,-1.115382772869964,0.0092000000000069,0.0594693793304723,0.6070602884213813,291.61748647705633,-1.3155348361218788,-4.80889237784119,1,1
2021-09-01,train,1.5808721981783516,0.9348307229043229,5,235.2108992536113,0.9348307229043228,1.3704593917692964,3.044849385660786,0.4603000071960572,1.6731441684966877,,,201.28162501514728,205.79203839529436,403.4063631337171,-1.003971444818319,0.0662999999999982,0.0594693793304723,0.6070602884213813,288.08936488620543,-0.2205802151678426,4.989310163231675,1,1
2021-09-08,train,6.199346912567751,-2.3267116093652174,5,96.63924676058495,-2.3267116093652174,-2.367227596189636,-2.697936696657699,-1.1599093320922016,-2.5627781986440112,,,211.94786926470647,216.0359169310264,409.5510548862071,6.144691752489962,0.0745999999999895,0.19708119822436,0.7421266527698139,286.03649108530925,10.367642198489646,-0.1804177853904853,1,1
2021-09-15,train,6.329220153437049,-2.1248436777942192,5,138.8987505280743,-2.1248436777942192,-1.7575174406812444,0.4884198772413306,0.4146978781721877,-1.8563717717430703,,,211.94786926470647,216.0359169310264,413.3725518945951,3.821497008388064,-0.0062999999999959,0.19708119822436,0.7421266527698139,302.00687251655944,9.590361297728522,0.512644004588303,1,1
2021-09-22,train,6.056141832933835,0.9317686284300741,5,14.25502786652754,0.931768628430074,-0.3107645556841731,-1.0752823325492322,0.2208129893021215,-0.2934151411350783,,,211.94786926470647,216.0359169310264,409.11728710564654,-4.25526478894858,0.0227000000000003,0.19708119822436,0.7421266527698139,307.7063381652364,24.59886911132667,3.369884087879438,1,1
2021-09-29,train,7.509816190234217,-2.18778776949895,5,236.9304795904723,-2.18778776949895,-3.529778153844454,-6.053456317086603,-3.77649894426586,-3.178029516049552,,,211.94786926470647,216.0359169310264,410.3304303593573,1.2131432537107685,-0.0604000000000013,0.19708119822436,0.7421266527698139,312.70806601537737,1.383458746699073,0.8780154849089783,1,1
2021-10-06,train,9.865535613662649,-3.0765797036315323,5,556.5306707949801,-3.0765797036315323,-1.9535600394171129,-0.8586924912283855,-2.2218647799557623,-2.54546697334872,,,211.94786926470647,216.0359169310264,414.0432666414856,3.712836282128251,0.0486000000000075,0.19708119822436,0.7421266527698139,317.6335688520576,18.90245708960938,3.0779685927330824,1,1
2021-10-13,train,18.805826492569064,7.066544916969031,5,87.35355913643211,7.066544916969031,7.508058176344701,12.49510221403023,1.612742114364707,6.996389464491681,,,187.2398433784515,191.67183643519692,407.8215180292217,-6.221748612263866,-0.1707000000000107,0.352497867398119,0.9023073912076428,319.17841367962046,22.249444738974944,4.434007315664079,1,1
2021-10-20,train,9.012681933066647,4.231402831395803,5,101.9791117900023,4.231402831395803,3.3000650500431217,2.3797342256099974,2.121138994739713,4.0803481331058045,,,187.2398433784515,191.67183643519692,407.8215180292217,0.0,-0.0158999999999878,0.352497867398119,0.9023073912076428,298.77757038375347,-14.469687460931356,2.595343342886469,1,1
2021-10-27,train,8.736443963811142,3.1845127158224518,5,165.309617249805,3.184512715822452,3.072052662574487,4.383903580869841,-0.0367357653042077,3.096295346789546,,,187.2398433784515,191.67183643519692,405.629649458457,-2.1918685707646546,0.1556999999999959,0.352497867398119,0.9023073912076428,277.13129087357294,-0.1764074291985551,2.6346848554676505,1,1
2021-11-03,train,21.46861555980734,0.31456857784251113,5,224.5151959551227,0.3145685778425111,1.0573556996186897,3.0942109268846885,2.0135518749628822,0.5437374737186751,,,187.2398433784515,191.67183643519692,409.2509546276372,3.6213051691801184,0.0793000000000034,0.352497867398119,0.9023073912076428,282.8443161273998,-7.361174303217233,-1.9308346487992625,1,1
2021-11-10,train,5.298287016413085,0.6426712975773352,5,225.4927196914606,0.6426712975773352,-1.9608553825097184,-4.161568482230837,1.0795980935294658,-1.0400356003583688,,,229.3218799136733,230.38378229584893,409.11728710564654,-0.1336675219906169,-0.0902999999999991,0.31220618663745,0.879569823001086,280.1643756835011,-12.598588193751503,-3.656138971313183,1,1
2021-11-17,train,4.843604803018929,2.537508772464392,5,150.0412241436025,2.537508772464392,1.352198386197312,4.151282987865468,1.7154810197038906,1.1148244213180725,,,229.3218799136733,230.38378229584893,414.55128487965,5.433997774003444,0.1242999999999909,0.31220618663745,0.879569823001086,284.3518882636849,-8.758876684717354,2.207272100675972,1,1
2021-11-24,train,18.019618230760514,-2.62124151914227,5,93.7999585578222,-2.62124151914227,-2.722932097813624,-3.6055159287391447,-2.753933198956382,-3.115132580848723,,,229.3218799136733,230.38378229584893,420.69289229692464,6.141607417274656,-0.0280999999999949,0.31220618663745,0.879569823001086,281.43422827177005,30.36681530402632,-2.738892317924435,1,1
2021-12-01,train,24.72507006469792,-1.881659897144372,5,285.9615076969129,-1.881659897144372,-4.929215513625929,-8.11104414856425,-1.5598999998584162,-3.578796025688113,,,229.3218799136733,230.38378229584893,428.9088639014613,8.215971604536605,-0.1847000000000065,0.31220618663745,0.879569823001086,302.8489837792163,-1.0794440961087837,2.0854534004274505,1,1
2021-12-08,train,35.36844366603741,-2.7090866724246876,5,246.3147347563251,-2.709086672424688,1.0489428845041893,0.6345612951134783,2.325716233796271,-0.2709212975579689,,,258.40928353024697,262.1064307240119,434.1334840010591,5.224620099597814,-0.1953000000000031,0.278432004803968,0.860388526543098,325.8727108400955,1.7832476295556177,-16.94629788422306,1,1
2021-12-15,train,18.117294506168186,-8.053210965383428,5,385.1067995930995,-8.053210965383428,-5.487621492660999,-6.558951112839928,-2.579354242874654,-6.126194207772162,,,258.40928353024697,262.1064307240119,448.7287145331375,14.595230532078403,0.1773000000000024,0.278432004803968,0.860388526543098,320.71270778336526,5.912147140944413,8.818524069272993,1,1
2021-12-22,train,24.692311462567893,0.4855391819903687,5,137.4865329720236,0.4855391819903687,-1.9580921986123376,-4.547382140798284,2.111340652524252,-1.4511615042739123,,,258.40928353024697,262.1064307240119,438.8257184424518,-9.90299609068569,0.1414000000000044,0.278432004803968,0.860388526543098,320.8486037468147,26.487262382240484,-2.980507960245937,1,1
2021-12-29,train,0.7274634390376442,-1.2371413818041077,4,59.45996779732072,-1.2371413818041077,-1.47026857280248,-3.06672666190444,3.0123596187635826,-0.9899710635405512,,,258.40928353024697,262.1064307240119,433.4410780732218,-5.384640369229942,0.0760999999999967,0.278432004803968,0.860388526543098,304.65251927747653,26.761766344130766,1.3207739167778063,1,1
2022-01-05,valid,9.507143657400917,-2.0194959652899414,4,514.0669824913115,-2.0194959652899414,-4.33787887498176,-5.796938150660846,1.9532881263115696,-3.4417697327736363,,,258.40928353024697,262.1064307240119,437.97740996205874,4.536331888836912,0.0992000000000103,0.278432004803968,0.860388526543098,300.48604843808624,-58.327451723532775,5.140709163444956,1,1
2022-01-12,valid,15.027857466201866,-4.658406498072543,5,0.0,-4.658406498072543,-1.2054379840063412,1.4222169755587544,-3.687007773099271,-2.5149063502250435,,,221.70366663726656,228.7356125041467,446.7745510076419,8.797141045583146,0.0340999999999951,0.534543052161387,1.094685909304244,287.6684062901136,-5.271489221003023,2.4745343509158246,1,1
2022-01-19,valid,9.762477404871225,-3.7387535884473966,5,125.6933780945781,-3.7387535884473966,-4.81336552046252,-7.605874759889453,-3.8334286950929553,-4.622092536869182,,,221.70366663726656,228.7356125041467,437.8144107409657,-8.960140266676206,-0.0931000000000068,0.534543052161387,1.094685909304244,290.70595172376954,-19.705334497768856,6.286994621754527,1,1
2022-01-26,valid,79.45692029420479,-2.877215341753736,5,458.5254695210798,-2.877215341753736,-5.336050794063185,-6.8790153438280655,-3.835851723420358,-4.800853915827563,,,221.70366663726656,228.7356125041467,440.3421131528038,2.5277024118381064,-0.1785999999999887,0.534543052161387,1.094685909304244,310.7175253464176,0.5956702300138339,4.343305320259816,1,1
2022-02-02,valid,29.40382201112319,1.7933663834163838,5,60.98997443952252,1.7933663834163838,4.162708425739448,2.387653985042615,1.6800286758683391,3.4460505266485697,,,221.70366663726656,228.7356125041467,448.0740107609915,7.731897608187694,-0.1132000000000061,0.534543052161387,1.094685909304244,334.41401391748013,19.453252867048665,1.747252235082808,1,1
2022-02-09,valid,25.433182294998574,0.28526018718704194,5,43.71422094041208,0.2852601871870419,1.5438180540875202,4.326896393796886,-1.3254183751933546,1.450165877488807,,,175.82258801196468,183.60577274392165,453.99914599630966,5.92513523531818,-0.0671999999999997,0.944137981439139,1.475637981489139,311.97270872182247,-17.166176134877276,0.2299480892780536,1,1
2022-02-16,valid,11.918035476156136,-1.1032286525831658,5,0.0,-1.1032286525831658,-1.0087752895693305,-1.766201131498235,-0.6501689296654511,-1.1990371365850905,,,175.82258801196468,183.60577274392165,450.3691017038237,-3.630044292485934,-0.3260000000000076,0.944137981439139,1.475637981489139,306.3937501597936,-3.866909482194636,3.777678508196036,1,1
2022-02-23,valid,9.720791520622122,-4.338086475173952,5,262.9889011159614,-4.338086475173952,-6.44673290117721,-9.582828332605596,-4.8546271420744525,-5.740812378784455,,,175.82258801196468,183.60577274392165,449.2561241605437,-1.1129775432800102,-0.1806999999999874,0.944137981439139,1.475637981489139,328.14298782515016,-6.412203639705982,2.5886366703291586,1,1
2022-03-02,valid,108.94003931703094,14.290044905334343,5,90.40111618293082,14.290044905334344,13.84993194827735,16.482098339156348,-0.9568621102407526,12.983100178624785,,,175.82258801196468,183.60577274392165,455.03971601408,5.783591853536223,-0.1997000000000071,0.944137981439139,1.475637981489139,351.0267010048775,24.18485260849597,1.88080570839162,1,1
2022-03-09,valid,45.97529751764559,6.7395083720186655,5,72.02826229001106,6.7395083720186655,5.54224353684849,8.79822743041947,-1.997924846398824,5.7945277760029335,,,298.1883650247702,301.131488026495,422.33239434785605,-32.70732166622389,-0.3571999999999917,1.05348656280789,1.548921345416586,365.802841729682,62.18200797515125,18.05743032329445,1,1
2022-03-16,valid,30.53361661899492,-3.8087743781486605,5,381.8374166640512,-3.808774378148661,-2.4200740314390234,-1.587641165897491,5.642884322492758,-3.101835360026506,,,298.1883650247702,301.131488026495,428.7441192184014,6.411724870545356,-0.0733000000000032,1.05348656280789,1.548921345416586,372.5621135467039,-6.014449933068544,-2.0041431661043774,1,1
2022-03-23,valid,6.565554690873501,3.6823268019532396,5,34.88652111428829,3.68232680195324,0.6701921259188559,0.7641605305706456,0.1147639767113517,1.8973674324715084,,,298.1883650247702,301.131488026495,435.3627160152183,6.618596796816917,0.2657999999999987,1.05348656280789,1.548921345416586,358.3871654022438,-41.8024401316564,-10.833858326173472,1,1
2022-03-30,valid,2.347042348426389,0.1986341701109673,5,237.0930235053075,0.1986341701109673,2.030752308800743,-0.5395857667305215,-0.7441032831096983,2.0279463497081984,,,298.1883650247702,301.131488026495,433.4017415487521,-1.960974466466212,0.1726999999999918,1.05348656280789,1.548921345416586,342.6689674423091,13.112040261583324,19.803406568623583,1,1
2022-04-06,valid,15.212998829738202,2.230050623074842,5,271.1050228799388,2.230050623074842,1.715004442255719,-0.5823227387216079,-5.0817244789319815,1.2403136008244608,,,298.1883650247702,301.131488026495,435.7349646961441,2.3332231473920046,0.259600000000006,1.05348656280789,1.548921345416586,333.5773135052229,1.668887871865632,-9.822376773572916,1,1
2022-04-13,valid,2.87339826588414,-2.1398861238298483,5,73.13061243820437,-2.1398861238298483,-3.412337537629284,-3.1551688473079764,-0.1840199973170975,-3.578011389616531,,,269.5029595473497,283.8781363515557,434.35456478556,-1.3803999105841172,-0.1723999999999961,1.56787670049276,2.015771437334865,347.314588097474,-10.799770717614887,-13.68118902403257,1,1
2022-04-20,valid,0.6991204945061184,-0.34305486250092443,3,90.089230430016,-0.3430548625009244,-1.6299550578492197,-4.43957317725916,2.742707592765381,-0.9441082575262882,,,269.5029595473497,283.8781363515557,434.6787982581173,0.3242334725572959,-0.1775999999999982,1.56787670049276,2.015771437334865,336.1867329198216,-1.3832339914304548,7.342044576850881,1,1
2022-04-27,valid,27.333592947704336,-6.3658633221860494,5,123.8516653076935,-6.3658633221860494,-8.25834701750443,-8.468367608282712,-3.805943723711014,-8.826486009959034,,,269.5029595473497,283.8781363515557,447.209583176275,12.530784918157678,0.0652999999999934,1.56787670049276,2.015771437334865,321.8019458290992,-11.129209890409708,-3.22215755433497,1,1
2022-05-04,valid,22.90771523371864,1.0354853523514507,5,57.93096143213139,1.035485352351451,4.7164050275686265,9.494158026110266,-0.7958321326555939,3.801718439152957,,,269.5029595473497,283.8781363515557,438.9870788696931,-8.222504306581868,-0.5750000000000028,1.56787670049276,2.015771437334865,348.8738062989969,13.106233263408296,-1.679905116541658,1,1
2022-05-11,valid,53.95886129739499,-9.698102206893733,5,164.5577504693618,-9.698102206893733,-16.45534030703186,-19.950584523338577,-3.6397910056684246,-14.656171059886436,,,275.8742104755495,285.0584566904991,447.59722475164097,8.610145881947858,-0.0099000000000017,1.87413073196545,2.259858004692723,344.1440008381294,-3.414328471979111,6.7649601197270925,1,1
2022-05-18,valid,30.139492209229445,5.0246245471545326,5,612.9111500479235,5.0246245471545326,6.95437300546593,9.956413614391746,1.5973437567804003,6.651768038305761,,,275.8742104755495,285.0584566904991,448.20981883980966,0.6125940881686915,-0.2672999999999916,1.87413073196545,2.259858004692723,343.79021118702906,-9.92458287114939,-2.5937393160520905,1,1
2022-05-25,valid,12.617663053254802,1.8476620840591096,5,276.1175977057401,1.8476620840591096,5.464676236625632,5.4413487259015625,-0.6414747976251078,4.645163180463285,,,275.8742104755495,285.0584566904991,443.3551152327272,-4.854703607082456,0.0604999999999904,1.87413073196545,2.259858004692723,331.90070918061537,0.5579436377998626,2.1494351894030927,1,1
2022-06-01,valid,14.694834136354432,3.9750537417310383,5,79.20098935125392,3.9750537417310383,2.420918074474976,4.083972215678688,2.571877216864138,2.9393785417382468,,,275.8742104755495,285.0584566904991,439.49428599404274,-3.86082923868446,-0.1047999999999973,1.87413073196545,2.259858004692723,331.13529043219137,-7.0779084548391324,5.627450620377594,1,1
2022-06-08,valid,16.469509520226296,4.63910744747662,5,112.2938161149753,4.63910744747662,4.769902296599593,8.578833036958144,0.4474280394920704,4.415306736766045,,,248.01935491968655,260.4604867643259,445.1202822690664,5.625996275023681,0.5221000000000089,2.438744000343509,2.6779712730707823,323.627556754807,-2.9110096185684498,4.854060447734554,1,1
2022-06-15,valid,31.706174544702044,-8.752048966756654,5,276.0997924653695,-8.752048966756654,-9.257804825135809,-8.621552043291203,-7.807894374875524,-9.82384395834135,,,248.01935491968655,260.4604867643259,437.5631227585021,-7.557159510564304,-0.1595000000000084,2.438744000343509,2.6779712730707823,314.1156416244128,-7.452616376441767,5.570254461100621,1,1
2022-06-22,valid,22.453888507251722,2.1065866044081005,5,105.657242021378,2.1065866044081005,1.5949115745597542,1.3022037527045782,-2.797894071130536,2.1774084246108494,,,248.01935491968655,260.4604867643259,445.2368595730128,7.673736814510676,-0.7891999999999939,2.438744000343509,2.6779712730707823,340.3597831608835,41.56680636947874,-3.3367905257125408,1,1
2022-06-29,valid,21.266225381183112,-1.2820782089177918,5,124.8227802067293,-1.2820782089177918,-1.2204971077132143,-2.549448114935693,1.3061627786132846,-1.2672341328218373,,,248.01935491968655,260.4604867643259,439.9620943074833,-5.274765265529481,-0.2593999999999994,2.438744000343509,2.6779712730707823,335.6252315618987,5.52780482205808,-7.837689573825646,1,1
2022-07-06,valid,15.691912962489504,3.5906687790364877,5,165.1982978126232,3.590668779036488,1.2204971077132143,2.4791131790284027,-0.667610218558945,1.041468783354116,,,248.01935491968655,260.4604867643259,447.6654763752664,7.703382067783082,-0.2209000000000003,2.438744000343509,2.6779712730707823,333.6221431533138,9.31625892565675,4.451949514759512,1,1
2022-07-13,valid,31.581657625561196,3.5390555453956196,5,156.8663400677632,3.53905554539562,1.309945188496764,0.0843959886328349,2.387376922788764,1.7020330151394705,,,292.80632953196897,299.89352772004656,441.7152436649256,-5.950232710340799,-0.382400000000004,2.09295536201857,2.0563363143995224,340.4790917172285,20.29624817842217,-10.701751686545611,1,1
2022-07-20,valid,17.231601125311045,1.3561183747404115,5,172.379708183042,1.3561183747404115,2.2646567856115407,3.0873911720996183,5.084577789316835,2.291302600663858,,,292.80632953196897,299.89352772004656,442.4607082209001,0.745464555974479,-0.0250999999999947,2.09295536201857,2.0563363143995224,339.625853896531,5.410076968795519,-1.2702409910352763,1,1
2022-07-27,valid,12.78042783282463,2.5708388288528283,5,268.8251703186233,2.5708388288528283,3.5494803568366877,4.973101554448611,0.8897978933543271,2.515511354202715,,,292.80632953196897,299.89352772004656,436.2843815257108,-6.176326695189289,0.7135999999999996,2.09295536201857,2.0563363143995224,331.06050552650083,-15.208823005784833,7.796620694357248,1,1
2022-08-03,valid,65.45327537561114,6.603627926786082,5,198.9652868346527,6.603627926786082,6.925466532758362,5.893691562784831,3.8602760914059786,7.337288449966728,,,292.80632953196897,299.89352772004656,432.8230210068212,-3.461360518889592,0.0186999999999954,2.09295536201857,2.0563363143995224,317.9856371460818,28.043669007187862,-5.518029423389326,1,1
2022-08-10,valid,16.338202852030065,6.563367510107199,5,279.0820077158265,6.563367510107199,7.884343522557335,9.734259753642773,0.9772781708383248,8.168169257662239,,,235.83155122180185,237.97363473130596,442.6521874560433,9.8291664492221,0.4579999999999984,2.05655468594624,1.661815555511457,310.6454887433404,-2.98226938004591,-7.399572296039469,1,1
2022-08-17,valid,4.457320381278633,-0.6002259626839201,5,127.2750811447401,-0.6002259626839201,-2.05398425724388,-3.960689849441135,-0.935998500489532,-1.907123432923896,,,235.83155122180185,237.97363473130596,444.89841027987626,2.246222823832966,0.2047000000000025,2.05655468594624,1.661815555511457,308.1423613010644,3.051437803035828,3.132506705162541,1,1
2022-08-24,valid,14.164435801658835,1.0136700577521918,5,178.9901403477726,1.0136700577521918,-2.008808307083898,-1.1376847734752005,-3.623008312794518,-2.286667836465739,,,235.83155122180185,237.97363473130596,455.81833947637546,10.919929196499195,0.0494000000000056,2.05655468594624,1.661815555511457,312.43585306470084,9.50060216680857,-7.755516390850659,1,1
2022-08-31,valid,5.049346738610313,-3.435477090561445,5,189.9061985940371,-3.435477090561445,-2.1851350801377123,-1.5531614263654347,-4.747969812502539,-1.86929144224024,,,235.83155122180185,237.97363473130596,448.69495546006607,-7.123384016309387,-0.5643000000000029,2.05655468594624,1.661815555511457,323.6766822242064,25.746272486813115,2.68928886377342,1,1
2022-09-07,valid,8.469369627990899,1.4289215250543386,5,19.30261038365151,1.4289215250543386,2.405443989095435,3.598637896675161,-0.8110240129195923,1.8071500478590965,,,235.83155122180185,237.97363473130596,437.7139713100487,-10.980984150017376,-0.390900000000002,2.05655468594624,1.661815555511457,333.02418711729433,-19.701602075598057,-3.3808331380519974,1,1
2022-09-14,valid,8.107028783373046,0.9311004683588919,5,161.0105090396912,0.931100468358892,0.483004321943481,1.0582123191439583,0.3032945247537277,0.7219055441243682,,,248.85490514799463,250.2901686848818,423.0040277676,-14.709943542448684,0.1590999999999951,2.81380130289941,1.80293766653577,330.0643812620553,-11.482221170535745,-10.61088248019697,1,1
2022-09-21,valid,4.982736157300467,-2.883288788735472,5,139.9066605947186,-2.883288788735472,-7.030777813193945,-8.402149305187745,-3.6248330937702633,-6.383888822208306,,,248.85490514799463,250.2901686848818,427.874728521988,4.870700754387997,0.3607000000000084,2.81380130289941,1.80293766653577,326.7429770664079,1.8524495299024224,6.68176793392874,1,1
2022-09-28,valid,22.68169708024969,-7.166523597286245,5,101.5931283930314,-7.166523597286245,-6.353661739269478,-4.920260544389254,-3.639857586441853,-7.66254641891031,,,248.85490514799463,250.2901686848818,423.97427649114576,-3.9004520308422457,-0.314700000000002,2.81380130289941,1.80293766653577,330.57761956968744,-13.808285604725956,-3.251695976982738,1,1
2022-10-05,valid,47.84965859797441,-4.328020296979762,5,272.59018593299,-4.328020296979762,-2.4329698487889573,-2.713329173302004,4.202826477823951,-1.8388741410318763,,,248.85490514799463,250.2901686848818,417.392562489244,-6.581714001901787,-0.7699000000000069,2.81380130289941,1.80293766653577,344.5006909058615,8.775099131339559,-0.3455775135292604,1,1
2022-10-12,valid,9.72455651885408,-6.103696627723165,5,120.1583841866565,-6.103696627723165,-9.63367311327361,-11.789935141743868,-3.059208902101496,-9.002417137746743,,,265.08245600682665,265.11421714658564,420.21520815229786,2.8226456630538905,0.4883999999999986,3.18415701723283,1.7564903505661602,339.6516443143615,-17.6332394035974,5.22141433078378,1,1
2022-10-19,valid,2.574542485747382,-0.6657246729683486,5,361.3432576987904,-0.6657246729683486,0.4509507631078158,-1.1880736872252662,4.814246458149807,0.3082207753591248,,,265.08245600682665,265.11421714658564,419.7201947661808,-0.4950133861170229,-0.3686999999999898,3.18415701723283,1.7564903505661602,346.0170444326845,-8.092876235490198,-0.9691752734641844,1,1
2022-10-26,valid,13.287691917370456,3.6905924164319703,5,56.99431842870636,3.6905924164319694,5.631437206876999,6.911392577264053,4.801737922095928,5.066927788940756,,,265.08245600682665,265.11421714658564,420.5885936955008,0.8683989293199943,0.5121999999999929,3.18415701723283,1.7564903505661602,334.293247353018,-35.33185041304119,-2.27307113230637,1,1
2022-11-02,valid,4.85633304157884,1.1520533757208185,5,310.6627360486546,1.1520533757208185,-0.9615497979988064,-1.2787935978223253,-0.2679045868889673,0.2023238787000281,,,265.08245600682665,265.11421714658564,432.4794688718749,11.890875176374038,0.4774000000000029,3.18415701723283,1.7564903505661602,329.3905372241001,-7.557900840463727,1.7257713812394826,1,1
2022-11-09,valid,6.763358642859822,1.4261489796968618,5,547.7168898798844,1.4261489796968618,3.688517628084309,6.451168210693936,2.117297698641263,3.065016291782108,,,311.3488667193289,321.1608838289191,433.7944122103693,1.3149433384944018,0.3683000000000049,2.93745167542338,1.11222440269611,320.6823486344026,18.773091564463492,3.3230570852398778,1,1
2022-11-16,valid,19.873496492535875,1.6532314675241633,5,361.827940944225,1.6532314675241633,5.485642840754323,8.908737858597249,2.1959653089050235,5.6180981682451225,,,311.3488667193289,321.1608838289191,428.5378059618076,-5.256606248561639,0.1995000000000004,2.93745167542338,1.11222440269611,314.60341275730383,-10.65326701047793,-3.194010933338731,1,1
2022-11-23,valid,1.49941934244054,1.1275245131297407,5,250.121644759362,1.127524513129741,1.9399286803937432,0.9884750283799092,2.516542566572255,1.1946776414241356,,,311.3488667193289,321.1608838289191,429.4560608892605,0.9182549274528924,0.6918000000000006,2.93745167542338,1.11222440269611,305.25803614700527,0.6659526734938304,-0.4739855906081835,1,1
2022-11-30,valid,5.165696955975799,-0.10488150439993404,5,151.9281244627801,-0.104881504399934,1.6198630686749205,1.960028688840154,-1.1456825727520936,0.7514570845198243,,,311.3488667193289,321.1608838289191,432.7174383125732,3.261377423312638,0.2412999999999954,2.93745167542338,1.11222440269611,297.0706730548439,12.92862225464333,-7.521329819196776,1,1
2022-12-07,valid,4.966651247264261,-1.8715305291266304,5,111.3191844392439,-1.8715305291266304,-3.266378694314876,-6.798985467067542,-0.3690531343653269,-2.0437939640288505,,,311.3488667193289,321.1608838289191,443.89975309335074,11.182314780777574,0.0456999999999965,2.93745167542338,1.11222440269611,305.4491627427522,12.17150165144023,-0.3381730235815894,1,1
2022-12-14,valid,2.417412514055343,2.081209503596293,5,56.12442225485692,2.081209503596293,3.723012559236994,5.299346091925727,2.107312820202356,3.790485564888435,,,239.85428870142027,251.2434825867213,447.81319528173685,3.9134421883861137,-0.0323999999999955,2.9995603766952894,0.9360841862190994,309.225081390565,1.9267141360052695,-10.456912490952508,1,1
2022-12-21,valid,9.161945595629934,-4.3888807795468665,5,401.170092545283,-4.3888807795468665,-3.696121403165442,-5.350338024036905,-3.6363353513138463,-3.838587266554594,,,239.85428870142027,251.2434825867213,446.1415282342953,-1.671667047441531,0.3952999999999917,2.9995603766952894,0.9360841862190994,301.2589390620414,-12.6498752564574,7.757565454924631,1,1
2022-12-28,valid,4.310840496953967,-3.9242437913862283,4,190.1983090709988,-3.924243791386228,-4.449642133777365,-8.777673493300231,-0.9627211414482416,-4.061804304727179,,,239.85428870142027,251.2434825867213,444.11206739815856,-2.029460836136764,-0.5563999999999965,2.9995603766952894,0.9360841862190994,294.77020705409143,-29.665683929523023,-3.7661866383990272,1,1
2023-01-04,test,9.915936411072478,1.2815898349298305,5,331.1129742007709,1.2815898349298305,1.169034666373392,2.0258366613642664,3.0256918709362424,0.4594571579263018,,,239.85428870142027,251.2434825867213,442.0646205638936,-2.047446834264917,0.2283000000000044,2.9995603766952894,0.9360841862190994,302.0805301582112,-18.36605328617278,1.7907239855832202,1,0
2023-01-11,test,12.9516202458436,3.4781341872827554,5,246.2480794533575,3.478134187282756,5.64843739831189,9.008754261592244,1.8250171272523372,5.287310166640413,,,217.19917934501004,225.26656526378653,431.86873941117926,-10.195881152714378,0.354699999999994,3.04407454825526,0.6992109118916199,296.76105382369667,-22.404745198358,-8.144107375269716,1,0
2023-01-18,test,5.495317923014648,1.525645022519173,5,390.6454513256424,1.525645022519173,0.8085825207778452,1.9506798129405036,3.742463679041741,2.021246952149447,,,217.19917934501004,225.26656526378653,433.29676843846966,1.4280290272903926,0.2798000000000087,3.04407454825526,0.6992109118916199,296.21754900251483,0.4970555152691069,7.419332996899364,1,0
2023-01-25,test,19.624080382972174,-4.108924335082165,5,298.8143197147099,-4.108924335082165,-2.2516131312674936,-3.217866112853596,-1.5536798031956067,-3.184437202315049,,,217.19917934501004,225.26656526378653,438.8132953105642,5.516526872094573,0.221199999999996,3.04407454825526,0.6992109118916199,289.70604497506207,-5.726644194896746,3.2388057436635087,1,0
2023-02-01,test,0.532251234656959,0.4813978270914454,5,95.9578973731652,0.4813978270914454,1.490767806483495,4.239645919342205,0.9423814766519988,1.4908148174043845,,,217.19917934501004,225.26656526378653,439.974375547904,1.1610802373397746,-0.1808000000000049,3.04407454825526,0.6992109118916199,291.3670445494804,-8.536129297026651,1.5397674813147688,1,0
2023-02-08,test,5.122646767889409,-0.685767961578021,5,294.8864221691172,-0.685767961578021,-4.390952298558037,-5.740761101523528,0.1119319570635823,-3.94264183132389,,,242.14083289899528,258.79599600111817,452.5910505002459,12.616674952341896,0.1296000000000106,3.22104313833771,0.5806931383377099,292.84807421967554,4.936149673412515,-4.164018685088511,1,0
2023-02-15,test,9.94738846250818,-0.7279524072403731,5,258.182421209671,-0.7279524072403731,0.4975115993005374,1.2988907029487071,2.7964208087574605,-0.1511598296255023,,,242.14083289899528,258.79599600111817,446.9465003822716,-5.6445501179742905,0.1958999999999946,3.22104313833771,0.5806931383377099,292.9709985511872,-10.325910459022005,3.088675974233368,1,0
2023-02-22,test,4.3536415327126115,-2.7539444766632393,5,184.8690886593372,-2.7539444766632397,-4.673282154451641,-6.467357360405401,-0.7315241705351916,-4.190482743501622,,,242.14083289899528,258.79599600111817,451.4041252576989,4.457624875427314,-0.0733000000000032,3.22104313833771,0.5806931383377099,286.87735194547673,1.8985284680922645,-0.0713097249138705,1,0
2023-03-01,test,3.7812489778514777,0.939161414106815,5,337.7634432216981,0.939161414106815,1.291684651568081,3.266370813406194,0.309093890520451,1.1793800133692578,,,242.14083289899528,258.79599600111817,453.8816685438071,2.47754328610813,-0.2601999999999975,3.22104313833771,0.5806931383377099,305.2873187240813,-7.883720605720068,-5.573971119055088,1,0
2023-03-08,test,7.352715991578906,1.9084074419049912,5,382.5478152211487,1.9084074419049912,1.427127991190691,2.324171605833669,0.7997431233108365,1.3132610654206012,,,313.6530364287744,332.4381520705156,454.03116136395954,0.1494928201524885,0.174199999999999,3.23313142561768,0.3225662082263705,300.1117745830329,-7.138572461976311,5.061424553281757,1,0
2023-03-15,test,15.644695890043455,-4.439228110943327,5,17.78595915871944,-4.439228110943327,-3.81685147193771,-6.758077989258382,-5.622650745059676,-3.949770753441406,,,313.6530364287744,332.4381520705156,455.0714000192032,1.0402386552436838,0.1487999999999942,3.23313142561768,0.3225662082263705,289.3622025604212,-10.62245934502548,-1.9061983858230211,1,0
2023-03-22,test,13.541554881201112,-1.6372645169069333,5,451.701254578469,-1.6372645169069333,-1.6432994115107569,-1.015648312004469,3.5586335331370123,-1.4393281320096207,,,313.6530364287744,332.4381520705156,446.1299815568389,-8.941418462364311,-1.1324999999999932,3.23313142561768,0.3225662082263705,346.6307614341534,1.327972215910478,-9.982706473466951,1,0
2023-03-29,test,3.2123807527161405,-0.17916423828086003,5,75.27217442203862,-0.17916423828086,2.376659818421789,2.3315450588187403,0.2044651463869229,2.1283566019336675,,,313.6530364287744,332.4381520705156,446.3260939805398,0.1961124237008675,0.8692999999999955,3.23313142561768,0.3225662082263705,310.21622171698374,-7.075912648673421,2.367446651342142,1,0
2023-04-05,test,14.535415592649885,0.019906606216579803,5,223.50520143513,0.0199066062165798,0.1043460695027587,-0.6896920115204708,-0.8704867564019558,0.2978189434347911,,,313.6530364287744,332.4381520705156,447.51753893719047,1.1914449566506846,-0.2042999999999892,3.23313142561768,0.3225662082263705,301.5534900850171,6.837895081691325,1.8621542056285636,1,0
2023-04-12,test,1.9827621250654421,1.6790745710434152,3,176.0067546183925,1.6790745710434152,1.2435263532065033,1.2809350813284048,1.8155227724354184,1.3591410236419854,,,255.3793500633219,279.146716520926,454.46768055591286,6.950141618722398,0.1667999999999949,3.1931480944096906,0.0261480944096907,299.24769808333184,4.056497015994109,10.266044748471348,1,0
2023-04-19,test,6.235901261995175,1.071586043725592,5,121.7542578507261,1.071586043725592,1.8367979121575395,4.120770014554598,1.8019482022741504,1.5998166590332374,,,255.3793500633219,279.146716520926,453.6784273121627,-0.7892532437501814,0.3205999999999989,3.1931480944096906,0.0261480944096907,292.45262405450734,-3.876764698665758,2.7785943702577143,1,0
2023-04-26,test,21.743031108441116,-5.620117872930397,5,281.1502037818116,-5.620117872930397,-6.097235137482304,-8.488634754566782,-1.4552990213335448,-5.854131197380497,,,255.3793500633219,279.146716520926,452.178857704904,-1.4995696072586495,0.1229000000000013,3.1931480944096906,0.0261480944096907,282.9276191869578,-6.210367683297235,-3.4210073720856826,1,0
2023-05-03,test,8.233491936249955,-3.123287443136924,4,341.5273181244551,-3.123287443136924,-2.447755041675981,-3.910313093145757,1.846605033759996,-2.4397267220706453,,,255.3793500633219,279.146716520926,442.5325559069029,-9.646301798001105,-0.2299000000000006,3.1931480944096906,0.0261480944096907,293.2728573974989,-4.431979991945623,-7.479324953753341,1,0
2023-05-10,test,1.6832901747847173,2.4651306048530053,5,12.04497905788003,2.4651306048530053,2.286433806370436,1.7027782437209815,0.1202999623783007,1.723186329270554,,,211.34613104174463,210.2686299593984,441.8840607796598,-0.648495127243109,0.0276999999999958,3.20531259225322,-0.16112219035548,299.28932473301273,-4.697344493332878,-8.262422440398165,1,0
2023-05-17,test,14.070696763530558,2.918197813412382,5,141.5539958591689,2.918197813412382,1.971813400982203,2.5010228853844296,1.1687030416926092,1.7747424735892636,,,211.34613104174463,210.2686299593984,447.03808596394526,5.1540251842854445,0.0084000000000088,3.20531259225322,-0.16112219035548,292.6660827551572,-4.986055359004293,5.067590455487103,1,0
2023-05-24,test,4.057759330746248,-1.2902881845500591,5,22.15500760372082,-1.2902881845500591,-2.025652242452613,-1.1791342495408583,-1.7877839045898902,-1.6621532050812071,,,211.34613104174463,210.2686299593984,445.57416724961627,-1.4639187143289971,0.0083999999999946,3.20531259225322,-0.16112219035548,283.029733191646,-9.088196835760831,0.3643939482389946,1,0
2023-05-31,test,1.3879100564507685,-0.8481975729818014,5,193.8469970811501,-0.8481975729818014,-1.2462849961924594,-1.193192923921771,0.4425913529718883,-1.457329354157899,,,211.34613104174463,210.2686299593984,442.30486091968027,-3.269306329936001,0.1426000000000016,3.20531259225322,-0.16112219035548,304.1183536457909,-13.976976639725349,1.3034965486806271,1,0
2023-06-07,test,3.5758468455053,2.6133274650410154,5,143.8875039315779,2.6133274650410154,1.7009800396269092,1.4751982331329572,2.6881635554571126,1.7040740564576495,,,211.34613104174463,210.2686299593984,437.424644735492,-4.880216184188328,0.1593000000000017,3.20531259225322,-0.16112219035548,299.4816854685962,-3.4156000655379604,-8.019231069152166,1,0
2023-06-14,test,1.622504017506622,-0.7728201973082438,5,143.6170486231497,-0.7728201973082438,0.2156249934493814,0.8412969071685872,2.307656034692318,0.4748722813754824,,,221.45846707536063,233.8880561046794,440.5743161291197,3.1496713936277843,0.2981999999999942,3.16421521524494,-0.3716484211186999,272.9661649011918,-1.959335379841498,6.546716733372016,1,0
2023-06-21,test,4.0748424121708675,-3.5692441266716557,5,20.12836382756532,-3.569244126671656,-1.6286903514176387,-2.803541846086865,-2.738482973648715,-1.8601007676797288,,,221.45846707536063,233.8880561046794,451.6557527631488,11.081436634029046,-0.0353999999999956,3.16421521524494,-0.3716484211186999,265.5057217446858,37.5016210762218,-4.6067783427633735,1,0
2023-06-28,test,3.5738403890196087,-0.5129491228897276,5,62.36441248295274,-0.5129491228897276,-1.322347093199561,-0.0143488815061765,0.2613287432984279,-1.4828241381681373,,,221.45846707536063,233.8880561046794,448.40189844239416,-3.2538543207546127,0.0228000000000037,3.16421521524494,-0.3716484211186999,266.7103198768804,-4.181543171483204,4.69782341636078,1,0
2023-07-05,test,4.43808716662362,1.0025172140738725,5,375.921900168517,1.0025172140738725,0.4427501383766241,0.2295223363951493,-0.8886850197844964,0.6302996598726907,,,221.45846707536063,233.8880561046794,445.57416724961627,-2.8277311927778896,-0.0308000000000134,3.16421521524494,-0.3716484211186999,265.4157038756875,-7.391747782035196,-4.35775643557017,0,0
2023-07-12,test,13.198966778593313,-0.12478304758345438,5,242.300706441559,-0.1247830475834543,2.8308769525143163,2.168599280475369,1.414495117921977,2.400507515277628,,,191.73126185560224,199.4297538280572,443.3907256550871,-2.1834415945291994,0.1847000000000065,3.26889752032579,-0.4029120034837299,272.7493286646817,0.7241118970801708,4.123472845392939,0,0
2023-07-19,test,4.243882064124566,1.947224032312267,5,233.4326232867526,1.947224032312267,1.861251054049573,2.3419665455397976,-0.0467423208281303,1.999591141700474,,,191.73126185560224,199.4297538280572,443.4619084793053,0.0711828242181695,0.2908999999999935,3.26889752032579,-0.4029120034837299,272.0301513029864,-25.489506504582597,4.596900736471454,0,0
2023-07-26,test,4.312550956087838,-2.1242455981409947,5,324.0675793706031,-2.1242455981409947,-1.8075800044581316,-4.1815634329288365,0.8431884009445056,-2.0349866872877875,,,191.73126185560224,199.4297538280572,447.3579765600494,3.8960680807441577,0.0529000000000081,3.26889752032579,-0.4029120034837299,277.04176170957385,1.2089248387687324,-1.2145644828601476,0,0
2023-08-02,test,27.37294420473797,-5.450717290550955,5,248.7705136852785,-5.450717290550955,-7.576016185926893,-9.96324243928095,-0.4595098051078494,-7.17040594589875,,,191.73126185560224,199.4297538280572,449.1553459201124,1.7973693600629872,-0.069199999999995,3.26889752032579,-0.4029120034837299,277.88006382764377,8.226835366599383,4.435316754980256,0,0
2023-08-09,test,5.165411594255395,-1.2403236614566993,5,153.6880719805966,-1.2403236614566993,-0.6968625707465925,0.0315552481407799,-0.4330414266282112,-0.9435019336321736,,,175.50515471617388,185.1914308783575,440.9763389645481,-8.179006955564262,0.0173999999999949,3.34243979581141,-0.43786455201468,298.09180832908373,-1.8374441831725985,1.2336224472033308,0,0
2023-08-16,test,7.1715749924838095,-4.163950390485427,5,56.44386660265182,-4.163950390485427,-5.942340623124887,-8.575043661067827,-2.262878911293953,-5.688420834863717,,,175.50515471617388,185.1914308783575,441.5824014257172,0.6060624611690741,-0.0474999999999994,3.34243979581141,-0.43786455201468,294.3364718144109,32.60851671717688,6.117762431903895,0,0
2023-08-23,test,6.620577011021932,-0.8985477901636507,5,174.1378675134334,-0.8985477901636507,-0.1857122687384915,-2.488166880480147,-2.6013260977198804,-0.9098483178789252,,,175.50515471617388,185.1914308783575,446.7860235023485,5.203622076631291,-0.1022999999999996,3.34243979581141,-0.43786455201468,292.0523695956236,-5.255890223000792,-5.548027953104118,0,0
2023-08-30,test,5.70116843312057,0.04688705051041353,5,284.5190137903645,0.0468870505104135,0.2475397949857072,2.64271887034635,1.910481670202735,0.5239795384695434,,,175.50515471617388,185.1914308783575,446.9465003822716,0.1604768799231237,-0.0619999999999976,3.34243979581141,-0.43786455201468,291.7749110228907,-2.6768394585209965,-0.6530926259308067,0,0
2023-09-06,test,4.227411906251395,-2.371198812023545,5,418.039895026011,-2.371198812023545,-3.971527316373047,-2.5546649305918656,-0.7414804409190623,-3.809569660305368,,,175.50515471617388,185.1914308783575,444.67604492404496,-2.2704554582266496,0.3211999999999904,3.34243979581141,-0.43786455201468,280.7098838702344,-2.1820646469735028,3.14284778810352,0,0
2023-09-13,test,1.7488449777749753,-0.08401907929402874,5,105.4751141838736,-0.0840190792940287,-0.3866088500797726,-2.1169520786982865,-2.12295583202824,-0.5636611309836503,,,200.6384782055877,209.20313504978304,441.6307281150715,-3.045316808973439,-0.053699999999992,3.50431109850626,-0.3757365205413601,282.15514905598786,-14.689305414209608,5.797262344451948,0,0
2023-09-20,test,6.588935666099818,0.5627853046091147,5,212.9416589273211,0.5627853046091147,0.1934848290264135,-1.960843108844612,1.0575730779169843,0.5030960570094223,,,200.6384782055877,209.20313504978304,440.85468444832776,-0.7760436667437602,0.0306999999999959,3.50431109850626,-0.3757365205413601,280.36148939698825,16.95560576307855,1.3526148979408958,0,0
2023-09-27,test,4.843282222597741,-4.39362514449031,5,192.8764265690093,-4.39362514449031,-6.179302963503508,-5.386351995788097,-2.785633859587211,-6.198046346205111,,,200.6384782055877,209.20313504978304,440.5743161291197,-0.280368319208037,0.1353000000000008,3.50431109850626,-0.3757365205413601,273.4847913487588,1.2604585171350546,1.620504544737944,0,0
2023-10-04,test,21.24875901514376,-7.592368044947806,5,288.8412479611199,-7.592368044947806,-5.929765923074282,-7.595531159398572,-1.3201884267431296,-6.15314624795138,,,200.6384782055877,209.20313504978304,440.41549867468825,-0.1588174544314711,-0.2844999999999942,3.50431109850626,-0.3757365205413601,297.0998910133316,5.25584523257665,2.650682163949103,0,0
2023-10-11,test,13.462994461445295,5.129343028404643,5,15.16563317506139,5.129343028404643,5.241998199873299,5.087563473957024,2.9710972151671733,5.018734774033895,,,190.4438086122051,196.6001893058505,439.6915247167632,-0.7239739579250681,-0.2615000000000123,3.72206836479434,-0.24556799884202,300.6464476883018,-2.199813419280039,-7.782238005616371,0,0
2023-10-18,test,7.914420115642956,-2.682728199771267,5,429.1768961030378,-2.682728199771267,-3.869636621437378,-4.400999690848995,-3.623493301446956,-3.453307008612949,,,190.4438086122051,196.6001893058505,442.6521874560433,2.96066273928011,0.1555000000000035,3.72206836479434,-0.24556799884202,287.73090330101843,18.09939674747838,-2.5366333867863133,0,0
2023-10-25,test,24.149695119284978,-6.0230635649708875,5,416.209492115692,-6.023063564970888,-5.378821831086489,-12.318852286688251,-3.839903121907984,-5.429844049024712,,,190.4438086122051,196.6001893058505,439.90066547085655,-2.7515219851867414,-0.1167999999999978,3.72206836479434,-0.24556799884202,307.4418677247593,9.842718417414709,4.9127214115813445,0,0
2023-11-01,test,15.763128069367692,-2.786793296077006,5,203.9169589125435,-2.786793296077006,-2.607513671645645,-2.6617443729048507,1.204513721516598,-3.1655236575986123,,,190.4438086122051,196.6001893058505,437.5127892982725,-2.387876172584015,-0.0083000000000055,3.72206836479434,-0.24556799884202,302.40913272587784,-1.804390092460073,-2.031585822656368,0,0
2023-11-08,test,15.618512370794871,1.3960227104750311,5,24.27147353285601,1.3960227104750311,2.531780216980639,2.426958681679237,2.681110218447458,3.1192012408781444,,,207.97210385954008,217.60537964071216,436.131359307634,-1.3814299906385372,0.140900000000002,3.41868826496933,-0.5529480986670299,292.58890406122003,-4.437619601509857,-3.637586187427289,0,0
2023-11-15,test,32.0502347212731,5.931733619759205,5,153.2649894478706,5.931733619759205,6.311712248641221,9.222814310213325,5.34550563155749,5.634626403489218,,,207.97210385954008,217.60537964071216,432.4132656254979,-3.7180936821361,0.4681000000000068,3.41868826496933,-0.5529480986670299,277.5565537126601,-4.234387146340035,-6.48760531679633,0,0
2023-11-22,test,11.86225181585208,-1.5523036783650745,5,193.2031731844633,-1.5523036783650743,-1.000726328806012,-1.272808088484334,1.037255881562249,-0.4231191044289595,,,207.97210385954008,217.60537964071216,437.6134308969044,5.20016527140649,0.2704999999999984,3.41868826496933,-0.5529480986670299,269.52013402332983,2.715274446871474,1.1473334695160098,0,0
2023-11-29,test,2.4751942174067105,-0.2590003968667931,5,152.2523477769514,-0.2590003968667931,1.28481327173664,-0.4787757906661749,1.2492005458753397,0.8567550932792933,,,207.97210385954008,217.60537964071216,431.7354771313297,-5.877953765574659,0.165700000000001,3.41868826496933,-0.5529480986670299,260.15334617197203,-5.284198695917031,-0.7797310460031959,0,0
2023-12-06,test,3.9770423418489096,2.7863585953612935,5,210.9552368913396,2.786358595361293,0.7771049161787058,1.6014166136228525,3.3652705236474567,1.3967451834592914,,,207.97210385954008,217.60537964071216,426.29615275149416,-5.439324379835568,0.1268000000000029,3.41868826496933,-0.5529480986670299,265.30658927694503,-10.025334360184424,1.4811488449328003,0,0
2023-12-13,test,6.1576320140204786,-3.169305947161627,5,112.9056136867661,-3.169305947161627,1.951287799438317,0.7698882724981537,1.4230774818710046,-0.0330826407375361,,,223.02369978288257,245.1914869375509,423.1494400369335,-3.1467127145606923,0.0096999999999951,2.864275000836209,-1.0688202372590307,264.45919851137336,-2.628394250467592,-11.008497616751978,0,0
2023-12-20,test,66.86632178453769,8.908740882345123,5,216.1270415689795,8.908740882345123,3.519822109355575,7.679895175217588,2.4328218784972933,5.659207911364295,,,223.02369978288257,245.1914869375509,423.2656178019613,0.1161777650278281,0.1389000000000066,2.864275000836209,-1.0688202372590307,260.2415573805147,-9.327222020882298,-0.2559441014616581,0,0
2023-12-27,test,0.7194603550342635,1.406446217521795,3,143.2902895814195,1.406446217521795,4.914192888571689,5.829876717593363,0.4373793738178477,4.032409058541031,,,223.02369978288257,245.1914869375509,428.9362949810462,5.670677179084919,0.2355999999999909,2.864275000836209,-1.0688202372590307,254.4377665279986,-6.61109246674596,8.972776339878141,0,0
2024-01-03,test,12.264348640612399,-2.2877248695084784,4,73.59533992131107,-2.2877248695084784,-3.911848813279528,-6.941870769004588,-2.379381102377387,-3.683862455675868,,,223.02369978288257,245.1914869375509,434.6787982581173,5.74250327707108,0.1015000000000014,2.864275000836209,-1.0688202372590307,259.7669698962568,5.772671852619471,-0.1604245423344252,0,0
2024-01-10,test,1.14617588547875,-1.7862173777181134,5,220.3728551637084,-1.7862173777181134,-1.2713404920497773,-3.701874641112246,0.6756444299931275,-1.212123387058206,,,239.6974681015976,257.7093070425981,431.4817884980432,-3.1970097600741383,-0.2908999999999935,2.904416480574489,-1.0208562466982405,274.02204772070513,-7.962276188494588,-4.793835958855031,0,0
2024-01-17,test,16.479078192954077,-6.72197526021312,5,184.4570152375061,-6.72197526021312,-7.987434221147982,-11.7964363594254,-0.6957333234137941,-8.023633946620379,,,239.6974681015976,257.7093070425981,421.2868064406208,-10.194982057422408,0.2658999999999878,2.904416480574489,-1.0208562466982405,259.46575137471194,-5.816158044882203,1.6448584671933553,0,0
2024-01-24,test,10.004323229090542,2.192485641289821,5,309.5060266587621,2.192485641289821,1.6636769639121862,2.6232522659876967,2.242430163750164,1.8732845205533977,,,239.6974681015976,257.7093070425981,410.9397364848393,-10.347069955781478,-0.1207999999999884,2.904416480574489,-1.0208562466982405,271.3501979780455,-11.039330413651792,0.5338769512973407,0,0
2024-01-31,test,4.605411687158451,0.8316742188524628,5,76.59074266676252,0.8316742188524628,-0.93692709067712,-3.8430631826412487,0.8168501483549306,-0.4145106873870929,,,239.6974681015976,257.7093070425981,415.15122352784414,4.211487043004865,0.190100000000001,2.904416480574489,-1.0208562466982405,259.9662887086189,4.312337203599803,4.061913418889773,0,0
2024-02-07,test,15.379675633996724,1.6953978669908443,5,168.5734992189561,1.6953978669908445,3.206541640140692,4.137880809300087,1.1479069209435977,2.356469770356284,,,239.6974681015976,257.7093070425981,412.955081795672,-2.196141732172123,0.0649999999999977,2.904416480574489,-1.0208562466982405,269.58966449296395,4.415564152881935,1.0052770421444812,0,0
2024-02-14,test,16.47727067539705,1.1880837084806473,5,131.9211671450433,1.1880837084806473,1.7379643011906865,5.442476680580288,0.929927130830599,1.5028876375332345,,,167.97191002157467,179.2567291827761,410.13201759585263,-2.8230641998193846,-0.0510000000000019,3.02538498713333,-0.8978054890571499,261.30286463083456,-7.017479295585671,-2.193070349397086,0,0
2024-02-21,test,8.258593227418018,-2.62999023449233,5,142.7666632739034,-2.62999023449233,-2.512348865533776,-4.092933862751513,2.210699539987804,-2.230299629997212,,,167.97191002157467,179.2567291827761,400.4419854694114,-9.690032126441224,0.0966999999999984,3.02538498713333,-0.8978054890571499,267.0292949899243,-12.568599775305511,3.901696658487719,0,0
2024-02-28,test,5.427766802897461,-2.728430413319849,5,119.3182220539856,-2.728430413319849,-3.377967287815853,-6.340715440940992,1.799142044831381,-3.1767225318044545,,,167.97191002157467,179.2567291827761,396.6700566718842,-3.7719287975272096,0.0831000000000017,3.02538498713333,-0.8978054890571499,267.770782528039,-3.6044365496630704,0.4255828624685875,0,0
2024-03-06,test,8.78390081598303,1.8585575529482146,5,58.30436971359804,1.8585575529482143,2.8820466491714214,4.491738786012034,0.5530936986869683,2.617396693170093,,,167.97191002157467,179.2567291827761,402.6600910135581,5.990034341673947,0.065100000000001,3.02538498713333,-0.8978054890571499,262.93171909558777,6.623922618094102,-0.8172980051618595,0,0
2024-03-13,test,10.065454121958929,-2.545561217900838,5,405.4103332713458,-2.545561217900838,-2.735948300155533,-0.1594368742145135,1.3155254191590693,-2.556987848846237,,,179.48343979338063,186.43984252319487,405.0392674692918,2.3791764557336705,0.1102999999999951,2.95329790278577,-0.9690830495951812,265.0519953434749,3.652376610242003,2.9415608891014244,0,0
2024-03-20,test,2.709347851361113,-1.8928886024176084,5,355.0603682768197,-1.8928886024176084,0.1458707838254191,0.5002287640328174,0.8622963494167024,-0.9007884095000308,,,179.48343979338063,186.43984252319487,399.4708372046754,-5.568430264616438,0.1619000000000028,2.95329790278577,-0.9690830495951812,257.5379390451725,-6.486975166198628,-3.0962951936159837,0,0
2024-03-27,test,9.700382536344318,3.6016251851844316,5,306.813655446619,3.601625185184432,1.948814858802539,2.90588444722486,1.4281686830434737,2.3476216773675063,,,179.48343979338063,186.43984252319487,407.8892457663179,8.418408561642536,-0.0315999999999974,2.95329790278577,-0.9690830495951812,256.1535845746151,10.795923220008996,2.144791147877978,0,0
2024-04-03,test,4.73033200479253,-1.0491194160259676,3,253.6896229463713,-1.0491194160259676,-1.1502640493894931,-3.383317201500402,-0.8234132992130938,-0.9444624353359464,,,179.48343979338063,186.43984252319487,410.8083088332614,2.9190630669434654,0.0043000000000006,2.95329790278577,-0.9690830495951812,255.439384352202,-0.1984521389549076,-0.9724170117205057,0,0
2024-04-10,test,15.294404356429615,0.8184429762850609,5,54.28303884777485,0.8184429762850609,-0.1447097302361033,0.2048957044702426,-0.6181368906079676,0.5032438682423646,,,171.26273444832714,175.2480331890256,402.3385473281607,-8.469761505100678,-0.0431000000000096,3.073560968251789,-0.8128026681118503,265.6742871528448,-7.981699543762089,6.450908816380885,0,0
2024-04-17,test,10.660844529436286,-3.9769688908785072,5,156.5278966641111,-3.9769688908785072,-4.7451587398980255,-9.213130214828569,-1.2139856706357754,-5.266629462611494,,,171.26273444832714,175.2480331890256,411.414718951828,9.076171623667337,0.0271000000000043,3.073560968251789,-0.8128026681118503,276.6690109579433,5.838773437172673,1.0649494070706922,0,0
2024-04-24,test,4.668389528731217,-0.3256634086033827,5,186.2699254555974,-0.3256634086033827,-0.228045053338155,0.5223298312408975,1.0443314120269775,-0.0535214128156269,,,171.26273444832714,175.2480331890256,422.156441223282,10.741722271453966,-0.2845999999999975,3.073560968251789,-0.8128026681118503,291.6223589930892,14.373287019207126,-2.2418254306820984,0,0
2024-05-01,test,10.142039006939527,1.0580636000638632,4,186.5296613492541,1.0580636000638632,0.8336523570496635,-0.0248151574042232,-0.9472998917377852,0.6084525813683683,,,171.26273444832714,175.2480331890256,417.0533700579648,-5.10307116531726,0.2374999999999971,3.073560968251789,-0.8128026681118503,274.8398483438564,-7.535027098423308,-0.5824389225111304,0,0
2024-05-08,test,9.88112324155846,3.6648292669545945,5,204.7485294924404,3.6648292669545945,4.428768937074246,5.268195124432662,3.4035366240468434,4.279854262250016,,,184.1644205149855,187.8818622780019,,,,3.12149195085422,-0.6921602230588197,,-0.9974454102295028,-6.341580854630546,0,0
2024-05-15,test,2.8401380659272144,2.537860760083599,5,177.6482933642425,2.537860760083599,3.1274700892778284,2.9000990843716323,2.6545472303159734,2.663962537820197,,,184.1644205149855,187.8818622780019,424.8352374701448,7.781867412180077,0.2400999999999982,3.12149195085422,-0.6921602230588197,261.89493699956233,6.335221037007965,-1.3374499019144892,0,0
2024-05-22,test,15.386331590680674,3.0205832697542734,5,117.9232143954548,3.0205832697542734,3.439133821935369,6.699370814928463,-0.944882201844699,3.5458713371107287,,,184.1644205149855,187.8818622780019,421.62671661789057,-3.208520852254253,0.0652000000000043,3.12149195085422,-0.6921602230588197,257.1886776289339,-2.900291117011866,-3.0294152603585367,0,0
2024-05-29,test,6.749797107847782,1.0723961357363532,5,15.23353058707039,1.0723961357363532,0.2700928934023405,1.7804651639893976,-0.5221158579435503,0.3825640677835196,,,184.1644205149855,187.8818622780019,431.2408567793012,9.61414016141066,0.0546999999999968,3.12149195085422,-0.6921602230588197,254.4997795998291,14.544557360982324,-0.1000750646444004,0,0
2024-06-05,test,10.437143464804016,0.8094203896459984,5,241.1930767535179,0.8094203896459984,1.5390066443508044,1.9349436631555417,1.1863856307541276,1.136891206723778,,,184.1644205149855,187.8818622780019,428.096243218686,-3.1446135606151984,-0.075499999999991,3.12149195085422,-0.6921602230588197,264.44854279403813,-1.4941392391339736,1.982716747458824,0,0
2024-06-12,test,4.17120740958689,0.4774992452528881,5,63.16329977177413,0.4774992452528881,-0.6180037002369243,-0.4957659491209298,0.7782470494284155,0.1948603593961095,,,173.4343793636483,173.3483185053474,425.3340627045836,-2.762180514102397,0.0596999999999923,3.1650202317552294,-0.5594797682447705,263.428883554015,-1.5587667248164294,-7.76631280322615,0,0
2024-06-19,test,14.96789667000991,-6.379491321871789,5,20.50096222424398,-6.379491321871789,-5.033811927334497,-6.812055460696831,-3.045419887043721,-5.582824924362484,,,173.4343793636483,173.3483185053474,423.83005956392896,-1.5040031406546746,-0.0756999999999976,3.1650202317552294,-0.5594797682447705,269.2726727403363,5.650529165956275,6.556570855703559,0,0
2024-06-26,test,2.238016412464103,-1.2504418149784646,5,33.50202590197734,-1.2504418149784646,-3.0882214578931144,-8.945284795162678,-1.3703800408135791,-2.890030597887794,,,173.4343793636483,173.3483185053474,423.1930225174664,-0.6370370464625807,-0.4141000000000048,3.1650202317552294,-0.5594797682447705,291.88998241495915,0.1245894373417044,6.164686294989075,0,0
2024-07-03,test,6.1493873233797745,-2.4378082321622196,5,283.2812631951147,-2.43780823216222,-0.8791168187722853,-1.736191437756629,1.3660246401160592,-1.0938584439144527,,,173.4343793636483,173.3483185053474,418.6923743515193,-4.500648165947041,-0.0601999999999947,3.1650202317552294,-0.5594797682447705,294.3385793181782,-4.378826250663126,0.1400233601009937,0,0
2024-07-10,test,1.9104378476595267,1.8543134211860046,5,282.2002906892802,1.8543134211860048,1.967272659766328,2.075005061772428,-0.4168173023247234,1.6810765324745347,,,229.0116408537473,240.1429876117324,424.3051882383293,5.612813886809988,0.3992999999999966,3.11299627992368,-0.5718298070328398,269.67937509798435,-3.4070799024968235,2.862099849091404,0,0
2024-07-17,test,18.638190996720073,-0.6416672707956872,5,176.0431890946326,-0.6416672707956872,-0.4338424735675694,2.032840562425786,0.5887115535561982,0.0192504770749835,,,229.0116408537473,240.1429876117324,420.2301703727193,-4.075017865609993,0.169399999999996,3.11299627992368,-0.5718298070328398,262.9641712919848,-6.010473617956302,-1.9451414191187235,0,0
2024-07-24,test,3.560645614642166,1.7514481680569682,5,230.2268958690213,1.7514481680569682,0.8658108817811705,-1.0471306554619808,-1.2711432985167193,0.8040686346582504,,,229.0116408537473,240.1429876117324,418.1592022453,-2.0709681274193485,0.0104000000000041,3.11299627992368,-0.5718298070328398,267.73985352360324,3.539147549128208,-0.9169584299726808,0,0
2024-07-31,test,3.413051397879026,1.3501948499101024,5,243.1430054916578,1.3501948499101024,1.6387893142898236,0.78637414888032,1.8888238744347416,1.1202753076553051,,,229.0116408537473,240.1429876117324,420.96059025571896,2.8013880104189752,-0.0579000000000036,3.11299627992368,-0.5718298070328398,277.6468685438219,2.256970278764303,-3.259161485554785,0,0
2024-08-07,test,19.056192123608604,-2.7325224142991322,5,73.14492281450354,-2.732522414299132,-3.377965692518448,-6.547265382243994,-5.518656880280037,-2.5000599236349785,,,229.0116408537473,240.1429876117324,422.3909766576744,1.4303864019554453,-0.0091999999999927,3.11299627992368,-0.5718298070328398,275.6421229827605,9.488928032758048,-1.9708667127993351,0,0
2024-08-14,test,4.036931073688958,0.46290224833689386,5,81.43432283838446,0.4629022483368938,2.7398884814704427,1.5340504523345455,2.0161608705961065,2.3933766516759825,,,191.118520250742,198.43875142744884,424.3195508954456,1.9285742377711583,-0.3469000000000051,2.90591245915688,-0.6416784499340302,303.2473954907094,6.9539170325995325,-3.921579855668434,0,0
2024-08-21,test,5.203048434831636,0.06788978829124215,5,319.3873106873954,0.0678897882912421,1.482569362167796,2.6109890903680544,2.2261003771759214,0.7708874540326427,,,191.118520250742,198.43875142744884,426.1129379866926,1.793387091247041,0.1467999999999989,2.90591245915688,-0.6416784499340302,281.91800421506457,1.333043067745976,4.851022770101121,0,0
2024-08-28,test,6.6404707316928135,0.36583959578657677,5,75.61734991228903,0.3658395957865767,0.0,-0.5118895346763352,1.3563066547621183,0.6587255147761262,,,191.118520250742,198.43875142744884,426.9837300060304,0.8707920193378413,0.3278000000000105,2.90591245915688,-0.6416784499340302,273.92387425582274,-5.152698769519182,-4.20146307680449,0,0
2024-09-04,test,3.1922753826620376,-0.9375874422688169,5,283.6774018862968,-0.9375874422688169,-1.269424257685614,-1.5763892304818672,-1.7246311963917904,-1.389593403153988,,,191.118520250742,198.43875142744884,425.0920869264197,-1.8916430796107304,0.1064999999999969,2.90591245915688,-0.6416784499340302,274.66040252677874,3.998944053186016,1.599429600029989,0,0
2024-09-11,test,10.836300195318897,1.2886035646368255,5,428.6595863583715,1.2886035646368257,1.9677433727501192,0.5200017336994378,-1.7750175186450612,0.975509588440282,,,202.17762371454683,207.69401952965865,419.5847647552622,-5.507322171157512,-0.1732999999999975,2.83416486770752,-0.59954941800676,298.9034896106259,-7.328556100561645,-6.944810466792184,0,0
2024-09-18,test,2.151491877621152,1.9485458228620134,5,355.0539867614828,1.9485458228620132,1.6563546047751565,2.343283225878912,2.6323405896938823,2.2344683901874163,,,202.17762371454683,207.69401952965865,418.737942818929,-0.8468219363331855,-0.0591000000000008,2.83416486770752,-0.59954941800676,297.5447930251284,0.956359805166418,-6.016436883654031,0,0
2024-09-25,test,6.649454693853722,-1.4779611990859642,5,57.11926232120219,-1.4779611990859642,-1.101182471301243,-2.121251794265433,2.7895601954635474,-1.1060958242357088,,,202.17762371454683,207.69401952965865,414.5671189387441,-4.170823880184912,0.2102999999999895,2.83416486770752,-0.59954941800676,283.6748265324241,-2.513194875013358,5.815350952231757,0,0
2024-10-02,test,4.668579171653178,0.628473320707279,5,114.139292911565,0.628473320707279,-0.5551721334739135,4.505151491294246,0.4943393538195728,-0.9304528567195548,,,202.17762371454683,207.69401952965865,416.99157490691744,2.424455968173333,0.0558000000000049,2.83416486770752,-0.59954941800676,278.59675749298793,5.717890511027424,1.1739729280522582,0,0
2024-10-09,test,2.362457058976054,-2.0469365391878602,5,178.0494414722052,-2.04693653918786,-3.18160058047412,-5.819819256716308,0.2798852825096176,-2.646876170627088,,,204.92841907731767,211.2685233870294,413.1640346965797,-3.827540210337702,-0.0746999999999928,2.86593395053269,-0.3006747451194802,299.0181898681967,3.4190013688440324,-0.718757253762714,0,0
2024-10-16,test,4.3049755729549375,-2.563187253789989,5,241.3881378348999,-2.563187253789989,-2.6940131303648585,-5.914318983216438,-0.0483452279015139,-2.7501433060131752,,,204.92841907731767,211.2685233870294,412.2283930911342,-0.9356416054455394,0.0689999999999884,2.86593395053269,-0.3006747451194802,296.3503460002533,-0.71727743267469,2.8964636721728,0,0
2024-10-23,test,2.432867912568655,-2.3158235161019114,5,103.6105215952242,-2.3158235161019114,-3.4538029224647104,-1.8987106000155407,0.2121247920703339,-3.240227856014233,,,204.92841907731767,211.2685233870294,413.85209245549294,1.6236993643587423,0.1286000000000058,2.86593395053269,-0.3006747451194802,295.5576723576896,2.3202298874435368,-4.526019628937217,0,0
2024-10-30,test,4.668067848114799,-1.062770369953836,5,206.2304669208768,-1.062770369953836,0.1526701063300439,4.848156512917656,-0.8681414884653016,-0.4236353716184915,,,204.92841907731767,211.2685233870294,416.74401172926514,2.891919273772203,-0.0587000000000017,2.86593395053269,-0.3006747451194802,294.41126101243844,5.307555374515527,1.3888175764883215,0,0
2024-11-06,test,37.96328388827023,-4.307455381061431,5,89.31363001099824,-4.307455381061431,-4.684691789161866,-4.282807314776482,0.8723374393733607,-3.8219650943728034,,,204.92841907731767,211.2685233870294,417.94513488526593,1.20112315600079,0.0467000000000012,2.86593395053269,-0.3006747451194802,299.2286343149692,-1.1594262325341995,-1.988029501497124,0,0
2024-11-13,test,10.57476955587172,-1.84077214168743,5,58.91100388530388,-1.84077214168743,-4.412479958942495,-6.688579136431061,-0.8405977888777727,-4.758325083919779,,,282.5926597399031,278.0729457167616,415.30850572447,-2.6366291607959056,0.0518,2.9291315226785,-0.0776303820834001,291.70461453103513,-1.267069884998051,4.422012091350069,0,0
2024-11-20,test,1.9203252525280372,0.8741107554997019,5,207.198357043251,0.8741107554997019,0.9147613019361512,-0.5468389956456932,-1.3954358880211792,0.573614090369734,,,282.5926597399031,278.0729457167616,419.19248905609646,3.883983331626439,0.1400000000000005,2.9291315226785,-0.0776303820834001,287.26659307772326,7.803705609885014,-4.901235299163442,0,0
2024-11-27,test,5.391960678786521,2.7556677412322372,5,135.3886156036052,2.755667741232237,2.210490899754758,5.310985011179614,1.1963676308376137,2.5101829378036733,,,282.5926597399031,278.0729457167616,422.27377769905,3.0812886429535524,-0.0956000000000045,2.9291315226785,-0.0776303820834001,299.8633062195517,6.922796194443004,1.9974847156785105,0,0
2024-12-04,test,4.293475056797134,-1.4289259178267288,5,273.724823201294,-1.4289259178267288,-1.7150208177197257,-1.4333181725943778,4.404153225071994,-1.6242399369607696,,,282.5926597399031,278.0729457167616,422.6395693132972,0.3657916142471435,-0.0769999999999981,2.9291315226785,-0.0776303820834001,290.67917642573434,-0.0726821896507967,-0.5666501940407187,0,0
2024-12-11,test,5.54010098478916,-0.4098653735101765,5,432.0288340581736,-0.4098653735101765,0.3289440204146565,-1.3134230770201594,-0.8024482977851299,-0.2029565115949871,,,327.5750370944677,331.62204875429507,421.7446759356084,-0.8948933776887316,0.1834999999999951,2.81234302970702,-0.0037478793838898,276.2298458616015,0.6054939187992936,1.0364181876727052,0,0
2024-12-18,test,1.7467178965004555,-1.5791785014163784,5,425.5377032325457,-1.5791785014163784,-5.735966771830992,-5.849961455310115,-1.08762649906069,-3.8181888545670617,,,327.5750370944677,331.62204875429507,422.8729756920544,1.1282997564459265,0.1552000000000077,2.81234302970702,-0.0037478793838898,264.4101728074232,-5.1286582054645535,-0.4025230176598171,0,0
2024-12-25,test,4.4103041500527445,-1.212699357683622,3,290.1888535222769,-1.212699357683622,2.1711568465098807,3.141941756569277,,0.3355347540519915,,,327.5750370944677,331.62204875429507,414.6778872070522,-8.195088485002145,-0.0742000000000047,2.81234302970702,-0.0037478793838898,267.5836878737559,-8.609648058356889,0.2551193058779155,0,0
2025-01-01,test,0.2506272716317379,-0.6906323373478962,2,402.4474646817779,-0.6906323373478962,-2.259002625127593,-3.8790988946888927,,-1.9127818518847484,,,327.5750370944677,331.62204875429507,,,,2.81234302970702,-0.0037478793838898,,10.903362107530112,-1.445287533691264,0,0
2025-01-08,test,11.885099456789131,1.4231245787561742,5,1348.153638010274,1.4231245787561742,1.3094916197055717,6.37456450590328,-0.2794656782496574,0.805282186168288,,,309.1073681757701,305.4691909196304,,,,3.0879565217,0.3848260869,,6.677601738685102,1.458696853188446,0,0
2025-01-15,test,7.478589855065192,-0.9360438046383868,5,175.8295530434094,-0.9360438046383868,-1.397406069236773,-2.7280968079388845,-0.2719339070788251,-1.5592888292667697,,,309.1073681757701,305.4691909196304,425.24872633188966,10.570839124837448,-0.1444999999999936,3.0879565217,0.3848260869,283.96806213564685,-7.054423304081947,3.672673381068847,0,0
2025-01-22,test,8.861426347129782,-3.5253712763392953,5,223.038012613278,-3.5253712763392957,-2.9453186144076327,-5.321036432854731,4.527204342749691,-2.511000279966691,,,309.1073681757701,305.4691909196304,432.96801543016727,7.719289098277613,0.0604000000000013,3.0879565217,0.3848260869,277.9030429819257,3.126706387677869,7.6007973647636895,0,0
2025-01-29,test,5.987411360415619,0.7763163543576423,5,494.1572333747701,0.7763163543576423,1.528116719640149,3.143204997853521,-0.906031063690982,1.245265772535742,,,309.1073681757701,305.4691909196304,434.2115683361041,1.243552905936781,0.1822999999999979,3.0879565217,0.3848260869,270.82501811048763,3.5732265088127324,-4.258044753511925,0,0
2025-02-05,test,3.3824831978088183,2.529377676560629,5,126.6059190040212,2.529377676560629,1.8559947515899289,-0.1190857995620131,-0.1384222097746246,1.7955043501152623,,,309.1073681757701,305.4691909196304,439.34610122995446,5.134532893850405,-0.0036000000000058,3.0879565217,0.3848260869,275.6020982049831,4.887226934620959,-3.796150628711814,0,0
2025-02-12,test,2.600791918348344,-3.2569943495371234,5,234.0674987601253,-3.2569943495371234,-2.842107823843776,-1.1384217545981734,2.129219050268372,-3.0577046847214184,,,327.7075661569745,316.44004318685893,437.27335877622886,-2.072742453725596,0.0178000000000082,2.988655,0.463705,280.2062569416436,4.364231580727784,-3.0451176399052926,0,0
2025-02-19,test,3.020391039573375,2.8477364780048253,5,326.0868312959313,2.8477364780048253,2.579075195170244,6.728411212613761,3.9987608981818745,2.9042778953538573,,,327.7075661569745,316.44004318685893,436.20789968641856,-1.0654590898103038,0.044399999999996,2.988655,0.463705,278.2916457114616,4.075761878150219,0.8928035851279326,0,0
2025-02-26,test,4.091379682853081,0.9731582710643005,5,159.4839274158138,0.9731582710643004,1.3949607464150304,-1.5328171881888952,-0.5870561873773994,1.646569760528127,,,327.7075661569745,316.44004318685893,428.01323269925416,-8.194666987164396,0.0759000000000043,2.988655,0.463705,285.7613230879751,-14.259378102139308,1.2655059478094088,0,0
2025-03-05,test,11.764380902549739,-6.885893328074499,5,296.1538275809382,-6.885893328074499,-2.276815679666555,-7.63548102600704,2.3908960523280958,-3.5007039305469334,,,327.7075661569745,316.44004318685893,424.2189689486082,-3.794263750645939,0.01339999999999,2.988655,0.463705,283.2407136805527,-15.495215015357733,-3.8047704776303695,0,0
2025-03-12,test,4.0153720828086605,1.3298115606291017,5,415.8187721719696,1.3298115606291017,1.7559756868855914,-0.3401908753745353,-2.252343242500121,2.272762339667178,,,468.84279693223056,453.5588276474364,421.0645017918261,-3.1544671567821183,-0.0696999999999974,3.313772381,0.8713438096000004,306.7662161116977,0.4152388758148717,-3.559686133477236,0,0
2025-03-19,test,3.018460294596835,3.153193722710501,5,564.1142465057652,3.153193722710501,3.0850849753881526,2.4783320959154587,3.349684697811295,3.089038320135984,,,468.84279693223056,453.5588276474364,422.2591181666628,1.1946163748366985,-0.1440999999999945,3.313772381,0.8713438096000004,308.27765666685457,1.781284413501094,2.010117932108724,0,0
2025-03-26,test,1.4951595891926428,-1.4667063857153773,5,249.7645013685118,-1.4667063857153773,-2.73755988793436,-5.369791159987214,-2.908734332973406,-2.476574854600866,,,468.84279693223056,453.5588276474364,427.6110409082333,5.351922741570434,0.0592999999999932,3.313772381,0.8713438096000004,292.34841093463666,2.572301295108081,-0.5821222259617009,0,0
2025-04-02,test,3.392543856283812,-0.7006106352961172,5,173.9642147013681,-0.7006106352961172,0.1733149053271709,-0.8968691900261394,-3.83018990307109,-0.0339275175776698,,,468.84279693223056,453.5588276474364,423.9886867512759,-3.6223541569573854,0.0553000000000025,3.313772381,0.8713438096000004,294.54910571172445,-5.902573925293808,3.6308068942237695,0,0
2025-04-09,test,48.12165431381756,-11.400917894788165,5,582.0131507534834,-11.400917894788163,-4.064169050262967,-10.543204038017516,-14.32231021632635,-6.667452501510773,,,623.3520453984211,578.5987937727353,421.0051369934071,-2.9835497578687864,-0.3620999999999981,3.0972209091,0.8490390908999998,305.94720382705714,0.9569917069848,3.516527473577735,0,0
2025-04-16,test,15.130750076861387,6.095884102456917,5,456.9273762750539,6.095884102456917,2.05272994190131,-0.5017909868139991,8.051285097142369,5.109377359954337,,,623.3520453984211,578.5987937727353,409.3844437180419,-11.62069327536517,-1.093999999999994,3.0972209091,0.8490390908999998,382.5758985461308,-20.347778864914368,-13.814554529481082,0,0
2025-04-23,test,1.9311960825140724,0.7043991570821362,3,424.1674048457161,0.7043991570821362,1.490599115580693,1.6393844879329045,1.3425527170586982,1.422249846307988,,,623.3520453984211,578.5987937727353,418.783490530944,9.399046812902045,0.6905999999999892,3.0972209091,0.8490390908999998,326.94092306134934,4.773442351749058,0.946472608175597,0,0
2025-04-30,test,2.452435991104988,2.2514665610480877,5,456.9588639876556,2.251466561048088,2.4076887384437478,0.3176224484899403,3.216728700707705,1.930307206054671,,,623.3520453984211,578.5987937727353,418.737942818929,-0.0455477120149225,0.2506000000000057,3.0972209091,0.8490390908999998,320.0174031432028,-3.3167480594011423,0.4698980746122849,0,0
2025-05-07,test,1.9882123633100026,0.33423016665501404,4,1014.321539326612,0.334230166655014,0.42391213681503,4.208973205690558,2.7268421166408707,0.3048356715118494,,,623.3520453984211,578.5987937727353,418.38805275329554,-0.349890065633474,-0.0073000000000007,3.0972209091,0.8490390908999998,311.2243389552293,-5.546196135786108,-7.433338014313495,0,0
2025-05-14,test,28.4165976798334,9.933637931274175,5,218.0919420118496,9.933637931274175,8.975713760027437,17.497475514964258,4.297710839304347,8.546617396022782,,,511.6903036177236,478.0368720970759,424.9494742382442,6.561421484948653,0.2788000000000039,3.0709945455,0.9797218182000004,307.5568806128748,6.626406374440652,-4.94926358725305,0,0
2025-05-21,test,8.541602302961389,-1.4629392384771345,5,158.471780202795,-1.4629392384771345,-1.1668752851911712,-3.727131125991568,1.8617019730607252,-0.7582057500860273,,,511.6903036177236,478.0368720970759,426.64754815137786,1.698073913133669,0.4521999999999906,3.0709945455,0.9797218182000004,284.544412454103,1.4861079204682603,8.879224760173354,0,0
2025-05-28,test,10.546472041786231,-2.1332123034442763,5,404.8077742569538,-2.1332123034442763,-1.7364213643912052,-6.9792241527933285,0.4973186069022084,-2.0609041059640454,,,511.6903036177236,478.0368720970759,427.5276264727001,0.8800783213222303,-0.0339999999999918,3.0709945455,0.9797218182000004,281.46239804578903,4.390329584417518,-0.0758898116410833,0,0
2025-06-04,test,5.023054407012544,1.0177766375257802,5,267.2585095094913,1.0177766375257802,1.9708943246394384,4.44517206879036,0.7404692068854857,1.862751414374664,,,511.6903036177236,478.0368720970759,426.63351601776907,-0.8941104549310239,0.0083999999999946,3.0709945455,0.9797218182000004,296.0819866308342,0.1800622519569916,-0.2127983779150355,0,0
2025-06-11,test,4.093921496224458,2.977509814735124,5,293.4557128924495,2.977509814735124,3.301634501977091,4.198080195762222,-0.7877264690248964,3.3306327133377778,,,368.5934566761253,354.56811696009703,427.3884476054178,0.7549315876487412,0.0777000000000072,3.0847609524,1.1011419048,291.8489392704782,-2.867332201503725,1.4651723475147094,0,0
2025-06-18,test,15.702545277456702,-3.3051961757424753,5,161.6384594586523,-3.3051961757424757,-3.1058475452324874,-6.118569788278938,-1.3894833208114576,-2.916314177739121,,,368.5934566761253,354.56811696009703,429.7693486208131,2.3809010153952954,0.1187999999999931,3.0847609524,1.1011419048,284.75454412488244,0.735020007703735,6.670104848532255,0,0
2025-06-25,test,1.4411640105677361,-0.10947537775209959,5,274.9741873056067,-0.1094753777520995,1.562530907984527,2.971715035275979,-0.1642021346218491,1.0495965133751284,,,368.5934566761253,354.56811696009703,430.1087692168529,0.3394205960398153,-0.2560000000000002,3.0847609524,1.1011419048,310.9002921462572,7.455935818492376,9.48127276419477,0,0
2025-07-02,test,5.813234442074472,2.9144035962257453,5,222.4912924612651,2.9144035962257453,4.026379545312331,10.134888280044407,1.3735396524229948,3.7799231535940336,,,368.5934566761253,354.56811696009703,425.291403621107,-4.817365595745912,0.1946000000000083,3.0847609524,1.1011419048,294.43073915618027,-8.891863679395051,-13.619596814297983,0,0
2025-07-09,test,10.746917121000568,1.3585105919827534,5,252.0816461542503,1.3585105919827534,1.257869251273247,4.073562044358381,2.4681062850751445,1.328521955132178,,,406.8875697805016,388.6548275568686,426.56332579940334,1.271922178296336,0.1089999999999946,3.1735630435,1.1872152174,287.61206921263044,-5.24818943821459,3.448617607116855,0,0
2025-07-16,test,5.929770953863996,-0.8280040908277053,5,416.400059756767,-0.8280040908277053,-1.0347512746098353,-1.8574841229905823,-1.3038180888622186,-1.4408131754656497,,,406.8875697805016,388.6548275568686,424.448722065182,-2.1146037342213617,0.0729999999999932,3.1735630435,1.1872152174,281.0077166650773,2.1003791502167246,1.652930195121094,0,0
2025-07-23,test,3.5857099741875356,3.125247628762251,5,456.3426489654034,3.125247628762251,3.50400907714139,3.630166653783018,2.5469914365445767,3.3535553023996023,,,406.8875697805016,388.6548275568686,425.7596556295705,1.310933564388506,-0.0870999999999924,3.1735630435,1.1872152174,294.65892971536425,1.4614008585180915,-3.261849360885716,0,0
2025-07-30,test,0.3698921881133658,0.05859728295334321,5,184.1349516024535,0.0585972829533432,-2.8375768009977875,-4.452118934409244,-0.1686163324993828,-2.032790160559017,,,406.8875697805016,388.6548275568686,422.9894749042985,-2.770180725271985,0.0953999999999979,3.1735630435,1.1872152174,291.3529317556666,-6.280675329739882,-0.7202566429533874,0,0
2025-08-06,test,0.6717916582304956,-1.3118389499911842,5,239.2040702773061,-1.3118389499911842,0.3683189984662327,-4.04782044478611,-1.6179833554111234,-0.2173763083375135,,,406.8875697805016,388.6548275568686,428.040910529489,5.051435625190493,0.0730999999999966,3.1735630435,1.1872152174,280.2620713480624,5.496199239088817,6.722754379181417,0,0
2025-08-13,test,2.06548327310683,0.6949227518722179,5,67.76189493648775,0.6949227518722179,1.4598791205690187,3.219045837077461,0.7706104214703302,1.3554813974352875,,,343.339059719265,325.9119299744629,425.4477313726906,-2.593179156798385,-0.1428999999999973,3.2050457143,1.1839504762000002,291.1872289342168,-3.7765941866909625,-8.472835504576093,0,0
2025-08-20,test,23.250988349718043,4.593037363825214,5,184.6150812887433,4.593037363825214,4.186496945089857,9.665153187704869,-0.1117526657559153,4.17666099519316,,,343.339059719265,325.9119299744629,426.4649766520309,1.0172452793402726,0.2164999999999963,3.2050457143,1.1839504762000002,278.23410136824594,-1.9952982887435853,-2.5630966492215634,0,0
2025-08-27,test,3.8166373201211607,0.46332280663681225,5,367.4454741013765,0.4633228066368122,-0.3480700438410089,-0.1707518323106782,0.0070991214867532,-0.2862613072936781,,,343.339059719265,325.9119299744629,426.1129379866926,-0.3520386653382843,-0.0032999999999958,3.2050457143,1.1839504762000002,280.8932705416451,-2.1518208493855884,2.0320436236255013,0,0
2025-09-03,test,4.159027554148892,-1.4390740132476099,5,127.457190791859,-1.43907401324761,-0.9810912305093122,1.4782787543785147,-0.4161485642899087,-0.6888407917347017,,,343.339059719265,325.9119299744629,427.45806125250334,1.3451232658107417,-0.0557000000000016,3.2050457143,1.1839504762000002,288.1342225200446,2.0014010270068106,0.2068558657223995,0,0
2025-09-10,test,5.345906198745045,2.484162778795196,5,440.9509695683198,2.484162778795196,2.5036183873095474,0.8145712372837899,2.004266029400803,2.620742542872101,,,308.47823098184006,294.0360347790922,431.1067545733388,3.6486933208354335,-0.1300999999999987,3.2330461969,1.2057734696,291.2942880524824,-1.357829809489175,0.0147590583988943,0,0
2025-09-17,test,2.38743348598776,1.622469620621958,5,145.0645244454248,1.622469620621958,3.3764126073983824,2.2414545989884798,0.1780105182104918,3.1829832373508005,,,308.47823098184006,294.0360347790922,433.93800599524087,2.8312514219020954,0.2112999999999942,3.2330461969,1.2057734696,282.3061992999841,3.096792211331678,-0.2068253064059,0,0
2025-09-24,test,1.6339366888641351,2.0786368774009967,5,396.9913266197707,2.0786368774009967,0.5298047953387286,1.1367663741479903,1.2734390750997804,0.556768236237648,,,308.47823098184006,294.0360347790922,433.8205355125032,-0.1174704827377013,0.1069000000000102,3.2330461969,1.2057734696,282.1587198044172,-2.200842764777411,2.295254623097964,0,0
2025-10-01,test,12.847103693816825,3.4658218838635957,5,162.5426436896987,3.465821883863596,4.772022151786537,3.913206176197148,1.0974916044610872,4.165935321304293,,,308.47823098184006,294.0360347790922,432.5853029867938,-1.235232525709364,0.0668999999999897,3.2330461969,1.2057734696,282.08072945102555,-1.5489237263428102,0.6482771389268116,0,0
2025-10-08,test,3.377830626103557,2.207707344819143,5,339.3900412422632,2.207707344819143,0.815304499778069,2.3241509727885745,2.10282217151585,0.9244691720380338,,,404.8730524836602,413.5165987986647,433.204826486764,0.6195234999702279,-0.0161999999999977,3.1239221739,1.0894873913,280.1668040615268,-1.7964365579457908,-4.358403827001922,0,0
2025-10-15,test,26.580106750155352,4.672653082597034,5,281.6519630381229,4.672653082597034,5.2323412971687855,5.871047202066393,-2.527719359546144,5.216134636053393,,,404.8730524836602,413.5165987986647,436.6405253770925,3.4356988903284105,-0.0408999999999935,3.1239221739,1.0894873913,286.3137584942396,4.263939422656904,1.1186633175945817,0,0
2025-10-22,test,22.02197630029118,-4.660038619627382,5,262.3874768655877,-4.660038619627382,-4.547611436882981,-6.28368461326354,0.920881083194125,-4.574152024838796,,,404.8730524836602,413.5165987986647,435.2340324303521,-1.406492946740343,0.0230999999999994,3.1239221739,1.0894873913,295.29500256585493,-2.7091512115215988,-7.849885898515563,0,0
2025-10-29,test,20.849444115416283,8.881863400181667,4,241.1789991288537,8.881863400181667,7.180095109182405,5.606963410437826,1.3246564409343795,6.905885456460226,,,404.8730524836602,413.5165987986647,435.939751661352,0.7057192309999323,0.0290999999999996,3.1239221739,1.0894873913,287.6391149708372,-0.182407195904144,-0.08025038549615,0,0
2025-11-05,test,22.514481690764875,4.338677614516184,5,514.1679144353145,4.338677614516184,4.40502221595227,5.3677289297989095,-1.5061185320914383,4.245557476473127,,,404.8730524836602,413.5165987986647,436.5770212154358,0.6372695540837867,0.1800999999999959,3.1239221739,1.0894873913,283.52406993466855,0.3174256637035633,4.290075725057996,0,0
2025-11-12,test,24.638024727910178,-3.4534607141063045,5,684.0505976175492,-3.4534607141063045,-2.46098465644331,-1.3942279750579267,0.1848507729601323,-1.9812620245891035,,,371.0953517257944,373.2841601001309,439.9252415338951,3.348220318459255,-0.1041000000000025,3.1361575,1.0945074999999995,288.426425613037,-0.1570154825789593,-2.287147537500722,0,0
2025-11-19,test,20.145074394914083,-5.049002744525177,5,197.8114010469296,-5.049002744525177,-6.431209617361411,-6.010569042842651,-5.529541024174112,-5.934295376385723,,,371.0953517257944,373.2841601001309,440.4521712501253,0.5269297162301996,0.0901000000000067,3.1361575,1.0945074999999995,288.15159944521344,-2.824002043628049,-2.6472603136504347,0,0
2025-11-26,test,15.451108348931587,-0.5478776926660434,5,135.1530928637782,-0.5478776926660434,1.4388684247195638,0.5862717643632998,1.034986481824962,0.7683948378520711,,,371.0953517257944,373.2841601001309,438.8878109622984,-1.5643602878269007,-0.1351000000000084,3.1361575,1.0945074999999995,313.56116003436773,0.0226269941003831,3.0242635877045565,0,0
2025-12-03,test,9.679756202683498,-0.6983249153277082,5,56.92799384452363,-0.6983249153277082,-0.9569377108016752,-1.091531499815046,0.5038061195938859,-0.7617536291496307,,,371.0953517257944,373.2841601001309,440.25642858914296,1.368617626844582,0.1622000000000127,3.1361575,1.0945074999999995,291.72300453990334,-5.214419895038702,1.6020250857713414,0,0
2025-12-10,test,5.829694987949512,0.22105032436514627,5,84.36101159680533,0.2210503243651462,0.5991655269034002,2.9120146488881726,1.5276288568154328,0.1412583603378259,,,,,440.41549867468825,0.1590700855452951,0.0679999999999978,3.2447326087,1.19895,281.09436761162453,-4.037092492448435,-1.6490728401088894,0,0
2025-12-17,test,8.499604294944472,-3.7622423969710272,5,324.4087398932004,-3.7622423969710272,-3.746218900931675,-3.1867713823357846,-0.8020267906501566,-3.058960191338844,,,,,441.1828125910671,0.7673139163788392,-0.0014000000000038,3.2447326087,1.19895,278.6140234316504,-5.85483203389443,-0.993150750091676,0,0
2025-12-24,test,5.797131649655315,2.4285510116035525,4,54.62797072654504,2.4285510116035525,3.5608422132527906,7.362411805484248,2.308380460911774,3.712402993855157,,,,,443.9941706620314,2.8113580709643315,0.081000000000003,3.2447326087,1.19895,276.5356381801877,2.7986036688533837,-4.05777805744254,0,0
2025-12-31,test,0.5155517278037368,0.8787781850230214,2,299.1064029548671,0.8787781850230214,-0.9088138044763384,-3.481050990072454,0.3398314361080068,-1.2720925882661938,,,,,,,0.0657999999999958,3.2447326087,1.19895,,2.6619186944523587,4.972466661492359,0,0
