Date,week_end,split,Close,daily_log_return,daily_squared_return
2016-01-07,2016-01-13,train,4.271565437316895,-3.444885293330824,11.867234684206997
2016-01-08,2016-01-13,train,4.140671253204346,-3.11224598598403,9.686075077273708
2016-01-11,2016-01-13,train,4.105595111846924,-0.8507208317152681,0.7237259335143176
2016-01-12,2016-01-13,train,4.103029251098633,-0.06251621997568346,0.003908277760048044
2016-01-13,2016-01-13,train,4.050842761993408,-1.2800593780506908,1.6385520113355214
2016-01-14,2016-01-20,train,3.904551029205322,-3.678214548513137,13.529262264893699
2016-01-15,2016-01-20,train,3.743713855743408,-4.2064675091152415,17.694368905242182
2016-01-18,2016-01-20,train,3.7574031352996826,0.3649935008353644,0.13322025565205517
2016-01-19,2016-01-20,train,3.8189990520477295,1.6260296739310842,2.643972500504428
2016-01-20,2016-01-20,train,3.6051220893859854,-5.763272317860335,33.215307809815236
2016-01-21,2016-01-27,train,3.724893093109131,3.2682514738478385,10.68146769630857
2016-01-22,2016-01-27,train,3.8224222660064697,2.584617112697507,6.680245619248798
2016-01-25,2016-01-27,train,3.796756029129028,-0.6737297112158203,0.45391172377495254
2016-01-26,2016-01-27,train,3.830120325088501,0.874919357324444,0.7654838818210182
2016-01-27,2016-01-27,train,3.871185064315796,1.066445916467118,1.1373068927493915
2016-01-28,2016-02-03,train,3.771946668624878,-2.596945241735771,6.744124588574061
2016-01-29,2016-02-03,train,3.961014747619629,4.890901592044128,23.920918383059785
2016-02-01,2016-02-03,train,3.949892997741699,-0.281175247222043,0.07905951965037701
2016-02-02,2016-02-03,train,3.861774682998657,-2.2561649113534976,5.0902801072227355
2016-02-03,2016-02-03,train,3.787345409393311,-1.9461486252534632,3.7874944715759447
2016-02-04,2016-02-10,train,3.809588432312012,0.5855806287757837,0.34290467279744213
2016-02-05,2016-02-10,train,3.734304189682007,-1.9959653655214238,3.983877740361071
2016-02-08,2016-02-10,train,3.578601360321045,-4.258946403111885,18.138624464579664
2016-02-09,2016-02-10,train,3.533259153366089,-1.2751324702974909,1.6259628168069815
2016-02-10,2016-02-10,train,3.535825252532959,0.07260061225018433,0.005270848899101614
2016-02-11,2016-02-17,train,3.389533042907715,-4.2254557572046325,17.854476356093773
2016-02-12,2016-02-17,train,3.43744158744812,1.4035303656315223,1.9698974872497548
2016-02-15,2016-02-17,train,3.554647207260132,3.352834976069774,11.241502376756802
2016-02-16,2016-02-17,train,3.578601360321045,0.6716222735506427,0.4510764783293344
2016-02-17,2016-02-17,train,3.699228286743164,3.3152184143544705,10.990673134874969
2016-02-18,2016-02-24,train,3.689816951751709,-0.254737649505854,0.06489127007576731
2016-02-19,2016-02-24,train,3.661585807800293,-0.7680515856639092,0.5899032382408452
2016-02-22,2016-02-24,train,3.759968519210816,2.651425042244071,7.030054754638974
2016-02-23,2016-02-24,train,3.700939178466797,-1.5823965358102487,2.503978796544276
2016-02-24,2016-02-24,train,3.681262254714966,-0.5330922091287604,0.28418730343378207
2016-02-25,2016-03-02,train,3.747991561889648,1.796441564310558,3.2272022939825646
2016-02-26,2016-03-02,train,3.839532136917114,2.4130406821964323,5.822765333935023
2016-02-29,2016-03-02,train,3.879740238189697,1.041768264170373,1.085281116232552
2016-03-01,2016-03-02,train,3.9062612056732178,0.6812500676981914,0.4641016547387904
2016-03-02,2016-03-02,train,3.949892997741699,1.1107786215991622,1.2338291462017348
2016-03-03,2016-03-09,train,3.9678587913513184,0.4538112565577235,0.20594465657849992
2016-03-04,2016-03-09,train,4.063676834106445,2.386158601527044,5.693752871641499
2016-03-07,2016-03-09,train,4.05511999130249,-0.21079098680110153,0.04443284011658216
2016-03-08,2016-03-09,train,3.990957498550415,-1.5949101393113452,2.5437383524781345
2016-03-09,2016-03-09,train,4.016623020172119,0.6410328175806335,0.4109230732153657
2016-03-10,2016-03-16,train,3.916527032852173,-2.5236204762464576,6.368660308130397
2016-03-11,2016-03-16,train,4.0414323806762695,3.139387870765953,9.855756203112383
2016-03-14,2016-03-16,train,4.072231769561768,0.759201668974474,0.5763871741736268
2016-03-15,2016-03-16,train,3.9952335357666016,-1.9089160974654629,3.6439606671627724
2016-03-16,2016-03-16,train,4.02346658706665,0.7041831602233817,0.4958739231421888
2016-03-17,2016-03-23,train,4.063676834106445,0.9944321822799251,0.9888953651540142
2016-03-18,2016-03-23,train,4.129549026489258,1.6080018508479954,2.585669952330579
2016-03-21,2016-03-23,train,4.112439632415772,-0.4151769520207571,0.17237190148924605
2016-03-22,2016-03-23,train,4.098751068115234,-0.3334127163867828,0.11116403944841328
2016-03-23,2016-03-23,train,4.042287349700928,-1.3871602347415024,1.9242135168481
2016-03-24,2016-03-30,train,3.96529221534729,-1.9231156352985668,3.69837374672981
2016-03-29,2016-03-30,train,4.0080671310424805,1.0729561832745427,1.151234971227074
2016-03-30,2016-03-30,train,4.083352565765381,1.8609245390500684,3.4630401400387094
2016-03-31,2016-04-06,train,4.065386772155762,-0.4409472919512103,0.19443451427910588
2016-04-01,2016-04-06,train,4.029454708099365,-0.8877826735693928,0.788158075490019
2016-04-04,2016-04-06,train,4.002078533172607,-0.6817199189272038,0.46474204786211337
2016-04-05,2016-04-06,train,3.920804977416992,-2.0516875347866836,4.209421740399059
2016-04-06,2016-04-06,train,3.922515630722046,0.04362064022738199,0.001902760253846696
2016-04-07,2016-04-13,train,3.889150619506836,-0.8542406457415552,0.7297270808369493
2016-04-08,2016-04-13,train,3.9293603897094727,1.0285877878371652,1.0579928372877532
2016-04-11,2016-04-13,train,3.956735849380493,0.6942742975203808,0.48201680019741827
2016-04-12,2016-04-13,train,4.0063557624816895,1.2462635808808686,1.5531729130300054
2016-04-13,2016-04-13,train,4.104740619659424,2.426051375718763,5.885725277626903
2016-04-14,2016-04-20,train,4.100461006164551,-0.10431465497391379,0.010881547242326676
2016-04-15,2016-04-20,train,4.070518493652344,-0.7329022558889342,0.5371457166870888
2016-04-18,2016-04-20,train,4.064530372619629,-0.14721785234876883,0.0216730960501839
2016-04-19,2016-04-20,train,4.0893402099609375,0.6085432348761799,0.37032486871356546
2016-04-20,2016-04-20,train,4.11329460144043,0.5840674399756773,0.34113477443974144
2016-04-21,2016-04-27,train,4.1175737380981445,0.10397777893462745,0.010811378512178256
2016-04-22,2016-04-27,train,4.109018325805664,-0.2079941562766141,0.04326156904522057
2016-04-25,2016-04-27,train,4.053409576416016,-1.362575214589823,1.8566112154145018
2016-04-26,2016-04-27,train,4.050842761993408,-0.06334488121184645,0.004012573975742937
2016-04-27,2016-04-27,train,4.087629795074463,0.9040341013933251,0.8172776564820368
2016-04-28,2016-05-04,train,4.09276294708252,0.1254989300288445,0.015749981438384804
2016-04-29,2016-05-04,train,3.986679553985596,-2.6261586711931795,6.896709366283126
2016-05-02,2016-05-04,train,3.922515630722046,-1.622550194941197,2.632669135103716
2016-05-03,2016-05-04,train,3.8284101486206055,-2.4283578290911656,5.896921746108359
2016-05-04,2016-05-04,train,3.818143844604492,-0.26852122390972344,0.07210364768997583
2016-05-05,2016-05-11,train,3.830976247787476,0.3355265721209699,0.11257808059924843
2016-05-06,2016-05-11,train,3.807021856307984,-0.627244722782816,0.3934359422588916
2016-05-09,2016-05-11,train,3.746281147003174,-1.6083564672326522,2.5868105256890974
2016-05-10,2016-05-11,train,3.7813570499420166,0.9319299328872654,0.8684933998112631
2016-05-11,2016-05-11,train,3.85236406326294,1.860404913401137,3.461106441807092
2016-05-12,2016-05-18,train,3.786958694458008,-1.7123760592133053,2.932231768166889
2016-05-13,2016-05-18,train,3.8172879219055176,0.7976960717610115,0.6363190229029488
2016-05-17,2016-05-18,train,3.812955617904663,-0.11355612553629602,0.01289499364681502
2016-05-18,2016-05-18,train,3.794757604598999,-0.4784104627124641,0.22887657083275403
2016-05-19,2016-05-25,train,3.7002999782562256,-2.5206644933594147,6.353749488082874
2016-05-20,2016-05-25,train,3.7912912368774414,2.429276524859736,5.901384434234595
2016-05-23,2016-05-25,train,3.799957752227783,0.22832920189979067,0.05213422444019537
2016-05-24,2016-05-25,train,3.864950656890869,1.6958966470367987,2.8760654374306562
2016-05-25,2016-05-25,train,3.8736164569854736,0.22396403854563207,0.05015989056166937
2016-05-26,2016-06-01,train,3.851952075958252,-0.5608503173099688,0.3145530784266927
2016-05-27,2016-06-01,train,3.8779494762420654,0.6726475914407226,0.4524547822710053
2016-05-30,2016-06-01,train,3.876216411590576,-0.04470022193014955,0.001998109840604623
2016-05-31,2016-06-01,train,3.882281541824341,0.15634808453095506,0.024444723536498666
2016-06-01,2016-06-01,train,3.9290771484375,1.1981568966684453,1.4355799490341594
2016-06-02,2016-06-08,train,3.937742948532105,0.22031274372456,0.048537705047443654
2016-06-03,2016-06-08,train,3.8952813148498535,-1.0841802139737622,1.1754467363721928
2016-06-06,2016-06-08,train,3.938609123229981,1.1061745253878819,1.2236220806171056
2016-06-07,2016-06-08,train,3.985405445098877,1.1811403300033607,1.3950924791604478
2016-06-08,2016-06-08,train,3.9585423469543457,-0.676318657734698,0.4574069268000636
2016-06-09,2016-06-15,train,3.936877012252808,-0.5488090776250676,0.30119140368367747
2016-06-10,2016-06-15,train,3.821620941162109,-2.9713109760334255,8.828688916296707
2016-06-13,2016-06-15,train,3.7332301139831534,-2.3400821552557183,5.475984493346248
2016-06-14,2016-06-15,train,3.689901113510132,-1.1674182023888147,1.3628652592687314
2016-06-15,2016-06-15,train,3.725430965423584,0.9582881368441543,0.9183161532162405
2016-06-16,2016-06-22,train,3.7002999782562256,-0.6768648986904324,0.45814609107920934
2016-06-17,2016-06-22,train,3.74796199798584,1.2798333478567958,1.637973398286334
2016-06-20,2016-06-22,train,3.8493518829345694,2.669256698693956,7.1249313235225555
2016-06-21,2016-06-22,train,3.8172879219055176,-0.8364589649425769,0.699663600032807
2016-06-22,2016-06-22,train,3.8779494762420654,1.5766326048645363,2.4857703707219327
2016-06-23,2016-06-29,train,3.882281541824341,0.1116478626008055,0.012465245223328343
2016-06-24,2016-06-29,train,3.7895586490631104,-2.4173446180077773,5.843555002211167
2016-06-27,2016-06-29,train,3.713298797607422,-2.032891555581373,4.132648076754055
2016-06-28,2016-06-29,train,3.819021701812744,2.8073645494643973,7.881295713589438
2016-06-29,2016-06-29,train,3.9256112575531006,2.752778269982592,7.577788203688352
2016-06-30,2016-07-06,train,3.985405445098877,1.5116976359526468,2.2852297425448214
2016-07-01,2016-07-06,train,3.995803833007813,0.2605718865439366,0.06789770805706616
2016-07-04,2016-07-06,train,3.986271381378174,-0.23884656321355724,0.05704768075892779
2016-07-05,2016-07-06,train,3.942943334579468,-1.0928819462000972,1.194390948330112
2016-07-06,2016-07-06,train,3.955941200256348,0.3291066568030132,0.10831119155205632
2016-07-07,2016-07-13,train,3.9897384643554688,0.8507130756517878,0.7237127370849243
2016-07-08,2016-07-13,train,4.056465148925781,1.658626042841771,2.751040349992952
2016-07-11,2016-07-13,train,4.131857395172119,1.8415096959536914,3.3911579602914568
2016-07-12,2016-07-13,train,4.152654647827148,0.502076555271147,0.25208086735294116
2016-07-13,2016-07-13,train,4.0815958976745605,-1.7259740586372807,2.978986451088847
2016-07-14,2016-07-20,train,4.118858337402344,0.9087959062045181,0.8259099991340912
2016-07-15,2016-07-20,train,4.089395523071289,-0.7178857127156935,0.5153598965213192
2016-07-18,2016-07-20,train,4.110193729400635,0.5072998242462434,0.2573531116802695
2016-07-19,2016-07-20,train,4.137923240661621,0.6723865782541028,0.45210371061626065
2016-07-20,2016-07-20,train,4.188185214996338,1.207348790963314,1.4576911030405761
2016-07-21,2016-07-27,train,4.202049732208252,0.33049205221911127,0.10922499657999976
2016-07-22,2016-07-27,train,4.189918041229248,-0.2891264541923455,0.08359410651383846
2016-07-25,2016-07-27,train,4.185585021972656,-0.10346888086518735,0.010705809307494334
2016-07-26,2016-07-27,train,4.228048801422119,1.0094126009746907,1.01891379900649
2016-07-27,2016-07-27,train,4.216782569885254,-0.26681973210489485,0.07119276944052785
2016-07-28,2016-08-03,train,4.12492561340332,-2.202442654727088,4.850753647361303
2016-07-29,2016-08-03,train,4.1093268394470215,-0.37887574385737643,0.1435468292834803
2016-08-01,2016-08-03,train,4.143989086151123,0.8399642231797566,0.705539896221972
2016-08-02,2016-08-03,train,4.072929859161377,-1.7296263712654136,2.9916073841767625
2016-08-03,2016-08-03,train,4.111926078796387,0.9528943454603755,0.9080076336103575
2016-08-04,2016-08-10,train,4.187317848205566,1.816884622422199,3.3010697311942567
2016-08-05,2016-08-10,train,4.21245002746582,0.5984035422894829,0.3580867994246009
2016-08-08,2016-08-10,train,4.227180480957031,0.34907851557643976,0.1218558100370507
2016-08-09,2016-08-10,train,4.237581253051758,0.24574294364581029,0.06038959435170789
2016-08-10,2016-08-10,train,4.137923240661621,-2.3798617997188742,5.663742185761159
2016-08-11,2016-08-17,train,4.149188995361328,0.2718863053560172,0.07392216304014543
2016-08-12,2016-08-17,train,4.15525484085083,0.1460867624109463,0.021341342151712277
2016-08-15,2016-08-17,train,4.176052570343018,0.49926792200807313,0.2492684579462594
2016-08-16,2016-08-17,train,4.146588325500488,-0.708053328450764,0.5013395159302054
2016-08-17,2016-08-17,train,4.103260517120361,-1.0504000154076154,1.1033401923683186
2016-08-18,2016-08-24,train,4.198584079742432,2.29654388332563,5.274113808040366
2016-08-19,2016-08-24,train,4.171719074249268,-0.6419145698198125,0.412054314946955
2016-08-22,2016-08-24,train,4.15092134475708,-0.4997878494549912,0.24978789446284497
2016-08-23,2016-08-24,train,4.187317848205566,0.8730076882396576,0.7621424237255512
2016-08-24,2016-08-24,train,4.202049732208252,0.351204044975284,0.12334428120700132
2016-08-25,2016-08-31,train,4.169120788574219,-0.7867266206983858,0.6189387757155018
2016-08-26,2016-08-31,train,4.223714351654053,1.3009747523517357,1.69253530625666
2016-08-29,2016-08-31,train,4.189050674438477,-0.8240780118472069,0.6791045696100452
2016-08-30,2016-08-31,train,4.201184272766113,0.2892316332644862,0.08365493768084224
2016-08-31,2016-08-31,train,4.1630539894104,-0.9117518249707857,0.8312913903375582
2016-09-01,2016-09-07,train,4.148322582244873,-0.35448815163130476,0.1256618496469789
2016-09-02,2016-09-07,train,4.215915203094482,1.6162642435249897,2.612310104897407
2016-09-05,2016-09-07,train,4.259244441986084,1.0225085596037298,1.0455237544628941
2016-09-06,2016-09-07,train,4.285242557525635,0.6085373123199567,0.3703176604855965
2016-09-07,2016-09-07,train,4.306906700134277,0.504278682046766,0.25429698916682325
2016-09-08,2016-09-14,train,4.306906700134277,0.0,0.0
2016-09-09,2016-09-14,train,4.25491189956665,-1.2145886802228167,1.4752256621254038
2016-09-12,2016-09-14,train,4.172586917877197,-1.9537849192421408,3.8172755106580185
2016-09-13,2016-09-14,train,4.103260517120361,-1.6754301717647913,2.807066260459798
2016-09-14,2016-09-14,train,4.052999019622803,-1.2324799989314128,1.5190069477659753
2016-09-15,2016-09-21,train,4.084194183349609,0.7667340758399588,0.5878811430541556
2016-09-16,2016-09-21,train,4.089395523071289,0.12727187467445056,0.016198130083149048
2016-09-19,2016-09-21,train,4.145723342895508,1.3680117845783046,1.8714562427451178
2016-09-20,2016-09-21,train,4.149188995361328,0.08356092327805875,0.006982427899081621
2016-09-21,2016-09-21,train,4.1682538986206055,0.4584326430936647,0.21016048825384337
2016-09-22,2016-09-28,train,4.227180480957031,1.403799907623382,1.970654180643416
2016-09-23,2016-09-28,train,4.214182376861572,-0.3079624602642994,0.09484087693204019
2016-09-26,2016-09-28,train,4.131857395172119,-1.9728554884318017,3.892158778235483
2016-09-27,2016-09-28,train,4.167386531829834,0.8562069995903254,0.7330904261474676
2016-09-28,2016-09-28,train,4.1682538986206055,0.020811041482393655,0.0004330994475819095
2016-09-29,2016-10-05,train,4.211583137512207,1.0341400401055134,1.0694456225494329
2016-09-30,2016-10-05,train,4.105859756469727,-2.542345691421377,6.46352161468884
2016-10-04,2016-10-05,train,4.119724750518799,0.3371190744806185,0.11364927037866882
2016-10-05,2016-10-05,train,4.124058246612549,0.10513368666817957,0.011053092072442958
2016-10-06,2016-10-12,train,4.136190414428711,0.29374845813625594,0.08628815665742771
2016-10-07,2016-10-12,train,4.098060607910156,-0.9261335112303648,0.8577232806238843
2016-10-10,2016-10-12,train,4.136190414428711,0.9261335112303648,0.8577232806238843
2016-10-11,2016-10-12,train,4.087661743164063,-1.1802068817676536,1.3928882837717285
2016-10-12,2016-10-12,train,4.097194194793701,0.23292910741083972,0.05425596907921051
2016-10-13,2016-10-19,train,4.088528633117676,-0.21172387815455718,0.04482700058080577
2016-10-14,2016-10-19,train,4.154387950897217,1.59799552944484,2.5535897121256945
2016-10-17,2016-10-19,train,4.130123138427734,-0.5857891092145628,0.343148880474391
2016-10-18,2016-10-19,train,4.177785396575928,1.1474074578059046,1.3165438742286086
2016-10-19,2016-10-19,train,4.224581241607666,1.1138844778132428,1.2407386299132808
2016-10-20,2016-10-26,train,4.189918041229248,-0.823896830766846,0.6788059877476528
2016-10-21,2016-10-26,train,4.220249176025391,0.7212999579337742,0.5202736293152644
2016-10-24,2016-10-26,train,4.195984840393066,-0.5766095099789315,0.33247852699814345
2016-10-25,2016-10-26,train,4.15525484085083,-0.975431769177959,0.9514671363216431
2016-10-26,2016-10-26,train,4.157855033874512,0.06255644753070388,0.003913309127661708
2016-10-27,2016-11-02,train,4.126657962799072,-0.753145503019903,0.5672281487191028
2016-10-28,2016-11-02,train,4.090260982513428,-0.8859091485372339,0.7848350194619668
2016-10-31,2016-11-02,train,4.078995704650879,-0.27579706293068273,0.07606401992119097
2016-11-01,2016-11-02,train,3.975006341934204,-2.5824463734953618,6.669029271979346
2016-11-02,2016-11-02,train,3.890947341918945,-2.1373682952091633,4.5683432293653246
2016-11-03,2016-11-09,train,3.815556287765503,-1.9566190573717224,3.828358135670207
2016-11-04,2016-11-09,train,3.828554153442383,0.34007562563869165,0.11565143115354755
2016-11-07,2016-11-09,train,3.9325432777404794,2.6799134745968622,7.181936231325827
2016-11-08,2016-11-09,train,3.937742948532105,0.13213424260978268,0.01745945807006091
2016-11-09,2016-11-09,train,3.819021701812744,-3.0613412645177585,9.371810337839188
2016-11-10,2016-11-16,train,3.700174331665039,-3.1614355611184752,9.994674807104488
2016-11-11,2016-11-16,train,3.642112493515015,-1.5816066537577056,2.501479607210647
2016-11-14,2016-11-16,train,3.675541877746582,0.9136702853245415,0.8347933902850291
2016-11-15,2016-11-16,train,3.734485149383545,1.5909392683953527,2.53108775572234
2016-11-16,2016-11-16,train,3.7459211349487305,0.30575864571862343,0.09348834943168668
2016-11-17,2016-11-23,train,3.772313117980957,0.7020821792347531,0.49291938639902
2016-11-18,2016-11-23,train,3.756478786468506,-0.4206346797805516,0.17693353383408716
2016-11-21,2016-11-23,train,3.750320434570313,-0.16407401073073036,0.02692028099726782
2016-11-22,2016-11-23,train,3.776712894439697,0.7012741109955645,0.4917853787526193
2016-11-23,2016-11-23,train,3.806623697280884,0.7888600905881393,0.6223002425227274
2016-11-24,2016-11-30,train,3.851490020751953,1.171746423819875,1.3729896817346658
2016-11-25,2016-11-30,train,3.8426923751831055,-0.22868315176693965,0.05229598390206115
2016-11-28,2016-11-30,train,3.862046718597412,0.5024020642000027,0.2524078341124236
2016-11-29,2016-11-30,train,3.83829402923584,-0.6169276263199519,0.3805996961167702
2016-11-30,2016-11-30,train,3.848850965499878,0.2746648569301069,0.07544078363243609
2016-12-01,2016-12-07,train,3.7943077087402335,-1.4272680967605922,2.0370942200306033
2016-12-02,2016-12-07,train,3.7538399696350098,-1.0722664304444018,1.1497552978579793
2016-12-05,2016-12-07,train,3.754719018936157,0.02341459410524216,0.0005482432171132408
2016-12-06,2016-12-07,train,3.737123727798462,-0.4697195091742046,0.22063641729885566
2016-12-07,2016-12-07,train,3.8031046390533447,1.7501484626093022,3.063019641173704
2016-12-08,2016-12-14,train,3.8646862506866455,1.606275825212733,2.580122026662846
2016-12-09,2016-12-14,train,3.873483419418335,0.22737088734581246,0.05169752041242214
2016-12-12,2016-12-14,train,3.8400533199310303,-0.8667958661960018,0.751335073654477
2016-12-13,2016-12-14,train,3.853249311447144,0.3430517448684167,0.11768449965726528
2016-12-14,2016-12-14,train,3.818059921264648,-0.9174349758320544,0.8416869348799622
2016-12-15,2016-12-21,train,3.831256151199341,0.345030664206214,0.11904615924258119
2016-12-16,2016-12-21,train,3.8294966220855713,-0.04593619443891139,0.002110133959529474
2016-12-19,2016-12-21,train,3.851490020751953,0.5726727514552277,0.32795408025930095
2016-12-20,2016-12-21,train,3.866445302963257,0.38754667672400434,0.15019242663981994
2016-12-21,2016-12-21,train,3.833895206451416,-0.8454247015805771,0.7147429260426079
2016-12-22,2016-12-28,train,3.813661575317383,-0.5291540533501893,0.28000401217693494
2016-12-23,2016-12-28,train,3.815421104431152,0.046126886254294064,0.002127689635516583
2016-12-27,2016-12-28,train,3.848850965499878,0.872361334995686,0.7610142987954556
2016-12-28,2016-12-28,train,3.884920120239258,0.9327769302291955,0.8700728015678014
2016-12-29,2017-01-04,train,3.869964838027954,-0.38570013177290363,0.14876459164963524
2016-12-30,2017-01-04,train,3.8638062477111816,-0.1592649058340001,0.02536531023031292
2017-01-02,2017-01-04,train,3.913949966430664,1.2894313499176357,1.6626332061504163
2017-01-03,2017-01-04,train,3.93066668510437,0.42619658092426516,0.1816435255915337
2017-01-04,2017-01-04,train,3.9676148891448975,0.9356079096013659,0.8753621605086376
2017-01-05,2017-01-11,train,3.9438626766204834,-0.600451273249325,0.3605417315467356
2017-01-06,2017-01-11,train,3.959697723388672,0.40070720421858663,0.16056626351267608
2017-01-09,2017-01-11,train,3.9702537059783936,0.26623085699104543,0.07087886921418649
2017-01-10,2017-01-11,train,3.9764130115509033,0.15501610989481218,0.024029994326920486
2017-01-11,2017-01-11,train,4.007203102111816,0.7713357651314423,0.5949588625709076
2017-01-12,2017-01-18,train,3.965855360031128,-1.0371957750032523,1.0757750756845972
2017-01-13,2017-01-18,train,4.005444049835205,0.9932888795288086,0.9866227981955961
2017-01-16,2017-01-18,train,4.004564762115479,-0.02195472549157973,0.0004820099714106208
2017-01-17,2017-01-18,train,4.008963584899902,0.1097849295779163,0.012052730762428042
2017-01-18,2017-01-18,train,4.02655839920044,0.4379265579695035,0.19177967017501693
2017-01-19,2017-01-25,train,3.998406410217285,-0.701613156843095,0.49226102185533344
2017-01-20,2017-01-25,train,3.9878487586975098,-0.2643957010326492,0.06990508672454601
2017-01-23,2017-01-25,train,3.965855360031128,-0.5530367837089045,0.3058496841350896
2017-01-24,2017-01-25,train,3.964976310729981,-0.022167897169933504,0.0004914156649367459
2017-01-25,2017-01-25,train,4.000165939331055,0.8835964618431946,0.7807427073818121
2017-01-26,2017-02-01,train,4.01863956451416,0.46075834753416256,0.21229825482241213
2017-01-27,2017-02-01,train,3.9878487586975098,-0.7691501284985192,0.5915919201692885
2017-01-30,2017-02-01,train,3.93066668510437,-1.4442875812935796,2.0859666174788583
2017-01-31,2017-02-01,train,3.906034469604492,-0.6286394270517803,0.39518752924399064
2017-02-01,2017-02-01,train,3.974653005599976,1.7414792908165388,3.0327501203428753
2017-02-02,2017-02-08,train,3.969374895095825,-0.1328824960534769,0.017657757757402307
2017-02-03,2017-02-08,train,4.003684520721436,0.8606442173469953,0.740708468852822
2017-02-06,2017-02-08,train,3.9896082878112793,-0.3522014718627675,0.12404587678229982
2017-02-07,2017-02-08,train,3.9834506511688232,-0.15446111495813764,0.02385823603411101
2017-02-08,2017-02-08,train,4.001045227050781,0.44071922959434406,0.19423343933423215
2017-02-09,2017-02-15,train,4.040633201599121,0.9845779012883638,0.9693936437053989
2017-02-10,2017-02-15,train,4.080221176147461,0.9749784026030328,0.9505828855423616
2017-02-13,2017-02-15,train,4.141802787780762,1.4979952252637485,2.2439896949129885
2017-02-14,2017-02-15,train,4.168196201324463,0.6352227558112933,0.40350794950049396
2017-02-15,2017-02-15,train,4.206023216247559,0.903422046026181,0.8161713932461312
2017-02-16,2017-02-22,train,4.185789585113525,-0.48222406343834123,0.23254004735898534
2017-02-17,2017-02-22,train,4.196347236633301,0.25190848890550566,0.06345788678265527
2017-02-20,2017-02-22,train,4.218339920043945,0.5227225463825036,0.2732388604966086
2017-02-21,2017-02-22,train,4.29047966003418,1.695686877921343,2.8753539879546315
2017-02-22,2017-02-22,train,4.284320831298828,-0.14364951815841742,0.020635184067145495
2017-02-23,2017-03-01,train,4.251770496368408,-0.7626556805276463,0.5816436870410874
2017-02-24,2017-03-01,train,4.2077836990356445,-1.0399411774858258,1.0814776526306058
2017-02-27,2017-03-01,train,4.185789585113525,-0.5240715370374627,0.2746509759328086
2017-02-28,2017-03-01,train,4.185789585113525,0.0,0.0
2017-03-01,2017-03-01,train,4.231535911560059,1.086967038958342,1.1814973437818657
2017-03-02,2017-03-08,train,4.218339920043945,-0.31233600367033265,0.09755377918875405
2017-03-03,2017-03-08,train,4.191948413848877,-0.6276025689980758,0.39388498461298443
2017-03-06,2017-03-08,train,4.176992893218994,-0.35740569807209965,0.12773883301440486
2017-03-07,2017-03-08,train,4.190187454223633,0.315388730586319,0.0994700513808497
2017-03-08,2017-03-08,train,4.187550067901611,-0.06296178179805434,0.0039641859671858065
2017-03-09,2017-03-15,train,4.1462016105651855,-0.9923213033044442,0.9847015689918308
2017-03-10,2017-03-15,train,4.099575519561768,-1.1309204024208652,1.2789809566117718
2017-03-13,2017-03-15,train,4.1462016105651855,1.1309204024208652,1.2789809566117718
2017-03-14,2017-03-15,train,4.1462016105651855,0.0,0.0
2017-03-15,2017-03-15,train,4.141802787780762,-0.10614915210078735,0.011267642491716088
2017-03-16,2017-03-22,train,4.18139123916626,0.9512874457224152,0.9049478043890771
2017-03-17,2017-03-22,train,4.165555953979492,-0.37942744378482995,0.1439651850970903
2017-03-20,2017-03-22,train,4.149720668792725,-0.3808725806218938,0.14506392266958099
2017-03-21,2017-03-22,train,4.045031547546387,-2.5551673626384774,6.528880251092873
2017-03-22,2017-03-22,train,4.0256781578063965,-0.47959665364312176,0.2300129501856805
2017-03-23,2017-03-29,train,4.037993907928467,0.3054628114322888,0.09330752916811803
2017-03-24,2017-03-29,train,4.036235332489014,-0.043560206550918856,0.0018974915947587141
2017-03-27,2017-03-29,train,3.9878487586975098,-1.2060481856087435,1.4545522260101422
2017-03-28,2017-03-29,train,4.040633201599121,1.3149485478265,1.729089683431021
2017-03-29,2017-03-29,train,4.089019775390625,1.1903864851294577,1.4170199839788644
2017-03-30,2017-04-05,train,4.080221176147461,-0.21540808252642485,0.04640064201771106
2017-03-31,2017-04-05,train,4.097815990447998,0.4302949739646955,0.185153764619278
2017-04-03,2017-04-05,train,4.112772464752197,0.36432201976697165,0.13273053408708568
2017-04-04,2017-04-05,train,4.119811058044434,0.17099358877430415,0.029238807401915836
2017-04-05,2017-04-05,train,4.108372688293457,-0.27802920964923317,0.07730024141817725
2017-04-06,2017-04-12,train,4.097815990447998,-0.25728639889204263,0.06619629105483528
2017-04-07,2017-04-12,train,4.125088214874268,0.6633258455563285,0.4400011773830181
2017-04-10,2017-04-12,train,4.126846790313721,0.0426221356559342,0.0018166464478728576
2017-04-11,2017-04-12,train,4.124208450317383,-0.0639515797510315,0.004089804552652542
2017-04-12,2017-04-12,train,4.103974342346191,-0.491825455713113,0.24189227888741124
2017-04-13,2017-04-19,train,4.124208450317383,0.491825455713113,0.24189227888741124
2017-04-18,2017-04-19,train,4.075822353363037,-1.1801579701790743,1.3927728345771928
2017-04-19,2017-04-19,train,4.075822353363037,0.0,0.0
2017-04-20,2017-04-26,train,4.040633201599121,-0.8671118078498852,0.7518828873126961
2017-04-21,2017-04-26,train,4.051190376281738,0.26093452411672935,0.068086825876024
2017-04-24,2017-04-26,train,4.01863956451416,-0.8067329434447101,0.6508180420389659
2017-04-25,2017-04-26,train,4.014242172241211,-0.10948481146160205,0.011986923940782547
2017-04-26,2017-04-26,train,4.03183650970459,0.4373401305713731,0.19126638980818567
2017-04-27,2017-05-03,train,3.9808108806610103,-1.2736444354667809,1.6221701479954949
2017-04-28,2017-05-03,train,3.992248058319092,0.286895797221276,0.08230919846323152
2017-05-02,2017-05-03,train,4.03183650970459,0.9867486382455048,0.9736728750793582
2017-05-03,2017-05-03,train,4.069664478302002,0.9338576534066778,0.8720901168262268
2017-05-04,2017-05-10,train,4.023037910461426,-1.152324193880716,1.327851047802842
2017-05-05,2017-05-10,train,4.042392730712891,0.4799460379844689,0.23034819937698925
2017-05-08,2017-05-10,train,4.040633201599121,-0.04353639729222092,0.001895417889186101
2017-05-09,2017-05-10,train,4.084620952606201,1.0827521186216993,1.1723521503797785
2017-05-10,2017-05-10,train,4.103974342346191,0.4726922036941472,0.22343791943322916
2017-05-11,2017-05-17,train,4.062650203704834,-1.0120335791947488,1.024211965417734
2017-05-12,2017-05-17,train,4.067107677459717,0.10965822763020494,0.012024926886997842
2017-05-15,2017-05-17,train,4.084933280944824,0.43732930162241335,0.1912569180575478
2017-05-16,2017-05-17,train,4.04660701751709,-0.9426638946966825,0.8886152183647182
2017-05-17,2017-05-17,train,3.976191282272339,-1.7554359677032894,3.0815554367063838
2017-05-18,2017-05-24,train,3.9004290103912354,-1.9237847110370465,3.7009476144198925
2017-05-19,2017-05-24,train,3.926277875900269,0.6605321974432421,0.4363027838591982
2017-05-22,2017-05-24,train,3.9137988090515137,-0.3183406971352998,0.10134079945258866
2017-05-23,2017-05-24,train,3.946779489517212,0.8391462496818214,0.7041664283550657
2017-05-24,2017-05-24,train,3.982431650161743,0.8992672859018391,0.8086816514932601
2017-05-25,2017-05-31,train,4.000256538391113,0.446589355204674,0.19944205218212652
2017-05-26,2017-05-31,train,3.9913442134857178,-0.2230423885489552,0.0497479070896231
2017-05-29,2017-05-31,train,3.97797441482544,-0.3355321032359804,0.1125817923019606
2017-05-30,2017-05-31,train,3.995800018310547,0.4471065322875667,0.19990425121421293
2017-05-31,2017-05-31,train,3.9512343406677246,-1.1215792660084212,1.2579400499399889
2017-06-01,2017-06-07,train,3.973517179489136,0.5623620498249826,0.3162510750833562
2017-06-02,2017-06-07,train,3.946779489517212,-0.6751714654257057,0.45585650772509495
2017-06-05,2017-06-07,train,3.946779489517212,0.0,0.0
2017-06-06,2017-06-07,train,3.946779489517212,0.0,0.0
2017-06-07,2017-06-07,train,3.937865018844605,-0.22612241963630986,0.05113134866217941
2017-06-08,2017-06-14,train,3.9200379848480233,-0.4537359286031162,0.20587629290533213
2017-06-09,2017-06-14,train,3.946779489517212,0.679858348239426,0.4622073736708407
2017-06-12,2017-06-14,train,3.9129080772399902,-0.8619075930746289,0.7428846989997001
2017-06-13,2017-06-14,train,3.9066689014434814,-0.15957837968820776,0.025465259263913798
2017-06-14,2017-06-14,train,3.89953875541687,-0.1826789222860059,0.03337158864757658
2017-06-15,2017-06-21,train,3.897756338119507,-0.04571886293973648,0.00209021442850241
2017-06-16,2017-06-21,train,3.881711959838867,-0.412480658431047,0.17014029357971006
2017-06-19,2017-06-21,train,3.9289517402648926,1.2096374458764103,1.4632227504664055
2017-06-20,2017-06-21,train,3.902212142944336,-0.6829049075731675,0.4663591127875164
2017-06-21,2017-06-21,train,3.904885053634644,0.06847387005548544,0.004688670880375506
2017-06-22,2017-06-28,train,3.964603900909424,1.5177604039212422,2.3035966437111726
2017-06-23,2017-06-28,train,3.9601480960845943,-0.11245286404102384,0.012645646631028991
2017-06-26,2017-06-28,train,3.971735000610352,0.292160452352519,0.0853577299188285
2017-06-27,2017-06-28,train,3.937865018844605,-0.8564324038081494,0.7334764622926051
2017-06-28,2017-06-28,train,3.944104194641113,0.15831518572726466,0.025063698031858303
2017-06-29,2017-07-05,train,3.8710145950317374,-1.8705212970795415,3.4988499228281302
2017-06-30,2017-07-05,train,3.9066689014434814,0.91684255822575,0.8406002765739378
2017-07-03,2017-07-05,train,3.966386556625366,1.517042545670999,2.3014180853759454
2017-07-04,2017-07-05,train,3.930734872817993,-0.9029094039602281,0.8152453917598144
2017-07-05,2017-07-05,train,3.919147253036499,-0.2952306292577589,0.08716112445193228
2017-07-06,2017-07-12,train,3.881711959838867,-0.9597809561098014,0.9211794837110445
2017-07-07,2017-07-12,train,3.897756338119507,0.412480658431047,0.17014029357971006
2017-07-10,2017-07-12,train,3.9111251831054688,0.34240135442795694,0.11723868751409938
2017-07-11,2017-07-12,train,3.8861687183380127,-0.6401336233609278,0.4097710557571902
2017-07-12,2017-07-12,train,3.949452161788941,1.6153109095394136,2.6092293344770474
2017-07-13,2017-07-19,train,3.966386556625366,0.42786169029029875,0.18306562601807153
2017-07-14,2017-07-19,train,3.993125915527344,0.6718868671198308,0.45143196220810117
2017-07-17,2017-07-19,train,3.995800018310547,0.06694524158115112,0.004481665370358684
2017-07-18,2017-07-19,train,3.9842138290405273,-0.29038038361719476,0.08432076718966919
2017-07-19,2017-07-19,train,4.062650203704834,1.949550996202687,3.8007490867948888
2017-07-20,2017-07-26,train,4.026997089385986,-0.8814561097732598,0.7769648734566091
2017-07-21,2017-07-26,train,4.019866943359375,-0.1772155677947529,0.03140535746881666
2017-07-24,2017-07-26,train,4.013628005981445,-0.15532314818329507,0.02412528036156984
2017-07-25,2017-07-26,train,4.0314531326293945,0.4431317847398475,0.19636577864672253
2017-07-26,2017-07-26,train,4.0314531326293945,0.0,0.0
2017-07-27,2017-08-02,train,4.0047149658203125,-0.665448137719582,0.4428212239944598
2017-07-28,2017-08-02,train,3.986887454986572,-0.44615683982422993,0.19905592572194356
2017-07-31,2017-08-02,train,3.969060897827149,-0.44813229553535283,0.2008225543017848
2017-08-01,2017-08-02,train,3.9842138290405273,0.38104931788793817,0.14519858266286295
2017-08-02,2017-08-02,train,3.946779489517212,-0.9440082979919495,0.8911516666776573
2017-08-03,2017-08-09,train,3.97797441482544,0.7872821493215776,0.6198131826404027
2017-08-04,2017-08-09,train,4.028780460357666,1.269096612219478,1.6106062111469561
2017-08-07,2017-08-09,train,4.04482364654541,0.39742368071464806,0.15794558199277853
2017-08-08,2017-08-09,train,4.076019763946533,0.7683012534422495,0.5902868160409317
2017-08-09,2017-08-09,train,4.033236503601074,-1.0551807932278168,1.1134065063968845
2017-08-10,2017-08-16,train,3.969060897827149,-1.603963922366125,2.572700264252125
2017-08-11,2017-08-16,train,3.946779489517212,-0.5629589801040114,0.31692281327974864
2017-08-14,2017-08-16,train,3.946779489517212,0.0,0.0
2017-08-15,2017-08-16,train,4.022540092468262,1.901363963705771,3.615184922478921
2017-08-16,2017-08-16,train,4.054627895355225,0.7945352068955414,0.6312861949965407
2017-08-17,2017-08-23,train,4.000256538391113,-1.3500425294947993,1.8226148314447161
2017-08-18,2017-08-23,train,3.9913442134857178,-0.2230423885489552,0.0497479070896231
2017-08-21,2017-08-23,train,3.9592580795288086,-0.8071415716484287,0.6514775166830956
2017-08-22,2017-08-23,train,3.982431650161743,0.5835946049927099,0.34058266297659706
2017-08-23,2017-08-23,train,3.9815402030944815,-0.022386997026369038,0.0005011776358586561
2017-08-24,2017-08-30,train,3.9628219604492183,-0.47123423877935,0.22206170779795345
2017-08-25,2017-08-30,train,3.967277765274048,0.11237703050057668,0.012628596984127542
2017-08-28,2017-08-30,train,3.9369730949401855,-0.7667980016646814,0.5879791753569487
2017-08-29,2017-08-30,train,3.9146907329559326,-0.5675847130478973,0.3221524064856639
2017-08-30,2017-08-30,train,3.964603900909424,1.2669620299762263,1.6051927854014802
2017-08-31,2017-09-06,train,3.983322143554688,0.47102293473417767,0.2218626050455974
2017-09-01,2017-09-06,train,3.994909048080444,0.290463196512869,0.08436886852847356
2017-09-04,2017-09-06,train,3.967277765274048,-0.6940654465106944,0.48172684404008953
2017-09-05,2017-09-06,train,3.964603900909424,-0.06742068473635232,0.004545548730318611
2017-09-06,2017-09-06,train,3.9726269245147705,0.20216185000230258,0.04086941359635349
2017-09-07,2017-09-13,train,3.9512343406677246,-0.5399548302619239,0.29155121872318307
2017-09-08,2017-09-13,train,3.937865018844605,-0.33893183523703296,0.11487478893714326
2017-09-11,2017-09-13,train,3.977083206176758,0.9909984797786597,0.9820779869236147
2017-09-12,2017-09-13,train,3.995800018310547,0.4695126214667944,0.22044210171662137
2017-09-13,2017-09-13,train,3.986887454986572,-0.2232974059697801,0.04986173151283278
2017-09-14,2017-09-20,train,4.024322032928467,0.934561765263564,0.873405693092549
2017-09-15,2017-09-20,train,4.019866943359375,-0.11076542427630454,0.012268979215109754
2017-09-18,2017-09-20,train,4.01540994644165,-0.11093575083827023,0.012306740814050775
2017-09-19,2017-09-20,train,3.986887454986572,-0.7128605901489893,0.5081702209875653
2017-09-20,2017-09-20,train,3.97797441482544,-0.2238091263177866,0.05009052502313096
2017-09-21,2017-09-27,train,3.988670110702514,0.26851210114924307,0.07209874846358134
2017-09-22,2017-09-27,train,3.97797441482544,-0.26851210114924307,0.07209874846358134
2017-09-25,2017-09-27,train,3.953908681869507,-0.6068119388134452,0.36822072908653236
2017-09-26,2017-09-27,train,3.949452161788941,-0.11277532789026878,0.012718274580757636
2017-09-27,2017-09-27,train,3.969060897827149,0.49526409748614775,0.24528652625876846
2017-09-28,2017-10-04,train,3.956584215164185,-0.31484359421860564,0.09912648882049001
2017-09-29,2017-10-04,train,3.969060897827149,0.31484359421860564,0.09912648882049001
2017-10-02,2017-10-04,train,3.982431650161743,0.3363083057978278,0.11310327654860525
2017-10-03,2017-10-04,train,3.982431650161743,0.0,0.0
2017-10-04,2017-10-04,train,4.035909652709961,1.3339116777399074,1.7793203640108946
2017-10-05,2017-10-11,train,4.070672035217285,0.8576388155346226,0.7355443379116304
2017-10-06,2017-10-11,train,4.04482364654541,-0.6370153369206655,0.40578853947214893
2017-10-09,2017-10-11,train,4.030563831329346,-0.3531676981869625,0.12472742304267742
2017-10-10,2017-10-11,train,4.028780460357666,-0.04425598252768559,0.001958591989490812
2017-10-11,2017-10-11,train,4.0314531326293945,0.06631749164212053,0.004398009697702726
2017-10-12,2017-10-18,train,4.055519104003906,0.5951805376102071,0.3542398723499751
2017-10-13,2017-10-18,train,4.073346138000488,0.4386113447704565,0.19237991176134825
2017-10-16,2017-10-18,train,4.053736686706543,-0.4825714163742889,0.23287517190148732
2017-10-17,2017-10-18,train,4.073346138000488,0.4825714163742889,0.23287517190148732
2017-10-18,2017-10-18,train,4.071563720703125,-0.043767637868019627,0.0019156061245461057
2017-10-19,2017-10-25,train,4.006496906280518,-1.6109862166422628,2.595276590211352
2017-10-20,2017-10-25,train,4.039475917816162,0.8197690184826856,0.6720212436640657
2017-10-23,2017-10-25,train,4.07512903213501,0.8787450273700648,0.7721928231276158
2017-10-24,2017-10-25,train,4.0403666496276855,-0.8566967805707648,0.7339293738403132
2017-10-25,2017-10-25,train,4.001148700714111,-0.9753947641904182,0.9513949460100815
2017-10-26,2017-11-01,train,4.084933280944824,2.07239004130213,4.2948004832882445
2017-10-27,2017-11-01,train,4.17406702041626,2.1585469681777214,4.659325013829233
2017-10-30,2017-11-01,train,4.1642608642578125,-0.23520688595839445,0.055322279202245174
2017-10-31,2017-11-01,train,4.1642608642578125,0.0,0.0
2017-11-01,2017-11-01,train,4.177631378173828,0.32056336805017516,0.10276087293567206
2017-11-02,2017-11-08,train,4.1696085929870605,-0.19222611749256657,0.036950880246266006
2017-11-03,2017-11-08,train,4.1384124755859375,-0.7509914518071259,0.5639881606873747
2017-11-06,2017-11-08,train,4.187435150146484,1.177615620484529,1.386778549609162
2017-11-07,2017-11-08,train,4.142868518829346,-1.0699983647368905,1.1448965005396197
2017-11-08,2017-11-08,train,4.154455661773682,0.2792984876691662,0.07800764521428338
2017-11-09,2017-11-15,train,4.07512903213501,-1.9279001209275615,3.716798876272506
2017-11-10,2017-11-15,train,4.0403666496276855,-0.8566967805707648,0.7339293738403132
2017-11-13,2017-11-15,train,4.038584232330322,-0.04412496999490756,0.0019470129770514924
2017-11-14,2017-11-15,train,3.986887454986572,-1.288335300701271,1.6598078470330344
2017-11-15,2017-11-15,train,3.9628219604492183,-0.6054452255432441,0.3665639211331097
2017-11-16,2017-11-22,train,4.018338203430176,1.3912047182611742,1.935450568112153
2017-11-17,2017-11-22,train,3.9522414207458496,-1.6585568668423534,2.750810880549924
2017-11-20,2017-11-22,train,3.9631073474884033,0.27455350070584306,0.07537962474983337
2017-11-21,2017-11-22,train,3.970349550247192,0.18257374720391795,0.033333173168080134
2017-11-22,2017-11-22,train,3.959484815597534,-0.2740219012614009,0.07508800237091295
2017-11-23,2017-11-29,train,3.939564228057861,-0.5043804554484277,0.25439964383836333
2017-11-24,2017-11-29,train,3.934131860733032,-0.13798775379523232,0.019040620197453652
2017-11-27,2017-11-29,train,3.877995491027832,-1.4371843525042394,2.0654988630830298
2017-11-28,2017-11-29,train,3.956768035888672,2.010914536498043,4.043777273099139
2017-11-29,2017-11-29,train,3.9277944564819336,-0.7349478135677767,0.5401482886680555
2017-11-30,2017-12-06,train,3.888860464096069,-0.9961886449482815,0.9923918163238933
2017-12-01,2017-12-06,train,3.841777086257935,-1.2181132465706623,1.4837998814709192
2017-12-04,2017-12-06,train,3.824121475219727,-0.4606281211370966,0.21217826598229175
2017-12-05,2017-12-06,train,3.825479030609131,0.03549349806231117,0.0012597884046992866
2017-12-06,2017-12-06,train,3.839966535568237,0.37799556683029145,0.14288064854335333
2017-12-07,2017-12-13,train,3.871203899383545,0.810189191088595,0.6564065253567919
2017-12-08,2017-12-13,train,3.9305107593536377,1.5203837871898163,2.3115668603496484
2017-12-11,2017-12-13,train,3.946808099746704,0.41377945814469186,0.17121343998251481
2017-12-12,2017-12-13,train,3.953146934509277,0.16047777729011337,0.025753117003975225
2017-12-13,2017-12-13,train,3.97261381149292,0.4912314856198474,0.24130837246428236
2017-12-14,2017-12-20,train,3.980309009552002,0.19351880142055577,0.0374495265032485
2017-12-15,2017-12-20,train,3.995248794555664,0.3746396890232928,0.14035489659146955
2017-12-18,2017-12-20,train,4.037352085113525,1.0483198848027397,1.0989745808728295
2017-12-19,2017-12-20,train,4.01652717590332,-0.517140993703813,0.2674348073689671
2017-12-20,2017-12-20,train,4.002039432525635,-0.36135533568435463,0.13057767862755262
2017-12-21,2017-12-27,train,4.059082508087158,1.4152875528014253,2.003038857114647
2017-12-22,2017-12-27,train,4.06632661819458,0.17830762523189936,0.03179360921583947
2017-12-27,2017-12-27,train,4.086246013641357,0.48866624033969686,0.23879469444773438
2017-12-28,2018-01-03,train,4.07900333404541,-0.1774025798120249,0.03147167532396186
2017-12-29,2018-01-03,train,4.081718444824219,0.06654094950324652,0.004427697960793603
2018-01-02,2018-01-03,train,4.101637363433838,0.48681637251399845,0.2369901805476881
2018-01-03,2018-01-03,train,4.12382173538208,0.5394088152833376,0.2909618700053738
2018-01-04,2018-01-10,train,4.064063549041748,-1.4596991855138963,2.1307217121899322
2018-01-05,2018-01-10,train,4.107976913452148,1.0747324929565982,1.1550499314167044
2018-01-08,2018-01-10,train,4.175431728363037,1.6287088796879345,2.652692614774327
2018-01-09,2018-01-10,train,4.18629789352417,0.259902478773566,0.06754929847264392
2018-01-10,2018-01-10,train,4.164566993713379,-0.5204478615220998,0.2708659765629267
2018-01-11,2018-01-17,train,4.213912487030029,1.1779240848683648,1.3875051497129747
2018-01-12,2018-01-17,train,4.19489860534668,-0.45223787002244276,0.20451909108243582
2018-01-15,2018-01-17,train,4.133781909942627,-1.4676464615382745,2.153986136065818
2018-01-16,2018-01-17,train,4.141477584838867,0.18599240590764232,0.03459317505531318
2018-01-17,2018-01-17,train,4.117936611175537,-0.5700413334661425,0.32494712185985786
2018-01-18,2018-01-24,train,4.110239505767822,-0.18709146580031533,0.03500321657531056
2018-01-19,2018-01-24,train,4.120200157165527,0.2420443297938224,0.05858545758534066
2018-01-22,2018-01-24,train,4.129708290100098,0.23050285236974055,0.05313156495058641
2018-01-23,2018-01-24,train,4.1093339920043945,-0.4945802905075958,0.24460966375857784
2018-01-24,2018-01-24,train,4.039616584777832,-1.7111186924935406,2.927927179800804
2018-01-25,2018-01-31,train,4.030562877655029,-0.22437446312744136,0.05034389970372754
2018-01-26,2018-01-31,train,4.040521144866943,0.24676418278706258,0.06089256190656683
2018-01-29,2018-01-31,train,4.0685906410217285,0.6922979730600742,0.47927648350308727
2018-01-30,2018-01-31,train,4.051838397979736,-0.4125956085989202,0.17023513623511335
2018-01-31,2018-01-31,train,4.0572710037231445,0.1339877485194041,0.017952716753299073
2018-02-01,2018-02-07,train,4.002944946289063,-1.3480254234794486,1.817172542346947
2018-02-02,2018-02-07,train,3.944092750549317,-1.4811373465531519,2.1937678393545115
2018-02-05,2018-02-07,train,3.9191927909851074,-0.6333241406695667,0.40109946715484507
2018-02-06,2018-02-07,train,3.821857929229736,-2.514903864296403,6.32474144665298
2018-02-07,2018-02-07,train,3.904253244400024,2.1329861089575797,4.549629741005996
2018-02-08,2018-02-14,train,3.822763442993164,-2.1092958900815084,4.449129151914743
2018-02-09,2018-02-14,train,3.771153688430786,-1.359260267921436,1.8475884759498542
2018-02-12,2018-02-14,train,3.8300063610076895,1.5485491231374882,2.3980043867698835
2018-02-13,2018-02-14,train,3.847209930419922,0.4481728156383591,0.2008588726772146
2018-02-14,2018-02-14,train,3.875731229782105,0.7386157277685435,0.5455531933070551
2018-02-15,2018-02-21,train,3.922362089157105,1.1959696629504135,1.4303434346977257
2018-02-16,2018-02-21,train,4.005661487579346,2.1014686227786683,4.416170372523273
2018-02-19,2018-02-21,train,3.992986440658569,-0.3169300022702659,0.10044462633903076
2018-02-20,2018-02-21,train,4.038257122039795,1.1273761157918338,1.2709769064578824
2018-02-21,2018-02-21,train,4.0771918296813965,0.9595280950547069,0.9206941651993147
2018-02-22,2018-02-28,train,4.0572710037231445,-0.4897893368058126,0.23989359444867775
2018-02-23,2018-02-28,train,4.020601749420166,-0.9079000698605011,0.8242825368527028
2018-02-26,2018-02-28,train,4.05636739730835,0.8856263037923418,0.7843339499688852
2018-02-27,2018-02-28,train,4.063610553741455,0.17840339956298745,0.03182777297563095
2018-02-28,2018-02-28,train,4.032372951507568,-0.7716852987561751,0.5954982003164072
2018-03-01,2018-03-07,train,4.029202461242676,-0.0786568447487479,0.00618689922582863
2018-03-02,2018-03-07,train,3.935490369796753,-2.353296434911112,5.538004110565349
2018-03-05,2018-03-07,train,3.9916276931762695,1.4163599278989691,2.006075445357973
2018-03-06,2018-03-07,train,3.99072265625,-0.02267595108029763,0.0005141987573960513
2018-03-07,2018-03-07,train,4.001134872436523,0.26057076319185857,0.06789712263038764
2018-03-08,2018-03-14,train,4.020601749420166,0.48535413505017555,0.23556863641030404
2018-03-09,2018-03-14,train,4.069042205810547,1.1976061153160522,1.4342604074424052
2018-03-12,2018-03-14,train,4.087151050567627,0.4440521195130831,0.19718228484406145
2018-03-13,2018-03-14,train,4.050933837890625,-0.8900730890901043,0.7922301039224008
2018-03-14,2018-03-14,train,4.070854187011719,0.4905419596156646,0.24063141414357633
2018-03-15,2018-03-21,train,4.075380802154541,0.11113393155817164,0.012350750743576378
2018-03-16,2018-03-21,train,4.090320587158203,0.3659159442894744,0.13389447828525772
2018-03-19,2018-03-21,train,4.05636739730835,-0.8335506774099999,0.6948067318106697
2018-03-20,2018-03-21,train,4.131516933441162,1.8356792391844179,3.3697182691726835
2018-03-21,2018-03-21,train,4.152342319488525,0.5027953586410172,0.2528031726709491
2018-03-22,2018-03-28,train,4.08669900894165,-1.5935033450038327,2.539252910538404
2018-03-23,2018-03-28,train,4.035540580749512,-1.259729023265943,1.5869172120585668
2018-03-26,2018-03-28,train,4.054102897644043,0.4589163792352524,0.21060424313039403
2018-03-27,2018-03-28,train,4.110692501068115,1.3862076594086226,1.9215716750031318
2018-03-28,2018-03-28,train,4.041880130767822,-1.688154343826187,2.849865088579224
2018-03-29,2018-04-04,train,4.052742958068848,0.26839628486252654,0.07203656572800649
2018-04-03,2018-04-04,train,4.080360412597656,0.6791395466198669,0.4612305237830383
2018-04-04,2018-04-04,train,4.086246013641357,0.14413825659032042,0.02077583701289705
2018-04-05,2018-04-11,train,4.194446086883545,2.613458643208677,6.830166079762139
2018-04-06,2018-04-11,train,4.146457195281982,-1.150700817389394,1.3241123711406195
2018-04-09,2018-04-11,train,4.171357154846191,0.5987157899054019,0.3584605970820493
2018-04-10,2018-04-11,train,4.175884246826172,0.10846918654918714,0.01176556443064236
2018-04-11,2018-04-11,train,4.156417369842529,-0.46726374772427803,0.21833540993733774
2018-04-12,2018-04-18,train,4.19082498550415,0.8244114421023463,0.6796542258692703
2018-04-13,2018-04-18,train,4.1641130447387695,-0.639430997173962,0.4088720001468874
2018-04-16,2018-04-18,train,4.097564220428467,-1.611059390739733,2.59551236049068
2018-04-17,2018-04-18,train,4.132876396179199,0.8580923931453821,0.736322555173969
2018-04-18,2018-04-18,train,4.174979209899902,1.013575010535428,1.027334301981893
2018-04-19,2018-04-25,train,4.19082498550415,0.37882298423288496,0.14350685338310862
2018-04-20,2018-04-25,train,4.175431728363037,-0.36798475203274617,0.1354127777286017
2018-04-23,2018-04-25,train,4.17905330657959,0.08669782585646324,0.007516513008237626
2018-04-24,2018-04-25,train,4.1867499351501465,0.18400219368517323,0.033856807280956004
2018-04-25,2018-04-25,train,4.146457195281982,-0.9670479383415476,0.9351817150506376
2018-04-26,2018-05-02,train,4.20485782623291,1.398620044743315,1.9561380295577926
2018-04-27,2018-05-02,train,4.297213554382324,2.1726319833970775,4.720329735279919
2018-04-30,2018-05-02,train,4.308530807495117,0.2630164030225979,0.06917762825894563
2018-05-02,2018-05-02,train,4.306267261505127,-0.05255018223178087,0.002761521652593378
2018-05-03,2018-05-09,train,4.263712406158447,-0.9931226621110234,0.986292621998486
2018-05-04,2018-05-09,train,4.3071722984313965,1.0141371923298115,1.0284742448665931
2018-05-07,2018-05-09,train,4.341579437255859,0.795659799120374,0.6330745159362738
2018-05-08,2018-05-09,train,4.3049092292785645,-0.8482154837743394,0.7194695069145367
2018-05-09,2018-05-09,train,4.313059329986572,0.18914209495406453,0.035774732083612364
2018-05-10,2018-05-16,train,4.407223224639893,2.1597363212351395,4.664460977262293
2018-05-11,2018-05-16,train,4.371459484100342,-0.8147905462340344,0.6638836342323561
2018-05-14,2018-05-16,train,4.390926837921143,0.4443398210327132,0.19743787655538358
2018-05-15,2018-05-16,train,4.401339054107666,0.23684954895357713,0.05609770883951293
2018-05-16,2018-05-16,train,4.438913822174072,0.8500886766614757,0.722650758188059
2018-05-17,2018-05-23,train,4.452287673950195,0.30083362452557605,0.09050086964519527
2018-05-18,2018-05-23,train,4.4102067947387695,-0.9496467525612173,0.901828954650066
2018-05-21,2018-05-23,train,4.4102067947387695,0.0,0.0
2018-05-22,2018-05-23,train,4.4897942543029785,1.788529701878594,3.198838494501932
2018-05-23,2018-05-23,train,4.456403732299805,-0.7464774891932091,0.5572286418721977
2018-05-24,2018-05-30,train,4.405633926391602,-1.1457943038130969,1.3128445866505394
2018-05-25,2018-05-30,train,4.392826080322266,-0.29113856530227356,0.0847616642062662
2018-05-28,2018-05-30,train,4.387337684631348,-0.12501808742262366,0.015629522182810773
2018-05-29,2018-05-30,train,4.365383148193359,-0.5016630348592344,0.25166580054417736
2018-05-30,2018-05-30,train,4.35943603515625,-0.1363263543503912,0.018584874890468426
2018-05-31,2018-06-06,train,4.374987602233887,0.3560986770711594,0.12680626781182985
2018-06-01,2018-06-06,train,4.367669582366943,-0.1674095511592144,0.028025957819329626
2018-06-04,2018-06-06,train,4.2336530685424805,-3.1164360572358163,9.71217369883952
2018-06-05,2018-06-06,train,4.218101501464844,-0.36800842949431534,0.13543020417887247
2018-06-06,2018-06-06,train,4.143087863922119,-1.794377497955324,3.219790605168409
2018-06-07,2018-06-13,train,4.116559982299805,-0.6423511832750028,0.4126150426547963
2018-06-08,2018-06-13,train,4.1078691482543945,-0.21134201881456427,0.04466544891661564
2018-06-11,2018-06-13,train,4.11107063293457,0.07790505654814428,0.006069197835769558
2018-06-12,2018-06-13,train,4.120219230651856,0.2222884052438756,0.049412135105865465
2018-06-13,2018-06-13,train,4.135313987731934,0.3656886479017629,0.13372818720421953
2018-06-14,2018-06-20,train,4.175563812255859,0.9686134288739989,0.9382119745950454
2018-06-15,2018-06-20,train,4.1193037033081055,-1.356524900957612,1.840159806918059
2018-06-18,2018-06-20,train,4.139245510101318,0.4829382264688764,0.23322933058490375
2018-06-19,2018-06-20,train,4.109973430633545,-0.7096963370698761,0.5036688908503992
2018-06-20,2018-06-20,train,4.113358974456787,0.0823399528985469,0.006779867843334922
2018-06-21,2018-06-27,train,4.093232154846191,-0.49050475762424384,0.2405949172520182
2018-06-22,2018-06-27,train,4.108142852783203,0.3636149877728201,0.1322158593330281
2018-06-25,2018-06-27,train,4.037429332733154,-1.736288008470166,3.014696048357295
2018-06-26,2018-06-27,train,4.022792816162109,-0.36317938608998457,0.13189926648069808
2018-06-27,2018-06-27,train,4.028738975524902,0.14770258871601438,0.021816054713412098
2018-06-28,2018-07-04,train,3.9722976684570312,-1.4108732612092334,1.9905633591951777
2018-06-29,2018-07-04,train,3.9971790313720703,0.6244185081537124,0.38989847332490774
2018-07-02,2018-07-04,train,3.972480773925781,-0.6198090537778533,0.3841632631449979
2018-07-03,2018-07-04,train,4.020048141479492,1.1903098426738534,1.4168375215662536
2018-07-04,2018-07-04,train,3.994892120361328,-0.6277302862250922,0.39404531224423617
2018-07-05,2018-07-11,train,3.9871163368225098,-0.1948328178366765,0.03795982690617957
2018-07-06,2018-07-11,train,4.013920783996582,0.670026823978831,0.44893594485115934
2018-07-09,2018-07-11,train,4.072466373443604,1.4480289227855714,2.0967877612235424
2018-07-10,2018-07-11,train,4.071552276611328,-0.022448299184785192,0.0005039261362896275
2018-07-11,2018-07-11,train,4.035600185394287,-0.8869285995019016,0.7866423406144046
2018-07-12,2018-07-18,train,4.069904327392578,0.8464456903269912,0.7164703066731367
2018-07-13,2018-07-18,train,4.0689897537231445,-0.022474151012841226,0.0005050874637479922
2018-07-16,2018-07-18,train,4.035600185394287,-0.82397153931415,0.6789290975997299
2018-07-17,2018-07-18,train,4.049322605133057,0.3394573645637555,0.11523130235657042
2018-07-18,2018-07-18,train,4.062586307525635,0.3270183222140455,0.10694098306368927
2018-07-19,2018-07-25,train,4.06395959854126,0.033797656336931325,0.0011422815738693142
2018-07-20,2018-07-25,train,4.082712173461914,0.4603747043306905,0.2119448683875707
2018-07-23,2018-07-25,train,4.074479579925537,-0.20184878768172432,0.040742933088581824
2018-07-24,2018-07-25,train,4.120219230651856,1.1163345179597384,1.2462027559884015
2018-07-25,2018-07-25,train,4.158182144165039,0.9171620922847623,0.8411863035241629
2018-07-26,2018-08-01,train,4.168703556060791,0.252709545293639,0.06386211428251777
2018-07-27,2018-08-01,train,4.165958404541016,-0.06587313635557646,0.004339270093320369
2018-07-30,2018-08-01,train,4.132568836212158,-0.8047150426326866,0.6475662998393266
2018-07-31,2018-08-01,train,4.154979705810547,0.5408336159096194,0.2925010000978738
2018-08-01,2018-08-01,train,4.137599468231201,-0.41917629397081324,0.17570876542710565
2018-08-02,2018-08-08,train,4.152692794799805,0.36412089624444643,0.13258402708185893
2018-08-03,2018-08-08,train,4.118846893310547,-0.8183746113548773,0.6697370045102465
2018-08-06,2018-08-08,train,4.113358974456787,-0.13332804730281644,0.01777636819758206
2018-08-07,2018-08-08,train,4.129365921020508,0.3883901716568161,0.1508469254396111
2018-08-08,2018-08-08,train,4.101464748382568,-0.6779699554050111,0.4596432604318728
2018-08-09,2018-08-15,train,4.110156059265137,0.21168327986942348,0.04480981097627667
2018-08-10,2018-08-15,train,4.1055827140808105,-0.11133133082417146,0.01239466522308111
2018-08-13,2018-08-15,train,4.066704273223877,-0.9514774560745121,0.905309349418025
2018-08-14,2018-08-15,train,3.992148160934448,-1.8503438319381393,3.423772296391517
2018-08-15,2018-08-15,train,3.9473235607147217,-1.1291702536674997,1.2750254617675256
2018-08-16,2018-08-22,train,3.963789463043213,0.41627331214393326,0.1732834704032805
2018-08-17,2018-08-22,train,3.965161085128784,0.03459782201744588,0.0011970092883508627
2018-08-20,2018-08-22,train,4.010901927947998,1.1469654687648267,1.3155297865389188
2018-08-21,2018-08-22,train,4.050694942474365,0.9872321417235819,0.9746273016521304
2018-08-22,2018-08-22,train,4.00312614440918,-1.181286515097968,1.3954378307523014
2018-08-23,2018-08-29,train,3.977968215942383,-0.6304401541192384,0.397454787925889
2018-08-24,2018-08-29,train,3.9898602962493896,0.2985026376774558,0.08910382470039845
2018-08-27,2018-08-29,train,4.009986400604248,0.5031633124760182,0.25317331902183915
2018-08-28,2018-08-29,train,3.9711079597473145,-0.974271111977254,0.9492041996333951
2018-08-29,2018-08-29,train,4.001753330230713,0.768745881547428,0.5909702303961322
2018-08-30,2018-09-05,train,3.966076135635376,-0.8955370640516103,0.8019866330901779
2018-08-31,2018-09-05,train,3.979341506958008,0.33391280974357507,0.11149776451084896
2018-09-03,2018-09-05,train,4.000838756561279,0.538767318367861,0.29027022334129604
2018-09-04,2018-09-05,train,3.971564769744873,-0.7343862685205815,0.5393231913915837
2018-09-05,2018-09-05,train,3.914848327636719,-1.4383578245396933,2.068873231414559
2018-09-06,2018-09-12,train,3.917135238647461,0.05839928177535647,0.0034104761118774825
2018-09-07,2018-09-12,train,3.92994236946106,0.32641813487099824,0.1065487987726612
2018-09-10,2018-09-12,train,3.901125907897949,-0.7359555710158228,0.5416306025092258
2018-09-11,2018-09-12,train,3.905700206756592,0.11718717222455322,0.013732833333987097
2018-09-12,2018-09-12,train,3.9015839099884033,-0.10544760733826042,0.011119197893363953
2018-09-13,2018-09-19,train,3.8791708946228023,-0.576115760509488,0.3319093695074257
2018-09-14,2018-09-19,train,3.8970096111297607,0.45880487949367943,0.2105019174472097
2018-09-17,2018-09-19,train,3.878713607788086,-0.47059383652452436,0.22145855897487077
2018-09-18,2018-09-19,train,3.9294843673706055,1.300465876406598,1.691211495697981
2018-09-19,2018-09-19,train,3.944122314453125,0.37182360101331025,0.13825279027050533
2018-09-20,2018-09-26,train,3.94503664970398,0.023179536858197736,0.0005372909289605473
2018-09-21,2018-09-26,train,3.988030433654785,1.0839238957633945,1.1748910118068943
2018-09-24,2018-09-26,train,3.943206548690796,-1.1303246215014662,1.2776337499724328
2018-09-25,2018-09-26,train,3.926282405853272,-0.43012116866181227,0.18500421973100314
2018-09-26,2018-09-26,train,3.926282405853272,0.0,0.0
2018-09-27,2018-10-03,train,3.937260627746582,0.2792183874076093,0.07796290786650578
2018-09-28,2018-10-03,train,3.9436652660369873,0.16253520935711752,0.02641769428076202
2018-10-01,2018-10-03,train,3.944579124450684,0.023170134507677353,0.0005368551331038609
2018-10-02,2018-10-03,train,3.9738519191741934,0.7393618234049715,0.5466559059087243
2018-10-04,2018-10-10,train,3.936803340911865,-0.9366821817540671,0.8773735096155593
2018-10-05,2018-10-10,train,3.910731792449951,-0.6644543526154623,0.4414995867096331
2018-10-08,2018-10-10,train,3.919421672821045,0.2219594795240365,0.04926601055058118
2018-10-09,2018-10-10,train,3.945493936538696,0.6630041698708622,0.4395745292661511
2018-10-10,2018-10-10,train,3.856301784515381,-2.286551486849131,5.228317702011972
2018-10-11,2018-10-17,train,3.76528000831604,-2.3886407419871913,5.70560459428112
2018-10-12,2018-10-17,train,3.808274984359741,1.1354096716157391,1.2891551223985607
2018-10-15,2018-10-17,train,3.809647798538208,0.03604169358109033,0.0012990036761932077
2018-10-16,2018-10-17,train,3.8681931495666495,1.525076806231218,2.3258592649044125
2018-10-17,2018-10-17,train,3.879628419876098,0.29518693765522297,0.08713532816226849
2018-10-18,2018-10-24,train,3.874596357345581,-0.1297889442586797,0.016845170051782668
2018-10-19,2018-10-24,train,3.854014158248901,-0.5326247897475822,0.2836891666536562
2018-10-22,2018-10-24,train,3.883744955062866,0.7684639102316204,0.590536781328472
2018-10-23,2018-10-24,train,3.759333848953247,-3.255810886406474,10.600304528042908
2018-10-24,2018-10-24,train,3.78677749633789,0.7273618721529429,0.5290552930618341
2018-10-25,2018-10-31,train,3.7963826656341553,0.2533290667193322,0.06417561604488786
2018-10-26,2018-10-31,train,3.764364719390869,-0.8469569477581151,0.7173360713557426
2018-10-29,2018-10-31,train,3.744240283966065,-0.5360378819548206,0.2873366108906102
2018-10-30,2018-10-31,train,3.7291452884674072,-0.4039672750784318,0.16318955933429335
2018-10-31,2018-10-31,train,3.808274984359741,2.0997264386326764,4.408851117093063
2018-11-01,2018-11-07,train,3.894264698028565,2.232855390610533,4.9856431953785165
2018-11-02,2018-11-07,train,3.890148401260376,-0.10575741804415006,0.011184631471365118
2018-11-05,2018-11-07,train,3.954184293746948,1.6327026780651899,2.665718034961243
2018-11-06,2018-11-07,train,3.991691112518311,0.9440645724225316,0.8912579169033374
2018-11-07,2018-11-07,train,4.067617893218994,1.8842565055633198,3.550422578757693
2018-11-08,2018-11-14,train,4.102837562561035,0.8621278869572979,0.7432644934694554
2018-11-09,2018-11-14,train,4.07173490524292,-0.760964748388937,0.5790673482906382
2018-11-12,2018-11-14,train,4.108326435089111,0.8946576900280334,0.8004123823262967
2018-11-13,2018-11-14,train,4.098721981048584,-0.23405389947919186,0.05478122786141565
2018-11-14,2018-11-14,train,4.052981376647949,-1.1222460497873898,1.2594361962634006
2018-11-15,2018-11-21,train,4.053420066833496,0.010823302769646936,0.00011714388284344704
2018-11-16,2018-11-21,train,4.053883075714111,0.011422019701923247,0.00013046253407112283
2018-11-19,2018-11-21,train,4.035294055938721,-0.4596030522000083,0.21123496559156354
2018-11-20,2018-11-21,train,3.987892150878906,-1.1816367060062172,1.3962653049812233
2018-11-21,2018-11-21,train,4.041337013244629,1.3312772772239967,1.7722991888529382
2018-11-22,2018-11-28,train,4.0111284255981445,-0.750297647123177,0.5629465592785755
2018-11-23,2018-11-28,train,4.05992603302002,1.2092150355292208,1.4622010021499348
2018-11-26,2018-11-28,train,4.097568988800049,0.9229113317343218,0.8517653262436194
2018-11-27,2018-11-28,train,4.140325546264648,1.0380550812094214,1.0775583516246985
2018-11-28,2018-11-28,train,4.2142181396484375,1.7689660393066298,3.129240848220185
2018-11-29,2018-12-05,train,4.205387115478516,-0.20977295587418787,0.044004693016193974
2018-11-30,2018-12-05,train,4.200276374816895,-0.1216023291271906,0.014787126449157587
2018-12-03,2018-12-05,train,4.230018615722656,0.7056067276365763,0.4978808540859975
2018-12-04,2018-12-05,train,4.250466823577881,0.48224238175527123,0.23255771476099676
2018-12-05,2018-12-05,train,4.198881149291992,-1.2210720971434608,1.4910170664223292
2018-12-06,2018-12-12,train,4.085950374603272,-2.7263745679810603,7.433118284933913
2018-12-07,2018-12-12,train,4.112440586090088,0.6462317740911772,0.4176155058450302
2018-12-10,2018-12-12,train,4.041800022125244,-1.7326526059665115,3.0020850529625434
2018-12-11,2018-12-12,train,4.109187126159668,1.6535086647881503,2.7340909045294914
2018-12-12,2018-12-12,train,4.1189470291137695,0.2372325814639975,0.05627929770807221
2018-12-13,2018-12-19,train,4.157520294189453,0.9321258178819347,0.8688585403620658
2018-12-14,2018-12-19,train,4.162167549133301,0.1117170623395225,0.012480702017772757
2018-12-17,2018-12-19,train,4.095245361328125,-1.6209351234544922,2.62743067444843
2018-12-18,2018-12-19,train,4.006480693817139,-2.191340929723351,4.8019750702808
2018-12-19,2018-12-19,train,3.975807666778565,-0.7685309431423981,0.5906398105673439
2018-12-20,2018-12-26,train,3.910280466079712,-1.661881219771355,2.761849188628727
2018-12-21,2018-12-26,train,3.867990493774414,-1.0873981951058154,1.182434834719385
2018-12-27,2019-01-02,train,3.834993600845337,-0.8567353730260185,0.7339954993940312
2018-12-28,2019-01-02,train,3.892156600952149,1.4795633942633168,2.189107837643987
2019-01-02,2019-01-02,train,3.9641902446746826,1.8338208281487134,3.362898829752033
2019-01-03,2019-01-09,train,3.916787624359131,-1.2029774162448437,1.4471546639951198
2019-01-04,2019-01-09,train,3.980455636978149,1.6124460136332175,2.599982146881654
2019-01-07,2019-01-09,train,4.003228187561035,0.5704788126295046,0.32544607565916944
2019-01-08,2019-01-09,train,4.024140357971191,0.5210229877747885,0.2714649537897674
2019-01-09,2019-01-09,train,4.075262546539307,1.2623860815329513,1.5936186188481192
2019-01-10,2019-01-16,train,4.133818626403809,1.4266413448741133,2.0353055269042186
2019-01-11,2019-01-16,train,4.151478290557861,0.426289874077046,0.18172305674062372
2019-01-14,2019-01-16,train,4.128242015838623,-0.5612831076908575,0.3150387269791068
2019-01-15,2019-01-16,train,4.152872085571289,0.5948509357180054,0.3538476357245866
2019-01-16,2019-01-16,train,4.175179958343506,0.5357297482949663,0.287006363208188
2019-01-17,2019-01-23,train,4.209106922149658,0.8093031516259508,0.6549715912316967
2019-01-18,2019-01-23,train,4.245355129241943,0.8574981822263128,0.7353031325214308
2019-01-21,2019-01-23,train,4.244425296783447,-0.021904747014733772,0.0004798179417794881
2019-01-22,2019-01-23,train,4.2323431968688965,-0.2850640100727775,0.08126148983877259
2019-01-23,2019-01-23,train,4.210964202880859,-0.5064138652167038,0.25645500288372186
2019-01-24,2019-01-30,train,4.320641040802002,2.571213203777778,6.611137339281185
2019-01-25,2019-01-30,train,4.354102611541748,0.7714749401860344,0.5951735833350453
2019-01-28,2019-01-30,train,4.302052021026611,-1.202640666257504,1.446344572136293
2019-01-29,2019-01-30,train,4.358750343322754,1.3093274712781655,1.7143384270436752
2019-01-30,2019-01-30,train,4.38198709487915,0.5316898365023803,0.2826940822399279
2019-01-31,2019-02-06,train,4.441008567810059,1.3379209421460425,1.790032447432954
2019-02-01,2019-02-06,train,4.44797945022583,0.15684313738852929,0.024599769745877072
2019-02-04,2019-02-06,train,4.45448637008667,0.14618244317725626,0.021369306693271757
2019-02-05,2019-02-06,train,4.488410949707031,0.7586968996267318,0.5756209855032152
2019-02-06,2019-02-06,train,4.502818584442139,0.3204822435459498,0.10270886842824548
2019-02-07,2019-02-13,train,4.434966564178467,-1.5183476145189667,2.305379478515437
2019-02-08,2019-02-13,train,4.4419379234313965,0.15706738077141402,0.02467016210239236
2019-02-11,2019-02-13,train,4.499565124511719,1.289000264858231,1.6615216828045898
2019-02-12,2019-02-13,train,4.542784690856934,0.9559438941103782,0.9138287286869139
2019-02-13,2019-02-13,train,4.534420967102051,-0.18427975385608697,0.03395902768126
2019-02-14,2019-02-20,train,4.571135520935059,0.806425238258468,0.6503216649002269
2019-02-15,2019-02-20,train,4.5767107009887695,0.12189056546705324,0.014857309949877991
2019-02-18,2019-02-20,train,4.575316429138184,-0.030469137417288295,0.0009283683349535976
2019-02-19,2019-02-20,train,4.583681106567383,0.18265491877613727,0.0333628193531173
2019-02-20,2019-02-20,train,4.585076332092285,0.0304343428213949,0.0009262492229701912
2019-02-21,2019-02-27,train,4.582752704620361,-0.0506908999366118,0.0025695673363835903
2019-02-22,2019-02-27,train,4.638055801391602,1.1995425317608888,1.4389022855033229
2019-02-25,2019-02-27,train,4.654787540435791,0.3600998426214197,0.12967189665597123
2019-02-26,2019-02-27,train,4.634802341461182,-0.430271520302683,0.18513358118358217
2019-02-27,2019-02-27,train,4.584146499633789,-1.0989615522402074,1.2077164933022062
2019-02-28,2019-03-06,train,4.5943708419799805,0.22278863120648307,0.049634774194858323
2019-03-01,2019-03-06,train,4.57206392288208,-0.48670969041151313,0.23688632274047094
2019-03-04,2019-03-06,train,4.629225730895996,1.2424898148083674,1.543780939902531
2019-03-05,2019-03-06,train,4.666868686676025,0.8098704646477772,0.6558901695088066
2019-03-06,2019-03-06,train,4.608777523040772,-1.2525687553662346,1.568928486919718
2019-03-07,2019-03-13,train,4.608313083648682,-0.010077787282392059,0.00010156179650914312
2019-03-08,2019-03-13,train,4.530237674713135,-1.7087459642984415,2.9198127705062107
2019-03-11,2019-03-13,train,4.6450276374816895,2.5022917247639054,6.261463875821921
2019-03-12,2019-03-13,train,4.665939807891846,0.44919511739238693,0.20177625348916028
2019-03-13,2019-03-13,train,4.680811882019043,0.3182300583439268,0.10127037003357907
2019-03-14,2019-03-20,train,4.687317848205566,0.13889575443168933,0.019292030599148146
2019-03-15,2019-03-20,train,4.685459613800049,-0.03965173476907502,0.0015722600701970728
2019-03-18,2019-03-20,train,4.692893981933594,0.15854317316796873,0.02513593775816852
2019-03-19,2019-03-20,train,4.724496841430664,0.6711620813284691,0.4504585394131626
2019-03-20,2019-03-20,train,4.6724467277526855,-1.1078207636734838,1.2272668444261008
2019-03-21,2019-03-27,train,4.665939807891846,-0.13935856882949516,0.01942081070620514
2019-03-22,2019-03-27,train,4.602736473083496,-1.3638261290486176,1.8600217102757364
2019-03-25,2019-03-27,train,4.572994232177734,-0.6482828676209085,0.42027067645078836
2019-03-26,2019-03-27,train,4.590653419494629,0.38541877314368644,0.14854763069158444
2019-03-27,2019-03-27,train,4.608313083648682,0.3839493456679888,0.14741710003887673
2019-03-28,2019-04-03,train,4.632479667663574,0.523042551861419,0.2735735110577052
2019-03-29,2019-04-03,train,4.6826701164245605,1.0776194828061136,1.1612637497233158
2019-04-01,2019-04-03,train,4.707767009735107,0.5345215079475496,0.2857132424585223
2019-04-02,2019-04-03,train,4.738438606262207,0.6493973466871417,0.42171691388429966
2019-04-03,2019-04-03,train,4.771899223327637,0.7036712203633444,0.4951531863676384
2019-04-04,2019-04-10,train,4.78398323059082,0.25291256485648894,0.06396476546228773
2019-04-05,2019-04-10,train,4.837891578674316,1.1205490244988514,1.2556301163053274
2019-04-08,2019-04-10,train,4.82116174697876,-0.346407621142486,0.11999823998559613
2019-04-09,2019-04-10,train,4.805359840393066,-0.3282997006781141,0.1077806934653393
2019-04-10,2019-04-10,train,4.829526424407959,0.5016485722879604,0.2516512900785491
2019-04-11,2019-04-17,train,4.7904887199401855,-0.8115978647298183,0.6586910940340005
2019-04-12,2019-04-17,train,4.770040512084961,-0.4277637469511264,0.1829818232056673
2019-04-15,2019-04-17,train,4.7904887199401855,0.4277637469511264,0.1829818232056673
2019-04-16,2019-04-17,train,4.813726425170898,0.48390733079848314,0.2341663048005126
2019-04-17,2019-04-17,train,4.811867713928223,-0.03862018778100218,0.00149151890423987
2019-04-18,2019-04-24,train,4.838822364807129,0.5586071203295573,0.31204191488288047
2019-04-23,2019-04-24,train,4.875999927520752,0.7653818687798131,0.585809405056879
2019-04-24,2019-04-24,train,4.886224746704102,0.2094773120574711,0.04388074426682313
2019-04-25,2019-05-01,train,4.875071048736572,-0.22852914316917605,0.052225569277637766
2019-04-26,2019-05-01,train,4.888084411621094,0.2665812430016734,0.07106555912031724
2019-04-29,2019-05-01,train,4.87971830368042,-0.17129973301635015,0.029343598531472843
2019-04-30,2019-05-01,train,4.866704940795898,-0.26703889809140957,0.07130977309387422
2019-05-02,2019-05-08,train,4.838822364807129,-0.5745726495620218,0.3301337296247219
2019-05-03,2019-05-08,train,4.90574312210083,1.373520645189541,1.8865589627618928
2019-05-06,2019-05-08,train,4.810937404632568,-1.9514632770895934,3.808208921829255
2019-05-07,2019-05-08,train,4.86949348449707,1.2097972647498567,1.463609421796235
2019-05-08,2019-05-08,train,4.854623317718506,-0.30584121256804764,0.0935388473050937
2019-05-09,2019-05-15,train,4.7468037605285645,-2.246001323708935,5.044521946102288
2019-05-10,2019-05-15,train,4.787699699401856,0.8578567273144211,0.735918164598609
2019-05-13,2019-05-15,train,4.677093982696533,-2.3373093109803955,5.463014815195651
2019-05-14,2019-05-15,train,4.760746002197266,1.7727405918418482,3.1426092059637862
2019-05-15,2019-05-15,train,4.7904887199401855,0.6228056319042663,0.3878868551316724
2019-05-16,2019-05-22,train,4.845680236816406,1.1455199810046945,1.3122160268809957
2019-05-17,2019-05-22,train,4.798888683319092,-0.9703268443882029,0.9415341849403678
2019-05-20,2019-05-22,train,4.733382225036621,-1.3744361680584127,1.8890747800670933
2019-05-21,2019-05-22,train,4.8344502449035645,2.1127414095971186,4.46367626382642
2019-05-22,2019-05-22,train,4.8475518226623535,0.2706379458343955,0.07324489772546118
2019-05-23,2019-05-29,train,4.772686004638672,-1.5564548558473668,2.422551718290847
2019-05-24,2019-05-29,train,4.769877910614014,-0.05885408011208071,0.003463802745839214
2019-05-27,2019-05-29,train,4.794210433959961,0.50883210126762,0.2589101072804215
2019-05-28,2019-05-29,train,4.826028347015381,0.6614810671068172,0.4375572021407736
2019-05-29,2019-05-29,train,4.80169677734375,-0.5054490268256329,0.2554787187189793
2019-05-30,2019-06-05,train,4.842873573303223,0.8538907313758726,0.7291293811296226
2019-05-31,2019-06-05,train,4.826028347015381,-0.3484417045502397,0.12141162146987654
2019-06-03,2019-06-05,train,4.886856555938721,1.25254246885933,1.568862636296226
2019-06-04,2019-06-05,train,4.900893688201904,0.28683081478162453,0.0822719163082906
2019-06-05,2019-06-05,train,4.912123680114746,0.22887958705832823,0.05238586537199085
2019-06-06,2019-06-12,train,4.881241798400879,-0.6306715325030687,0.3977465819097693
2019-06-07,2019-06-12,train,4.932711601257324,1.048920300847933,1.1002337975309184
2019-06-11,2019-06-12,train,4.966401100158691,0.6806595699283546,0.4632974501350527
2019-06-12,2019-06-12,train,4.960785865783691,-0.11312842184056926,0.012798039828137788
2019-06-13,2019-06-19,train,4.999155521392822,0.7704833579543768,0.5936446048846524
2019-06-14,2019-06-19,train,5.008513450622559,0.18701521769606266,0.03497469164990571
2019-06-17,2019-06-19,train,4.956106662750244,-1.0518669146686088,1.1064240061744584
2019-06-18,2019-06-19,train,5.086185455322266,2.5907644742306113,6.712060560935416
2019-06-19,2019-06-19,train,5.042201995849609,-0.8685239613800633,0.7543338714913176
2019-06-20,2019-06-26,train,5.103030204772949,1.199163048008245,1.4379920157084243
2019-06-21,2019-06-26,train,5.082444190979004,-0.4042235250866444,0.16339665823347302
2019-06-24,2019-06-26,train,5.050625324249268,-0.6280223630769299,0.3944120885247312
2019-06-25,2019-06-26,train,5.0281662940979,-0.44566984169429613,0.19862160779581897
2019-06-26,2019-06-26,train,5.0159993171691895,-0.24226965883942242,0.05869458759417013
2019-06-27,2019-07-03,train,4.999155521392822,-0.3363664751889539,0.11314240563104114
2019-06-28,2019-07-03,train,5.059048175811768,1.1909355609672545,1.4183275103763893
2019-07-01,2019-07-03,train,5.123619079589844,1.2682682774110887,1.6085044234872903
2019-07-02,2019-07-03,train,5.132976531982422,0.18246707471363255,0.03329423335455036
2019-07-03,2019-07-03,train,5.220943927764893,1.6992503041579177,2.887451596180776
2019-07-04,2019-07-10,train,5.223751068115234,0.05375246321770444,0.0028893273019706687
2019-07-05,2019-07-10,train,5.212522506713867,-0.21518343024597986,0.04630390865242648
2019-07-08,2019-07-10,train,5.227494716644287,0.28682366847720964,0.08226781679872426
2019-07-09,2019-07-10,train,5.209714889526367,-0.34070110666390985,0.11607724408201288
2019-07-10,2019-07-10,train,5.225622177124023,0.3048737154786041,0.09294798238972884
2019-07-11,2019-07-17,train,5.229366302490234,0.07162371404945134,0.005129956414237573
2019-07-12,2019-07-17,train,5.200356960296631,-0.5562835421577317,0.30945137927555283
2019-07-15,2019-07-17,train,5.178832054138184,-0.4147710767605117,0.17203504611707432
2019-07-16,2019-07-17,train,5.224688053131104,0.8815534643943135,0.7771365105856162
2019-07-17,2019-07-17,train,5.211585521697998,-0.25109610673517135,0.06304925481756056
2019-07-18,2019-07-24,train,5.196613311767578,-0.2877005041363567,0.08277158008031381
2019-07-19,2019-07-24,train,5.238724708557129,0.8070965272743091,0.6514048043382497
2019-07-22,2019-07-24,train,5.220008373260498,-0.35790865164415653,0.1280986029217382
2019-07-23,2019-07-24,train,5.220943927764893,0.0179208654522256,0.000321157418556773
2019-07-24,2019-07-24,train,5.243403911590576,0.429267426116664,0.1842705231248256
2019-07-25,2019-07-31,train,5.216265201568604,-0.5189221690983681,0.2692802175817553
2019-07-26,2019-07-31,train,5.220943927764893,0.08965474298170406,0.008037972939115413
2019-07-29,2019-07-31,train,5.236853122711182,0.304255420951427,0.09257136117833004
2019-07-30,2019-07-31,train,5.1582441329956055,-1.5124531549736586,2.2875145459897737
2019-07-31,2019-07-31,train,5.2611846923828125,1.9759990798190241,3.90457236344563
2019-08-01,2019-08-07,train,5.380970478057861,2.2512516083513345,5.068133804104471
2019-08-02,2019-08-07,train,5.235917091369629,-2.732673058485835,7.467502044574328
2019-08-05,2019-08-07,train,5.0188069343566895,-4.234977059861,17.935030697548925
2019-08-06,2019-08-07,train,5.04313850402832,0.4836364348772326,0.23390420114075966
2019-08-07,2019-08-07,train,5.176960468292236,2.6189494536924762,6.85889624099612
2019-08-08,2019-08-14,train,5.290194511413574,2.163691297323367,4.681560030112874
2019-08-09,2019-08-14,train,5.290194511413574,0.0,0.0
2019-08-12,2019-08-14,train,5.248082160949707,-0.7992307649609343,0.6387698156600401
2019-08-13,2019-08-14,train,5.30610466003418,1.0995273179251752,1.2089603228637293
2019-08-14,2019-08-14,train,5.230303287506104,-1.4388714008856551,2.0703509082866476
2019-08-15,2019-08-21,train,5.183511734008789,-0.8986498856818015,0.8075716170359148
2019-08-16,2019-08-21,train,5.272413730621338,1.7005503596195792,2.8918715256022804
2019-08-19,2019-08-21,train,5.334178447723389,1.1646608868731256,1.3564349814120955
2019-08-20,2019-08-21,train,5.328563690185547,-0.1053154617111085,0.01109134647542396
2019-08-21,2019-08-21,train,5.408108234405518,1.481762694940425,2.195620684117111
2019-08-22,2019-08-28,train,5.354766368865967,-0.9912277947307979,0.9825325410468808
2019-08-23,2019-08-28,train,5.2499542236328125,-1.9767717094015813,3.90762639109045
2019-08-26,2019-08-28,train,5.2752227783203125,0.4801554069796321,0.23054921485177615
2019-08-27,2019-08-28,train,5.332307815551758,1.0763219171295857,1.1584688692935068
2019-08-28,2019-08-28,train,5.3294997215271,-0.052675760274678574,0.002774735720515405
2019-08-29,2019-09-04,train,5.305168628692627,-0.4575814588109406,0.2093807914475485
2019-08-30,2019-09-04,train,5.363189220428467,1.0877243641689738,1.1831442924067983
2019-09-02,2019-09-04,train,5.45864200592041,1.7641240007842063,3.1121334901428743
2019-09-03,2019-09-04,train,5.43805456161499,-0.3778662399919419,0.14278289532564784
2019-09-04,2019-09-04,train,5.449284553527832,0.2062945918509751,0.0425574586269604
2019-09-05,2019-09-11,train,5.47548770904541,0.47970255371003745,0.23011454003593138
2019-09-06,2019-09-11,train,5.442733287811279,-0.599997371474803,0.3599968457766728
2019-09-09,2019-09-11,train,5.406236171722412,-0.672824343510503,0.4526925972203394
2019-09-10,2019-09-11,train,5.340728759765625,-1.2191018336201287,1.48620928073596
2019-09-11,2019-09-11,train,5.427760601043701,1.6164521022792533,2.6129173989630177
2019-09-12,2019-09-18,train,5.449284553527832,0.395768892616144,0.15663301636260893
2019-09-13,2019-09-18,train,5.401557445526123,-0.8796997651294269,0.7738716767687689
2019-09-16,2019-09-18,train,5.449284553527832,0.8796997651294269,0.7738716767687689
2019-09-17,2019-09-18,train,5.46706485748291,0.3257557816972678,0.10611682930919801
2019-09-18,2019-09-18,train,5.47829532623291,0.205209741891621,0.04211103816722571
2019-09-19,2019-09-25,train,5.584042549133301,1.9119004549772445,3.6553633497421942
2019-09-20,2019-09-25,train,5.576556205749512,-0.13415668228984323,0.017998015403017938
2019-09-23,2019-09-25,train,5.584979057312012,0.1509264265683541,0.02277878623669278
2019-09-24,2019-09-25,train,5.537250518798828,-0.8582601386538657,0.7366104656021528
2019-09-25,2019-09-25,train,5.521342754364014,-0.2876998007686149,0.0827711753623007
2019-09-26,2019-10-02,train,5.508241176605225,-0.23757168000042572,0.05644030313822468
2019-09-27,2019-10-02,train,5.448349475860596,-1.0932652168709422,1.1952288344198685
2019-09-30,2019-10-02,train,5.426824569702148,-0.3958545247431111,0.15670080475959436
2019-10-01,2019-10-02,train,5.394069671630859,-0.6054027954261576,0.36651254470980604
2019-10-02,2019-10-02,train,5.2948737144470215,-1.8561012333492721,3.445111788440689
2019-10-04,2019-10-09,train,5.380970478057861,1.6129615355992666,2.601644915322744
2019-10-07,2019-10-09,train,5.421209812164307,0.7450258957617972,0.5550635853556684
2019-10-08,2019-10-09,train,5.399685382843018,-0.397831368334578,0.15826979763096266
2019-10-09,2019-10-09,train,5.39313554763794,-0.12137394016535907,0.014731633351264165
2019-10-10,2019-10-16,train,5.447412967681885,1.0013861112856404,1.002774143875777
2019-10-11,2019-10-16,train,5.474550724029541,0.49694016498813554,0.24694952757843536
2019-10-14,2019-10-16,train,5.402492523193359,-1.3249787352670017,1.7555686489097435
2019-10-15,2019-10-16,train,5.365060806274414,-0.6952715544878085,0.48340253447989373
2019-10-16,2019-10-16,train,5.3004889488220215,-1.2108639102351937,1.4661914091100632
2019-10-17,2019-10-23,train,5.330435752868652,0.5633918797999016,0.31741041022446675
2019-10-18,2019-10-23,train,5.320141792297363,-0.19330339097611837,0.03736620096286608
2019-10-21,2019-10-23,train,5.378162384033203,1.084679583537218,1.1765297989424728
2019-10-22,2019-10-23,train,5.334178447723389,-0.8211871554709038,0.6743483443103944
2019-10-23,2019-10-23,train,5.336050510406494,0.03508945702401789,0.0012312699942403985
2019-10-24,2019-10-30,train,5.355701923370361,0.367599890002257,0.13512967912967144
2019-10-25,2019-10-30,train,5.273351192474365,-1.549571308191644,2.401171239170763
2019-10-28,2019-10-30,train,5.341665267944336,1.287139193243525,1.6567273027835925
2019-10-29,2019-10-30,train,5.312654495239258,-0.544583700281609,0.2965714066124093
2019-10-30,2019-10-30,train,5.188190460205078,-2.370663782235849,5.620046768404781
2019-10-31,2019-11-06,train,5.182575702667236,-0.10828048763718012,0.011724664002945518
2019-11-01,2019-11-06,train,5.2059712409973145,0.4504109768007414,0.20287004802259798
2019-11-04,2019-11-06,train,5.19380521774292,-0.2339671213599237,0.054740613877449266
2019-11-05,2019-11-06,train,5.188190460205078,-0.10816336780363756,0.011699314134624977
2019-11-06,2019-11-06,train,5.183511734008789,-0.09022099605340284,0.00813982812886813
2019-11-07,2019-11-13,train,5.201292037963867,0.34242960617303364,0.11725803518381891
2019-11-08,2019-11-13,train,5.208778381347656,0.14382889592117198,0.02068675130190332
2019-11-11,2019-11-13,train,5.248082160949707,0.7517354665480758,0.5651062116662532
2019-11-12,2019-11-13,train,5.277092933654785,0.5512658157723838,0.3038939996391917
2019-11-13,2019-11-13,train,5.229366302490234,-0.9085260481927371,0.8254195802447116
2019-11-14,2019-11-20,train,5.2473320960998535,0.3429670405031837,0.11762639087151246
2019-11-15,2019-11-20,train,5.271928310394287,0.4676423658769302,0.21868938236297264
2019-11-18,2019-11-20,train,5.219898223876953,-0.991829456471538,0.9837256707246265
2019-11-19,2019-11-20,train,5.212332248687744,-0.145050026178839,0.021039510094481878
2019-11-20,2019-11-20,train,5.214223384857178,0.03627537715498175,0.0013159029877361716
2019-11-21,2019-11-27,train,5.183952808380127,-0.5822302185849892,0.33899202743352436
2019-11-22,2019-11-27,train,5.203816890716553,0.38245180870164486,0.14626938597915956
2019-11-25,2019-11-27,train,5.312604904174805,2.06899069499511,4.280722495976347
2019-11-26,2019-11-27,train,5.333416938781738,0.39098287466090564,0.15286760827810544
2019-11-27,2019-11-27,train,5.379769325256348,0.8653387437692395,0.7488111414681254
2019-11-28,2019-12-04,train,5.409093856811523,0.543608780174476,0.29551050588278177
2019-11-29,2019-12-04,train,5.42517614364624,0.29687830644866686,0.08813672883982855
2019-12-02,2019-12-04,train,5.3636884689331055,-1.1398482167290558,1.2992539571804085
2019-12-03,2019-12-04,train,5.384498596191406,0.387230946685424,0.1499478060708897
2019-12-04,2019-12-04,train,5.450717926025391,1.2223134471653685,1.4940501631212861
2019-12-05,2019-12-11,train,5.433690547943115,-0.31287675418181227,0.09789186330734619
2019-12-06,2019-12-11,train,5.492341041564941,1.0736021855481281,1.1526216528137174
2019-12-09,2019-12-11,train,5.4772047996521,-0.27596860869607553,0.07615867298564766
2019-12-10,2019-12-11,train,5.424230098724365,-0.9718925702742576,0.9445751681543026
2019-12-11,2019-12-11,train,5.4809889793396,1.040958328997732,1.0835942427097505
2019-12-12,2019-12-18,train,5.515990257263184,0.636563830157888,0.40521350986528043
2019-12-13,2019-12-18,train,5.529233455657959,0.23979966517850837,0.05750387941972472
2019-12-16,2019-12-18,train,5.6361284255981445,1.9148190120874098,3.666531849051404
2019-12-17,2019-12-18,train,5.6711297035217285,0.6190959703555654,0.38327982051049914
2019-12-18,2019-12-18,train,5.659778118133545,-0.200365043375883,0.04014615060701948
2019-12-19,2019-12-25,train,5.673968315124512,0.2504062445599198,0.06270328731460235
2019-12-20,2019-12-25,train,5.741132736206055,1.1767779515696297,1.3848063473004137
2019-12-23,2019-12-25,train,5.755321979522705,0.2468456732518609,0.06093278640316448
2019-12-27,2020-01-01,train,5.767619609832764,0.2134461046012781,0.04555923956945976
2019-12-30,2020-01-01,train,5.7392401695251465,-0.49326225213290886,0.24330764937922936
2020-01-02,2020-01-08,train,5.764781951904297,0.44405033438021935,0.19718069946318462
2020-01-03,2020-01-08,train,5.8064045906066895,0.7194217822076077,0.5175677007147704
2020-01-06,2020-01-08,train,5.768565654754639,-0.6538085168291907,0.4274655766783862
2020-01-07,2020-01-08,train,5.781808853149414,0.22931211778260963,0.05258404736194543
2020-01-08,2020-01-08,train,5.834784030914307,0.9120668259352094,0.8318658949715275
2020-01-09,2020-01-15,train,5.883028507232666,0.8234429210349559,0.6780582442025805
2020-01-10,2020-01-15,train,5.897219181060791,0.24092329919784827,0.05804403609637592
2020-01-13,2020-01-15,train,5.945463180541992,0.8147523489382857,0.6638213901004542
2020-01-14,2020-01-15,train,5.995599269866943,0.8397307047683045,0.7051476565306734
2020-01-15,2020-01-15,train,5.982356071472168,-0.22112628430535075,0.04889683361069081
2020-01-16,2020-01-22,train,6.037223815917969,0.9129790903779078,0.8335308194672719
2020-01-17,2020-01-22,train,6.110063552856445,1.199290142203413,1.4382968451862825
2020-01-20,2020-01-22,train,6.126144409179688,0.2628406714081155,0.06908521854626895
2020-01-21,2020-01-22,train,6.144118785858154,0.2929748001255561,0.08583423350860955
2020-01-22,2020-01-22,train,6.096819877624512,-0.7728025592480092,0.5972237955802728
2020-01-23,2020-01-29,train,6.109117031097412,0.20149469435093437,0.04060011185157646
2020-01-24,2020-01-29,train,6.193309783935547,1.3687391686533878,1.8734469118059673
2020-01-27,2020-01-29,train,6.0457377433776855,-2.4116123796311895,5.815874269590409
2020-01-28,2020-01-29,train,6.078846454620361,0.5461431583478227,0.2982723494101349
2020-01-29,2020-01-29,train,6.168712615966797,1.4675213834035805,2.1536190107467585
2020-01-30,2020-02-05,train,6.0665483474731445,-1.670036189232782,2.789020873347152
2020-01-31,2020-02-05,train,6.005059719085693,-1.0187401684649044,1.037831530843902
2020-02-03,2020-02-05,train,6.050466537475586,0.7532982325940685,0.5674582272293472
2020-02-04,2020-02-05,train,6.220742225646973,2.7753845812138245,7.702759573639436
2020-02-05,2020-02-05,train,6.386289119720459,2.626413874682254,6.898049841123451
2020-02-06,2020-02-12,train,6.431695938110352,0.7084890194572813,0.5019566906915399
2020-02-07,2020-02-12,train,6.374936103820801,-0.8864189391319055,0.7857385356517328
2020-02-10,2020-02-12,train,6.402370452880859,0.42942369891223464,0.18440471318746554
2020-02-11,2020-02-12,train,6.5480499267578125,2.249897916044441,5.062040632621119
2020-02-12,2020-02-12,train,6.69373083114624,2.200410730175939,4.8418073814734095
2020-02-13,2020-02-19,train,6.709812641143799,0.2399636744975231,0.057582565078353215
2020-02-14,2020-02-19,train,6.724001407623291,0.21123966289988694,0.04462219518205787
2020-02-17,2020-02-19,train,6.738192081451416,0.21082268793202186,0.044446205746882676
2020-02-18,2020-02-19,train,6.76373291015625,0.37832915210465057,0.14313294733222381
2020-02-19,2020-02-19,train,7.092933177947998,4.7524018040939975,22.58532290755588
2020-02-20,2020-02-26,train,7.09482479095459,0.026665425530181253,0.0007110449187056421
2020-02-21,2020-02-26,train,7.091041088104248,-0.05334468790731961,0.002845655727929331
2020-02-24,2020-02-26,train,6.86306095123291,-3.26786236844685,10.678924459111055
2020-02-25,2020-02-26,train,6.728732109069824,-1.976681301177985,3.9072689664266913
2020-02-26,2020-02-26,train,6.653052806854248,-1.1310913982925053,1.2793677512912949
2020-02-27,2020-03-04,train,6.309663772583008,-5.299342774655624,28.08303384329477
2020-02-28,2020-03-04,train,6.137496471405029,-2.766547208464587,7.6537834566631995
2020-03-02,2020-03-04,train,6.197093486785889,0.9663471482971309,0.933826811021997
2020-03-03,2020-03-04,train,6.370206832885742,2.7551549218093108,7.590878643170069
2020-03-04,2020-03-04,train,6.378721237182617,0.13357053261207064,0.017841087182272224
2020-03-05,2020-03-11,train,6.438317775726318,0.929964682053086,0.8648343098660973
2020-03-06,2020-03-11,train,6.08925199508667,-5.574204197510246,31.071752435540848
2020-03-09,2020-03-11,train,5.540585041046143,-9.442515080876213,89.1610910525747
2020-03-10,2020-03-11,train,5.445987701416016,-1.7220962289849595,2.965615421884218
2020-03-11,2020-03-11,train,5.3211188316345215,-2.3195548030233715,5.380334484228792
2020-03-12,2020-03-18,train,4.642380237579346,-13.64563709957336,186.20341185325287
2020-03-13,2020-03-18,train,4.767722129821777,2.66414329787219,7.09765951159731
2020-03-16,2020-03-18,train,4.445617198944092,-6.994993819077133,48.929938528927295
2020-03-17,2020-03-18,train,4.637650966644287,4.228926912536046,17.883822831571656
2020-03-18,2020-03-18,train,4.366154193878174,-6.032540638681461,36.391546557343325
2020-03-19,2020-03-25,train,4.422913551330566,1.2916078967513123,1.6682509589503485
2020-03-20,2020-03-25,train,4.605961322784424,4.055275078698917,16.445255963916505
2020-03-23,2020-03-25,train,4.256895065307617,-7.881136759947482,62.1123166289955
2020-03-24,2020-03-25,train,4.702449321746826,9.954346863409125,99.08902147706308
2020-03-25,2020-03-25,train,4.947457790374756,5.079036169203066,25.796608408072956
2020-03-26,2020-04-01,train,5.053408145904541,2.118902908272302,4.48974953468482
2020-03-27,2020-04-01,train,4.701031684875488,-7.2280903986952305,52.24529081171018
2020-03-30,2020-04-01,train,4.707180500030518,0.13071167847085174,0.017085542888667326
2020-03-31,2020-04-01,train,4.836778163909912,2.7159721626353495,7.376504788210137
2020-04-01,2020-04-01,train,4.681638717651367,-3.26006284746736,10.628009769436991
2020-04-02,2020-04-08,train,4.711436748504639,0.6344701673300035,0.4025523932317626
2020-04-03,2020-04-08,train,4.697721004486084,-0.2915405202775112,0.08499587496368192
2020-04-06,2020-04-08,train,4.913402557373047,4.488918855639845,20.150392492518936
2020-04-07,2020-04-08,train,5.101651668548584,3.75976568667995,14.135838018735956
2020-04-08,2020-04-08,train,5.161248207092285,1.1614106961306936,1.3488748050867823
2020-04-09,2020-04-15,train,5.235980987548828,1.4375766099332221,2.0666265094270955
2020-04-14,2020-04-15,train,5.288009643554688,0.9887709276550583,0.9776679473758444
2020-04-15,2020-04-15,train,5.106381416320801,-3.495091055402555,12.215661485554945
2020-04-16,2020-04-22,train,5.163140296936035,1.1053963397067212,1.221901067837017
2020-04-17,2020-04-22,train,5.279495716094971,2.2285605783170848,4.966482251228979
2020-04-20,2020-04-22,train,5.2861175537109375,0.12534697823745056,0.015711864953259904
2020-04-21,2020-04-22,train,5.053408145904541,-4.502115858893574,20.26904720690102
2020-04-22,2020-04-22,train,5.134761333465576,1.5970467874969252,2.550558441454249
2020-04-23,2020-04-29,train,5.241657257080078,2.06043548551067,4.24539438995159
2020-04-24,2020-04-29,train,5.110166072845459,-2.540581549924803,6.454554611818314
2020-04-27,2020-04-29,train,5.183952808380127,1.433595242092256,2.055195318149554
2020-04-28,2020-04-29,train,5.3438215255737305,3.0373182829239287,9.225302351783963
2020-04-29,2020-04-29,train,5.524503707885742,3.3252378226105828,11.05720657691997
2020-04-30,2020-05-06,train,5.410986423492432,-2.076200714172405,4.310609405530004
2020-05-04,2020-05-06,train,5.179222583770752,-4.37764449453526,19.16377132053487
2020-05-05,2020-05-06,train,5.366525173187256,3.552565307505584,12.620720264092245
2020-05-06,2020-05-06,train,5.390175819396973,0.439738621294139,0.1933700550576702
2020-05-07,2020-05-13,train,5.436528205871582,0.8562655740026015,0.7331907332220047
2020-05-08,2020-05-13,train,5.581262588500977,2.6274361455528528,6.903420698957632
2020-05-11,2020-05-13,train,5.605858325958252,0.4397159425599373,0.19335011014137407
2020-05-12,2020-05-13,train,5.703292846679688,1.7231519876208523,2.969252772441694
2020-05-13,2020-05-13,train,5.513152122497559,-3.390716779845593,11.496960281126466
2020-05-14,2020-05-20,train,5.365133762359619,-2.7215224463854826,7.406684426180022
2020-05-15,2020-05-20,train,5.419325828552246,1.005011366090014,1.010047845970116
2020-05-18,2020-05-20,train,5.650361061096191,4.174802589631033,17.428976662389974
2020-05-19,2020-05-20,train,5.734978675842285,1.4864584590142282,2.209558750374954
2020-05-20,2020-05-20,train,5.772058010101318,0.6444658795750957,0.41533626993650175
2020-05-21,2020-05-27,train,5.65511417388916,-2.046839185612992,4.1895506517608565
2020-05-22,2020-05-27,train,5.6722283363342285,0.3021745912953122,0.09130948362448897
2020-05-25,2020-05-27,train,5.793925762176514,2.122804120758337,4.506297335108576
2020-05-26,2020-05-27,train,5.844315052032471,0.8659316390654759,0.7498376035346216
2020-05-27,2020-05-27,train,5.762549877166748,-1.4089339017355096,1.9850947394596465
2020-05-28,2020-06-03,train,5.875690937042236,1.9443595661274182,3.780534122391202
2020-05-29,2020-06-03,train,5.779664516448975,-1.6478020557284534,2.715251614862917
2020-06-02,2020-06-03,train,5.935588359832764,2.662051820822775,7.086519896745852
2020-06-03,2020-06-03,train,5.985978603363037,0.8453677906435031,0.7146467014574777
2020-06-04,2020-06-10,train,5.969815731048584,-0.27037738704394076,0.07310393142470895
2020-06-05,2020-06-10,train,6.178032398223877,3.428377750367262,11.753773999213287
2020-06-08,2020-06-10,train,6.155213832855225,-0.37003382528897344,0.13692503185799051
2020-06-09,2020-06-10,train,6.112429141998291,-0.6975237935245682,0.48653944253290443
2020-06-10,2020-06-10,train,6.079153537750244,-0.5458796901478102,0.29798463611586934
2020-06-11,2020-06-17,train,5.7701568603515625,-5.216619986784332,27.213124086517766
2020-06-12,2020-06-17,train,5.851922035217285,1.407089465727429,1.979900764561102
2020-06-15,2020-06-17,train,5.864282608032227,0.21099968423519133,0.04452086674735045
2020-06-16,2020-06-17,train,6.068695068359375,3.4263444305874247,11.739836157017463
2020-06-17,2020-06-17,train,6.011648654937744,-0.9444571904969834,0.8919993846814552
2020-06-18,2020-06-24,train,6.006896018981934,-0.07908838103922733,0.0062549720154060125
2020-06-19,2020-06-24,train,6.116233348846436,1.8038295429101625,3.253801019875486
2020-06-22,2020-06-24,train,6.029714107513428,-1.4246843246790597,2.0297254249862284
2020-06-23,2020-06-24,train,6.122888565063477,1.5334375002711287,2.351430567237768
2020-06-24,2020-06-24,train,5.982176303863525,-2.3249540760628795,5.4054114558013975
2020-06-25,2020-07-01,train,5.941293716430664,-0.6857525128844077,0.4702565089272798
2020-06-26,2020-07-01,train,5.908967018127441,-0.5455876324622189,0.2976658646957292
2020-06-29,2020-07-01,train,6.006896018981934,1.6437115029072746,2.7017875047896913
2020-06-30,2020-07-01,train,6.056334495544434,0.8196602608798509,0.6718429432656252
2020-07-01,2020-07-01,train,6.15616512298584,1.6349290361718616,2.6729929533178525
2020-07-02,2020-07-08,train,6.279763698577881,1.9878313443168816,3.9514734534486604
2020-07-03,2020-07-08,train,6.30543327331543,0.4079333901896742,0.166409650831641
2020-07-06,2020-07-08,train,6.455653667449951,2.354459840300671,5.543481139588661
2020-07-07,2020-07-08,train,6.484176635742188,0.4408560826563823,0.194354085615131
2020-07-08,2020-07-08,train,6.552631855010986,1.0501933579860623,1.1029060891580416
2020-07-09,2020-07-15,train,6.485126972198486,-1.035538192423946,1.0723393479686534
2020-07-10,2020-07-15,train,6.533616542816162,0.7449228074804193,0.5549099891045098
2020-07-13,2020-07-15,train,6.642953872680664,1.6596099891713179,2.7543053161572217
2020-07-14,2020-07-15,train,6.507945537567139,-2.053290412510278,4.216001518106627
2020-07-15,2020-07-15,train,6.732324123382568,3.389660105387815,11.489795630057733
2020-07-16,2020-07-22,train,6.715211868286133,-0.2545040867517834,0.06477233017335927
2020-07-17,2020-07-22,train,6.768454074859619,0.789733052041397,0.6236782934866199
2020-07-20,2020-07-22,train,6.930081844329834,2.3598911788216714,5.569086375880338
2020-07-21,2020-07-22,train,6.890150547027588,-0.5778688417247047,0.33393239823625176
2020-07-22,2020-07-22,train,6.921525001525879,0.45431864299823044,0.20640542937575357
2020-07-23,2020-07-29,train,7.042271614074707,1.7294669282771125,2.991055856004271
2020-07-24,2020-07-29,train,6.768454074859619,-3.9658079083723097,15.727632366108354
2020-07-27,2020-07-29,train,6.755142211914063,-0.1968687464887875,0.03875730334406648
2020-07-28,2020-07-29,train,6.783666133880615,0.42136594951864836,0.17754926341375213
2020-07-29,2020-07-29,train,6.715211868286133,-1.0142302550712579,1.0286630103019088
2020-07-30,2020-08-05,train,6.67908239364624,-0.539476907971892,0.2910353342349132
2020-07-31,2020-08-05,train,6.65246057510376,-0.3993814368064674,0.15950553206559834
2020-08-03,2020-08-05,train,6.8274006843566895,2.595723032140662,6.737778059585513
2020-08-04,2020-08-05,train,7.035616397857666,3.004127762547837,9.024783613710673
2020-08-05,2020-08-05,train,7.078400611877441,0.60626744375194,0.3675602133535117
2020-08-06,2020-08-12,train,7.21816349029541,1.9552576414987977,3.823032444639441
2020-08-07,2020-08-12,train,7.408314228057861,2.6002357515049646,6.761225963404588
2020-08-10,2020-08-12,train,7.395003795623779,-0.17983044071385734,0.03233898740734016
2020-08-11,2020-08-12,train,7.403560638427734,0.11564424097647574,0.01337359047102519
2020-08-12,2020-08-12,train,7.358874320983887,-0.6054076316398982,0.3665184004478307
2020-08-13,2020-08-19,train,7.516700267791748,2.122027196185061,4.502999421349032
2020-08-14,2020-08-19,train,7.476768970489502,-0.5326504637097162,0.28371651649017576
2020-08-17,2020-08-19,train,7.501489162445068,0.3300812975820744,0.10895366301346594
2020-08-18,2020-08-19,train,7.465360164642334,-0.48278788927373917,0.23308414602939223
2020-08-19,2020-08-19,train,7.641249656677246,2.3287480497845348,5.423067479375274
2020-08-20,2020-08-26,train,7.551878929138184,-1.1764760344871394,1.384095859722585
2020-08-21,2020-08-26,train,7.578500747680664,0.3518992461959414,0.12383307947327175
2020-08-24,2020-08-26,train,7.577548503875732,-0.012565857901059019,0.00015790078478960737
2020-08-25,2020-08-26,train,7.754390239715576,2.3069434549841894,5.321988104494388
2020-08-26,2020-08-26,train,7.8798909187316895,1.6054895454893803,2.577596680675697
2020-08-27,2020-09-02,train,7.83900785446167,-0.5201783794941406,0.27058554649315014
2020-08-28,2020-09-02,train,7.901758670806885,0.7973074076933706,0.6356991023627226
2020-08-31,2020-09-02,train,7.849464893341064,-0.6639988237909122,0.4408944379957149
2020-09-01,2020-09-02,train,7.891300201416016,0.5315549317711721,0.2825506454902554
2020-09-02,2020-09-02,train,7.933132648468018,0.528708294254221,0.2795324604132079
2020-09-03,2020-09-09,train,7.561386585235596,-4.799341115856892,23.03367514635448
2020-09-04,2020-09-09,train,7.311337947845459,-3.3628297304399313,11.308623795930702
2020-09-07,2020-09-09,train,7.555681228637695,3.287347408880792,10.806652986675257
2020-09-08,2020-09-09,train,7.4491963386535645,-1.4193608337188746,2.014585176295139
2020-09-09,2020-09-09,train,7.615580081939697,2.2090007102651743,4.879684137952045
2020-09-10,2020-09-16,train,7.563288688659668,-0.6890052340327468,0.47472821252452024
2020-09-11,2020-09-16,train,7.496735095977783,-0.8838502102263224,0.7811911941171142
2020-09-14,2020-09-16,train,7.595613956451416,1.3103364479926327,1.7169816069379495
2020-09-15,2020-09-16,train,7.828549385070801,3.0206259412661307,9.124181077049899
2020-09-16,2020-09-16,train,7.935035228729248,1.3510564512873469,1.825353534565159
2020-09-17,2020-09-23,train,7.7258687019348145,-2.67135238456353,7.136123562513259
2020-09-18,2020-09-23,train,7.734424591064453,0.11068211761502411,0.012250531159746031
2020-09-21,2020-09-23,train,7.565189838409424,-2.2123649733035045,4.894558775100216
2020-09-22,2020-09-23,train,7.700197696685791,1.7688562194884128,3.12885232522284
2020-09-23,2020-09-23,train,7.897004127502441,2.5237459758149505,6.369293750442157
2020-09-24,2020-09-30,train,7.721114158630371,-2.252478849294004,5.07366096651684
2020-09-25,2020-09-30,train,7.8561201095581055,1.7334185140649883,3.004739744903272
2020-09-28,2020-09-30,train,8.22691822052002,4.611862793041999,21.269278421845144
2020-09-29,2020-09-30,train,8.36858081817627,1.7072826591152612,2.9148140781156773
2020-09-30,2020-09-30,train,8.649053573608398,3.29655871502883,10.867299361632531
2020-10-01,2020-10-07,train,8.830650329589844,2.0778760411992003,4.317568842589661
2020-10-02,2020-10-07,train,8.916216850280762,0.9643074789929429,0.929888914041725
2020-10-05,2020-10-07,train,9.084503173828123,1.8698277223750726,3.4962557113623514
2020-10-06,2020-10-07,train,9.297473907470703,2.3172726482734607,5.369752526436298
2020-10-07,2020-10-07,train,9.726263046264648,4.508701688348005,20.32839091451215
2020-10-08,2020-10-14,train,9.91831874847412,1.9553668638751631,3.8234595723409908
2020-10-09,2020-10-14,train,9.865077018737791,-0.5382479216608616,0.28971082517223695
2020-10-12,2020-10-14,train,9.612173080444336,-2.5970622299377855,6.744732226169423
2020-10-13,2020-10-14,train,9.758591651916504,1.511776763699979,2.2854689832631823
2020-10-14,2020-10-14,train,9.863173484802246,1.0659879219258261,1.1363302496917411
2020-10-15,2020-10-21,train,9.661613464355469,-2.0647311700080273,4.263114804402718
2020-10-16,2020-10-21,train,9.745279312133787,0.8622335072770326,0.7434466210712527
2020-10-19,2020-10-21,train,9.712952613830566,-0.3322678871060969,0.11040194880194995
2020-10-20,2020-10-21,train,9.773802757263184,0.6245302520193174,0.39003803568731216
2020-10-21,2020-10-21,train,9.504737854003906,-2.7915222534386164,7.79259649144301
2020-10-22,2020-10-28,train,9.201446533203123,-3.2429692195104387,10.516849358692143
2020-10-23,2020-10-28,train,9.298421859741213,1.048398969359976,1.0991403989550599
2020-10-26,2020-10-28,train,9.102568626403809,-2.128805292801106,4.531811974658002
2020-10-27,2020-10-28,train,9.091157913208008,-0.12543570628151812,0.015734116410343287
2020-10-28,2020-10-28,train,9.03030776977539,-0.6715833388352355,0.4510241810010827
2020-10-29,2020-11-04,train,9.19478988647461,1.805055706990366,3.2582261053384904
2020-10-30,2020-11-04,train,9.17197322845459,-0.24845607921868407,0.06173042330072101
2020-11-02,2020-11-04,train,9.287964820861816,1.2567010640771592,1.5792975644526641
2020-11-03,2020-11-04,train,9.422974586486816,1.4431355456536288,2.082640203128997
2020-11-04,2020-11-04,train,9.331700325012209,-0.9733571233071281,0.9474240894927277
2020-11-05,2020-11-11,train,9.789015769958496,4.784367624404684,22.890173565451718
2020-11-06,2020-11-11,train,9.8726806640625,0.8510496473323137,0.7242855022244555
2020-11-09,2020-11-11,train,10.167417526245115,2.9416833519601226,8.653500943199344
2020-11-10,2020-11-11,train,9.789015769958496,-3.7927329992924363,14.3848236039218
2020-11-11,2020-11-11,train,10.119879722595217,3.3240861403955435,11.049548668769742
2020-11-12,2020-11-18,train,10.18940258026123,0.6846438805205413,0.46873724313422516
2020-11-13,2020-11-18,train,10.038687705993652,-1.49018183284495,2.2206418949411346
2020-11-16,2020-11-18,train,10.052042961120604,0.1329494413659038,0.017675553959505895
2020-11-17,2020-11-18,train,10.010072708129885,-0.41840367098671116,0.17506163189515606
2020-11-18,2020-11-18,train,10.03105640411377,0.209406401548895,0.04385104100965705
2020-11-19,2020-11-25,train,10.032964706420898,0.019022132227330957,0.00036184151447406297
2020-11-20,2020-11-25,train,10.172231674194336,1.3785480790335924,1.9003948062072078
2020-11-23,2020-11-25,train,10.280976295471191,1.0633602915906426,1.1307351097317364
2020-11-24,2020-11-25,train,10.511815071105955,2.22046435230312,4.930461939848914
2020-11-25,2020-11-25,train,10.5747709274292,0.5971193571675748,0.35655152670421775
2020-11-26,2020-12-02,train,10.668251991271973,0.880116428098443,0.7746049270087618
2020-11-27,2020-12-02,train,10.851398468017578,1.7021735472372512,2.8973947849142467
2020-11-30,2020-12-02,train,10.782720565795898,-0.6349057506593425,0.4031053122203032
2020-12-01,2020-12-02,train,10.65680694580078,-1.17460674090486,1.3797009957791369
2020-12-02,2020-12-02,train,10.458398818969728,-1.8793467487586035,3.5319442020695337
2020-12-03,2020-12-09,train,10.43741226196289,-0.20086862368700054,0.04034820398190983
2020-12-04,2020-12-09,train,10.389719009399414,-0.45799236878720784,0.2097570098673178
2020-12-07,2020-12-09,train,10.44504451751709,0.5310896673918375,0.28205623481037256
2020-12-08,2020-12-09,train,10.666343688964844,2.096567742544231,4.395596299077012
2020-12-09,2020-12-09,train,10.672067642211914,0.053649292775581614,0.0028782466153200736
2020-12-10,2020-12-16,train,10.56523323059082,-1.0061100839405146,1.0122575010067894
2020-12-11,2020-12-16,train,10.65680694580078,0.8630111224616765,0.7447881974925629
2020-12-14,2020-12-16,train,10.813241958618164,1.4572652527341745,2.1236220168263977
2020-12-15,2020-12-16,train,11.169997215270996,3.2459873422823637,10.536433826257323
2020-12-16,2020-12-16,train,11.171905517578123,0.017082719718031214,0.00029181931296481245
2020-12-17,2020-12-23,train,11.33215618133545,1.4242173226852728,2.0283949822368066
2020-12-18,2020-12-23,train,11.677462577819824,3.0016344548470464,9.009809400524926
2020-12-21,2020-12-23,train,11.696539878845217,0.16323524648238497,0.026645745694164974
2020-12-22,2020-12-23,train,12.245980262756348,4.590468011051296,21.072396560485245
2020-12-23,2020-12-23,train,12.514973640441896,2.1728077319734584,4.721093440123645
2020-12-28,2020-12-30,train,12.63707160949707,0.9708866769378766,0.9426209394554727
2020-12-29,2020-12-30,train,12.371891021728516,-2.1207639090058628,4.497639557741827
2020-12-30,2020-12-30,train,12.478726387023926,0.8598259088112403,0.7393005934630754
2021-01-04,2021-01-06,train,12.831664085388184,2.789056748538643,7.778837546568948
2021-01-05,2021-01-06,train,13.02053451538086,1.4611816449248582,2.1350517994653146
2021-01-06,2021-01-06,train,13.93053913116455,6.755580057966704,45.63786191959741
2021-01-07,2021-01-13,train,15.027506828308104,7.579882039248309,57.454611728919105
2021-01-08,2021-01-13,train,14.789037704467772,-1.599609964312343,2.558752037927335
2021-01-11,2021-01-13,train,14.424654006958008,-2.494738422177134,6.223719795086856
2021-01-12,2021-01-13,train,14.388405799865724,-0.25160969684221435,0.06330743954503101
2021-01-13,2021-01-13,train,14.666940689086914,1.9173298937198435,3.6761539213517467
2021-01-14,2021-01-20,train,14.59444522857666,-0.4955035898996485,0.24552380760343903
2021-01-15,2021-01-20,train,13.85232162475586,-5.218814760167234,27.236027500939386
2021-01-18,2021-01-20,train,13.848506927490234,-0.02754211689044439,0.0007585682028069022
2021-01-19,2021-01-20,train,14.12704086303711,1.9913328721277157,3.9654066076164174
2021-01-20,2021-01-20,train,14.0869779586792,-0.2839930854045658,0.08065207255760501
2021-01-21,2021-01-27,train,14.556288719177246,3.277229299610296,10.74023188222419
2021-01-22,2021-01-27,train,14.60207462310791,0.31405014763294936,0.0986274952282773
2021-01-25,2021-01-27,train,14.697463989257812,0.6511345071684715,0.42397614642552833
2021-01-26,2021-01-27,train,14.523856163024902,-1.1882411060732068,1.4119169261620779
2021-01-27,2021-01-27,train,13.909555435180664,-4.3216504766540265,18.676662842363974
2021-01-28,2021-02-03,train,13.693976402282717,-1.5619987855380213,2.4398402060222533
2021-01-29,2021-02-03,train,13.602404594421388,-0.670947195499938,0.450170139149232
2021-02-01,2021-02-03,train,13.640559196472168,0.28010628572014973,0.07845953129993816
2021-02-02,2021-02-03,train,13.982049942016602,2.4726711578950678,6.1141026550861355
2021-02-03,2021-02-03,train,14.117501258850098,0.9640891771597548,0.9294679415165732
2021-02-04,2021-02-10,train,14.169011116027832,0.36420123790250614,0.13264254168971787
2021-02-05,2021-02-10,train,14.195719718933104,0.18832268110897665,0.03546543222007331
2021-02-08,2021-02-10,train,14.266308784484863,0.49602374809003535,0.24603955866928684
2021-02-09,2021-02-10,train,14.163286209106444,-0.7247590151154171,0.5252756299910694
2021-02-10,2021-02-10,train,13.919092178344728,-1.7391702547577381,3.024713175034096
2021-02-11,2021-02-17,train,14.069807052612305,1.0769721936339405,1.1598691058607018
2021-02-12,2021-02-17,train,13.701607704162598,-2.6517981025120374,7.032033176486442
2021-02-15,2021-02-17,train,13.85232162475586,1.0939668303955319,1.1967634260056463
2021-02-16,2021-02-17,train,13.697793006896973,-1.1218119451883446,1.2584620403672575
2021-02-17,2021-02-17,train,13.201772689819336,-3.688361021101816,13.60400702198323
2021-02-18,2021-02-24,train,12.686674118041992,-3.979895472006767,15.839567968099967
2021-02-19,2021-02-24,train,12.976655006408691,2.259981385932086,5.107515864759512
2021-02-22,2021-02-24,train,12.24025535583496,-5.842183512675758,34.13110819578046
2021-02-23,2021-02-24,train,11.648846626281738,-4.952296619659791,24.52524180909379
2021-02-24,2021-02-24,train,11.883502006530762,1.994387911463802,3.977583141392946
2021-02-25,2021-03-03,train,11.725156784057615,-1.3414366171841774,1.7994521979225293
2021-02-26,2021-03-03,train,11.744235038757324,0.16257991724781817,0.026432229492307405
2021-03-01,2021-03-03,train,12.219270706176758,3.965178642684908,15.722641668404528
2021-03-02,2021-03-03,train,11.858699798583984,-2.995251318149128,8.971530458874089
2021-03-03,2021-03-03,train,11.347417831420898,-4.407154423049553,19.423010108605236
2021-03-04,2021-03-10,train,10.817058563232422,-4.7865829571937635,22.911376406097794
2021-03-05,2021-03-10,train,9.97573184967041,-8.096905616037153,65.55988055501399
2021-03-08,2021-03-10,train,10.542340278625488,5.524422781411298,30.51924706777614
2021-03-09,2021-03-10,train,11.059344291687012,4.787615158404179,22.921258904981475
2021-03-10,2021-03-10,train,11.160456657409668,0.9101167367965957,0.8283124745972837
2021-03-11,2021-03-17,train,11.650754928588867,4.299410341074372,18.48492928093725
2021-03-12,2021-03-17,train,11.576351165771484,-0.6406654105608922,0.4104521682891566
2021-03-15,2021-03-17,train,11.59161376953125,0.1317561210951279,0.01735967544603401
2021-03-16,2021-03-17,train,11.561089515686035,-0.2636778189952782,0.06952599223010669
2021-03-17,2021-03-17,train,10.832322120666504,-6.51106539616908,42.39397259319042
2021-03-18,2021-03-24,train,10.698777198791504,-1.2404999152600293,1.53884003976014
2021-03-19,2021-03-24,train,10.727395057678224,0.26713008335685906,0.07135848143424248
2021-03-22,2021-03-24,train,10.90863037109375,1.6753497825341412,2.8067968938371943
2021-03-23,2021-03-24,train,10.937247276306152,0.2619892141003888,0.06863834830493935
2021-03-24,2021-03-24,train,10.645359992980955,-2.7050029442012846,7.317040928137618
2021-03-25,2021-03-31,train,10.32485294342041,-3.0570219830805545,9.345383405037767
2021-03-26,2021-03-31,train,10.572863578796388,2.3736782899012265,5.634348623948411
2021-03-29,2021-03-31,train,10.435504913330078,-1.3076752998693042,1.7100146898882747
2021-03-30,2021-03-31,train,10.866659164428713,4.048538343633101,16.390662719867453
2021-03-31,2021-03-31,train,11.21005916595459,3.1112205717872765,9.679693446312347
2021-04-01,2021-04-07,train,11.364587783813477,1.3690670942585026,1.8743447085814195
2021-04-06,2021-04-07,train,11.084145545959473,-2.4986427883834317,6.2432157839405305
2021-04-07,2021-04-07,train,10.677791595458984,-3.734972539211734,13.950019868665747
2021-04-08,2021-04-14,train,10.801796913146973,1.1546468438533353,1.3332093340204685
2021-04-09,2021-04-14,train,10.74647045135498,-0.513513058232995,0.26369566097580327
2021-04-12,2021-04-14,train,10.458398818969728,-2.7172000215998526,7.38317595738224
2021-04-13,2021-04-14,train,10.59003448486328,1.2508045630011289,1.5645120548244449
2021-04-14,2021-04-14,train,10.715948104858398,1.1819692929889491,1.3970514095687963
2021-04-15,2021-04-21,train,10.542340278625488,-1.633355261220748,2.667849409357498
2021-04-16,2021-04-21,train,10.727395057678224,1.7401198997418543,3.028017265477601
2021-04-19,2021-04-21,train,10.523261070251465,-1.9212608344338022,3.69124319392927
2021-04-20,2021-04-21,train,10.427873611450195,-0.9105771056094003,0.8291506652599929
2021-04-21,2021-04-21,train,10.483198165893556,0.5291424956044288,0.279991780654483
2021-04-22,2021-04-28,train,11.015467643737791,4.952663368701105,24.52887444367377
2021-04-23,2021-04-28,train,11.00783634185791,-0.06930206467026245,0.004802776167561239
2021-04-26,2021-04-28,train,11.047898292541504,0.3632796223429935,0.13197208400966798
2021-04-27,2021-04-28,train,11.120393753051758,0.6540487539145268,0.4277797724971452
2021-04-28,2021-04-28,train,10.824688911437988,-2.6951162140423257,7.263651407193839
2021-04-29,2021-05-05,train,10.603388786315918,-2.0655888654076193,4.266657360895936
2021-04-30,2021-05-05,train,10.521354675292969,-0.7766676413219376,0.6032126250765818
2021-05-03,2021-05-05,train,10.412612915039062,-1.0389118819332577,1.0793378984221031
2021-05-04,2021-05-05,train,9.908957481384276,-4.957870745687254,24.580482330941486
2021-05-05,2021-05-05,train,10.071120262145996,1.623280386643966,2.6350392136629837
2021-05-06,2021-05-12,train,9.72772216796875,-3.4692183245294217,12.035475783250728
2021-05-07,2021-05-12,train,9.968100547790527,2.441028427200198,5.958619782399473
2021-05-10,2021-05-12,train,9.695290565490724,-2.7749790152336473,7.700508534987103
2021-05-11,2021-05-12,train,9.535036087036133,-1.6667235162522775,2.777967279628356
2021-05-12,2021-05-12,train,9.421525955200195,-1.197595726995715,1.434235525318395
2021-05-13,2021-05-19,train,9.401848793029783,-0.2090716420531713,0.043710951510809386
2021-05-14,2021-05-19,train,9.659369468688965,2.7022023655132177,7.301897624185229
2021-05-17,2021-05-19,train,9.586613655090332,-0.7560659251564683,0.5716356831827063
2021-05-18,2021-05-19,train,9.770418167114258,1.8991551826259112,3.606790407694858
2021-05-19,2021-05-19,train,9.73404026031494,-0.37302188231942424,0.13914532468912638
2021-05-20,2021-05-26,train,10.051871299743652,3.2129768698529126,10.32322036620982
2021-05-21,2021-05-26,train,10.12079620361328,0.6833520859203635,0.4669700733317118
2021-05-25,2021-05-26,train,10.049955368041992,-0.7024143506500824,0.4933859199991769
2021-05-26,2021-05-26,train,10.172493934631348,1.211921113762715,1.4687527859838596
2021-05-27,2021-06-02,train,10.172493934631348,0.0,0.0
2021-05-28,2021-06-02,train,10.270139694213867,0.9553221368940434,0.9126403852398015
2021-05-31,2021-06-02,train,10.235676765441896,-0.33612864220571304,0.11298246411105625
2021-06-01,2021-06-02,train,10.164834022521973,-0.694522097223782,0.4823609435321205
2021-06-02,2021-06-02,train,10.023149490356444,-1.403675195338261,1.9703040540079049
2021-06-03,2021-06-09,train,9.988687515258787,-0.34441624878689403,0.11862255242843568
2021-06-04,2021-06-09,train,10.034638404846191,0.4589744025198961,0.21065750216849558
2021-06-07,2021-06-09,train,9.986772537231444,-0.478147708448029,0.22862523109410135
2021-06-08,2021-06-09,train,10.00017547607422,0.13411693313938322,0.01798735175471379
2021-06-09,2021-06-09,train,10.09399127960205,0.9337683551230214,0.8719233410291529
2021-06-10,2021-06-16,train,10.034638404846191,-0.5897375798143756,0.347790413045317
2021-06-11,2021-06-16,train,10.172493934631348,1.3644456441407105,1.8617119158145583
2021-06-14,2021-06-16,train,10.319920539855955,1.4388655755409374,2.070334144476753
2021-06-15,2021-06-16,train,10.15526008605957,-1.6084254067279424,2.587032289007947
2021-06-16,2021-06-16,train,10.35055446624756,1.9048283564457869,3.6283710675199576
2021-06-17,2021-06-23,train,10.46926212310791,1.1403457156490049,1.300388351199041
2021-06-18,2021-06-23,train,10.392675399780272,-0.7342277514063689,0.5390903909352526
2021-06-21,2021-06-23,train,10.348641395568848,-0.4246024570405904,0.18028724652490644
2021-06-22,2021-06-23,train,10.526700973510742,1.7059734229015966,2.9103453196465896
2021-06-23,2021-06-23,train,10.421395301818848,-1.005404571038282,1.0108383514646717
2021-06-24,2021-06-30,train,10.5343599319458,1.0781355583998398,1.1623762822861343
2021-06-25,2021-06-30,train,10.61860466003418,0.7965330168345996,0.6344648469076286
2021-06-28,2021-06-30,train,10.792837142944336,1.6275067354775352,2.6487781740247436
2021-06-29,2021-06-30,train,10.984302520751951,1.7584523441588118,3.09215464667762
2021-06-30,2021-06-30,train,10.836872100830078,-1.3512807245412706,1.8259595965167812
2021-07-01,2021-07-07,train,10.838788032531738,0.01767818553033429,0.00031251824364492066
2021-07-02,2021-07-07,train,10.831130027770996,-0.07067867131040906,0.0049954745782048405
2021-07-05,2021-07-07,train,10.848362922668455,0.1589787968420353,0.025274257845341135
2021-07-06,2021-07-07,train,10.976640701293944,1.1755256312035556,1.3818605096165177
2021-07-07,2021-07-07,train,10.967070579528809,-0.0872242826148728,0.007608075477679202
2021-07-08,2021-07-14,train,10.7105073928833,-2.367194042822307,5.603607636373418
2021-07-09,2021-07-14,train,10.697105407714844,-0.12520767302865998,0.01567696138525183
2021-07-12,2021-07-14,train,10.861764907836914,1.5275633608981654,2.3334498215584984
2021-07-13,2021-07-14,train,10.85027313232422,-0.1058562679793873,0.011205549470523856
2021-07-14,2021-07-14,train,10.603288650512695,-2.3026050106930374,5.3019898352686825
2021-07-15,2021-07-21,train,10.339066505432127,-2.5234617982856644,6.3678594474071195
2021-07-16,2021-07-21,train,10.339066505432127,0.0,0.0
2021-07-19,2021-07-21,train,10.176323890686035,-1.5865750094389952,2.5172202605763476
2021-07-20,2021-07-21,train,10.231846809387209,0.5441257475481631,0.29607282914484734
2021-07-21,2021-07-21,train,10.580310821533203,3.3489711768341035,11.2156079432656
2021-07-22,2021-07-28,train,10.61860466003418,0.3612815022218996,0.13052432384771243
2021-07-23,2021-07-28,train,10.517128944396973,-0.9602363206543174,0.9220537915037411
2021-07-26,2021-07-28,train,10.404163360595703,-1.079920685744451,1.1662286874987653
2021-07-27,2021-07-28,train,10.172493934631348,-2.251864453159813,5.070893515404744
2021-07-28,2021-07-28,train,10.432884216308594,2.5275356949273853,6.38843668913206
2021-07-29,2021-08-04,train,10.528615951538086,0.9134117315424906,0.8343209913194508
2021-07-30,2021-08-04,train,10.499896049499512,-0.27315218398964447,0.07461211561831259
2021-08-02,2021-08-04,train,10.540103912353516,0.3822044854881579,0.14608026872726748
2021-08-03,2021-08-04,train,10.670299530029297,1.2276735165652308,1.5071822632756402
2021-08-04,2021-08-04,train,10.72199535369873,0.48331349751333796,0.23359193687857535
2021-08-05,2021-08-11,train,10.67795753479004,-0.41156988803772165,0.16938977273938274
2021-08-06,2021-08-11,train,10.699018478393556,0.1970433086963208,0.03882606550199357
2021-08-09,2021-08-11,train,10.82155704498291,1.1388161138267794,1.2969021411115282
2021-08-10,2021-08-11,train,10.901969909667969,0.7403331156468074,0.5480931221233091
2021-08-11,2021-08-11,train,10.714337348937988,-1.7360714860198634,3.013944204571217
2021-08-12,2021-08-18,train,10.616690635681152,-0.9155432678109143,0.8382194752338876
2021-08-13,2021-08-18,train,10.60711669921875,-0.09021884679518699,0.008139440317053421
2021-08-16,2021-08-18,train,10.482665061950684,-1.180221618889954,1.3929230696952237
2021-08-17,2021-08-18,train,10.325664520263672,-1.5090449276482065,2.2772165936607807
2021-08-18,2021-08-18,train,10.513298988342283,1.8008528966085624,3.2430711552234497
2021-08-19,2021-08-25,train,10.501811027526855,-0.10933049554409102,0.011953157255916507
2021-08-20,2021-08-25,train,10.63392162322998,1.2501323558165467,1.5628309070594288
2021-08-23,2021-08-25,train,10.658811569213867,0.23378827974473992,0.05465695974600477
2021-08-24,2021-08-25,train,10.748798370361328,0.8407041366194079,0.7067834453289841
2021-08-25,2021-08-25,train,10.80432415008545,0.5152469440347307,0.26547941333712893
2021-08-26,2021-09-01,train,10.74497127532959,-0.5508581479814367,0.30344469919753847
2021-08-27,2021-09-01,train,10.74305820465088,-0.017805920133762143,0.00031705079180991606
2021-08-30,2021-09-01,train,10.825384140014648,0.7633962050613174,0.582773765902021
2021-08-31,2021-09-01,train,10.81581211090088,-0.08846118880856402,0.007825381925424412
2021-09-01,2021-09-01,train,10.905799865722656,0.8285597747667683,0.6865113003615578
2021-09-02,2021-09-08,train,11.035996437072754,1.1867588015100683,1.4083964529616138
2021-09-03,2021-09-08,train,10.87899684906006,-1.432829770526478,2.05300115130696
2021-09-06,2021-09-08,train,10.886653900146484,0.0703590394841136,0.004950394437127056
2021-09-07,2021-09-08,train,10.819640159606934,-0.6174610301298955,0.38125812372907175
2021-09-08,2021-09-08,train,10.654982566833496,-1.5335386497030257,2.3517407901329794
2021-09-09,2021-09-15,train,10.662640571594238,0.0718467067405637,0.005161949269464562
2021-09-10,2021-09-15,train,10.57265281677246,-0.8475352032016215,0.7183159206660138
2021-09-13,2021-09-15,train,10.635836601257324,0.5958366026854289,0.3550212570997137
2021-09-14,2021-09-15,train,10.670299530029297,0.32350266247522796,0.10465397262856127
2021-09-15,2021-09-15,train,10.43096923828125,-2.2684944464938184,5.1460670537732955
2021-09-16,2021-09-22,train,10.411823272705078,-0.18371790585400838,0.033752268931382286
2021-09-17,2021-09-22,train,10.38884735107422,-0.22091529057539638,0.04880356561001182
2021-09-20,2021-09-22,train,10.239505767822266,-1.447950707263912,2.096561250666063
2021-09-21,2021-09-22,train,10.385018348693848,1.4110870586866664,1.9911666871929874
2021-09-22,2021-09-22,train,10.528615951538086,1.3732654734367244,1.885858060533391
2021-09-23,2021-09-29,train,10.586055755615234,0.5440761435233643,0.2960188499512565
2021-09-24,2021-09-29,train,10.429055213928224,-1.4941958948179845,2.2326213720909176
2021-09-27,2021-09-29,train,10.507555961608888,0.7498932362037802,0.5623398657041785
2021-09-28,2021-09-29,train,10.289286613464355,-2.0991394450717404,4.406386409856094
2021-09-29,2021-09-29,train,10.300773620605469,0.1115781906636304,0.012449692631769456
2021-09-30,2021-10-06,train,10.245246887207031,-0.5405121499152177,0.29215338420597076
2021-10-01,2021-10-06,train,10.264395713806152,0.18673004240654656,0.034868108737150676
2021-10-04,2021-10-06,train,9.97145652770996,-2.895451578900854,8.383639845759449
2021-10-05,2021-10-06,train,10.055700302124023,0.8413003604807567,0.7077862965450512
2021-10-06,2021-10-06,train,9.988687515258787,-0.668646377702764,0.4470879784150274
2021-10-07,2021-10-13,train,10.229933738708496,2.38648986125658,5.69533385788045
2021-10-08,2021-10-13,train,10.116969108581545,-1.1103978985740337,1.23298349315763
2021-10-11,2021-10-13,train,10.245246887207031,1.2599755910337684,1.5875384900008942
2021-10-12,2021-10-13,train,10.492238998413086,2.3821961141765158,5.6748583263976915
2021-10-13,2021-10-13,train,10.720080375671388,2.1482812490762004,4.6151123251324
2021-10-14,2021-10-20,train,10.735397338867188,0.1427790702371201,0.020385862897776476
2021-10-15,2021-10-20,train,10.892398834228516,1.451874726484359,2.107940221404032
2021-10-18,2021-10-20,train,10.848362922668455,-0.40510054131428497,0.1641064485731267
2021-10-19,2021-10-20,train,11.12789821624756,2.5441122045316344,6.472506909246813
2021-10-20,2021-10-20,train,11.18342399597168,0.4977373714569744,0.2477424909448981
2021-10-21,2021-10-27,train,11.143216133117676,-0.36017874690634777,0.12972872972302693
2021-10-22,2021-10-27,train,11.09343719482422,-0.44772044347101136,0.20045359550187908
2021-10-25,2021-10-27,train,11.235119819641112,1.2690880679722127,1.6105845242694437
2021-10-26,2021-10-27,train,11.248519897460938,0.11919848899051289,0.014208279777621421
2021-10-27,2021-10-27,train,11.545292854309082,2.6041253492370853,6.781468834539171
2021-10-28,2021-11-03,train,11.753987312316896,1.7914719937255352,3.209371904302944
2021-10-29,2021-11-03,train,11.918646812438965,1.3911603992121435,1.9353272563360906
2021-11-01,2021-11-03,train,12.138829231262209,1.8305209293660862,3.35080687284728
2021-11-02,2021-11-03,train,11.97417163848877,-1.3657375374910963,1.8652390213122436
2021-11-03,2021-11-03,train,11.58166790008545,-3.3328472069701576,11.10787050500878
2021-11-04,2021-11-10,train,11.65059757232666,0.5933977862478734,0.3521209327238769
2021-11-05,2021-11-10,train,11.508913040161133,-1.22356903122407,1.497121174170609
2021-11-08,2021-11-10,train,11.71377944946289,1.764409740031514,3.1131417307180747
2021-11-09,2021-11-10,train,11.646767616271973,-0.5737195863816602,0.32915416379794327
2021-11-10,2021-11-10,train,11.656339645385742,0.08215238890367793,0.006749015002581145
2021-11-11,2021-11-17,train,11.877134323120115,1.8764858672562834,3.521199210012566
2021-11-12,2021-11-17,train,11.996252059936523,0.9979206420691611,0.9958456078677267
2021-11-15,2021-11-17,train,11.940536499023438,-0.4655232793185249,0.21671192358747335
2021-11-16,2021-11-17,train,11.921321868896484,-0.1610489341083987,0.02593675917745135
2021-11-17,2021-11-17,train,11.955904960632324,0.289674476565871,0.08391130237371133
2021-11-18,2021-11-24,train,11.748409271240234,-1.7507445041847092,3.0651063189329633
2021-11-19,2021-11-24,train,11.95974826812744,1.782885023127978,3.178679005694051
2021-11-22,2021-11-24,train,11.91939926147461,-0.33794376456381947,0.11420598800756625
2021-11-23,2021-11-24,train,11.535154342651367,-3.276799092647531,10.737412293575682
2021-11-24,2021-11-24,train,11.646583557128906,0.9613608191258116,0.9242146245502515
2021-11-25,2021-12-01,train,11.840630531311035,1.6524002266909754,2.730426509168387
2021-11-26,2021-12-01,train,11.350711822509766,-4.225642477110503,17.856054344360587
2021-11-29,2021-12-01,train,11.492884635925291,1.2447658967131403,1.5494421376200682
2021-11-30,2021-12-01,train,11.33534336090088,-1.380254097157252,1.9051013727193806
2021-12-01,2021-12-01,train,11.429483413696287,0.8270705537192669,0.6840457008294947
2021-12-02,2021-12-08,train,10.970307350158691,-4.100398990415632,16.813271880601537
2021-12-03,2021-12-08,train,10.695568084716797,-2.5362833254805928,6.432733107110894
2021-12-06,2021-12-08,train,10.7512845993042,0.5195787069809832,0.2699620327480304
2021-12-07,2021-12-08,train,11.127849578857422,3.4425692129237184,11.85128278577023
2021-12-08,2021-12-08,train,11.124005317687988,-0.03455227643316405,0.0011938598067137841
2021-12-09,2021-12-15,train,10.983757019042969,-1.2687867542438003,1.6098198277445177
2021-12-10,2021-12-15,train,10.705175399780272,-2.5690240112786977,6.599884370526491
2021-12-13,2021-12-15,train,10.672513961791992,-0.30556589020744873,0.09337051325827062
2021-12-14,2021-12-15,train,10.357430458068848,-2.996746706665032,8.980490823907717
2021-12-15,2021-12-15,train,10.263288497924805,-0.9130876029884494,0.8337289707311921
2021-12-16,2021-12-22,train,10.45541286468506,1.8546517033449117,3.4397329407201824
2021-12-17,2021-12-22,train,10.380484580993652,-0.7192261037106018,0.5172861882587333
2021-12-20,2021-12-22,train,9.984707832336426,-3.887285496917503,15.11098853454516
2021-12-21,2021-12-22,train,10.192203521728516,2.056836162052189,4.230574997525579
2021-12-22,2021-12-22,train,10.313241958618164,1.1805629172213727,1.3937288015182379
2021-12-23,2021-12-29,train,10.326688766479492,0.13029898155090258,0.01697782459320245
2021-12-27,2021-12-29,train,10.288265228271484,-0.372773887463973,0.13896037117500282
2021-12-28,2021-12-29,train,10.217178344726562,-0.6933492374693984,0.4807331650993962
2021-12-29,2021-12-29,train,10.18643856048584,-0.30131723842163893,0.0907920781700428
2021-12-30,2022-01-05,valid,10.221020698547363,0.3389169687886273,0.11486471173287138
2022-01-03,2022-01-05,valid,10.370878219604492,1.4555254697104836,2.118554392975924
2022-01-04,2022-01-05,valid,10.176833152770996,-1.8887829606167195,3.56750107231606
2022-01-05,2022-01-05,valid,9.982787132263184,-1.9251554431723328,3.706223480376061
2022-01-06,2022-01-12,valid,9.661938667297363,-3.266800481887122,10.671985388457934
2022-01-07,2022-01-12,valid,9.564915657043455,-1.0092533305054996,1.0185922851364433
2022-01-10,2022-01-12,valid,9.424664497375488,-1.4771649375158624,2.1820162526262417
2022-01-11,2022-01-12,valid,9.52649211883545,1.0746426035047385,1.1548567252674427
2022-01-12,2022-01-12,valid,9.528413772583008,0.02016964833120305,0.00040681471380440195
2022-01-13,2022-01-19,valid,9.57163906097412,0.45262034154984754,0.20486517358470063
2022-01-14,2022-01-19,valid,9.349737167358398,-2.345622907636402,5.501946824828649
2022-01-17,2022-01-19,valid,9.413137435913086,0.6758080645387299,0.4567165400955841
2022-01-18,2022-01-19,valid,9.252714157104492,-1.7189382233846917,2.95474861581292
2022-01-19,2022-01-19,valid,9.178747177124023,-0.8026208635148802,0.6442002505493719
2022-01-20,2022-01-26,valid,9.494791984558104,3.3852713892563724,11.460062378917769
2022-01-21,2022-01-26,valid,9.06635284423828,-4.61733648645235,21.319796229124137
2022-01-24,2022-01-26,valid,8.55338191986084,-5.8243320343515315,33.92284364637345
2022-01-25,2022-01-26,valid,8.611019134521484,0.671592689023992,0.4510367399504765
2022-01-26,2022-01-26,valid,8.918417930603027,3.5075891007697813,12.303181299838963
2022-01-27,2022-02-02,valid,8.833882331848145,-0.9523975653342731,0.907061122454651
2022-01-28,2022-02-02,valid,8.646560668945312,-2.143296181883958,4.593718523278352
2022-01-31,2022-02-02,valid,9.06827449798584,4.762037189943102,22.6769981984012
2022-02-01,2022-02-02,valid,9.145124435424805,0.8438885437077381,0.7121478742011671
2022-02-02,2022-02-02,valid,9.079800605773926,-0.7168656030162257,0.5138962927878169
2022-02-03,2022-02-09,valid,8.83484172821045,-2.7349041225404047,7.479700559488501
2022-02-04,2022-02-09,valid,8.769518852233887,-0.7421249466263102,0.5507494364051038
2022-02-07,2022-02-09,valid,8.764717102050781,-0.05476999757112466,0.0029997526339410013
2022-02-08,2022-02-09,valid,8.734938621520996,-0.3403325155981296,0.11582622117335113
2022-02-09,2022-02-09,valid,9.105738639831545,4.157391769523011,17.283906325297675
2022-02-10,2022-02-16,valid,9.02792739868164,-0.8582017398707897,0.7365102263172506
2022-02-11,2022-02-16,valid,8.903046607971191,-1.3929283464827247,1.9402493784350976
2022-02-14,2022-02-16,valid,8.78009033203125,-1.3906837683543838,1.9340013435643493
2022-02-15,2022-02-16,valid,9.020243644714355,2.6984649338508415,7.281712999222626
2022-02-16,2022-02-16,valid,9.005833625793457,-0.15987973172610914,0.02556152861681263
2022-02-17,2022-02-23,valid,9.042338371276855,0.4045262342364797,0.16364147418554725
2022-02-18,2022-02-23,valid,8.81467056274414,-2.550036754142404,6.502687447477127
2022-02-21,2022-02-23,valid,8.664813041687012,-1.714709613005505,2.940229056933489
2022-02-22,2022-02-23,valid,8.64367961883545,-0.24419727087754417,0.05963230710404068
2022-02-23,2022-02-23,valid,8.623505592346191,-0.23366907138497872,0.05460123492191828
2022-02-24,2022-03-02,valid,8.97317123413086,3.9747468148315424,15.79861224201349
2022-02-25,2022-03-02,valid,9.408333778381348,4.735671727304203,22.42658670878837
2022-02-28,2022-03-02,valid,10.21141529083252,8.191037200184725,67.09309041481002
2022-03-01,2022-03-02,valid,10.046188354492188,-1.631294631808533,2.6611221757673373
2022-03-02,2022-03-02,valid,9.94820499420166,-0.9801162051775947,0.9606277756517289
2022-03-03,2022-03-09,valid,9.736867904663086,-2.147263672672395,4.610741279978542
2022-03-04,2022-03-09,valid,9.71189308166504,-0.2568270209444279,0.0659601186871896
2022-03-07,2022-03-09,valid,10.19028091430664,4.808318913302401,23.11993077202158
2022-03-08,2022-03-09,valid,10.634088516235352,4.263032443642345,18.173445615547223
2022-03-09,2022-03-09,valid,10.64177417755127,0.07224770869074248,0.005219731411062387
2022-03-10,2022-03-16,valid,10.336297988891602,-2.9125439204100267,8.482912088317407
2022-03-11,2022-03-16,valid,10.48615264892578,1.4393814627899904,2.0718189954234525
2022-03-14,2022-03-16,valid,10.059635162353516,-4.152469360086775,17.243001786459466
2022-03-15,2022-03-16,valid,10.076927185058594,0.17174755707851652,0.02949722336243829
2022-03-16,2022-03-16,valid,10.244074821472168,1.645109882479634,2.7063865254321553
2022-03-17,2022-03-23,valid,10.36895751953125,1.211701645356289,1.4682208773591379
2022-03-18,2022-03-23,valid,10.536105155944824,1.5991456328288578,2.557266754995608
2022-03-21,2022-03-23,valid,10.47270393371582,-0.6035698114253751,0.3642965172640629
2022-03-22,2022-03-23,valid,10.628326416015623,1.475049335193468,2.1757705412546917
2022-03-23,2022-03-23,valid,10.628326416015623,0.0,0.0
2022-03-24,2022-03-30,valid,10.52649974822998,-0.9626876950691532,0.9267675982375588
2022-03-25,2022-03-30,valid,10.46501922607422,-0.585767023584749,0.34312300591933587
2022-03-28,2022-03-30,valid,10.509206771850586,0.4213515307323057,0.17753711245045714
2022-03-29,2022-03-30,valid,10.589900970458984,0.7649099955930883,0.5850873013582183
2022-03-30,2022-03-30,valid,10.649458885192873,0.5608273624394755,0.3145273304608188
2022-03-31,2022-04-06,valid,10.73975658416748,0.8443342444900637,0.7129003164186066
2022-04-01,2022-04-06,valid,10.805079460144045,0.6063919540475027,0.3677112019335486
2022-04-04,2022-04-06,valid,11.04331398010254,2.180883121333821,4.75625118891875
2022-04-05,2022-04-06,valid,11.193171501159668,1.3478729808396928,1.8167615724776787
2022-04-06,2022-04-06,valid,10.889615058898926,-2.749431677636238,7.559374549989619
2022-04-07,2022-04-13,valid,10.876165390014648,-0.12358546598130182,0.015273367401815511
2022-04-08,2022-04-13,valid,10.839662551879885,-0.33618679069009616,0.11302155823450652
2022-04-11,2022-04-13,valid,10.662908554077148,-1.6440636630575156,2.7029453281860962
2022-04-12,2022-04-13,valid,10.676356315612791,0.12603773745691882,0.015885511263259197
2022-04-13,2022-04-13,valid,10.659065246582031,-0.16208794155785355,0.026272500798462148
2022-04-14,2022-04-20,valid,10.676356315612791,0.16208794155785355,0.026272500798462148
2022-04-19,2022-04-20,valid,10.705175399780272,0.2695700383205768,0.07266800556015725
2022-04-20,2022-04-20,valid,10.62256145477295,-0.7747128423793548,0.600179988147499
2022-04-21,2022-04-27,valid,10.18643856048584,-4.1922895572953145,17.575291732207344
2022-04-22,2022-04-27,valid,9.97318172454834,-2.1157619850011855,4.476448777176157
2022-04-25,2022-04-27,valid,9.84445858001709,-1.2990946739847686,1.6876469719755922
2022-04-26,2022-04-27,valid,9.788740158081056,-0.5675954516301207,0.3221645967112007
2022-04-27,2022-04-27,valid,9.96741771697998,1.80887834572534,3.272040869634042
2022-04-28,2022-05-04,valid,9.850221633911133,-1.1827589272581207,1.3989186800087805
2022-04-29,2022-05-04,valid,10.090375900268556,2.408813257028486,5.802381307236183
2022-05-02,2022-05-04,valid,9.806034088134766,-2.8584168930044562,8.17054713421325
2022-05-03,2022-05-04,valid,10.07884693145752,2.7440944903726727,7.5300545720936585
2022-05-04,2022-05-04,valid,10.071165084838867,-0.07624657478713104,0.005813540166769567
2022-05-05,2022-05-11,valid,10.02889633178711,-0.4205839423429669,0.17689085255675213
2022-05-06,2022-05-11,valid,9.765686988830566,-2.6595645195372164,7.073283433581225
2022-05-09,2022-05-11,valid,9.150887489318848,-6.5024046060776275,42.28126566113954
2022-05-10,2022-05-11,valid,9.010637283325195,-1.544506816438318,2.385501306024428
2022-05-11,2022-05-11,valid,9.14031982421875,1.428957677502396,2.0419200440930414
2022-05-12,2022-05-18,valid,8.94255542755127,-2.1873986214346886,4.784712729054376
2022-05-13,2022-05-18,valid,9.332829475402832,4.271684492324468,18.247288401965346
2022-05-16,2022-05-18,valid,9.27019214630127,-0.6734128152309005,0.4534848197172069
2022-05-17,2022-05-18,valid,9.41570281982422,1.5574701149483339,2.4257131589571763
2022-05-18,2022-05-18,valid,9.611320495605469,2.05628137654732,4.228293099535341
2022-05-19,2022-05-25,valid,9.83681297302246,2.319015171244976,5.377831364464364
2022-05-20,2022-05-25,valid,9.763574600219728,-0.7473190352346837,0.5584857404240984
2022-05-23,2022-05-25,valid,9.867647171020508,1.0602859771414508,1.124206353322801
2022-05-24,2022-05-25,valid,9.671067237854004,-2.012277393168249,4.049260307056004
2022-05-25,2022-05-25,valid,9.790555953979492,1.2279573640756158,1.5078792879875345
2022-05-26,2022-06-01,valid,10.041102409362791,2.52686670903417,6.385055365225178
2022-05-27,2022-06-01,valid,10.282011032104492,2.3708956620731136,5.621146240437108
2022-05-30,2022-06-01,valid,10.38030242919922,0.951414648840121,0.9051898340275707
2022-05-31,2022-06-01,valid,10.295502662658691,-0.8202847884734243,0.6728671342008905
2022-06-01,2022-06-01,valid,10.18757438659668,-1.053838489742942,1.1105755624636848
2022-06-02,2022-06-08,valid,10.449685096740724,2.540306338144438,6.4531562916168035
2022-06-03,2022-06-08,valid,10.38994026184082,-0.5733788161193853,0.32876326677446793
2022-06-06,2022-06-08,valid,10.698304176330566,2.9247185201479287,8.55397842209629
2022-06-07,2022-06-08,valid,10.605794906616213,-0.8684699672593332,0.7542400840314273
2022-06-08,2022-06-08,valid,10.671320915222168,0.6159313725629723,0.37937145570730696
2022-06-09,2022-06-15,valid,10.538338661193848,-1.2539946355015097,1.5725025458665642
2022-06-10,2022-06-15,valid,10.233829498291016,-2.9321058487204343,8.597244708100579
2022-06-13,2022-06-15,valid,9.775138854980469,-4.585653904106213,21.028221728244553
2022-06-14,2022-06-15,valid,9.72695541381836,-0.4941370761498032,0.2441714500258764
2022-06-15,2022-06-15,valid,9.77706527709961,0.5138424977213063,0.26403411246447067
2022-06-16,2022-06-22,valid,9.488937377929688,-2.9912731567829365,8.947715098490153
2022-06-17,2022-06-22,valid,9.68263053894043,2.0206980730197444,4.083220702305708
2022-06-20,2022-06-22,valid,9.952447891235352,2.748492587065643,7.554211501154791
2022-06-21,2022-06-22,valid,10.064229011535645,1.1168915085060682,1.2474466417729606
2022-06-22,2022-06-22,valid,9.985212326049805,-0.7882224074004185,0.6212945635281113
2022-06-23,2022-06-29,valid,10.019902229309082,0.3468106911704183,0.12027765551010325
2022-06-24,2022-06-29,valid,10.108556747436523,0.8808929834915435,0.7759724483646329
2022-06-27,2022-06-29,valid,10.337902069091797,2.2434685932356313,5.033151328834663
2022-06-28,2022-06-29,valid,10.23961067199707,-0.9553355246616047,0.9126659646804635
2022-06-29,2022-06-29,valid,9.85801124572754,-3.7979149521537803,14.42415798379325
2022-06-30,2022-07-06,valid,10.012192726135254,1.5519173844119383,2.4084475680399917
2022-07-01,2022-07-06,valid,10.214557647705078,2.0010300244145185,4.004121158608369
2022-07-04,2022-07-06,valid,10.160593032836914,-0.5297113321889757,0.2805940954494194
2022-07-05,2022-07-06,valid,9.977502822875977,-1.8183968955733487,3.306567269830792
2022-07-06,2022-07-06,valid,10.218411445617676,2.3858295979723554,5.692182870560931
2022-07-07,2022-07-13,valid,10.742629051208496,5.002871289508848,25.028721139391923
2022-07-08,2022-07-13,valid,10.894885063171388,1.407356909883939,1.9806534717980693
2022-07-11,2022-07-13,valid,10.73106575012207,-1.5150542792567556,2.295389469094207
2022-07-12,2022-07-13,valid,10.571102142333984,-1.5018810801731064,2.2556467789819368
2022-07-13,2022-07-13,valid,10.586522102355955,0.14576270543269487,0.021246766295058575
2022-07-14,2022-07-20,valid,10.455467224121094,-1.2456671356613214,1.5516866128666809
2022-07-15,2022-07-20,valid,10.260812759399414,-1.8792968021046352,3.5317564704007087
2022-07-18,2022-07-20,valid,10.573030471801758,2.9974410864650025,8.984653066828495
2022-07-19,2022-07-20,valid,10.544122695922852,-0.2737849529867109,0.0749582004819355
2022-07-20,2022-07-20,valid,10.73106575012207,1.7574261790280765,3.0885467747332247
2022-07-21,2022-07-27,valid,10.58844757080078,-1.3379321059537208,1.7900623201417585
2022-07-22,2022-07-27,valid,10.638558387756348,0.47214298749569394,0.222919000641359
2022-07-25,2022-07-27,valid,10.632776260375977,-0.05436544174055591,0.002955601255645779
2022-07-26,2022-07-27,valid,10.655902862548828,0.21726675606985602,0.04720484329311832
2022-07-27,2022-07-27,valid,11.010520935058594,3.273726632981555,10.717286067492749
2022-07-28,2022-08-03,valid,11.831541061401367,7.19176724077113,51.721516045428785
2022-07-29,2022-08-03,valid,11.954888343811035,1.0371324418148031,1.075643701864736
2022-08-01,2022-08-03,valid,11.92404842376709,-0.2583024318976612,0.06672014632424592
2022-08-02,2022-08-03,valid,12.132195472717283,1.7305465014505472,2.9947911936827287
2022-08-03,2022-08-03,valid,11.76215934753418,-3.097515825352737,9.594604288310647
2022-08-04,2022-08-10,valid,11.958740234375,1.6574867798367254,2.7472624253335174
2022-08-05,2022-08-10,valid,12.082086563110352,1.0261494924350245,1.0529827808246583
2022-08-08,2022-08-10,valid,12.30179500579834,1.8021280836512776,3.2476656298846263
2022-08-09,2022-08-10,valid,12.19772243499756,-0.8495938506254852,0.7218097110206393
2022-08-10,2022-08-10,valid,12.560050964355469,2.9271970048096563,8.568482304966622
2022-08-11,2022-08-17,valid,12.62557888031006,0.5203607312570746,0.2707752906343974
2022-08-12,2022-08-17,valid,12.691104888916016,0.5176519604598084,0.2679635521678831
2022-08-15,2022-08-17,valid,12.79710578918457,0.8317689518243743,0.6918395892190182
2022-08-16,2022-08-17,valid,12.677614212036133,-0.9381257457790948,0.8800799148935828
2022-08-17,2022-08-17,valid,12.484888076782228,-1.5318818604460827,2.3466620343637516
2022-08-18,2022-08-24,valid,12.710376739501951,1.789976687367112,3.2040165413177393
2022-08-19,2022-08-24,valid,12.392377853393556,-2.5337131580616568,6.419702367334774
2022-08-22,2022-08-24,valid,12.369250297546388,-0.18680163058308885,0.0348948491885008
2022-08-23,2022-08-24,valid,12.348050117492676,-0.17154126782812362,0.02942640656808004
2022-08-24,2022-08-24,valid,12.61208724975586,2.115749426857949,4.47639563724974
2022-08-25,2022-08-31,valid,12.683396339416504,0.5638103601238065,0.3178821221829363
2022-08-26,2022-08-31,valid,12.614014625549316,-0.548529554498467,0.3008846721582866
2022-08-29,2022-08-31,valid,12.40201473236084,-1.6949529881370218,2.872865631994619
2022-08-30,2022-08-31,valid,12.28252410888672,-0.9681489905474905,0.9373124678981248
2022-08-31,2022-08-31,valid,12.18616008758545,-0.7876559175022724,0.6204018443763465
2022-09-01,2022-09-07,valid,11.99343204498291,-1.5941718384773207,2.5413838505941606
2022-09-02,2022-09-07,valid,12.049324989318848,0.4649470519983989,0.21617576116200188
2022-09-05,2022-09-07,valid,12.016559600830078,-0.27229756389135495,0.07414596330116653
2022-09-06,2022-09-07,valid,12.07823085784912,0.511906437189591,0.26204820043614063
2022-09-07,2022-09-07,valid,12.36154079437256,2.3185374382350243,5.375615852497429
2022-09-08,2022-09-14,valid,12.685322761535645,2.5855533075020976,6.685085905935036
2022-09-09,2022-09-14,valid,12.585104942321776,-0.7931669838854294,0.629113864325909
2022-09-12,2022-09-14,valid,12.490667343139648,-0.7532214329739606,0.5673425270913466
2022-09-13,2022-09-14,valid,12.525360107421877,0.27736447437183287,0.07693105164356313
2022-09-14,2022-09-14,valid,12.477176666259766,-0.3854288966556485,0.14855543437719057
2022-09-15,2022-09-21,valid,12.355758666992188,-0.9778865462221731,0.9562620972823302
2022-09-16,2022-09-21,valid,12.211214065551758,-1.1767527972718739,1.3847471458871798
2022-09-19,2022-09-21,valid,12.101358413696287,-0.9037003351574313,0.8166742957636537
2022-09-20,2022-09-21,valid,11.997286796569824,-0.8637187958490333,0.7460101583029041
2022-09-21,2022-09-21,valid,12.122560501098633,1.0387696857650397,1.0790424600643993
2022-09-22,2022-09-28,valid,11.634961128234863,-4.105376498043789,16.854116190690284
2022-09-23,2022-09-28,valid,11.40561294555664,-1.990885794028019,3.963626244862575
2022-09-26,2022-09-28,valid,11.345868110656738,-0.5251963340874521,0.27583118933889866
2022-09-27,2022-09-28,valid,11.411394119262695,0.5758705860902769,0.331626931923959
2022-09-28,2022-09-28,valid,11.284193992614746,-1.120935557217262,1.2564965234339733
2022-09-29,2022-10-05,valid,10.82357692718506,-4.167618126762074,17.369040850515816
2022-09-30,2022-10-05,valid,10.981613159179688,1.4495539693279103,2.1012067099943
2022-10-03,2022-10-05,valid,11.083758354187012,0.9258482196618179,0.8571949258509577
2022-10-04,2022-10-05,valid,11.332375526428224,2.2182894558005817,4.920808109716041
2022-10-05,2022-10-05,valid,10.806229591369627,-4.754093815007998,22.6014080018973
2022-10-06,2022-10-12,valid,10.794666290283203,-0.10706317232687113,0.011462522868693302
2022-10-07,2022-10-12,valid,10.600010871887209,-1.819712336211854,3.3113529865616034
2022-10-10,2022-10-12,valid,10.43233871459961,-1.594455330255773,2.542287800181046
2022-10-11,2022-10-12,valid,10.35139274597168,-0.778939797814937,0.606747208619975
2022-10-12,2022-10-12,valid,10.166376113891602,-1.8035259911137302,3.252706000622763
2022-10-13,2022-10-19,valid,10.087355613708496,-0.7803095468772447,0.608882988947771
2022-10-14,2022-10-19,valid,10.108556747436523,0.20995477834295784,0.04408100894904056
2022-10-17,2022-10-19,valid,10.201066970825195,0.9110051912323058,0.8299304584522101
2022-10-18,2022-10-19,valid,10.204919815063477,0.037761901195842995,0.0014259611819246085
2022-10-19,2022-10-19,valid,10.098920822143556,-1.0441369968622105,1.0902220682164359
2022-10-20,2022-10-26,valid,10.050739288330078,-0.47823760182308384,0.2287112037974945
2022-10-21,2022-10-26,valid,9.967864990234377,-0.8279775192482575,0.6855467723804985
2022-10-24,2022-10-26,valid,9.977502822875977,0.0966423229897817,0.00933973859286129
2022-10-25,2022-10-26,valid,10.181793212890623,2.0268305323443148,4.108042006843139
2022-10-26,2022-10-26,valid,10.478593826293944,2.873334682169215,8.256052195756464
2022-10-27,2022-11-02,valid,10.52870273590088,0.47706285760131806,0.22758897010273546
2022-10-28,2022-11-02,valid,10.399575233459473,-1.2340159209395019,1.5227952931321669
2022-10-31,2022-11-02,valid,10.507503509521484,1.032465952200523,1.0659859424533327
2022-11-01,2022-11-02,valid,10.650120735168455,1.3481606828062986,1.8175372266647454
2022-11-02,2022-11-02,valid,10.600010871887209,-0.47162019594781945,0.2224256092258596
2022-11-03,2022-11-09,valid,10.74455738067627,1.3544309428646706,1.8344831789892806
2022-11-04,2022-11-09,valid,10.619284629821776,-1.1727683308000447,1.3753855577275231
2022-11-07,2022-11-09,valid,10.526775360107422,-0.8749607249113112,0.7655562701373271
2022-11-08,2022-11-09,valid,10.694446563720703,1.5802548358980761,2.4972053463792556
2022-11-09,2022-11-09,valid,10.75226593017578,0.539192256645471,0.29072828962643543
2022-11-10,2022-11-16,valid,11.143503189086914,3.5740137897188884,12.77357456910077
2022-11-11,2022-11-16,valid,10.97968578338623,-1.4809835967423357,2.193312413819865
2022-11-14,2022-11-16,valid,10.910303115844728,-0.633923573111117,0.40185909654596574
2022-11-15,2022-11-16,valid,11.085685729980469,1.5947119463862958,2.543106191947168
2022-11-16,2022-11-16,valid,10.931503295898438,-1.4005870987275681,1.9616442211221068
2022-11-17,2022-11-23,valid,10.864212036132812,-0.6174743296477381,0.3812745477739235
2022-11-18,2022-11-23,valid,10.912506103515623,0.44353925367452973,0.19672706955015884
2022-11-21,2022-11-23,valid,10.90671157836914,-0.053113960062045606,0.002821092753472576
2022-11-22,2022-11-23,valid,10.978185653686523,0.6531840536338152,0.4266494079215027
2022-11-23,2022-11-23,valid,11.055456161499023,0.7013894955311795,0.4919472244414824
2022-11-24,2022-11-30,valid,11.188748359680176,1.1984586227874683,1.4363030705336353
2022-11-25,2022-11-30,valid,11.13272762298584,-0.5019457885114154,0.2519495746043465
2022-11-28,2022-11-30,valid,10.951142311096191,-1.6445433243957197,2.7045227458145256
2022-11-29,2022-11-30,valid,10.947277069091797,-0.03530156197513179,0.0012462002778840706
2022-11-30,2022-11-30,valid,11.043867111206056,0.8784505476948645,0.7716753647454074
2022-12-01,2022-12-07,valid,11.103750228881836,0.5407648388054298,0.2924266108882625
2022-12-02,2022-12-07,valid,11.177157402038574,0.658926826273909,0.4341845623834062
2022-12-05,2022-12-07,valid,11.115342140197754,-0.5545849190972785,0.30756443249013493
2022-12-06,2022-12-07,valid,10.90864372253418,-1.87708517441183,3.5234487519966904
2022-12-07,2022-12-07,valid,10.839099884033203,-0.6395521006968607,0.4090268895057675
2022-12-08,2022-12-14,valid,10.825578689575195,-0.12482249545167079,0.015580655370782374
2022-12-09,2022-12-14,valid,10.89512062072754,0.640330845466508,0.41002359165585295
2022-12-12,2022-12-14,valid,10.856485366821287,-0.3552408457426104,0.12619605848392512
2022-12-13,2022-12-14,valid,10.972392082214355,1.061967615766246,1.1277752169362454
2022-12-14,2022-12-14,valid,11.06704807281494,0.8589743835578201,0.737836991608537
2022-12-15,2022-12-21,valid,10.858417510986328,-1.9031464403845177,3.621966373548261
2022-12-16,2022-12-21,valid,10.615015029907228,-2.267107560124826,5.13977668917514
2022-12-19,2022-12-21,valid,10.60728931427002,-0.07280751282419118,0.005300933923644763
2022-12-20,2022-12-21,valid,10.55319881439209,-0.5112416817771859,0.2613680571863654
2022-12-21,2022-12-21,valid,10.591833114624023,0.36542241556385413,0.1335335417965221
2022-12-22,2022-12-28,valid,10.506837844848633,-0.8056974747464363,0.6491484208127843
2022-12-23,2022-12-28,valid,10.446951866149902,-0.5716020116512954,0.32672885972380766
2022-12-27,2022-12-28,valid,10.33684253692627,-1.0595789898397268,1.1227076357097758
2022-12-28,2022-12-28,valid,10.184233665466309,-1.4873653151487698,2.212255580707599
2022-12-29,2023-01-04,test,10.369683265686035,1.8045673084621683,3.2564631707703944
2022-12-30,2023-01-04,test,10.276957511901855,-0.8982224102320302,0.8068034982430375
2023-01-02,2023-01-04,test,10.470133781433104,1.8622548052690036,3.4679929597474946
2023-01-03,2023-01-04,test,10.309797286987305,-1.5432166347431053,2.381517581747835
2023-01-04,2023-01-04,test,10.315593719482422,0.056206766173794165,0.003159200563715572
2023-01-05,2023-01-11,test,10.222867965698242,-0.9029535436322789,0.8153251019580897
2023-01-06,2023-01-11,test,10.338774681091309,1.1274190987378585,1.271073824198885
2023-01-09,2023-01-11,test,10.412181854248049,0.7075093549838041,0.5005694873895985
2023-01-10,2023-01-11,test,10.348432540893556,-0.6141389894215532,0.37716669832772665
2023-01-11,2023-01-11,test,10.680696487426758,3.160298266614925,9.9874851339693
2023-01-12,2023-01-18,test,10.80819034576416,1.1866166480774876,1.408059069494652
2023-01-13,2023-01-18,test,10.823646545410156,0.1429023559489817,0.020421083335769467
2023-01-16,2023-01-18,test,10.883529663085938,0.5517370754346107,0.3044138004091373
2023-01-17,2023-01-18,test,11.012957572937012,1.182193434371559,1.3975813162712216
2023-01-18,2023-01-18,test,10.844895362854004,-1.5378044913134659,2.3648426535038674
2023-01-19,2023-01-25,test,10.46627140045166,-3.553665656447258,12.62853959781272
2023-01-20,2023-01-25,test,10.46627140045166,0.0,0.0
2023-01-23,2023-01-25,test,10.622742652893066,1.4839396795214288,2.202076972458161
2023-01-24,2023-01-25,test,10.638195991516112,0.14536838286240972,0.021131966736032137
2023-01-25,2023-01-25,test,10.408317565917969,-2.1845667410187453,4.772331845965262
2023-01-26,2023-02-01,test,10.437294006347656,0.27801016048285554,0.0772896493317031
2023-01-27,2023-02-01,test,10.435362815856934,-0.018504501009974916,0.0003424165576281627
2023-01-30,2023-02-01,test,10.390932083129885,-0.42667983287238975,0.18205567978001044
2023-01-31,2023-02-01,test,10.443089485168455,0.5006955650048717,0.2506960488155477
2023-02-01,2023-02-01,test,10.45854377746582,0.14787643548608287,0.021867440172069628
2023-02-02,2023-02-08,test,10.638195991516112,1.7031689139272999,2.900784349368298
2023-02-03,2023-02-08,test,10.497178077697754,-1.334445333125167,1.7807443470995383
2023-02-06,2023-02-08,test,10.464338302612305,-0.3133342202689793,0.09817833359156923
2023-02-07,2023-02-08,test,10.40638542175293,-0.5553523737023003,0.3084162589767794
2023-02-08,2023-02-08,test,10.387067794799805,-0.18580494840887418,0.0345234788532244
2023-02-09,2023-02-15,test,10.209344863891602,-1.725808711816823,2.9784157097828423
2023-02-10,2023-02-15,test,10.253776550292969,0.43426176610728007,0.18858328150261403
2023-02-13,2023-02-15,test,10.253776550292969,0.0,0.0
2023-02-14,2023-02-15,test,10.097304344177246,-1.5377590048782253,2.3647027570840695
2023-02-15,2023-02-15,test,10.311729431152344,2.101353543347395,4.415686714138653
2023-02-16,2023-02-22,test,10.317526817321776,0.056205480723336976,0.0031590560633414045
2023-02-17,2023-02-22,test,10.139802932739258,-1.7375518515482913,3.0190864368188954
2023-02-20,2023-02-22,test,10.18230152130127,0.418250487902494,0.17493347063067427
2023-02-21,2023-02-22,test,10.091508865356444,-0.8956704357064194,0.8022255293985271
2023-02-22,2023-02-22,test,10.031624794006348,-0.5951781580343596,0.3542370398011731
2023-02-23,2023-03-01,test,10.00264835357666,-0.2892688985681513,0.08367649567883141
2023-02-24,2023-03-01,test,9.898334503173828,-1.0483382303708932,1.099013045257176
2023-02-27,2023-03-01,test,10.04128360748291,1.433844445712884,2.0559098945016876
2023-02-28,2023-03-01,test,10.052874565124512,0.11536645454475192,0.01330941883422631
2023-03-01,2023-03-01,test,10.12628173828125,0.7275576427882235,0.5293401235795563
2023-03-02,2023-03-08,test,10.035486221313477,-0.9006762793822176,0.8112177602417945
2023-03-03,2023-03-08,test,10.242185592651367,2.038759999738593,4.156542336534108
2023-03-06,2023-03-08,test,10.392865180969238,1.4604496803250377,2.132913268761505
2023-03-07,2023-03-08,test,10.348432540893556,-0.4284467504499734,0.18356661797114177
2023-03-08,2023-03-08,test,10.321388244628906,-0.26167920832644853,0.06847600807035685
2023-03-09,2023-03-15,test,10.392865180969238,0.6901259587764219,0.4762738389770756
2023-03-10,2023-03-15,test,10.172642707824709,-2.1417500841363513,4.587093422898068
2023-03-13,2023-03-15,test,9.971739768981934,-1.9946960431504568,3.978812304560089
2023-03-14,2023-03-15,test,10.097304344177246,1.251342245814424,1.5658574161598866
2023-03-15,2023-03-15,test,9.87321949005127,-2.2442501882473653,5.036658907448334
2023-03-16,2023-03-22,test,9.80367660522461,-0.7068510606770939,0.4996384219803327
2023-03-17,2023-03-22,test,9.519707679748535,-2.939333669554367,8.63968242097594
2023-03-20,2023-03-22,test,9.581524848937988,0.647260692877305,0.418946404544009
2023-03-21,2023-03-22,test,9.766974449157717,1.9169991072162773,3.6748855770680042
2023-03-22,2023-03-22,test,9.712884902954102,-0.5553395867690547,0.30840205663282444
2023-03-23,2023-03-29,test,9.743792533874512,0.31770745050092586,0.10093802410379825
2023-03-24,2023-03-29,test,9.594080924987791,-1.548408105895005,2.397567662401357
2023-03-27,2023-03-29,test,9.60470485687256,0.11067296744569077,0.01224850572323493
2023-03-28,2023-03-29,test,9.61532974243164,0.11056053605393856,0.012223632132534249
2023-03-29,2023-03-29,test,9.6954984664917,0.8303029136135898,0.6894029283552163
2023-03-30,2023-04-05,test,9.948558807373049,2.5765995026068467,6.63886499683385
2023-03-31,2023-04-05,test,10.097304344177246,1.484079440828312,2.2024917866892753
2023-04-03,2023-04-05,test,9.921515464782717,-1.7562813351725826,3.0845241282755893
2023-04-04,2023-04-05,test,9.80947208404541,-1.135722018953933,1.2898645043367978
2023-04-05,2023-04-05,test,9.697428703308104,-1.1487689830920633,1.3196701765143732
2023-04-06,2023-04-12,test,9.701292991638184,0.03984064972901713,0.0015872773708302326
2023-04-11,2023-04-12,test,9.836517333984377,1.3842544210247887,1.9161603021266729
2023-04-12,2023-04-12,test,9.8616304397583,0.25497950028960936,0.0650145455679389
2023-04-13,2023-04-19,test,9.851971626281738,-0.09799136877264303,0.009602308353936119
2023-04-14,2023-04-19,test,9.821063041687012,-0.3142231033290699,0.09873615866575133
2023-04-17,2023-04-19,test,10.05866813659668,2.390539469350861,5.714678954524295
2023-04-18,2023-04-19,test,10.016169548034668,-0.4234021985011882,0.17926942169563959
2023-04-19,2023-04-19,test,9.96787452697754,-0.4833367550223677,0.2336144187555523
2023-04-20,2023-04-26,test,9.90605926513672,-0.6220757483677453,0.3869782367072903
2023-04-21,2023-04-26,test,9.96787452697754,0.6220757483677453,0.3869782367072903
2023-04-24,2023-04-26,test,9.84617519378662,-1.22842998086794,1.5090402178952074
2023-04-25,2023-04-26,test,9.84810733795166,0.019621371513522945,0.0003849982200716897
2023-04-26,2023-04-26,test,9.42311954498291,-4.41130926357598,19.459649418911255
2023-04-27,2023-05-03,test,9.504254341125488,0.8573328090206722,0.7350195454232764
2023-04-28,2023-05-03,test,9.307214736938477,-2.0949646179970305,4.388876750659444
2023-05-02,2023-05-03,test,9.144947052001951,-1.7588385568522824,3.0935130690702195
2023-05-03,2023-05-03,test,9.133357048034668,-0.1268170773082833,0.0160825710970151
2023-05-04,2023-05-10,test,9.225114822387695,0.9996315497734276,0.9992632353024247
2023-05-05,2023-05-10,test,9.275341033935549,0.5429740254577098,0.2948207923217497
2023-05-08,2023-05-10,test,9.310112953186035,0.3741846698597673,0.14001416715806303
2023-05-09,2023-05-10,test,9.31494140625,0.051849010251991956,0.002688319864111167
2023-05-10,2023-05-10,test,9.36130428314209,0.49649134951010865,0.24650366013836886
2023-05-11,2023-05-17,test,9.349714279174805,-0.12388428145673203,0.0153473151920508
2023-05-12,2023-05-17,test,9.66845417022705,3.352265392861442,11.237683264176479
2023-05-15,2023-05-17,test,9.790155410766602,1.250889247105258,1.5647239085235591
2023-05-16,2023-05-17,test,9.701292991638184,-0.9118156123356425,0.8314077108990227
2023-05-17,2023-05-17,test,9.638510704040527,-0.6492569327619435,0.42153456473944684
2023-05-18,2023-05-24,test,9.638510704040527,0.0,0.0
2023-05-19,2023-05-24,test,9.576911926269531,-0.6411411288065771,0.4110619470473719
2023-05-22,2023-05-24,test,9.63113498687744,0.5645884236702869,0.3187600881424994
2023-05-23,2023-05-24,test,9.682452201843262,0.5314117489430892,0.28239844691475285
2023-05-24,2023-05-24,test,9.514945030212402,-1.745147228356858,3.0455388486416237
2023-05-25,2023-05-31,test,9.511072158813477,-0.040711320860653544,0.0016574116462190844
2023-05-26,2023-05-31,test,9.525595664978027,0.1525845711737972,0.023282051360291583
2023-05-29,2023-05-31,test,9.52656364440918,0.010161361935612234,0.00010325327638650922
2023-05-30,2023-05-31,test,9.54399299621582,0.18278812714203063,0.033411499424091155
2023-05-31,2023-05-31,test,9.43458080291748,-1.153020312372588,1.3294558407437802
2023-06-01,2023-06-07,test,9.564326286315918,1.3658417277370383,1.8655236252276979
2023-06-02,2023-06-07,test,9.658246040344238,0.9771897308783473,0.9548997701340968
2023-06-05,2023-06-07,test,9.676641464233398,0.19028224948516304,0.03620733446913383
2023-06-06,2023-06-07,test,9.738609313964844,0.6383441642148657,0.4074832719871755
2023-06-07,2023-06-07,test,9.68438720703125,-0.5583304072743989,0.3117328436871961
2023-06-08,2023-06-14,test,9.585627555847168,-1.0250175424228125,1.0506609622745022
2023-06-09,2023-06-14,test,9.60789680480957,0.2320497115249065,0.05384706861879232
2023-06-12,2023-06-14,test,9.664054870605469,0.5827974840714845,0.33965290744005217
2023-06-13,2023-06-14,test,9.627260208129885,-0.381463958713546,0.1455147517974099
2023-06-14,2023-06-14,test,9.609832763671877,-0.18118589176827626,0.032828327375865524
2023-06-15,2023-06-21,test,9.578848838806152,-0.32293987085982856,0.10429016019096275
2023-06-16,2023-06-21,test,9.542055130004885,-0.38485371062622065,0.14811237858277077
2023-06-19,2023-06-21,test,9.516881942749023,-0.26416165600697816,0.06978138050434907
2023-06-20,2023-06-21,test,9.35324764251709,-1.734364369522412,3.0080197662688737
2023-06-21,2023-06-21,test,9.272883415222168,-0.8629245196562163,0.7446387266239116
2023-06-22,2023-06-28,test,9.198328971862791,-0.8072545176177393,0.6516598562142489
2023-06-23,2023-06-28,test,9.131519317626951,-0.7289743923450054,0.5314036646947699
2023-06-26,2023-06-28,test,9.141201972961426,0.1059793567335543,0.01123162405365796
2023-06-27,2023-06-28,test,9.092790603637695,-0.5310025533067808,0.2819637116183206
2023-06-28,2023-06-28,test,9.22544002532959,1.4483029836462435,2.0975815324386113
2023-06-29,2023-07-05,test,9.160568237304688,-0.705667660951903,0.49796684771333
2023-06-30,2023-07-05,test,9.302899360656738,1.5417899380587574,2.377116213099227
2023-07-03,2023-07-05,test,9.39294719696045,0.963299868289047,0.9279466362456953
2023-07-04,2023-07-05,test,9.39294719696045,0.0,0.0
2023-07-05,2023-07-05,test,9.318391799926758,-0.7969049313220289,0.6350574695653676
2023-07-06,2023-07-12,test,9.03760051727295,-3.0596350486243207,9.361366630770348
2023-07-07,2023-07-12,test,9.151853561401367,1.2562724122190172,1.5782203737025882
2023-07-10,2023-07-12,test,9.119900703430176,-0.34975175432361283,0.12232628965244483
2023-07-11,2023-07-12,test,9.194456100463867,0.8141788399127492,0.6628871833616701
2023-07-12,2023-07-12,test,9.306771278381348,1.2141525032327127,1.4741663011062625
2023-07-13,2023-07-19,test,9.369708061218262,0.6739709334651955,0.45423681915594705
2023-07-14,2023-07-19,test,9.256423950195312,-1.2164147425173688,1.4796648258135967
2023-07-17,2023-07-19,test,9.36293125152588,1.1440617774612694,1.308877350647839
2023-07-18,2023-07-19,test,9.405532836914062,0.4539706430089385,0.2060893447139491
2023-07-19,2023-07-19,test,9.489770889282228,0.8916354208942323,0.7950137237932348
2023-07-20,2023-07-26,test,9.375517845153809,-1.2112662852381995,1.467166013754747
2023-07-21,2023-07-26,test,9.399724006652832,0.25785207031523427,0.06648769016585251
2023-07-24,2023-07-26,test,9.425867080688477,0.2777399203018227,0.07713946332926283
2023-07-25,2023-07-26,test,9.443294525146484,0.18471885266988508,0.03412105453167871
2023-07-26,2023-07-26,test,9.290310859680176,-1.6332901561897373,2.6676367343062966
2023-07-27,2023-08-02,test,9.296122550964355,0.06253691975413034,0.003910866332334537
2023-07-28,2023-08-02,test,9.095695495605469,-2.1796104064446986,4.750701523882024
2023-07-31,2023-08-02,test,9.239964485168455,1.573676289826853,2.4764570651632094
2023-08-01,2023-08-02,test,9.199298858642578,-0.4410771916042222,0.19454908895346776
2023-08-02,2023-08-02,test,8.797475814819336,-4.466242902083017,19.947325660406932
2023-08-03,2023-08-09,test,8.797475814819336,0.0,0.0
2023-08-04,2023-08-09,test,8.767459869384766,-0.3417715292749257,0.1168077782229214
2023-08-07,2023-08-09,test,8.601889610290527,-1.90652245692009,3.6348278787406167
2023-08-08,2023-08-09,test,8.587366104125977,-0.16898357743801995,0.028555449443751286
2023-08-09,2023-08-09,test,8.689032554626465,1.1769539021763364,1.3852204878481054
2023-08-10,2023-08-16,test,8.651269912719727,-0.4355483611087063,0.18970237486448005
2023-08-11,2023-08-16,test,8.5263671875,-1.454273667583772,2.1149119002275554
2023-08-14,2023-08-16,test,8.56316089630127,0.4306001367873957,0.18541647780132392
2023-08-15,2023-08-16,test,8.387907981872559,-2.0678242810439063,4.275897257274748
2023-08-16,2023-08-16,test,8.334654808044434,-0.6369042175364381,0.40564698231570245
2023-08-17,2023-08-23,test,8.204910278320312,-1.5689311111729776,2.4615448316064743
2023-08-18,2023-08-23,test,8.152624130249023,-0.6392934881434442,0.40869616398261205
2023-08-21,2023-08-23,test,8.108085632324219,-0.5478064605472621,0.30009191821731906
2023-08-22,2023-08-23,test,8.108085632324219,0.0,0.0
2023-08-23,2023-08-23,test,8.260099411010742,1.8574832697000332,3.4502440972155264
2023-08-24,2023-08-30,test,8.203940391540527,-0.6822048288093185,0.4654034284507516
2023-08-25,2023-08-30,test,8.24363899230957,0.48272973102294614,0.23302799321348594
2023-08-28,2023-08-30,test,8.299798965454102,0.6789421765667214,0.4609624791211571
2023-08-29,2023-08-30,test,8.406303405761719,1.2750536404105173,1.6257617859241127
2023-08-30,2023-08-30,test,8.263973236083984,-1.7076336686804527,2.916012746411062
2023-08-31,2023-09-06,test,8.256227493286133,-0.09377299334718536,0.008793374281291271
2023-09-01,2023-09-06,test,8.295924186706543,0.4796569086193081,0.23007074998623128
2023-09-04,2023-09-06,test,8.239766120910645,-0.6792372215679965,0.46136320316341156
2023-09-05,2023-09-06,test,8.22233772277832,-0.2117396999716359,0.044833700544078384
2023-09-06,2023-09-06,test,8.07032299041748,-1.8661058057560354,3.482350878276382
2023-09-07,2023-09-13,test,7.978339195251465,-1.14632361709055,1.3140578350995618
2023-09-08,2023-09-13,test,7.997704982757568,0.2424354461657341,0.058774945557578555
2023-09-11,2023-09-13,test,8.045150756835938,0.5914896097872546,0.34985995848627877
2023-09-12,2023-09-13,test,8.054831504821777,0.12025788594294262,0.014461959131465797
2023-09-13,2023-09-13,test,8.063545227050781,0.1081215959005899,0.011690279500090458
2023-09-14,2023-09-20,test,8.235893249511719,2.1148513349515508,4.472596168946357
2023-09-15,2023-09-20,test,8.199100494384766,-0.4477375186786148,0.2004688856324829
2023-09-18,2023-09-20,test,8.089688301086426,-1.343425103221918,1.804791007966821
2023-09-19,2023-09-20,test,8.11583137512207,0.3226443488017594,0.10409937581371138
2023-09-20,2023-09-20,test,8.109053611755371,-0.0835477572436627,0.006980227740445993
2023-09-21,2023-09-27,test,7.978339195251465,-1.625089842405636,2.6409169958899747
2023-09-22,2023-09-27,test,7.932831764221191,-0.5720201892419396,0.32720709690038446
2023-09-25,2023-09-27,test,7.85634183883667,-0.9688983817627062,0.9387640741823907
2023-09-26,2023-09-27,test,7.784691333770752,-0.9161927537044701,0.8394091619405798
2023-09-27,2023-09-27,test,7.760485649108887,-0.3114239773755578,0.09698489368441195
2023-09-28,2023-10-04,test,7.670438289642334,-1.1671158769086087,1.3621594701321507
2023-09-29,2023-10-04,test,7.708199501037598,0.4910875436283657,0.241166975506942
2023-10-02,2023-10-04,test,7.549407958984375,-2.0815488394426485,4.332845570985037
2023-10-03,2023-10-04,test,7.270552635192871,-3.7636839656344456,14.165316993173827
2023-10-04,2023-10-04,test,7.1930928230285645,-1.0711069065904688,1.1472700053458034
2023-10-05,2023-10-11,test,7.152427673339844,-0.5669401625538528,0.32142114791658905
2023-10-06,2023-10-11,test,7.187284469604492,0.4861585026330273,0.23635008968238722
2023-10-09,2023-10-11,test,7.248283386230469,0.8451247681862784,0.7142358738019107
2023-10-10,2023-10-11,test,7.494217395782471,3.336704274443103,11.133595415086875
2023-10-11,2023-10-11,test,7.571677684783935,1.0282956456960868,1.057391934957532
2023-10-12,2023-10-18,test,7.507773399353027,-0.8475728676961669,0.7183797660547041
2023-10-13,2023-10-18,test,7.461297512054443,-0.6209608720959103,0.3855924046741135
2023-10-16,2023-10-18,test,7.429345607757568,-0.4291547796690054,0.18417382491275255
2023-10-17,2023-10-18,test,7.532947063446045,1.3848561006872817,1.9178264196107826
2023-10-18,2023-10-18,test,7.371250629425049,-2.169895780997466,4.708447700390604
2023-10-19,2023-10-25,test,7.277331352233887,-1.2823161212632606,1.6443346348516532
2023-10-20,2023-10-25,test,6.982016086578369,-4.142650982172391,17.161557160093878
2023-10-23,2023-10-25,test,6.971364974975586,-0.15266713672523746,0.02330725463588235
2023-10-24,2023-10-25,test,7.06915807723999,1.3930347655700226,1.9405458580867279
2023-10-25,2023-10-25,test,6.9403815269470215,-1.838464090380021,3.379950211616838
2023-10-26,2023-11-01,test,7.031396389007568,1.302857088587861,1.6974365932836375
2023-10-27,2023-11-01,test,6.857111930847168,-2.509896720031146,6.299581545223106
2023-10-30,2023-11-01,test,6.712843894958496,-2.126366121133927,4.521432881106142
2023-10-31,2023-11-01,test,6.8154778480529785,1.5173489246544936,2.3023477591501478
2023-11-01,2023-11-01,test,6.749637603759766,-0.9707364681542874,0.9423292906046598
2023-11-02,2023-11-08,test,6.919080257415772,2.4794034906808537,6.147441669600402
2023-11-03,2023-11-08,test,7.053666591644287,1.926471553049347,3.711292644708363
2023-11-06,2023-11-08,test,6.967492580413818,-1.2292150060176699,1.51096953101902
2023-11-07,2023-11-08,test,6.985889434814453,0.2636904091123382,0.0695326318578323
2023-11-08,2023-11-08,test,6.84452486038208,-2.044327736349838,4.179275893609253
2023-11-09,2023-11-15,test,6.901651382446289,0.831167154145418,0.690838838130193
2023-11-10,2023-11-15,test,6.73705005645752,-2.4138561725295826,5.826701621659166
2023-11-13,2023-11-15,test,6.769969940185547,0.4874494732290291,0.23760698895125795
2023-11-14,2023-11-15,test,7.050761699676514,4.063900673083198,16.515288680686073
2023-11-15,2023-11-15,test,7.2628068923950195,2.9630724918311424,8.779798591846415
2023-11-16,2023-11-22,test,7.101284980773926,-2.2490627534244245,5.058283268841054
2023-11-17,2023-11-22,test,7.091548442840576,-0.13720360368008055,0.018824828862800614
2023-11-20,2023-11-22,test,7.22979736328125,1.9307293726645414,3.7277159104696134
2023-11-21,2023-11-22,test,7.111020088195801,-1.6565302725159547,2.7440925437617834
2023-11-22,2023-11-22,test,7.150936603546143,0.5597635785908439,0.31333526391682787
2023-11-23,2023-11-29,test,7.114914417266846,-0.5050138654268066,0.2550390042733247
2023-11-24,2023-11-29,test,7.063314914703369,-0.7278727006926777,0.5297986684136524
2023-11-27,2023-11-29,test,7.031186580657959,-0.45589962445191645,0.20784446757539846
2023-11-28,2023-11-29,test,7.0477375984191895,0.23511775722719896,0.05528035976354807
2023-11-29,2023-11-29,test,7.132439613342285,1.1946680364774087,1.4272317173807871
2023-11-30,2023-12-06,test,7.248294830322266,1.6112907724785464,2.5962579534745105
2023-12-01,2023-12-06,test,7.333969593048096,1.1750678228827471,1.380784388374399
2023-12-04,2023-12-06,test,7.333969593048096,0.0,0.0
2023-12-05,2023-12-06,test,7.333969593048096,0.0,0.0
2023-12-06,2023-12-06,test,7.333969593048096,0.0,0.0
2023-12-07,2023-12-13,test,7.33104944229126,-0.03982471196790627,0.0015860076833266966
2023-12-08,2023-12-13,test,7.325207710266113,-0.07971656438194863,0.006354730636861361
2023-12-11,2023-12-13,test,7.266793251037598,-0.800641000865121,0.6410260122663027
2023-12-12,2023-12-13,test,7.098362922668457,-2.345091765388152,5.499455388091319
2023-12-13,2023-12-13,test,7.105178356170654,0.09596809544150098,0.00920987534266904
2023-12-14,2023-12-20,test,7.68153715133667,7.799581290258573,60.83346830335158
2023-12-15,2023-12-20,test,7.773054122924805,1.1843476116947915,1.4026792653271567
2023-12-18,2023-12-20,test,7.646488189697266,-1.641667089506127,2.695070832767518
2023-12-19,2023-12-20,test,7.752608776092529,1.3782920724938919,1.8996890370995076
2023-12-20,2023-12-20,test,7.7672119140625,0.18818699740399403,0.03541434599193086
2023-12-21,2023-12-27,test,7.813944339752197,0.5998600496680773,0.35983207918778815
2023-12-22,2023-12-27,test,7.855807781219482,0.5343229522012383,0.28550101724904675
2023-12-27,2023-12-27,test,7.877225399017334,0.2722632156524796,0.0741272585974286
2023-12-28,2024-01-03,test,7.949270725250244,0.9104456643644898,0.8289113077600972
2023-12-29,2024-01-03,test,7.970690250396728,0.2690903338780526,0.07240960778660181
2024-01-02,2024-01-03,test,7.96290111541748,-0.09776999322861357,0.009558971575923144
2024-01-03,2024-01-03,test,7.699061870574951,-3.3694908745224073,11.353468753489777
2024-01-04,2024-01-10,test,7.6542768478393555,-0.5833929750060918,0.3403473632864584
2024-01-05,2024-01-10,test,7.626043319702148,-0.3695414750162218,0.1365609017571649
2024-01-08,2024-01-10,test,7.6046247482299805,-0.2812560223349969,0.07910495009970428
2024-01-09,2024-01-10,test,7.619228363037109,0.1918518154333526,0.0368071190850732
2024-01-10,2024-01-10,test,7.562760829925537,-0.7438787207941555,0.5533555512503492
2024-01-11,2024-01-17,test,7.480006694793701,-1.1002625657824172,1.2105777136621079
2024-01-12,2024-01-17,test,7.459561347961426,-0.27370750663950894,0.07491579919081683
2024-01-15,2024-01-17,test,7.439116477966309,-0.27445231136944415,0.07532407121603032
2024-01-16,2024-01-17,test,7.330074787139893,-1.4766370101257253,2.1804568596730416
2024-01-17,2024-01-17,test,7.071103572845459,-3.5969158662960243,12.93780374921208
2024-01-18,2024-01-24,test,7.11004638671875,0.5492207878015964,0.3016434737534062
2024-01-19,2024-01-24,test,6.972772598266602,-1.949583198858429,3.8008746492710643
2024-01-22,2024-01-24,test,7.129517555236816,2.2230632117725024,4.942010043536274
2024-01-23,2024-01-24,test,7.185985565185547,0.788911187335195,0.6223808615026272
2024-01-24,2024-01-24,test,7.227848529815674,0.5808736532389558,0.3374142010271707
2024-01-25,2024-01-31,test,7.175276279449463,-0.7300149729503769,0.5329218607317395
2024-01-26,2024-01-31,test,7.193773746490479,0.2574627720758338,0.06628707900497274
2024-01-29,2024-01-31,test,7.202536106109619,0.12173064890776963,0.014818350883506677
2024-01-30,2024-01-31,test,7.152883529663086,-0.6917634692820585,0.4785366974331494
2024-01-31,2024-01-31,test,7.288211345672607,1.8742592401012947,3.512847699105083
2024-02-01,2024-02-07,test,7.279449462890625,-0.12029225492928841,0.014470226595972913
2024-02-02,2024-02-07,test,7.237585544586182,-0.576757365849967,0.3326490590621926
2024-02-05,2024-02-07,test,7.100311279296875,-1.9149037220484555,3.6668562647150287
2024-02-06,2024-02-07,test,7.181118488311768,1.1316524003633033,1.280637155248026
2024-02-07,2024-02-07,test,7.412828922271728,3.175698809455252,10.085062928375503
2024-02-08,2024-02-14,test,7.365123748779297,-0.6456285287220531,0.41683619709980296
2024-02-09,2024-02-14,test,7.365123748779297,0.0,0.0
2024-02-12,2024-02-14,test,7.597809314727783,3.1104105627008938,9.674653868561292
2024-02-13,2024-02-14,test,7.424511909484863,-2.3073011246957265,5.323638480022164
2024-02-14,2024-02-14,test,7.501424789428711,1.030602799197533,1.0621421297137907
2024-02-15,2024-02-21,test,7.626043319702148,1.6476167522951446,2.7146409624435996
2024-02-16,2024-02-21,test,7.6046247482299805,-0.2812560223349969,0.07910495009970428
2024-02-19,2024-02-21,test,7.525764942169189,-1.042412281032501,1.0866233636473817
2024-02-20,2024-02-21,test,7.408935546875,-1.5645680817832908,2.447873282535046
2024-02-21,2024-02-21,test,7.3067097663879395,-1.3893706016366858,1.9303506686922862
2024-02-22,2024-02-28,test,7.236611843109131,-0.9639952687909847,0.9292868782514029
2024-02-23,2024-02-28,test,7.105178356170654,-1.832925524757667,3.359615979308169
2024-02-26,2024-02-28,test,7.063314914703369,-0.5909388174523578,0.349208685971991
2024-02-27,2024-02-28,test,7.124650001525879,0.864612638652229,0.74755501491717
2024-02-28,2024-02-28,test,7.11004638671875,-0.20518344097106844,0.042100244448727925
2024-02-29,2024-03-06,test,7.17332935333252,0.8861123846902741,0.7851951583014843
2024-03-01,2024-03-06,test,7.303788185119629,1.8023251232960558,3.2483758500641424
2024-03-04,2024-03-06,test,7.159698963165283,-1.9925207187442284,3.9701388146250167
2024-03-05,2024-03-06,test,7.185012340545654,0.3529301234390658,0.12455967203071423
2024-03-06,2024-03-06,test,7.243426322937012,0.8097106402670473,0.6556313209616716
2024-03-07,2024-03-13,test,7.277502059936523,0.4693336218045463,0.22027404855617289
2024-03-08,2024-03-13,test,7.344679355621338,0.9188474197161733,0.8442805807190696
2024-03-11,2024-03-13,test,7.357335567474365,0.17216980183425434,0.02964244066364641
2024-03-12,2024-03-13,test,7.170407772064209,-2.573532693876013,6.6230705264487275
2024-03-13,2024-03-13,test,7.061367511749268,-1.5323793673797992,2.3481865255713137
2024-03-14,2024-03-20,test,6.970824718475342,-1.290518949534114,1.6654391591066333
2024-03-15,2024-03-20,test,6.916304111480713,-0.7852002783222956,0.6165394770774104
2024-03-18,2024-03-20,test,6.95232629776001,0.5194783655418922,0.26985777226607577
2024-03-19,2024-03-20,test,6.925065994262695,-0.39287407874966096,0.1543500417533948
2024-03-20,2024-03-20,test,6.928960800170898,0.05622633864657001,0.003161401157598772
2024-03-21,2024-03-27,test,7.072076797485352,2.0444339377420517,4.1797101257914715
2024-03-22,2024-03-27,test,7.069156169891357,-0.04130654861933536,0.001706230958841516
2024-03-25,2024-03-27,test,7.05455207824707,-0.20680258459779832,0.04276730899632953
2024-03-26,2024-03-27,test,7.020477294921875,-0.48418868610704546,0.234438683754067
2024-03-27,2024-03-27,test,7.1830644607543945,2.289489066766559,5.241760186843609
2024-03-28,2024-04-03,test,7.269713401794434,1.1990771608097806,1.4377860375756444
2024-04-02,2024-04-03,test,7.144121170043945,-1.7427064209092347,3.0370256694782745
2024-04-03,2024-04-03,test,7.108099460601807,-0.5054901559265135,0.2555202977386109
2024-04-04,2024-04-10,test,7.279449462890625,2.3820333156231666,5.674082716738696
2024-04-05,2024-04-10,test,7.074997901916504,-2.848808913935086,8.115712228116003
2024-04-08,2024-04-10,test,7.143148422241211,0.9586487674803523,0.9190074593915987
2024-04-09,2024-04-10,test,7.191827774047852,0.6791715348656302,0.46127397377173596
2024-04-10,2024-04-10,test,7.166513919830322,-0.35260172774900234,0.12432797841158157
2024-04-11,2024-04-17,test,7.170407772064209,0.05431922435388259,0.0029505781344074315
2024-04-12,2024-04-17,test,7.214219570159912,0.6091493721422481,0.37106295758129504
2024-04-15,2024-04-17,test,7.044816970825195,-2.3761853688745393,5.646256907253431
2024-04-16,2024-04-17,test,6.894885063171387,-2.1512323487020035,4.627800618101938
2024-04-17,2024-04-17,test,6.887096881866455,-0.11301976979809503,0.012773468365214393
2024-04-18,2024-04-24,test,6.9357757568359375,0.704326480876083,0.49607579166328725
2024-04-19,2024-04-24,test,6.863730430603027,-1.044182014263395,1.090316078911161
2024-04-22,2024-04-24,test,6.860810279846191,-0.04255371254322515,0.0018108184512114376
2024-04-23,2024-04-24,test,6.948432445526123,1.26905353725133,1.610496880410113
2024-04-24,2024-04-24,test,6.864704608917236,-1.2123076999241755,1.4696899592954449
2024-04-25,2024-05-01,test,6.759557247161865,-1.5435617803559731,2.3825829697757013
2024-04-26,2024-05-01,test,6.91240930557251,2.2360854483262083,5.0000781322162196
2024-04-29,2024-05-01,test,7.005873680114746,1.3430647958142528,1.8038230457555804
2024-04-30,2024-05-01,test,6.937723159790039,-0.9775248637206246,0.9555548591920258
2024-05-02,2024-05-08,test,6.9864020347595215,0.6992047630981268,0.4888873007391077
2024-05-03,2024-05-08,test,7.187932014465332,2.843781731442374,8.087094536085388
2024-05-06,2024-05-08,test,7.221034526824951,0.45947182265344555,0.2111143558124793
2024-05-07,2024-05-08,test,7.260951519012451,0.551265456944372,0.30389360402008725
2024-05-08,2024-05-08,test,7.196695327758789,-0.888894507183724,0.7901334449013955
2024-05-09,2024-05-15,test,7.18988037109375,-0.09474050416775626,0.00897576312996064
2024-05-10,2024-05-15,test,7.232717037200928,0.5940232658090183,0.35286364032241163
2024-05-13,2024-05-15,test,7.22200870513916,-0.1481637799513269,0.021952505689465218
2024-05-14,2024-05-15,test,7.288211345672607,0.9125030450408911,0.8326618072088985
2024-05-15,2024-05-15,test,7.381674766540527,1.2742387333527727,1.6236843495764786
2024-05-16,2024-05-22,test,7.346339225769043,-0.47984213743319515,0.23024847685645733
2024-05-17,2024-05-22,test,7.314113616943359,-0.43962708483789026,0.19327197372306157
2024-05-20,2024-05-22,test,7.283843040466309,-0.41472406822777863,0.17199605276739918
2024-05-21,2024-05-22,test,7.323879718780518,0.5481590693540817,0.3004783653151329
2024-05-22,2024-05-22,test,7.608046054840088,3.8066174908990558,14.490336722018624
2024-05-23,2024-05-29,test,7.554337978363037,-0.7084413768763564,0.5018891844704677
2024-05-24,2024-05-29,test,7.677379131317139,1.6156265043111961,2.6102490014328157
2024-05-27,2024-05-29,test,7.759406566619873,1.0627627922746186,1.1294647526433441
2024-05-28,2024-05-29,test,7.804326057434082,0.5772344799991558,0.3331996448998958
2024-05-29,2024-05-29,test,7.690073490142822,-1.4747862639722609,2.174994524401259
2024-05-30,2024-06-05,test,7.733040332794189,0.5571761228203354,0.3104452318411014
2024-05-31,2024-06-05,test,7.667613983154297,-0.8496618637749975,0.7219252827536025
2024-06-03,2024-06-05,test,7.804326057434082,1.767272004926923,3.1232503393984263
2024-06-04,2024-06-05,test,7.644177436828613,-2.0733964025921647,4.29897264228213
2024-06-05,2024-06-05,test,7.752571105957031,1.4080305282659022,1.9825499685287558
2024-06-06,2024-06-12,test,7.681285381317139,-0.9237643439661714,0.8533405631832509
2024-06-07,2024-06-12,test,7.623671054840088,-0.7528881100477669,0.5668405062512983
2024-06-10,2024-06-12,test,7.623671054840088,0.0,0.0
2024-06-11,2024-06-12,test,7.670543193817139,0.6129414033652747,0.3756971639593924
2024-06-12,2024-06-12,test,7.78967809677124,1.5412102959015517,2.3753291761929485
2024-06-13,2024-06-19,test,7.689096927642822,-1.2996194421678542,1.6890106944606844
2024-06-14,2024-06-19,test,7.614881992340088,-0.9698852495697352,0.9406773973329475
2024-06-17,2024-06-19,test,7.38442325592041,-3.073167324864823,9.444357406616811
2024-06-18,2024-06-19,test,7.426414012908935,0.5670289766092296,0.32152186031451024
2024-06-19,2024-06-19,test,7.308255672454834,-1.603848281878606,2.5723293112849563
2024-06-20,2024-06-26,test,7.349269390106201,0.5596282389627394,0.31318376584453694
2024-06-21,2024-06-26,test,7.333645343780518,-0.2128194913054715,0.04529213587951966
2024-06-24,2024-06-26,test,7.354151725769043,0.2792303735594359,0.07796960151814213
2024-06-25,2024-06-26,test,7.27505350112915,-1.081384726225454,1.1693929261137
2024-06-26,2024-06-26,test,7.2174391746521,-0.7950962099697145,0.6321779831082044
2024-06-27,2024-07-03,test,7.160800933837891,-0.7878368053618301,0.6206868318827341
2024-06-28,2024-07-03,test,7.084632873535156,-1.0693782610455171,1.1435698651967343
2024-07-01,2024-07-03,test,7.0250654220581055,-0.8443526448913108,0.712931388934952
2024-07-02,2024-07-03,test,6.940108299255371,-1.2167148447951082,1.480395013544784
2024-07-03,2024-07-03,test,7.043619155883789,1.4804743239315465,2.19180422382057
2024-07-04,2024-07-10,test,7.0768208503723145,0.4702651710791539,0.22114933113010588
2024-07-05,2024-07-10,test,7.10123348236084,0.34437244408671575,0.11859238024625816
2024-07-08,2024-07-10,test,7.0680317878723145,-0.4686446985372017,0.21962785346702465
2024-07-09,2024-07-10,test,7.098304748535156,0.42739358431658214,0.18266527591497542
2024-07-10,2024-07-10,test,7.175448417663574,1.0809269202407545,1.1684030069011626
2024-07-11,2024-07-17,test,7.343410015106201,2.313805752926701,5.353697062276697
2024-07-12,2024-07-17,test,7.420555114746094,1.045055323158972,1.0921406284629036
2024-07-15,2024-07-17,test,7.171542644500732,-3.413308356946265,11.650673939599212
2024-07-16,2024-07-17,test,7.181308269500732,0.13607925791851994,0.01851756443565507
2024-07-17,2024-07-17,test,7.129553318023682,-0.7232992478536149,0.523161801945605
2024-07-18,2024-07-24,test,7.165683269500732,0.5054834620829007,0.25551353043931535
2024-07-19,2024-07-24,test,7.098304748535156,-0.9447431115279681,0.8925395467795467
2024-07-22,2024-07-24,test,7.127598762512207,0.4118410526218197,0.16961305262464846
2024-07-23,2024-07-24,test,7.150059700012207,0.31463080711491287,0.09899254478578151
2024-07-24,2024-07-24,test,7.255523681640625,1.464235957765303,2.143986940012874
2024-07-25,2024-07-31,test,7.262358665466309,0.09415952226721203,0.008866015633589597
2024-07-26,2024-07-31,test,7.306302070617676,0.6032611948967537,0.36392406926825904
2024-07-29,2024-07-31,test,7.284818649291992,-0.2944727449301521,0.0867141975066984
2024-07-30,2024-07-31,test,7.237946033477783,-0.6455076508552704,0.41668012731268966
2024-07-31,2024-07-31,test,7.354151725769043,1.5927545285315592,2.536866988157789
2024-08-01,2024-08-07,test,7.323879718780518,-0.41248106087921066,0.17014062558403908
2024-08-02,2024-08-07,test,7.132482051849365,-2.6480916078579275,7.012389163607584
2024-08-05,2024-08-07,test,6.979168891906738,-2.1729447955004533,4.721689084292507
2024-08-06,2024-08-07,test,6.967451095581055,-0.16803783416288187,0.02823671371015219
2024-08-07,2024-08-07,test,7.155918598175049,2.669032884101341,7.123736536414323
2024-08-08,2024-08-14,test,7.160800933837891,0.06820467274213371,0.004651877383861557
2024-08-09,2024-08-14,test,7.091468811035156,-0.972935131869912,0.9466027708267231
2024-08-12,2024-08-14,test,7.0777974128723145,-0.19297262383688452,0.03723843355049173
2024-08-13,2024-08-14,test,7.201815605163574,1.7370402189757383,3.017308722339281
2024-08-14,2024-08-14,test,7.189120292663574,-0.1764348876741817,0.031129269588601113
2024-08-15,2024-08-21,test,7.247710704803467,0.8116841407423525,0.6588311443326511
2024-08-16,2024-08-21,test,7.2086501121521,-0.5403944768931801,0.29202619065665375
2024-08-19,2024-08-21,test,7.306302070617676,1.3455563693669292,1.8105219431439121
2024-08-20,2024-08-21,test,7.193026542663574,-1.562525212537813,2.441485039816338
2024-08-21,2024-08-21,test,7.194002628326416,0.013568967612953564,0.00018411688208138275
2024-08-22,2024-08-28,test,7.125646591186523,-0.9547238945730729,0.9114977148687761
2024-08-23,2024-08-28,test,7.240875720977783,1.6041683341774915,2.573356044377788
2024-08-26,2024-08-28,test,7.307279109954834,0.9128834672907704,0.8333562248528191
2024-08-27,2024-08-28,test,7.198885440826416,-1.4944775538060284,2.2334631588300504
2024-08-28,2024-08-28,test,7.220369338989258,0.2979892426974162,0.08879758876337963
2024-08-29,2024-09-04,test,7.236969470977783,0.2296430830309948,0.05273594558398036
2024-08-30,2024-09-04,test,7.257476329803467,0.282961801924575,0.08006738134840241
2024-09-02,2024-09-04,test,7.274077415466309,0.2284833841716516,0.05220465684253053
2024-09-03,2024-09-04,test,7.149083137512207,-1.7332873304648055,3.004284969949812
2024-09-04,2024-09-04,test,7.152988433837891,0.054611619068767325,0.002982428937312151
2024-09-05,2024-09-11,test,7.185213565826416,0.4495010775919406,0.2020512187563158
2024-09-06,2024-09-11,test,7.096351146697998,-1.244451399095614,1.5486592847110314
2024-09-09,2024-09-11,test,7.092444896697998,-0.05506105080010926,0.0030317193152122122
2024-09-10,2024-09-11,test,7.037759780883789,-0.7740211848473288,0.5991087945924628
2024-09-11,2024-09-11,test,7.245758533477783,2.912636121787937,8.483449177943875
2024-09-12,2024-09-18,test,7.254546642303467,0.12121275787158048,0.014692532670834396
2024-09-13,2024-09-18,test,7.332667827606201,1.0711014407711383,1.1472582964220084
2024-09-16,2024-09-18,test,7.323879718780518,-0.11992060000551863,0.014380950305683595
2024-09-17,2024-09-18,test,7.39614200592041,0.9818309917298595,0.9639920963212395
2024-09-18,2024-09-18,test,7.388329982757568,-0.10567876750504634,0.01116800190138564
2024-09-19,2024-09-25,test,7.417624950408935,0.3957192361045303,0.15659371382315299
2024-09-20,2024-09-25,test,7.264312267303467,-2.0885289679115626,4.361953249805737
2024-09-23,2024-09-25,test,7.303372383117676,0.5362583053761361,0.2875729700848852
2024-09-24,2024-09-25,test,7.360987186431885,0.7857840568622043,0.617456584018824
2024-09-25,2024-09-25,test,7.27993631362915,-1.1071938295172723,1.2258781761211226
2024-09-26,2024-10-02,test,7.349269390106201,0.9478791534863973,0.8984748896140891
2024-09-27,2024-10-02,test,7.445944786071777,1.3068654598828777,1.7078973302348854
2024-09-30,2024-10-02,test,7.428367137908935,-0.2363491694299391,0.055860929890222066
2024-10-01,2024-10-02,test,7.430320262908935,0.026289334428586386,0.0006911291046980575
2024-10-02,2024-10-02,test,7.325832843780518,-1.4162114576606433,2.005654892809284
2024-10-03,2024-10-09,test,7.263335704803467,-0.8567660462301729,0.7340480579728829
2024-10-04,2024-10-09,test,7.277007102966309,0.18804786616541946,0.03536199996936751
2024-10-07,2024-10-09,test,7.252593994140625,-0.3360468279448581,0.11292747057180104
2024-10-08,2024-10-09,test,7.165683269500732,-1.2055778328414757,1.453417911038749
2024-10-09,2024-10-09,test,7.177402019500732,0.163406301663227,0.026701619423253546
2024-10-10,2024-10-16,test,7.037759780883789,-1.964757527083405,3.860272140230897
2024-10-11,2024-10-16,test,7.049478054046631,0.16636726096312948,0.027678065520374027
2024-10-14,2024-10-16,test,7.045572280883789,-0.05542049400322213,0.00307143115556118
2024-10-15,2024-10-16,test,7.00065279006958,-0.6395973824930401,0.4090848116919482
2024-10-16,2024-10-16,test,6.995769500732422,-0.06977911117345137,0.004869124356156886
2024-10-17,2024-10-23,test,6.993817329406738,-0.02790892057153993,0.0007789078474685247
2024-10-18,2024-10-23,test,6.963544845581055,-0.4337858531712868,0.18817016641154122
2024-10-21,2024-10-23,test,6.907883167266846,-0.8025414112193374,0.6440727167219257
2024-10-22,2024-10-23,test,6.921554565429688,0.19771451132963858,0.03909102799031778
2024-10-23,2024-10-23,test,6.835621356964111,-1.2493018424693858,1.5607550935974022
2024-10-24,2024-10-30,test,6.803395748138428,-0.4725511896503942,0.22330462684000285
2024-10-25,2024-10-30,test,6.874681949615479,1.0423518346172722,1.0864973471299932
2024-10-28,2024-10-30,test,6.916672229766846,0.6089381703505037,0.37080569530981905
2024-10-29,2024-10-30,test,6.806325435638428,-1.6082371384807725,2.5864266935888236
2024-10-30,2024-10-30,test,6.763359069824219,-0.6332720467904451,0.4010334852461597
2024-10-31,2024-11-06,test,6.791677951812744,0.4178361614834314,0.17458705784320816
2024-11-01,2024-11-06,test,6.8219499588012695,0.44473166274503484,0.19778625184796342
2024-11-04,2024-11-06,test,6.945967674255371,1.801595174480508,3.2457451727114526
2024-11-05,2024-11-06,test,6.860033988952637,-1.2448904062953847,1.5497521236862881
2024-11-06,2024-11-06,test,6.47821569442749,-5.726727973475021,32.79541328218132
2024-11-07,2024-11-13,test,6.567078590393066,1.3623957961314437,1.8561223053166302
2024-11-08,2024-11-13,test,6.445014476776123,-1.8762192018617618,3.5201984934347865
2024-11-11,2024-11-13,test,6.491886615753174,0.7246301682597434,0.525088880752144
2024-11-12,2024-11-13,test,6.353221416473389,-2.1591190326485155,4.661794997145061
2024-11-13,2024-11-13,test,6.360057353973389,0.10754012843166016,0.011564879223097962
2024-11-14,2024-11-20,test,6.397181034088135,0.5820034677675778,0.338728036493486
2024-11-15,2024-11-20,test,6.464157104492188,1.0415195545642852,1.084762982539787
2024-11-18,2024-11-20,test,6.418850421905518,-0.7033585795164443,0.4947132913793903
2024-11-19,2024-11-20,test,6.415894985198975,-0.04605368731571691,0.0021209421153738244
2024-11-20,2024-11-20,test,6.415894985198975,0.0,0.0
2024-11-21,2024-11-27,test,6.445443153381348,0.4594890492973569,0.21113018642418888
2024-11-22,2024-11-27,test,6.502570152282715,0.8824113512242215,0.7786497927693564
2024-11-25,2024-11-27,test,6.619777679443359,1.7864279427407537,3.1913247946049617
2024-11-26,2024-11-27,test,6.5577263832092285,-0.9417831264235232,0.886955457216066
2024-11-27,2024-11-27,test,6.595154285430908,0.5691225243934284,0.3239004477719485
2024-11-28,2024-12-04,test,6.595154285430908,0.0,0.0
2024-11-29,2024-12-04,test,6.604018688201904,0.13431756855386556,0.018041209222222375
2024-12-02,2024-12-04,test,6.670009136199951,0.9942873787142537,0.9886073914704617
2024-12-03,2024-12-04,test,6.591214179992676,-1.188365230257693,1.4122119204854198
2024-12-04,2024-12-04,test,6.501584529876709,-1.369165634837155,1.8746145356190298
2024-12-05,2024-12-11,test,6.4937052726745605,-0.12126329289130489,0.014704786202842395
2024-12-06,2024-12-11,test,6.464157104492188,-0.4560662636820423,0.20799643686889813
2024-12-09,2024-12-11,test,6.58727502822876,1.8867136516756755,3.5596884034193623
2024-12-10,2024-12-11,test,6.506509780883789,-1.2336581490139942,1.5219124286286343
2024-12-11,2024-12-11,test,6.474991321563721,-0.48559131959851065,0.23579892966942292
2024-12-12,2024-12-18,test,6.460217475891113,-0.22842850591826558,0.05217958231605109
2024-12-13,2024-12-18,test,6.4119553565979,-0.7498709980346963,0.5623065136935514
2024-12-16,2024-12-18,test,6.352859020233154,-0.9259321262086617,0.8573503023452931
2024-12-17,2024-12-18,test,6.342025279998779,-0.1706788751778321,0.029131278431969988
2024-12-18,2024-12-18,test,6.373542785644531,0.49573200392307726,0.24575021971358987
2024-12-19,2024-12-25,test,6.247470378875732,-1.9978839832163198,3.991540410392308
2024-12-20,2024-12-25,test,6.257319927215576,0.15753243574139209,0.024816468310615826
2024-12-23,2024-12-25,test,6.296717643737793,0.6276521897913057,0.39394727134982116
2024-12-27,2025-01-01,test,6.270124435424805,-0.42322880865113266,0.17912262447225707
2024-12-30,2025-01-01,test,6.253380298614502,-0.26740352869676354,0.07150464715948084
2025-01-02,2025-01-08,test,6.419834613800049,2.6270190958527007,6.901229329974741
2025-01-03,2025-01-08,test,6.409000873565674,-0.16889674546711753,0.028526110629384285
2025-01-06,2025-01-08,test,6.470066547393799,0.9483005167144398,0.8992738700008736
2025-01-07,2025-01-08,test,6.472036361694336,0.030440405698906048,0.0009266182991139918
2025-01-08,2025-01-08,test,6.343009948730469,-2.013738694042755,4.055143527885019
2025-01-09,2025-01-15,test,6.325280666351318,-0.27990033529747826,0.07834419769964075
2025-01-10,2025-01-15,test,6.187389373779297,-2.2041159005958377,4.858126903259401
2025-01-13,2025-01-15,test,6.16178035736084,-0.41474939102614794,0.17201705735656056
2025-01-14,2025-01-15,test,6.193298816680908,0.5102116667813794,0.26031594491983334
2025-01-15,2025-01-15,test,6.283913612365723,1.4525101554996978,2.1097857518297563
2025-01-16,2025-01-22,test,6.276033401489258,-0.12548161073870912,0.01574563463358092
2025-01-17,2025-01-22,test,6.332174777984619,0.8905587017757455,0.7930948013085012
2025-01-20,2025-01-22,test,6.310506820678711,-0.3427750410764707,0.11749472878497619
2025-01-21,2025-01-22,test,6.170645236968994,-2.2412584618248133,5.023239492701328
2025-01-22,2025-01-22,test,6.06624174118042,-1.7064148644750476,2.911851689701395
2025-01-23,2025-01-29,test,6.036693572998047,-0.48828199312689335,0.23841930481197152
2025-01-24,2025-01-29,test,6.0485124588012695,0.19559268646367478,0.038256498998077385
2025-01-27,2025-01-29,test,5.973657131195068,-1.2453042591504815,1.5507826978583295
2025-01-28,2025-01-29,test,5.991386890411377,0.2963594978980799,0.08782895199440204
2025-01-29,2025-01-29,test,6.113518238067627,2.0179504222732625,4.0721239067528385
2025-01-30,2025-02-05,test,6.1923136711120605,1.2806368641170796,1.6400307777356273
2025-01-31,2025-02-05,test,6.264214515686035,1.154441141758622,1.3327343497849509
2025-02-03,2025-02-05,test,6.233681201934815,-0.4886162469040167,0.23874583673856703
2025-02-04,2025-02-05,test,6.250425815582275,0.2682550488434243,0.07196077122998797
2025-02-05,2025-02-05,test,6.270124435424805,0.3146608687455199,0.0990114623196853
2025-02-06,2025-02-12,test,6.251410007476807,-0.29891611076766633,0.08935084127646777
2025-02-07,2025-02-12,test,6.189359188079834,-0.9975481898006455,0.9951023909745447
2025-02-10,2025-02-12,test,6.16670560836792,-0.3666799335765303,0.13445417368768867
2025-02-11,2025-02-12,test,6.132232189178467,-0.560593281117483,0.31426482683406526
2025-02-12,2025-02-12,test,6.069196701049805,-1.0332568342747983,1.067619685575578
2025-02-13,2025-02-19,test,6.092834949493408,0.3887225241361536,0.15110520077078252
2025-02-14,2025-02-19,test,6.091850280761719,-0.016162399195795984,0.0002612231477642667
2025-02-17,2025-02-19,test,6.113518238067627,0.35505654803613673,0.12606515230333748
2025-02-18,2025-02-19,test,6.147992134094238,0.5623122407844461,0.3161950561360249
2025-02-19,2025-02-19,test,6.244515895843506,1.557807564243885,2.4267644072154657
2025-02-20,2025-02-26,test,6.182464599609375,-0.998662739803291,0.9973272678714157
2025-02-21,2025-02-26,test,6.186404228210449,0.06370232863071035,0.004057986672975019
2025-02-24,2025-02-26,test,6.18541955947876,-0.015917923673436363,0.0002533802940733458
2025-02-25,2025-02-26,test,6.196253776550293,0.17500412977491386,0.030626445438274894
2025-02-26,2025-02-26,test,6.305581569671631,1.7490324761354037,3.0591146025763414
2025-02-27,2025-03-05,test,6.186404228210449,-1.9081186822368812,3.640916905501412
2025-02-28,2025-03-05,test,6.075106620788574,-1.8154477961414006,3.2958507005146687
2025-03-03,2025-03-05,test,5.989416122436523,-1.420560782958935,2.0179929380809027
2025-03-04,2025-03-05,test,5.889937400817871,-1.6748562427587377,2.8051434339079155
2025-03-05,2025-03-05,test,5.885997772216797,-0.06690982397854484,0.004476924544839853
2025-03-06,2025-03-12,test,5.894862651824951,0.15049632984778238,0.022649145297652516
2025-03-07,2025-03-12,test,5.969717502593994,1.261837216520889,1.5922331609971851
2025-03-10,2025-03-12,test,6.030783653259277,1.0177354589870236,1.0357854644795275
2025-03-11,2025-03-12,test,5.960853099822998,-1.1663352988034337,1.360338029234895
2025-03-12,2025-03-12,test,5.964793205261231,0.0660778540768403,0.0043662827994002005
2025-03-13,2025-03-19,test,5.992371559143066,0.4612866566189977,0.2127853795747331
2025-03-14,2025-03-19,test,6.038663387298584,0.7695440468884929,0.5921980401015189
2025-03-17,2025-03-19,test,6.11154842376709,1.1997471624641598,1.439393253840803
2025-03-18,2025-03-19,test,6.102684020996094,-0.14514877406157645,0.02106816661157857
2025-03-19,2025-03-19,test,6.155871391296387,0.8677646308004272,0.7530154544682017
2025-03-20,2025-03-26,test,6.157840728759766,0.03198608934444902,0.0010231099115510752
2025-03-21,2025-03-26,test,6.12238359451294,-0.5774688123907135,0.33347022928394104
2025-03-24,2025-03-26,test,6.105639457702637,-0.27386515717520155,0.07500212431459785
2025-03-25,2025-03-26,test,6.126322746276856,0.338184633699834,0.11436884647069089
2025-03-26,2025-03-26,test,6.06624174118042,-0.9855431391937453,0.971295279211862
2025-03-27,2025-04-02,test,6.065256595611572,-0.01624111950007112,0.00026377396261559045
2025-03-28,2025-04-02,test,6.03373908996582,-0.5209949281122839,0.27143571511872383
2025-03-31,2025-04-02,test,5.949033737182617,-1.4138090565312122,1.9988560483296764
2025-04-01,2025-04-02,test,6.011085033416748,1.03764610006718,1.076709428984628
2025-04-02,2025-04-02,test,6.023889541625977,0.21278836878027008,0.045278889888168215
2025-04-03,2025-04-09,test,5.988430976867676,-0.590371655379407,0.3485386914754212
2025-04-04,2025-04-09,test,5.741211891174316,-4.21591184791188,17.77391270936376
2025-04-07,2025-04-09,test,5.571802139282227,-2.995177344615696,8.971087325699132
2025-04-08,2025-04-09,test,5.622034072875977,0.8974987631546583,0.8055040298641414
2025-04-09,2025-04-09,test,5.374814033508301,-4.496955810035841,20.222611557415107
2025-04-10,2025-04-16,test,5.507781028747559,2.443784994867837,5.972085101141194
2025-04-11,2025-04-16,test,5.501871585845947,-0.1073502257697978,0.01152407097282656
2025-04-14,2025-04-16,test,5.655521869659424,2.7544067264586802,7.586756414760823
2025-04-15,2025-04-16,test,5.725452899932861,1.228926551622278,1.5102604692822237
2025-04-16,2025-04-16,test,5.712648868560791,-0.22388394472208084,0.05012402070431975
2025-04-17,2025-04-23,test,5.704768657684326,-0.13803843311568365,0.019054609017033066
2025-04-22,2025-04-23,test,5.7796244621276855,1.3036276931750468,1.699445162412894
2025-04-23,2025-04-23,test,5.753030776977539,-0.46119010297722696,0.21269631108414522
2025-04-24,2025-04-30,test,5.813112258911133,1.0389292639060965,1.0793740154004636
2025-04-25,2025-04-30,test,5.858419418334961,0.7763743140702717,0.6027570755480849
2025-04-28,2025-04-30,test,5.9027419090271,0.7537129928267383,0.5680832755558389
2025-04-29,2025-04-30,test,5.9096360206604,0.1167269191202136,0.013625173647296887
2025-04-30,2025-04-30,test,5.884027481079102,-0.4342769288752324,0.18859645095330366
2025-05-02,2025-05-07,test,5.9145612716674805,0.5175849314426051,0.2678941612564462
2025-05-05,2025-05-07,test,5.895847320556641,-0.31690633946597213,0.10042962799372196
2025-05-06,2025-05-07,test,5.95297384262085,0.9642641055111589,0.9298052651772355
2025-05-07,2025-05-07,test,5.903726577758789,-0.8307125308327779,0.690083308882599
2025-05-08,2025-05-14,test,5.9756269454956055,1.2105245558875266,1.4653697004066935
2025-05-09,2025-05-14,test,6.077075958251953,1.6834631946641698,2.8340483277888926
2025-05-12,2025-05-14,test,6.27997350692749,3.2842109453023793,10.786041533243948
2025-05-13,2025-05-14,test,6.513404369354248,3.6496502304778744,13.319946804827202
2025-05-14,2025-05-14,test,6.520298480987549,0.10578900494222498,0.011191313566666103
2025-05-15,2025-05-21,test,6.544395446777344,0.36888721999208673,0.1360777810734902
2025-05-16,2025-05-21,test,6.560234069824219,0.24172573118643736,0.05843132911761778
2025-05-19,2025-05-21,test,6.457282066345215,-1.5817787197326627,2.5020239181991015
2025-05-20,2025-05-21,test,6.551324844360352,1.445879901089575,2.0905686883747996
2025-05-21,2025-05-21,test,6.425604820251465,-1.937653371012571,3.75450058619638
2025-05-22,2025-05-28,test,6.225639343261719,-3.161461897676743,9.994841330461831
2025-05-23,2025-05-28,test,6.256327152252197,0.4917153211926317,0.241783957095573
2025-05-26,2025-05-28,test,6.286025047302246,0.4735626950724825,0.22426162616431303
2025-05-27,2025-05-28,test,6.300873756408691,0.23593922897511277,0.05566731976937069
2025-05-28,2025-05-28,test,6.289984703063965,-0.17296765100776046,0.029917808295142418
2025-05-29,2025-06-04,test,6.30483341217041,0.23579087605967164,0.05559733723298743
2025-05-30,2025-06-04,test,6.340470790863037,0.5636475401447072,0.3176985495111793
2025-06-02,2025-06-04,test,6.245438098907471,-1.5101729862359248,2.2806224483567306
2025-06-03,2025-06-04,test,6.341461181640625,1.5257919121495656,2.3280409591810276
2025-06-04,2025-06-04,test,6.354329586029053,0.20271929540776057,0.041095112730618895
2025-06-05,2025-06-11,test,6.347400188446045,-0.10910952119893569,0.011904887616260997
2025-06-06,2025-06-11,test,6.417685031890869,1.101215581453796,1.2126757568366222
2025-06-09,2025-06-11,test,6.429563999176025,0.18492629265163263,0.03419773371387728
2025-06-10,2025-06-11,test,6.538455963134766,1.6794317662981229,2.8204910576512328
2025-06-11,2025-06-11,test,6.546375274658203,0.12104569553050837,0.014652060406464534
2025-06-12,2025-06-18,test,6.467181205749512,-1.2171161151460996,1.4813716377483337
2025-06-13,2025-06-18,test,6.452332496643066,-0.22986493124450558,0.052837886616041274
2025-06-16,2025-06-18,test,6.560234069824219,1.6584590872296356,2.750486544014556
2025-06-17,2025-06-18,test,6.3424506187438965,-3.376105700564258,11.39808970138248
2025-06-18,2025-06-18,test,6.333541393280029,-0.14056851601724762,0.019759507695291202
2025-06-19,2025-06-25,test,6.290974140167236,-0.6743611557472606,0.4547629683807811
2025-06-20,2025-06-25,test,6.310772895812988,0.31422265309113406,0.09873587571563118
2025-06-23,2025-06-25,test,6.285035133361816,-0.4086724442410983,0.1670131666819936
2025-06-24,2025-06-25,test,6.337501049041748,0.8313102386269255,0.6910767128459558
2025-06-25,2025-06-25,test,6.326611518859863,-0.1719746694818003,0.02957528694337445
2025-06-26,2025-07-02,test,6.395906448364258,1.0893380528298469,1.1866573933431221
2025-06-27,2025-07-02,test,6.378087520599365,-0.2789877522388684,0.07783416589929622
2025-06-30,2025-07-02,test,6.354329586029053,-0.3731885618315278,0.13926970268188407
2025-07-01,2025-07-02,test,6.3810577392578125,0.4197468328067222,0.17618740365127442
2025-07-02,2025-07-02,test,6.513707637786865,2.0574950246595725,4.233285776498895
2025-07-03,2025-07-09,test,6.711693286895752,2.9942448175538816,8.965502027448277
2025-07-04,2025-07-09,test,6.682984828948975,-0.4286553459098341,0.18374540557707955
2025-07-07,2025-07-09,test,6.634478569030762,-0.7284641672552272,0.5306600429748517
2025-07-08,2025-07-09,test,6.573102951049805,-0.929406488043738,0.863796420017795
2025-07-09,2025-07-09,test,6.6028008460998535,0.45079177563767114,0.20321322498256444
2025-07-10,2025-07-16,test,6.606760501861572,0.05995136062451056,0.0035941656407301155
2025-07-11,2025-07-16,test,6.539445877075195,-1.024100963656971,1.0487827837631365
2025-07-14,2025-07-16,test,6.544395446777344,0.07565927797112959,0.0057243263431126555
2025-07-15,2025-07-16,test,6.649327278137207,1.5906661985038983,2.530218955062843
2025-07-16,2025-07-16,test,6.548355102539063,-1.530179964270273,2.341450723054174
2025-07-17,2025-07-23,test,6.635468482971191,1.3215384398892471,1.7464638481049053
2025-07-18,2025-07-23,test,6.681005001068115,0.6839152369453094,0.46774005132595875
2025-07-21,2025-07-23,test,6.732481002807617,0.7675298491315319,0.5891020693078721
2025-07-22,2025-07-23,test,6.784947395324707,0.776281618751673,0.6026131516117178
2025-07-23,2025-07-23,test,6.75623893737793,-0.4240175159555104,0.17979085383708152
2025-07-24,2025-07-30,test,6.760199069976807,0.05859728295334321,0.0034336415695141666
2025-07-25,2025-07-30,test,6.786927223205566,0.39459568518618315,0.15570575476755336
2025-07-28,2025-07-30,test,6.770098686218262,-0.24826308872214486,0.06163456122185957
2025-07-29,2025-07-30,test,6.782967567443848,0.18990366979976248,0.036063403803417216
2025-07-30,2025-07-30,test,6.760199069976807,-0.33623626626380076,0.11305482675102152
2025-07-31,2025-08-06,test,6.7156524658203125,-0.6611347164031889,0.437099113233525
2025-08-01,2025-08-06,test,6.686944961547852,-0.4283878304998545,0.1835161333203721
2025-08-04,2025-08-06,test,6.688924312591553,0.02959584932511472,0.0008759142972748935
2025-08-05,2025-08-06,test,6.686944961547852,-0.02959584932511472,0.0008759142972748935
2025-08-06,2025-08-06,test,6.67209529876709,-0.22231640308814082,0.04942458308204871
2025-08-07,2025-08-13,test,6.692883968353272,0.31109193566909443,0.09677819243834399
2025-08-08,2025-08-13,test,6.720602035522461,0.4132871442168673,0.17080626357493367
2025-08-11,2025-08-13,test,6.655267238616943,-0.9769132035153172,0.9543594072025595
2025-08-12,2025-08-13,test,6.716641902923584,0.9179705701647389,0.8426699676885758
2025-08-13,2025-08-13,test,6.71862268447876,0.029486305336834384,0.0008694422024170279
2025-08-14,2025-08-20,test,6.6612067222595215,-0.8582518193599453,0.7365961854346562
2025-08-15,2025-08-20,test,6.743370532989502,1.2259221336990755,1.502885077893294
2025-08-18,2025-08-20,test,7.05915641784668,4.576567780391105,20.944972648513968
2025-08-19,2025-08-20,test,7.0502471923828125,-0.1262877849987687,0.015948604639895225
2025-08-20,2025-08-20,test,7.034408092498779,-0.22491294590625266,0.050585833236228936
2025-08-21,2025-08-27,test,6.977982044219971,-0.8053779937122751,0.6486337127560095
2025-08-22,2025-08-27,test,7.098753452301025,1.7159428971945445,2.9444600264324072
2025-08-25,2025-08-27,test,7.069055557250977,-0.4192312096562789,0.17575480714986688
2025-08-26,2025-08-27,test,7.078954696655273,0.1399368652134747,0.019582326245774186
2025-08-27,2025-08-27,test,7.067075729370117,-0.16794775240265292,0.02820644753710281
2025-08-28,2025-09-03,test,7.122511863708496,0.7813675488743455,0.6105352464339027
2025-08-29,2025-09-03,test,7.040348052978516,-1.160284476347151,1.3462600660521822
2025-09-01,2025-09-03,test,7.009660243988037,-0.4368375753575515,0.19082706724426451
2025-09-02,2025-09-03,test,6.921556949615479,-1.2648495496318413,1.5998443832038716
2025-09-03,2025-09-03,test,6.966103553771973,0.6415300392145884,0.4115607912146713
2025-09-04,2025-09-10,test,6.996790885925293,0.43955616358630767,0.19320962094671287
2025-09-05,2025-09-10,test,7.094793319702148,1.3909580702702984,1.9347643532500722
2025-09-08,2025-09-10,test,7.097763538360596,0.04185600567276904,0.0017519252108788737
2025-09-09,2025-09-10,test,7.032428741455078,-0.9247611245647436,0.8551831375062492
2025-09-10,2025-09-10,test,7.14132022857666,1.5365536638305644,2.360997161831131
2025-09-11,2025-09-17,test,7.181907176971436,0.5667306100464176,0.32118358436358463
2025-09-12,2025-09-17,test,7.124491691589356,-0.8026589243606441,0.6442613488557862
2025-09-15,2025-09-17,test,7.173987865447998,0.692330556768872,0.4793215998358963
2025-09-16,2025-09-17,test,7.189826488494873,0.22053514583175726,0.048635750547034444
2025-09-17,2025-09-17,test,7.25813102722168,0.9455322323355553,0.8940312023854585
2025-09-18,2025-09-24,test,7.280899524688721,0.31320542313384436,0.0980976370804505
2025-09-19,2025-09-24,test,7.363063812255859,1.1221709300730076,1.259267596300919
2025-09-22,2025-09-24,test,7.375932693481445,0.17462361824578387,0.030493408049249264
2025-09-23,2025-09-24,test,7.412559509277344,0.4953431382293205,0.24536482459087175
2025-09-24,2025-09-24,test,7.410580158233643,-0.026706232280959696,0.0007132228426445737
2025-09-25,2025-10-01,test,7.377912521362305,-0.4417987784783639,0.19518616066497446
2025-09-26,2025-10-01,test,7.384841918945312,0.09387676425729463,0.008812846867419672
2025-09-29,2025-10-01,test,7.496703147888184,1.5033833557325682,2.260161514293718
2025-09-30,2025-10-01,test,7.4363179206848145,-0.8087520410692051,0.6540798639336052
2025-10-01,2025-10-01,test,7.671920299530029,3.119112583421302,9.728863308057107
2025-10-02,2025-10-08,test,7.725375652313232,0.6943500692186966,0.4821220186240087
2025-10-03,2025-10-08,test,7.820408821105957,1.2226382371867572,1.4948442590311413
2025-10-06,2025-10-08,test,7.850106716156006,0.3790294012161688,0.14366328698628747
2025-10-07,2025-10-08,test,7.78477144241333,-0.8357679975471655,0.6985081457239988
2025-10-08,2025-10-08,test,7.843177318572998,0.747457634744686,0.5586929157381204
2025-10-09,2025-10-15,test,7.974837303161621,1.6647225116663833,2.7713010408488317
2025-10-10,2025-10-15,test,7.799620628356934,-2.2216152482757767,4.935574311371441
2025-10-13,2025-10-15,test,8.087688446044922,3.6267865334983718,13.153580559565135
2025-10-14,2025-10-15,test,8.03225326538086,-0.6877865960877916,0.473050401758031
2025-10-15,2025-10-15,test,8.218358993530273,2.290545881795847,5.246600436611914
2025-10-16,2025-10-22,test,8.291613578796387,0.8874038484193214,0.787485590189422
2025-10-17,2025-10-22,test,8.052051544189453,-2.9317682627286956,8.595265146343234
2025-10-20,2025-10-22,test,8.182721138000488,1.6097843582160376,2.59140567995702
2025-10-21,2025-10-22,test,8.071849822998047,-1.3642074558561479,1.8610619826135038
2025-10-22,2025-10-22,test,7.844166755676269,-2.861251107677898,8.186757901187997
2025-10-23,2025-10-29,test,7.970877647399902,1.6024438491875515,2.567826289799016
2025-10-27,2025-10-29,test,8.14807415008545,2.198699311613339,4.834278662888972
2025-10-28,2025-10-29,test,8.31438159942627,2.0205139466249467,4.082476608505917
2025-10-29,2025-10-29,test,8.572751998901367,3.0602062927558293,9.364862554222377
2025-10-30,2025-11-05,test,8.462869644165039,-1.2900483579902033,1.6642247659532199
2025-10-31,2025-11-05,test,8.48068904876709,0.21033847132998496,0.0442422725214349
2025-11-03,2025-11-05,test,8.723220825195312,2.819682815797986,7.950611181706458
2025-11-04,2025-11-05,test,8.646995544433594,-0.8776605706486862,0.7702880772713775
2025-11-05,2025-11-05,test,8.952882766723633,3.476365256027103,12.085115393312385
2025-11-06,2025-11-12,test,8.786576271057129,-1.875044416802174,3.5157915649810048
2025-11-07,2025-11-12,test,8.507416725158691,-3.2286794155630627,10.42437076848064
2025-11-10,2025-11-12,test,8.775686264038086,3.104663408024022,9.638934877123335
2025-11-11,2025-11-12,test,8.714311599731445,-0.7018287447358329,0.4925635869374749
2025-11-12,2025-11-12,test,8.64897632598877,-0.7525715450292569,0.5663639303877229
2025-11-13,2025-11-19,test,8.318979263305664,-3.890140751638338,15.133195067557294
2025-11-14,2025-11-19,test,8.435797691345215,1.3944718135628253,1.9445516388211952
2025-11-17,2025-11-19,test,8.354924201965332,-0.9633190913820311,0.927983671821102
2025-11-18,2025-11-19,test,8.234112739562988,-1.456547462005453,2.121530509074527
2025-11-19,2025-11-19,test,8.223130226135254,-0.13346725306218055,0.017813507639964143
2025-11-20,2025-11-26,test,8.176203727722168,-0.5722991753883466,0.32752634615018156
2025-11-21,2025-11-26,test,7.91760778427124,-3.213883816482488,10.329049185848042
2025-11-24,2025-11-26,test,8.041414260864258,1.5515858053990694,2.407418511515879
2025-11-25,2025-11-26,test,8.05339527130127,0.14888045274594752,0.022165389209838314
2025-11-26,2025-11-26,test,8.178200721740723,1.5378390410597742,2.364948916207646
2025-11-27,2025-12-03,test,8.234112739562988,0.6813449457282239,0.4642309350693964
2025-11-28,2025-12-03,test,8.359915733337402,1.5162732091830389,2.2990844448862315
2025-12-01,2025-12-03,test,8.16422176361084,-2.368693912520081,5.61071085120969
2025-12-02,2025-12-03,test,8.205158233642578,0.5001601206339856,0.2501601462726031
2025-12-03,2025-12-03,test,8.121289253234863,-1.0274092783528754,1.0555698252455763
2025-12-04,2025-12-10,test,8.243098258972168,1.488735895358717,2.216334566129521
2025-12-05,2025-12-10,test,8.301008224487305,0.7000704702444516,0.49009866330828755
2025-12-08,2025-12-10,test,8.186187744140625,-1.392866766405465,1.9400778289568164
2025-12-09,2025-12-10,test,8.2211332321167,0.4259749762740572,0.1814546804116836
2025-12-10,2025-12-10,test,8.139261245727539,-1.0008642511066146,1.0017292491432044
2025-12-11,2025-12-17,test,8.180196762084961,0.5016784527236862,0.25168126992723183
2025-12-12,2025-12-17,test,8.03542423248291,-1.7856408505458443,3.1885132471380864
2025-12-15,2025-12-17,test,8.080353736877441,0.5575855026713317,0.3109015927892416
2025-12-16,2025-12-17,test,7.937576770782471,-1.7827614809592607,3.1782384979920564
2025-12-17,2025-12-17,test,7.838731288909912,-1.25310402086094,1.5702696870978554
2025-12-18,2025-12-24,test,7.957545280456543,1.5043574571606655,2.2630913589149033
2025-12-19,2025-12-24,test,8.087343215942383,1.6179703221349762,2.6178279633095585
2025-12-22,2025-12-24,test,8.106313705444336,0.23429541915271912,0.05489434343594834
2025-12-23,2025-12-24,test,8.031429290771484,-0.9280721868448083,0.8613179839949048
2025-12-29,2025-12-31,test,8.087343215942383,0.6937767676920892,0.48132620338928306
2025-12-30,2025-12-31,test,8.10231876373291,0.18500141733093223,0.03422552441445375
