Price,Close,High,Low,Open,Volume
Ticker,ICLN,ICLN,ICLN,ICLN,ICLN
Date,,,,,
2013-01-02,5.7426276206970215,5.81247013652935,5.688305335013835,5.688305335013835,12600
2013-01-03,5.843511581420898,5.859032181276931,5.719346412532345,5.727106897480507,8900
2013-01-04,5.874551296234131,5.8978320051134165,5.812468542462246,5.812468542462246,26600
2013-01-07,5.820228576660156,5.874550843256778,5.8124680942719955,5.874550843256778,16800
2013-01-08,5.750386714935303,5.835750185843234,5.719345520067006,5.835750185843234,19800
2013-01-09,5.859030723571777,5.859030723571777,5.804708452570697,5.820229048565263,4600
2013-01-10,5.9599151611328125,5.9599151611328125,5.897832769356467,5.897832769356467,15400
2013-01-11,5.944393634796143,5.9754348258363175,5.944393634796143,5.9754348258363175,11200
2013-01-14,5.905594348907471,6.014238554670883,5.8978338634756415,5.952156151377505,42900
2013-01-15,5.874551296234131,5.913352601046339,5.859030700301209,5.8978320051134165,13600
2013-01-16,5.827990531921387,5.874552327897131,5.8202300475719655,5.8202300475719655,21600
2013-01-17,5.89783239364624,5.921113474099415,5.8900722801886625,5.8900722801886625,49300
2013-01-18,5.859030723571777,5.897832028538094,5.859030723571777,5.89007191556091,31300
2013-01-22,5.859030723571777,5.89007191556091,5.835749644559829,5.859030723571777,16700
2013-01-23,5.8823113441467285,5.890071827047489,5.835749556862741,5.85127015262407,35200
2013-01-24,5.85127067565918,5.874551756402326,5.804708884213112,5.866791272807869,9900
2013-01-25,5.812469482421875,5.812469482421875,5.750387088650573,5.812469482421875,9500
2013-01-28,5.727106094360352,5.758147289719466,5.703825012820896,5.758147289719466,17400
2013-01-29,5.719344615936279,5.734865210916887,5.703824020955672,5.703824020955672,11400
2013-01-30,5.750386714935303,5.804708990974937,5.696064808935899,5.742626601238345,12600
2013-01-31,5.680543422698975,5.6960640179779265,5.63398163686212,5.680543422698975,8900
2013-02-01,5.672783374786377,5.719345164191603,5.649502665103868,5.6572627783179685,21000
2013-02-04,5.548618793487549,5.649502859015011,5.548618793487549,5.626221778493203,15100
2013-02-05,5.610701560974121,5.633982643070554,5.525338086674197,5.5408586847250705,15400
2013-02-06,5.641741752624512,5.649502235288401,5.6029400793854265,5.6029400793854265,30800
2013-02-07,5.657264232635498,5.665024717884801,5.633983516968197,5.649504117426499,3200
2013-02-08,5.579660415649414,5.626222210225762,5.571899931533231,5.626222210225762,111500
2013-02-11,5.641741752624512,5.680543425863598,5.610700562049316,5.610700562049316,3700
2013-02-12,5.727106094360352,5.727106094360352,5.626222024423107,5.626222024423107,3700
2013-02-13,5.703824043273926,5.742625715897356,5.696063930773344,5.742625715897356,17600
2013-02-14,5.789187908172607,5.789187908172607,5.6184609806705685,5.719345040554483,6500
2013-02-15,5.85127067565918,5.897832467105247,5.812468997767344,5.8357500785104905,33900
2013-02-19,5.804708480834961,5.859030752100547,5.727105500484266,5.804708480834961,31800
2013-02-20,5.812469482421875,5.92111404156191,5.80470936822059,5.851271163549066,21200
2013-02-21,5.719344615936279,5.742625693427277,5.649502123543633,5.742625693427277,19300
2013-02-22,5.719344615936279,5.727105098446669,5.711584503466062,5.727105098446669,1100
2013-02-25,5.6650238037109375,5.827990267245105,5.6650238037109375,5.827990267245105,11000
2013-02-26,5.657264232635498,5.657264232635498,5.6107024312605915,5.657264232635498,8300
2013-02-27,5.69606351852417,5.711584112442213,5.595179473036813,5.595179473036813,14400
2013-02-28,5.657264232635498,5.711586519259707,5.657264232635498,5.657264232635498,18100
2013-03-01,5.657264232635498,5.6805453183431025,5.626223031718894,5.665024717884801,17000
2013-03-04,5.633981704711914,5.641741817424754,5.610700626493023,5.641741817424754,6500
2013-03-05,5.680543422698975,5.758146399093732,5.672782940039409,5.672782940039409,18500
2013-03-06,5.727106094360352,5.750386805859569,5.696064899001236,5.696064899001236,15600
2013-03-07,5.78142786026001,5.78142786026001,5.719345471055428,5.773667746629552,10800
2013-03-08,5.78142786026001,5.789188343930697,5.719345471055428,5.727105954726115,33000
2013-03-11,5.750386714935303,5.750386714935303,5.703824922632858,5.703824922632858,8300
2013-03-12,5.633981704711914,5.688303603822351,5.633981704711914,5.68054349110951,34100
2013-03-13,5.579660415649414,5.626222210225762,5.579660415649414,5.587420529725347,8900
2013-03-14,5.6650238037109375,5.6805444016646565,5.610701525852801,5.610701525852801,3500
2013-03-15,5.688304901123047,5.7193460991341745,5.6650241876348355,5.6650241876348355,15400
2013-03-18,5.618460655212402,5.657262328317091,5.571898869510884,5.633981620486421,15800
2013-03-19,5.633981704711914,5.68054349110951,5.602940143739998,5.602940143739998,49800
2013-03-20,5.672783374786377,5.711585050977503,5.6572627783179685,5.665023261572277,6400
2013-03-21,5.758147239685059,5.789188434774447,5.72710604459567,5.7426266421403644,6900
2013-03-22,5.835750102996826,5.835750102996826,5.7581471169277645,5.78918831135539,6600
2013-03-25,5.610701560974121,5.758147427477537,5.571899880826816,5.758147427477537,46200
2013-03-26,5.688304901123047,5.703825500128611,5.649503588629272,5.649503588629272,18000
2013-03-27,5.719344615936279,5.719344615936279,5.6650227185242406,5.688303425975064,14900
2013-03-28,5.711585521697998,5.765907428794266,5.696064923950459,5.742626717193077,18600
2013-04-01,5.711585521697998,5.773667912688155,5.672783842309031,5.773667912688155,8900
2013-04-02,5.641741752624512,5.688303538487307,5.626221157336914,5.688303538487307,18900
2013-04-03,5.602940559387207,5.688304025802142,5.602940559387207,5.688304025802142,19600
2013-04-04,5.649502277374268,5.680543468180705,5.5796594130396935,5.595180008442911,18800
2013-04-05,5.602940559387207,5.618461156004448,5.525337576300998,5.571899366152723,28000
2013-04-08,5.680543422698975,5.680543422698975,5.587419480985085,5.595179963644651,12900
2013-04-09,5.9599151611328125,6.006476954965072,5.672783914147093,5.672783914147093,25200
2013-04-10,6.021998405456543,6.076320317593217,5.998717321654916,5.998717321654916,7600
2013-04-11,6.084080219268799,6.130642012370521,6.037518426167077,6.037518426167077,19500
2013-04-12,6.316888332366943,6.347929521760968,6.239284988841714,6.239284988841714,33100
2013-04-15,6.309128761291504,6.456574247190127,6.309128761291504,6.347930438658649,39500
2013-04-16,6.355689525604248,6.40225168165162,6.30912810963724,6.394491198963665,15800
2013-04-17,6.169443130493164,6.254806970262392,6.1539225332733665,6.216005292192784,19000
2013-04-18,6.053039073944092,6.138402176983333,6.045278590009484,6.138402176983333,21900
2013-04-19,6.247046947479248,6.262567175803753,6.153922987250447,6.1694435856152054,41700
2013-04-22,6.247046947479248,6.247046947479248,6.192724668182469,6.216005750749733,33400
2013-04-23,6.309128761291504,6.340169955169132,6.262566600434842,6.262566600434842,10500
2013-04-24,6.394491195678711,6.394491195678711,6.324648331683714,6.324648331683714,17200
2013-04-25,6.425534725189209,6.448816181715423,6.378973292298046,6.3867330377261515,104800
2013-04-26,6.394491195678711,6.433292869018193,6.3867307129947415,6.410012161046649,17400
2013-04-29,6.541937828063965,6.549697571167785,6.410012574253677,6.472094959566705,14500
2013-04-30,6.596259593963623,6.596259593963623,6.526416726908792,6.526416726908792,9600
2013-05-01,6.611781597137451,6.673863990906586,6.572979916011614,6.673863990906586,5400
2013-05-02,6.611781597137451,6.689384219308614,6.572979916011614,6.635062309780749,37300
2013-05-03,6.650581359863281,6.735945191231853,6.642821617077359,6.673862808462189,12200
2013-05-06,6.689383029937744,6.735945187026109,6.650581355710837,6.650581355710837,29500
2013-05-07,6.71266508102417,6.774747476172006,6.689384367863863,6.735946534265004,12400
2013-05-08,6.844590663909912,6.844590663909912,6.720425868023742,6.720425868023742,89500
2013-05-09,6.782506942749023,6.82906910216268,6.712664073668749,6.8135481356646554,29900
2013-05-10,6.836830139160156,6.852350366834823,6.798028459852774,6.829069655282585,8300
2013-05-13,6.844590663909912,6.898913317170533,6.8290704344644215,6.8290704344644215,12500
2013-05-14,7.030837535858154,7.038597279368561,6.968754407211755,6.968754407211755,16100
2013-05-15,7.054120063781738,7.085161266061324,6.960996456942982,6.960996456942982,31600
2013-05-16,7.030837535858154,7.069638473651537,7.015316568676442,7.023077052267299,9300
2013-05-17,7.0618791580200195,7.077399386061653,6.9997967656925,7.023077477795197,5800
2013-05-20,7.224846363067627,7.240366592699269,7.077400111123892,7.116201795323852,33100
2013-05-21,7.302448749542236,7.682703613931195,7.248126837509683,7.271407551226414,23000
2013-05-22,6.984274864196777,7.263645592335706,6.984274864196777,7.2481253663681855,30900
2013-05-23,6.836830139160156,6.8833915622646344,6.689383905808199,6.782507492097631,44100
2013-05-24,6.999796390533447,6.999796390533447,6.790267772597534,6.790267772597534,14800
2013-05-28,6.953232765197754,7.054116811108649,6.929952059243023,7.054116811108649,13000
2013-05-29,7.100680828094482,7.123962282670941,7.038598429385066,7.054119399102705,34200
2013-05-30,7.162759780883789,7.201561446430289,7.100677412041476,7.178280743134475,37900
2013-05-31,6.984274864196777,7.077398440243087,6.937712706133425,7.061878214275566,19100
2013-06-03,7.0075554847717285,7.023076450623812,6.914431909900388,6.999795741926073,16200
2013-06-04,6.9765143394470215,7.061878172039216,6.953233630594783,7.015316014254347,9600
2013-06-05,6.836830139160156,6.922193241572016,6.759226780545392,6.922193241572016,42600
2013-06-06,6.805788040161133,6.805788040161133,6.69714350054073,6.766986366005248,25200
2013-06-07,6.875629425048828,6.8989108710832046,6.774745379140761,6.774745379140761,14800
2013-06-10,6.984274864196777,6.984274864196777,6.922192480165904,6.922192480165904,14300
2013-06-11,6.82130765914917,6.891150518402488,6.782505988443958,6.860109329854381,2500
2013-06-12,6.790269374847412,7.069640191269251,6.790269374847412,6.867872749449349,10600
2013-06-13,6.953232765197754,6.968752989140808,6.821307531320451,6.844588237275182,8900
2013-06-14,6.836830139160156,6.922193241572016,6.836830139160156,6.922193241572016,6600
2013-06-17,7.046358108520508,7.116200984102486,7.0075564287438,7.0075564287438,8300
2013-06-18,7.131722450256348,7.147243420894154,7.100681249061348,7.131722450256348,21200
2013-06-19,6.945474147796631,7.092920385281309,6.945474147796631,7.092920385281309,9600
2013-06-20,6.704904556274414,6.860110526078823,6.627301201331989,6.860110526078823,7700
2013-06-21,6.720425605773926,6.798028970214763,6.65834321025347,6.798028970214763,11300
2013-06-24,6.495376110076904,6.565218983316515,6.386731558361903,6.565218983316515,45300
2013-06-25,6.579385280609131,6.5950874812091325,6.547980130651291,6.58723675528805,15000
2013-06-26,6.7285590171813965,6.78351858677716,6.697153869737151,6.759964164625643,9800
2013-06-27,6.909138202667236,6.9326918727409375,6.814922773614761,6.814922773614761,24800
2013-06-28,6.862030982971191,6.8855854047861875,6.814923636856733,6.838477309913962,17400
2013-07-01,6.885584354400635,6.916989496605389,6.838476266714678,6.854178463438228,6700
2013-07-02,6.885584354400635,6.971948308274296,6.854178463438228,6.869881408919432,17900
2013-07-03,6.814924716949463,6.846329868922405,6.673601158692279,6.799221766584049,19500
2013-07-05,6.846329689025879,6.9091399913213385,6.81492453787815,6.822775264096683,27600
2013-07-08,6.956246376037598,6.971949323806086,6.916990504131896,6.94054417702687,11100
2013-07-09,7.003354549407959,7.019056748595415,6.964097928302664,6.964097928302664,16800
2013-07-10,6.987651824951172,7.003354773398629,6.940544477124384,6.9562466768140485,11800
2013-07-11,7.152529716491699,7.183934867599758,7.058314263167523,7.074017213100484,5600
2013-07-12,7.144678115844727,7.144678115844727,7.0661648733048965,7.1289751678336515,14700
2013-07-15,7.278148174285889,7.278148174285889,7.136824676142064,7.136824676142064,6300
2013-07-16,7.301703929901123,7.348811276920312,7.270298782302405,7.2781502563915295,17700
2013-07-17,7.317407608032227,7.356664237653098,7.270300251493527,7.356664237653098,7400
2013-07-18,7.333108901977539,7.340960375878734,7.215339039732898,7.270298608283502,11200
2013-07-19,7.388068199157715,7.388068199157715,7.293852752528836,7.293852752528836,9400
2013-07-22,7.427323818206787,7.458728962836844,7.411620871512904,7.411620871512904,8700
2013-07-23,7.419473648071289,7.497986897815937,7.395919972651031,7.443027323491546,25200
2013-07-24,7.435176372528076,7.4979866709199605,7.427324898039635,7.427324898039635,16000
2013-07-25,7.419473648071289,7.427325122797322,7.2860015727600915,7.36451482250474,12400
2013-07-26,7.364512920379639,7.388066589716395,7.301702636309856,7.301702636309856,103100
2013-07-29,7.301703929901123,7.3252576034107175,7.286000981722873,7.3252576034107175,6600
2013-07-30,7.333108901977539,7.388067721770381,7.333108901977539,7.3802162478691855,12500
2013-07-31,7.317407608032227,7.380217915922449,7.278151727169288,7.340962035059509,3900
2013-08-01,7.482283592224121,7.482283592224121,7.458729917924964,7.458729917924964,9300
2013-08-02,7.545095443725586,7.552946919695216,7.458731454333537,7.458731454333537,7500
2013-08-05,7.600052833557129,7.6079035585032635,7.521539594033839,7.5764984124454955,19800
2013-08-06,7.552947521209717,7.592204155426294,7.505840159156241,7.592204155426294,14200
2013-08-07,7.333108901977539,7.458729489365613,7.309555229031716,7.458729489365613,47900
2013-08-08,7.427323818206787,7.435175291553729,7.3488105822527885,7.3488105822527885,6300
2013-08-09,7.458728313446045,7.458728313446045,7.411620226223548,7.435174644213619,5600
2013-08-12,7.521538257598877,7.537241202216516,7.435174308474691,7.435174308474691,15300
2013-08-13,7.521538257598877,7.545091925767725,7.427322836165872,7.545091925767725,10700
2013-08-14,7.482283592224121,7.497986540928762,7.458729917924964,7.497986540928762,5700
2013-08-15,7.333108901977539,7.356662574923362,7.278150082184697,7.309555229031716,57900
2013-08-16,7.348810195922852,7.388066811836115,7.325256525877962,7.372364614725412,4800
2013-08-19,7.152529716491699,7.278151069681799,7.152529716491699,7.278151069681799,9900
2013-08-20,7.152529716491699,7.16038119145818,7.0897194142755815,7.152529716491699,5700
2013-08-21,7.089719295501709,7.1211244460836385,7.066165619754726,7.074017094589671,13800
2013-08-22,7.2467427253723145,7.2467427253723145,7.168230248464628,7.168230248464628,14000
2013-08-23,7.29385232925415,7.293852329254151,7.199636888092754,7.246744234294568,11900
2013-08-26,7.13682746887207,7.2388943964985035,7.128975993956685,7.2388943964985035,10600
2013-08-27,6.9483962059021,7.066165328541327,6.916991056614451,7.066165328541327,53600
2013-08-28,6.964097499847412,7.011205592027067,6.909138682935916,6.909138682935916,80000
2013-08-29,6.979801177978516,7.0190570520230375,6.916990880997919,6.916990880997919,13000
2013-08-30,6.995504379272461,7.019058056822515,6.987652903836473,6.987652903836473,3900
2013-09-03,7.176083087921143,7.18393381297725,7.128974993795729,7.18393381297725,15600
2013-09-04,7.13682746887207,7.160381144860367,7.097570843053003,7.097570843053003,7200
2013-09-05,7.309555530548096,7.317406256015367,7.160380515303023,7.160380515303023,11300
2013-09-06,7.380218505859375,7.403772934769478,7.301705989099674,7.403772934769478,6000
2013-09-09,7.419473648071289,7.435176597523355,7.372366297230773,7.3802170231989646,22700
2013-09-10,7.490135192871094,7.5372432910215235,7.450878569205371,7.50583814184051,18000
2013-09-11,7.537242412567139,7.560796084518299,7.497985793476717,7.552944610948668,52200
2013-09-12,7.435176372528076,7.537243294604343,7.419473423551195,7.513688871139022,17300
2013-09-13,7.482283592224121,7.521540215227919,7.435176243625809,7.443026969220323,10700
2013-09-16,7.552947521209717,7.615757836453032,7.52154236358806,7.52154236358806,19700
2013-09-17,7.529391288757324,7.5607964357369655,7.497986141777682,7.537242762691676,5700
2013-09-18,7.725672245025635,7.725672245025635,7.513686979746912,7.568646538573413,20800
2013-09-19,7.67856502532959,7.749226788397527,7.655011353892848,7.749226788397527,19000
2013-09-20,7.584349632263184,7.686416540723672,7.584349632263184,7.639308448835093,8900
2013-09-23,7.662863254547119,7.670714728383044,7.623606634125254,7.655011780711195,16100
2013-09-24,7.67071533203125,7.725674155692201,7.615755759612484,7.694269006634827,9800
2013-09-25,7.694268703460693,7.7256738512806225,7.655012081496334,7.694268703460693,6000
2013-09-26,7.843443870544434,7.906254173408539,7.7884850427278085,7.7884850427278085,15700
2013-09-27,7.945511817932129,7.961214770039082,7.83559339945736,7.851296351564313,36700
2013-09-30,8.039725303649902,8.047576777769107,7.945509860492808,8.008320155930871,73200
2013-10-01,8.141791343688965,8.298817065365387,8.047575910683111,8.086832528291643,37400
2013-10-02,8.212451934814453,8.220303406968345,8.14964165509851,8.188898267110373,19700
2013-10-03,8.20460319519043,8.267413495825243,8.141792894555616,8.236008345507837,17200
2013-10-04,8.306669235229492,8.306669235229492,8.149643500385013,8.204602320391139,20700
2013-10-07,8.173197746276855,8.243859519098955,8.13394112262482,8.13394112262482,29900
2013-10-08,8.165346145629883,8.306669689090452,8.141792471305722,8.306669689090452,10000
2013-10-09,8.196751594543457,8.204603069191695,8.110387619686348,8.165346444708343,32300
2013-10-10,8.345927238464355,8.361629440170674,8.243860306720677,8.243860306720677,13800
2013-10-11,8.345927238464355,8.400886067573301,8.243860306720677,8.243860306720677,49900
2013-10-14,8.393033027648926,8.393033027648926,8.283115389922704,8.369479355101557,37100
2013-10-15,8.38518238067627,8.487249294341769,8.38518238067627,8.393033105759956,18500
2013-10-16,8.502950668334961,8.510802141414677,8.408735237651417,8.408735237651417,37200
2013-10-17,8.636423110961914,8.636423110961914,8.542207675965983,8.620720164083734,59800
2013-10-18,8.762046813964844,8.769898290202393,8.652129141671097,8.769898290202393,97200
2013-10-21,8.754194259643555,8.85626119188814,8.707086905535526,8.85626119188814,40900
2013-10-22,8.824854850769043,8.832706324982007,8.714937206818698,8.777747503006836,27900
2013-10-23,8.597167015075684,8.699233929714518,8.565761868168178,8.699233929714518,36800
2013-10-24,8.557909965515137,8.777746731611995,8.51865409541573,8.628571729706431,41600
2013-10-25,8.424439430236816,8.510804157052329,8.37733207811732,8.510804157052329,17200
2013-10-28,8.338077545166016,8.440144498722463,8.275267227401748,8.440144498722463,57200
2013-10-29,8.400885581970215,8.400885581970215,8.306670130904651,8.306670130904651,22900
2013-10-30,8.338077545166016,8.385185657868242,8.322375340103974,8.361631227138103,17100
2013-10-31,8.314520835876465,8.353777457375307,8.243859066930105,8.290967162480271,32600
2013-11-01,8.338077545166016,8.36948270404815,8.29097018122184,8.306672386283882,18700
2013-11-04,8.518654823303223,8.518654823303223,8.353777609021297,8.353777609021297,29000
2013-11-05,8.479399681091309,8.534358512525234,8.455846003156472,8.51865631015465,22500
2013-11-06,8.542204856872559,8.628568789927625,8.542204856872559,8.573609991506897,7600
2013-11-07,8.243857383728027,8.510801456907107,8.188898574105615,8.495098512010632,30800
2013-11-08,8.353775024414062,8.353775024414062,8.243856665981587,8.26741033251799,46100
2013-11-11,8.369478225708008,8.369478225708008,8.298816468843386,8.314519414261145,18700
2013-11-12,8.275262832641602,8.393031928716224,8.251709163178207,8.393031928716224,30100
2013-11-13,8.38518238067627,8.38518238067627,8.290966940852215,8.290966940852215,21400
2013-11-14,8.502950668334961,8.510802141414677,8.4008837645717,8.4008837645717,28800
2013-11-15,8.550061225891113,8.55791195247913,8.518656073265348,8.518656073265348,22400
2013-11-18,8.550061225891113,8.699235513674026,8.534358275199281,8.699235513674026,73900
2013-11-19,8.369478225708008,8.518653212146134,8.369478225708008,8.518653212146134,34500
2013-11-20,8.290966987609863,8.416587574750386,8.283115513724141,8.408736100864663,27900
2013-11-21,8.377330780029297,8.377330780029297,8.283115341631357,8.283115341631357,8000
2013-11-22,8.353775024414062,8.353775024414062,8.298815470819045,8.314518414348353,14900
2013-11-25,8.251709938049316,8.369479045182965,8.251709938049316,8.369479045182965,16200
2013-11-26,8.243857383728027,8.275262524763352,8.165344156760902,8.196749297796227,9500
2013-11-27,8.290966987609863,8.290966987609863,8.19675079849671,8.228155945281841,8100
2013-11-29,8.306669235229492,8.330222908266723,8.2438589412917,8.330222908266723,3600
2013-12-02,8.220305442810059,8.322372359815772,8.220305442810059,8.322372359815772,18400
2013-12-03,8.094686508178711,8.18105049465493,8.047578402709359,8.165347543245835,71000
2013-12-04,8.126089096069336,8.157494240212037,8.039724388108633,8.039724388108633,14400
2013-12-05,8.07112979888916,8.157494509703008,8.07112979888916,8.094684219342605,22300
2013-12-06,8.149642944335938,8.173196615766104,8.141791470939976,8.149642944335938,10600
2013-12-09,8.039725303649902,8.133940746806998,8.039725303649902,8.133940746806998,26900
2013-12-10,8.07112979888916,8.078981272373642,8.008319508528757,8.039724653708959,46500
2013-12-11,7.921955108642578,8.10253449625906,7.921955108642579,8.10253449625906,16700
2013-12-12,7.953360557556152,7.984765702206851,7.898401741606856,7.898401741606856,15900
2013-12-13,7.969062805175781,8.024022370225364,7.921955462284956,7.937657660329326,16700
2013-12-16,8.008320808410645,8.047577433447323,7.99261860765068,8.024023757928454,16900
2013-12-17,7.963022708892822,8.034546225059497,7.955075398908571,8.034546225059497,24000
2013-12-18,8.002758026123047,8.058388440083576,7.907392576629997,8.002758026123047,17300
2013-12-19,8.106070518493652,8.114017828496895,8.058388174268593,8.06633472637464,11900
2013-12-20,7.9868669509887695,8.08223243376536,7.978919637949683,8.050443939506497,28200
2013-12-23,8.074283599853516,8.082230911395648,7.97097082349784,7.97097082349784,44700
2013-12-24,8.010703086853027,8.042491561090658,7.963020754445085,7.963020754445085,28600
2013-12-26,8.082230567932129,8.106071743648021,8.01865359409154,8.066335945523326,8200
2013-12-27,8.185542106628418,8.225277898766347,8.153753624497513,8.153753624497513,25000
2013-12-30,8.249116897583008,8.272958063425708,8.185539950071142,8.225275731740307,34500
2013-12-31,8.29680061340332,8.312695231881445,8.233223655285066,8.312695231881445,77000
2014-01-02,8.408061027526855,8.416008337104742,8.265012486713513,8.265012486713513,106800
2014-01-03,8.479584693908691,8.503425863046921,8.376271950446887,8.479584693908691,41600
2014-01-06,8.408061027526855,8.535214949184423,8.408061027526855,8.535214949184423,18900
2014-01-07,8.5352144241333,8.543161733222302,8.423955128475718,8.423955128475718,19900
2014-01-08,8.519323348999023,8.551111837850248,8.471640236773508,8.527269902788811,25400
2014-01-09,8.5352144241333,8.622633308318097,8.47958477630451,8.503425945674405,14600
2014-01-10,8.5352144241333,8.5352144241333,8.47958477630451,8.5352144241333,18200
2014-01-13,8.423955917358398,8.598792186306758,8.423955917358398,8.598792186306758,19700
2014-01-14,8.503429412841797,8.551112528920893,8.400116626251604,8.479588233750958,11500
2014-01-15,8.590843200683594,8.606737057950362,8.519318948240727,8.559054728253093,16600
2014-01-16,8.646472930908203,8.646472930908203,8.559054820258865,8.614684458135992,8700
2014-01-17,8.662367820739746,8.741839391090302,8.646473961407873,8.646473961407873,5700
2014-01-21,8.646472930908203,8.678261403680414,8.52726558958968,8.678261403680414,38200
2014-01-22,8.670316696166992,8.702105178472298,8.63058090381106,8.702105178472298,9600
2014-01-23,8.511374473571777,8.622634543058643,8.47163868033381,8.622634543058643,13600
2014-01-24,8.161700248718262,8.352431125477539,8.161700248718262,8.352431125477539,43500
2014-01-27,8.098122596740723,8.193488793781064,8.01865177640329,8.161700314066664,30600
2014-01-28,8.288854598999023,8.304748460609602,8.129911435510204,8.129911435510204,20600
2014-01-29,8.193490028381348,8.257066997389968,8.161701543877038,8.241172376189185,14300
2014-01-30,8.30474853515625,8.30474853515625,8.209383090945224,8.209383090945224,7900
2014-01-31,8.2252779006958,8.288854864972523,8.217330590686911,8.217330590686911,11100
2014-02-03,8.010703086853027,8.225275856379792,7.970967304581737,8.225275856379792,35100
2014-02-04,8.026599884033203,8.090176849784589,7.986864090964284,8.034546436329215,8800
2014-02-05,8.010703086853027,8.034544253056998,7.947126138377766,8.034544253056998,22300
2014-02-06,8.153753280639648,8.185541761429977,8.058387838268661,8.058387838268661,5600
2014-02-07,8.36037826538086,8.392166744196496,8.22527704094012,8.304747859030655,34600
2014-02-10,8.431901931762695,8.45574385974252,8.35243111218801,8.400113452353395,48700
2014-02-11,8.455742835998535,8.471636694830337,8.360377409316605,8.471636694830337,19700
2014-02-12,8.487532615661621,8.5272676477949,8.439849516045667,8.5272676477949,6000
2014-02-13,8.503429412841797,8.551112528920893,8.392170071819605,8.439852430001281,13200
2014-02-14,8.54316234588623,8.5590569652041,8.503426555488723,8.54316234588623,7700
2014-02-18,8.606739044189453,8.646474833371933,8.519320914305707,8.606739044189453,11000
2014-02-19,8.5352144241333,8.5828975207702,8.5352144241333,8.5828975207702,8900
2014-02-20,8.5352144241333,8.551109042311303,8.511373254763406,8.543161733222302,14800
2014-02-21,8.590843200683594,8.686208617975096,8.535212805507493,8.574948585519861,32800
2014-02-24,8.797468185424805,8.821310108964166,8.606737344491858,8.606737344491858,14700
2014-02-25,8.733892440795898,8.749787058676933,8.646474316141488,8.72594513185538,21800
2014-02-26,8.749789237976074,8.805418898621118,8.72594730521624,8.773630412838624,19600
2014-02-27,8.932571411132812,8.956413340074182,8.797470178720364,8.845153278705942,89700
2014-02-28,8.876941680908203,8.988201741292691,8.876941680908203,8.972307122138984,20700
2014-03-03,8.853100776672363,8.932571601142579,8.82131229530484,8.86104732859136,47700
2014-03-04,9.186882019042969,9.186882019042969,9.03588613439054,9.03588613439054,27800
2014-03-05,9.123302459716797,9.178932870352165,9.075620116768967,9.178932870352165,34800
2014-03-06,9.266351699829102,9.329928667129348,9.170986248878732,9.170986248878732,22100
2014-03-07,9.22661304473877,9.385556171600411,9.170983405075393,9.385556171600411,21600
2014-03-10,9.131250381469727,9.258404315048503,9.099461898075033,9.258404315048503,17900
2014-03-11,9.115355491638184,9.274297890702643,9.107408182210674,9.274297890702643,17800
2014-03-12,9.059723854064941,9.10740694626187,8.892834168221254,9.059723854064941,32700
2014-03-13,8.884889602661133,9.337875669192737,8.845153809936189,9.337875669192737,164000
2014-03-14,8.773628234863281,8.781575543810376,8.702103970133612,8.74978706591909,34800
2014-03-17,8.884889602661133,8.892836154888355,8.821312637460107,8.821312637460107,9100
2014-03-18,8.932571411132812,8.964359891824143,8.829258659411696,8.837205969058818,65900
2014-03-19,9.004096031188965,9.07562030499125,8.924624447431494,8.924624447431494,28900
2014-03-20,8.964360237121582,9.02793720095316,8.821312447449127,8.964360237121582,215600
2014-03-21,8.84515380859375,8.948466566504038,8.821312636121286,8.948466566504038,17500
2014-03-24,8.829259872436523,8.940519949090442,8.686212068621218,8.940519949090442,15400
2014-03-25,8.741840362548828,8.813364632233226,8.69415726346018,8.813364632233226,16400
2014-03-26,8.686208724975586,8.853098396765773,8.686208724975586,8.75773297829952,47300
2014-03-27,8.81336498260498,8.81336498260498,8.717999538533618,8.76568188162071,5700
2014-03-28,8.876941680908203,8.940518641728724,8.845153200497943,8.900782851741608,11100
2014-03-31,8.900781631469727,8.948464724496478,8.853099296340027,8.932570107521878,36500
2014-04-01,8.924623489379883,8.980253895197107,8.90078231997085,8.97230658609506,25100
2014-04-02,9.012042045593262,9.012042045593262,8.948465090885842,8.996147427967864,10700
2014-04-03,8.86104679107666,9.059724977046066,8.813364450866397,9.019989946169892,15600
2014-04-04,8.81336498260498,8.948466217847038,8.741840710077163,8.948466217847038,19000
2014-04-07,8.710049629211426,8.75773271596471,8.582895741731937,8.670313849899847,81500
2014-04-08,8.670316696166992,8.710052488522924,8.551110076996396,8.662369386116366,23200
2014-04-09,8.853100776672363,8.868994638407534,8.686211060018579,8.82131229530484,30200
2014-04-10,8.574949264526367,8.837204372318881,8.527266173156352,8.837204372318881,22900
2014-04-11,8.503429412841797,8.598794887102569,8.455747054660119,8.559059841250312,61300
2014-04-14,8.423955917358398,8.519321361665826,8.376272816256094,8.519321361665826,31600
2014-04-15,8.384217262268066,8.408058425727132,8.209380295142093,8.408058425727132,23700
2014-04-16,8.56700325012207,8.574950559533463,8.431902021716954,8.431902021716954,25200
2014-04-17,8.614688873291016,8.638530050614886,8.511376094357765,8.511376094357765,20000
2014-04-21,8.590843200683594,8.622631673114094,8.567001277937994,8.606737057950362,12300
2014-04-22,8.829259872436523,8.845154493914483,8.654423583562565,8.654423583562565,42100
2014-04-23,8.781575202941895,8.845152156256644,8.757734034923129,8.845152156256644,18800
2014-04-24,8.749789237976074,8.797471587701173,8.670317644571195,8.797471587701173,30000
2014-04-25,8.58289909362793,8.725946893958609,8.58289909362793,8.725946893958609,17300
2014-04-28,8.463693618774414,8.63058338839604,8.344486965286434,8.63058338839604,18000
2014-04-29,8.463693618774414,8.503429422569548,8.4239585728767,8.447799751994813,13300
2014-04-30,8.503429412841797,8.535217904262055,8.400116626251604,8.400116626251604,36500
2014-05-01,8.519323348999023,8.638529992716775,8.519323348999023,8.551111837850248,27400
2014-05-02,8.598793983459473,8.622635917942192,8.55111163028871,8.622635917942192,22400
2014-05-05,8.590843200683594,8.598789750368494,8.495477025495127,8.574948585519861,4600
2014-05-06,8.519323348999023,8.622636127239842,8.519323348999023,8.606741503865551,18100
2014-05-07,8.423955917358398,8.543162533268386,8.344484334820285,8.53521522343514,15700
2014-05-08,8.27295970916748,8.45574403804817,8.241171229087858,8.408060938980162,43400
2014-05-09,8.32064151763916,8.392165776198627,8.32064151763916,8.352429992788142,14900
2014-05-12,8.58289909362793,8.590846404173314,8.439850535400002,8.439850535400002,16600
2014-05-13,8.574949264526367,8.614685047685208,8.5431607895787,8.614685047685208,16900
2014-05-14,8.598793983459473,8.646477094527572,8.598793983459473,8.630582471539093,4100
2014-05-15,8.400114059448242,8.559057225879053,8.336537096034792,8.559057225879053,27600
2014-05-16,8.32064151763916,8.384218467937124,8.280905734228675,8.384218467937124,7700
2014-05-19,8.384217262268066,8.40011111860847,8.344481484571673,8.376269955149404,19600
2014-05-20,8.32064151763916,8.431900801712082,8.32064151763916,8.431900801712082,9700
2014-05-21,8.5352144241333,8.5352144241333,8.447796297845613,8.463690158126507,14800
2014-05-22,8.638525009155273,8.670313479667742,8.598789231540458,8.598789231540458,12400
2014-05-23,8.741840362548828,8.741840362548828,8.678263402362063,8.725945743553563,10200
2014-05-27,8.81336498260498,8.853100773775676,8.76568188162071,8.829258844334952,21800
2014-05-28,8.797468185424805,8.821310108964166,8.749785854140063,8.797468185424805,9800
2014-05-29,8.908729553222656,8.908729553222656,8.837205287707414,8.837205287707414,30300
2014-05-30,8.853100776672363,8.940518910958753,8.829258847223837,8.908730429591232,24300
2014-06-02,8.89283561706543,8.932571407387222,8.821312103962798,8.932571407387222,4400
2014-06-03,8.868993759155273,8.900782237371356,8.789522942563618,8.900782237371356,34600
2014-06-04,8.80541706085205,8.845152849261277,8.710051623408184,8.789523200226636,10500
2014-06-05,8.924623489379883,8.940518107583978,8.853099981152784,8.90078231997085,7700
2014-06-06,8.980253219604492,9.004094387219933,8.93257012647656,8.940517434980723,20800
2014-06-09,9.019990921020508,9.043832093702314,8.964360507566674,9.0120436108275,23000
2014-06-10,8.980253219604492,9.043830171843702,8.948464743484887,9.043830171843702,16700
2014-06-11,8.988202095031738,9.019990576693063,8.876942030268506,8.876942030268506,17800
2014-06-12,9.004096031188965,9.07562030499125,8.996148721233778,9.019990651099336,14100
2014-06-13,9.14714241027832,9.155089718349435,9.075618153432307,9.107406627819756,27300
2014-06-16,9.170984268188477,9.170984268188477,9.012041884265216,9.091512697278311,33300
2014-06-17,9.329927444458008,9.329927444458008,9.178932356381884,9.202773526520822,38100
2014-06-18,9.472973823547363,9.480921131082663,9.274295682546615,9.353767242105699,241900
2014-06-19,9.417346954345703,9.512712399106263,9.38555847275885,9.512712399106263,30800
2014-06-20,9.449134826660156,9.465028687480167,9.401451728405851,9.457081378121595,12300
2014-06-23,9.393506050109863,9.425294535166687,9.337876390734738,9.425294535166687,28500
2014-06-24,9.263686180114746,9.431971161134685,9.247658675144514,9.431971161134685,42200
2014-06-25,9.367860794067383,9.367860794067383,9.287725571424108,9.3037523102594,20200
2014-06-26,9.431971549987793,9.447998291385261,9.375876044512824,9.43998453856976,24900
2014-06-27,9.496077537536621,9.496077537536621,9.423955309700984,9.456009548268675,21100
2014-06-30,9.504091262817383,9.54415925520007,9.439982780698438,9.536145503876854,12600
2014-07-01,9.480051040649414,9.568200014992563,9.480051040649414,9.568200014992563,31500
2014-07-02,9.472038269042969,9.568201004884166,9.456011528519515,9.456011528519515,17700
2014-07-03,9.600253105163574,9.616280606339467,9.54415837951459,9.54415837951459,13500
2014-07-07,9.447997093200684,9.552173573890045,9.407929098438093,9.552173573890045,36400
2014-07-08,9.14348316192627,9.34382241004642,9.087388417007373,9.34382241004642,42200
2014-07-09,9.199576377868652,9.2156038818866,9.143481642272743,9.143481642272743,20000
2014-07-10,9.071358680725098,9.103412921976538,8.911087474467893,9.015263949593425,44800
2014-07-11,9.095399856567383,9.111426594938486,9.055331864289542,9.055331864289542,17600
2014-07-14,9.119441032409668,9.183549519184536,9.087386789022235,9.087386789022235,27300
2014-07-15,9.095399856567383,9.16752132558743,9.039304361685051,9.119440346240731,21000
2014-07-16,9.119441032409668,9.151495275797103,9.103413528599228,9.111427280504449,9300
2014-07-17,8.983208656311035,9.119439356733917,8.983208656311035,9.119439356733917,28900
2014-07-18,9.151496887207031,9.159510640523326,9.023279891080644,9.103415131542846,19700
2014-07-21,9.15950870513916,9.167521692528748,9.103413208011537,9.151494953516154,12200
2014-07-22,9.279714584350586,9.311768835803656,9.199578573601093,9.199578573601093,11400
2014-07-23,9.223615646362305,9.31977835704819,9.215601896080159,9.31977835704819,8800
2014-07-24,9.263686180114746,9.303753414073327,9.207590676952433,9.303753414073327,28700
2014-07-25,9.239642143249512,9.295737629537541,9.23162915740831,9.295737629537541,11300
2014-07-28,9.287728309631348,9.303755053191642,9.231633560819866,9.287728309631348,30400
2014-07-29,9.20759105682373,9.311767550727678,9.20759105682373,9.311767550727678,7200
2014-07-30,9.2316312789917,9.263685522422914,9.207590023243203,9.263685522422914,13100
2014-07-31,8.967182159423828,9.231630603678203,8.94314166966739,9.231630603678203,57000
2014-08-01,8.887046813964844,8.959169046454257,8.790884092056753,8.959169046454257,34600
2014-08-04,9.007250785827637,9.02327828961564,8.927115559587955,8.967182790591075,26000
2014-08-05,8.951155662536621,9.039304636844443,8.935128159444247,9.007250394893108,11400
2014-08-06,9.031293869018555,9.039306858300565,8.871021855640791,8.871021855640791,19500
2014-08-07,9.007250785827637,9.119441019643324,9.007250785827637,9.10341351585532,5200
2014-08-08,9.079373359680176,9.079373359680176,9.015264870627723,9.079373359680176,15000
2014-08-11,9.223615646362305,9.239642382693306,9.159507172571715,9.23162939664445,99600
2014-08-12,9.191563606262207,9.247658343177363,9.151495609508464,9.247658343177363,98400
2014-08-13,9.319778442382812,9.343818929216082,9.255669968005227,9.255669968005227,186200
2014-08-14,9.319778442382812,9.359846429927128,9.279710454838497,9.279710454838497,10100
2014-08-15,9.359848022460938,9.42395650774628,9.231631051890256,9.42395650774628,17100
2014-08-18,9.464025497436523,9.472038485764845,9.399916241175406,9.399916241175406,22600
2014-08-19,9.512105941772461,9.520119693877188,9.472037945482295,9.472037945482295,8400
2014-08-20,9.520119667053223,9.52813341913537,9.423956934767853,9.423956934767853,10900
2014-08-21,9.472038269042969,9.488065773799914,9.431971035617588,9.431971035617588,20800
2014-08-22,9.439984321594238,9.45601182685685,9.39190333427343,9.45601182685685,12100
2014-08-25,9.544159889221191,9.552173641076763,9.439983407799089,9.439983407799089,41700
2014-08-26,9.512105941772461,9.536146433853176,9.488065449691748,9.536146433853176,28500
2014-08-27,9.528133392333984,9.55217388427934,9.472037892150212,9.55217388427934,23600
2014-08-28,9.439984321594238,9.528134072071579,9.407930075302527,9.528134072071579,22700
2014-08-29,9.439984321594238,9.48806607314856,9.39190333427343,9.48806607314856,13300
2014-09-02,9.439984321594238,9.480052320517254,9.351835335350412,9.480052320517254,98400
2014-09-03,9.520119667053223,9.5441601590662,9.464024930945122,9.464024930945122,57000
2014-09-04,9.552173614501953,9.632309604367839,9.5361461108354,9.568200353935067,17100
2014-09-05,9.600253105163574,9.656348595045879,9.520117891984071,9.656348595045879,20000
2014-09-08,9.592241287231445,9.656349771277375,9.560187045208481,9.64833601971328,12800
2014-09-09,9.303750991821289,9.54415815414974,9.287724255257153,9.54415815414974,48100
2014-09-10,9.375875473022461,9.415943470424155,9.311766982873145,9.415943470424155,14900
2014-09-11,9.367860794067383,9.383888297136084,9.31176606179375,9.383888297136084,14800
2014-09-12,9.335806846618652,9.367861089533648,9.311766355490764,9.367861089533648,8700
2014-09-15,9.135466575622559,9.287724784948496,9.10341233643289,9.287724784948496,19100
2014-09-16,9.127455711364746,9.135468699850376,9.023279218716311,9.095401464721652,10700
2014-09-17,9.151496887207031,9.16752362960604,9.11142888485914,9.151496887207031,9200
2014-09-18,9.14348316192627,9.207591660186031,9.135469408585402,9.207591660186031,13900
2014-09-19,9.047316551208496,9.127452521930833,9.007248565847329,9.119438772011947,13000
2014-09-22,8.959169387817383,9.087386355246839,8.927115145960018,9.02327787153211,10000
2014-09-23,8.903074264526367,8.991224006503595,8.895061276901252,8.903074264526367,29500
2014-09-24,9.015262603759766,9.015262603759766,8.895059408069613,8.895059408069613,12300
2014-09-25,8.838964462280273,8.983208917327033,8.814923974516923,8.983208917327033,67700
2014-09-26,8.92711353302002,8.943140268936306,8.822937074747712,8.822937074747712,32700
2014-09-29,8.766844749450684,8.782872255379154,8.73479050182729,8.758831760719994,12700
2014-09-30,8.710748672485352,8.76684340617293,8.654653938797773,8.76684340617293,84000
2014-10-01,8.486368179321289,8.654653128868832,8.45431393960906,8.654653128868832,74100
2014-10-02,8.422261238098145,8.518423974797532,8.253976257815841,8.518423974797532,56300
2014-10-03,8.526435852050781,8.550476339880092,8.454313624329519,8.454313624329519,26900
2014-10-06,8.286030769348145,8.61458698800879,8.229936028864675,8.590546494120664,78800
2014-10-07,8.221922874450684,8.334112363581433,8.221922874450684,8.229936627741045,7800
2014-10-08,8.310070991516113,8.350138989508542,8.077677520240227,8.197880749984014,30000
2014-10-09,8.045623779296875,8.294044771043552,8.02158328468705,8.22993627592832,16300
2014-10-10,7.885348796844482,8.029593224470451,7.845280815366915,8.029593224470451,36200
2014-10-13,7.805216312408447,7.973501298226571,7.805216312408447,7.933433298892061,14400
2014-10-14,7.789188861846924,7.893365344935802,7.773161357879348,7.893365344935802,26500
2014-10-15,7.829257488250732,7.853297981905324,7.548782260090947,7.6529587515721955,60600
2014-10-16,7.805216312408447,7.8613118171701695,7.676999325924833,7.717067325259343,16200
2014-10-17,7.973501205444336,8.053637203180868,7.90137896032816,7.949460711816782,27200
2014-10-20,8.021580696105957,8.03760743259613,7.813227772100616,7.813227772100616,127800
2014-10-21,8.17383861541748,8.189866117089219,8.093703399758818,8.093703399758818,42200
2014-10-22,8.08569049835205,8.27801595321729,8.08569049835205,8.27801595321729,7100
2014-10-23,8.125760078430176,8.173841069413848,8.085692076454732,8.173841069413848,35800
2014-10-24,8.15781307220459,8.16582605998014,8.093704584599456,8.093704584599456,7600
2014-10-27,7.957475185394287,8.029597437044828,7.949461432047875,8.029597437044828,18100
2014-10-28,8.205894470214844,8.221921975042294,8.069663736115496,8.069663736115496,442600
2014-10-29,8.149800300598145,8.253976796547049,8.109732299966483,8.221922548888427,28100
2014-10-30,8.237945556640625,8.245959305981327,8.109728624122203,8.181850839722117,10900
2014-10-31,8.374178886413574,8.382192638288222,8.302056648008623,8.334110891273774,57600
2014-11-03,8.358154296875,8.382194794449466,8.334113035066894,8.374181040513431,30700
2014-11-04,8.261988639831543,8.334110107218015,8.229934399581989,8.334110107218015,5100
2014-11-05,8.181855201721191,8.278017952377333,8.157814705115557,8.278017952377333,7300
2014-11-06,8.101716995239258,8.165825478277545,8.069662753720113,8.1337712367584,25700
2014-11-07,8.181855201721191,8.181855201721191,8.09370620467813,8.09370620467813,9300
2014-11-10,8.14178466796875,8.181852659350099,8.117744178833288,8.181852659350099,18900
2014-11-11,8.133772850036621,8.14980035609184,8.117746108214954,8.125759861242564,10800
2014-11-12,8.061650276184082,8.093704519729739,8.053636524239305,8.093704519729739,10300
2014-11-13,8.045623779296875,8.09370553275007,8.01356953173926,8.0696642739067,49800
2014-11-14,8.08569049835205,8.08569049835205,8.029595765074712,8.069662994996568,43000
2014-11-17,8.061650276184082,8.093704519729739,8.021582280693648,8.093704519729739,8300
2014-11-18,8.117744445800781,8.157812438499843,8.08569020448821,8.10973069441429,14600
2014-11-19,8.133772850036621,8.165827097913505,8.109732355187345,8.14178660306423,10300
2014-11-20,8.181855201721191,8.205895698326824,8.157814705115557,8.181855201721191,28600
2014-11-21,8.29404354095459,8.326097783758243,8.270002285676778,8.310070280239701,17900
2014-11-24,8.334111213684082,8.406233454879127,8.302056969178892,8.302056969178892,8900
2014-11-25,8.358154296875,8.398221538087897,8.334113035066894,8.390208548385502,7900
2014-11-26,8.446301460266113,8.45431521245903,8.398219711342083,8.398219711342083,18400
2014-11-28,8.19787883758545,8.35815079216697,8.18986585124303,8.35815079216697,13700
2014-12-01,7.949460983276367,8.05363747819789,7.941447230382357,8.013569477961376,22200
2014-12-02,8.021580696105957,8.03760743259613,7.99753944502075,8.03760743259613,15100
2014-12-03,8.061650276184082,8.085690767784962,7.98952803714799,7.98952803714799,35400
2014-12-04,8.045623779296875,8.08569177980228,7.989529037129435,7.989529037129435,180800
2014-12-05,8.069664001464844,8.11774575329474,8.05363726034389,8.101718247940267,32400
2014-12-08,7.9334306716918945,8.053634629889208,7.9334306716918945,8.013566643823436,10400
2014-12-09,7.909391403198242,7.933431892844827,7.773160688145279,7.805214929085189,36400
2014-12-10,7.917407035827637,8.061651536449334,7.885352787270989,7.973501779743378,33200
2014-12-11,7.917407035827637,8.045624030054228,7.917407035827637,8.01356978149758,12800
2014-12-12,7.789188861846924,7.925419588637499,7.789188861846923,7.84528359726653,200700
2014-12-15,7.717065334320068,7.853296038370889,7.701037833027819,7.821241800019715,47000
2014-12-16,7.709053993225098,7.781176243116187,7.612891248114832,7.644945496484921,31300
2014-12-17,7.676997661590576,7.7250794032148145,7.604875431270898,7.612889182247163,48500
2014-12-18,7.869324684143066,7.885352189322805,7.805216191891134,7.805216191891134,39800
2014-12-19,7.825258731842041,7.849737946508413,7.776299524329092,7.849737946508413,41100
2014-12-22,7.866061687469482,7.866061687469482,7.833422459645151,7.84974168446703,32700
2014-12-23,7.898699760437012,7.931338983489211,7.8171013137162815,7.849740536768481,51700
2014-12-24,7.915018081665039,7.915018081665039,7.84157964361421,7.84157964361421,13800
2014-12-26,7.955817222595215,8.04557488034623,7.931338002877732,7.931338002877732,9500
2014-12-29,7.931340217590332,8.037417903560579,7.915020214434642,7.9558194441432875,375700
2014-12-30,7.898699760437012,7.955818206233246,7.857900537076646,7.955818206233246,33100
2014-12-31,7.898699760437012,7.939498205616916,7.857900537076646,7.939498205616916,42000
2015-01-02,7.955817222595215,8.02925565992803,7.8660595648442,8.02925565992803,52200
2015-01-05,7.784460544586182,7.996615841379381,7.727342110134285,7.996615841379381,34500
2015-01-06,7.768144607543945,7.866062298624672,7.711025370778046,7.8334230682644295,18100
2015-01-07,7.841582298278809,7.890541532947324,7.76814461354699,7.76814461354699,221700
2015-01-08,8.029253959655762,8.037413957227086,7.890537113664051,7.890537113664051,61900
2015-01-09,8.004776000976562,8.045574438873576,7.955816786047697,7.980296004421969,15700
2015-01-12,7.866061687469482,8.004778600268033,7.80078323182082,7.98845859726558,29800
2015-01-13,7.890540599822998,8.021097505925379,7.8089421444187375,7.947659051697654,32100
2015-01-14,7.906857967376709,7.93949718623825,7.7844610911910195,7.833420308573511,16700
2015-01-15,7.80078125,7.923178128700663,7.784461251143711,7.8986989085966055,21800
2015-01-16,7.866061687469482,7.88238091229136,7.727344774670932,7.727344774670932,21400
2015-01-20,7.825258731842041,7.866057941739465,7.776299524329092,7.784459521944617,41000
2015-01-21,7.923181056976318,7.947660286127491,7.800784133039794,7.800784133039794,30900
2015-01-22,7.955817222595215,7.9966164409112634,7.882378785262401,7.931338002877732,74400
2015-01-23,7.988457679748535,8.012936903260071,7.963978456237,7.980297679184528,13200
2015-01-26,8.257733345031738,8.257733345031738,8.070057958594514,8.070057958594514,15700
2015-01-27,8.298531532287598,8.331170759646248,8.1761346242378,8.1761346242378,61500
2015-01-28,8.135335922241211,8.24957283630282,8.135335922241211,8.24957283630282,19800
2015-01-29,8.19245433807373,8.241413571125793,8.15981510876589,8.15981510876589,9000
2015-01-30,8.1434965133667,8.184295751602514,8.086378046745004,8.159816519933322,40900
2015-02-02,8.323009490966797,8.331169491109126,8.151653378880107,8.151653378880107,16100
2015-02-03,8.559642791748047,8.567802790692939,8.404606702696759,8.404606702696759,30400
2015-02-04,8.518844604492188,8.600443047439564,8.518844604492188,8.559643825965876,17800
2015-02-05,8.592284202575684,8.60044420360346,8.527005750714522,8.551484975617326,6300
2015-02-06,8.486205101013184,8.584123540569074,8.461725880214411,8.518844321471681,161900
2015-02-09,8.50252628326416,8.527005507468656,8.40460860826567,8.518845506673655,73100
2015-02-10,8.559642791748047,8.600442008292175,8.535163573093703,8.600442008292175,9400
2015-02-11,8.52700424194336,8.575963461266634,8.469885801216533,8.510685020955863,14300
2015-02-12,8.682040214538574,8.698359433821643,8.559642568104161,8.6004417835823,17500
2015-02-13,8.722840309143066,8.739160309707184,8.633082640581794,8.633082640581794,152900
2015-02-17,8.714679718017578,8.730998937837587,8.641241283376704,8.730998937837587,31000
2015-02-18,8.682040214538574,8.730998650568091,8.673880215806884,8.730998650568091,8400
2015-02-19,8.608601570129395,8.698359219424704,8.584122352718,8.698359219424704,14700
2015-02-20,8.657563209533691,8.706522440658945,8.567805527014736,8.624923981510381,11900
2015-02-23,8.665725708007812,8.690204941533542,8.616767240956353,8.690204941533542,47900
2015-02-24,8.69836139678955,8.886037519069918,8.69836139678955,8.71468139793588,203600
2015-02-25,8.877875328063965,8.910514544123085,8.788117678446456,8.788117678446456,21600
2015-02-26,8.877875328063965,8.926833763062499,8.853396110564697,8.926833763062499,77000
2015-02-27,8.918675422668457,8.926834643853068,8.85339698410934,8.910515423303474,19000
2015-03-02,9.057393074035645,9.057393074035645,8.959474629639418,9.00027385177444,52000
2015-03-03,9.163469314575195,9.17162931406164,9.13899009429624,9.13899009429624,117400
2015-03-04,9.416424751281738,9.424584751548002,9.351146305512543,9.359306305778807,78800
2015-03-05,9.857053756713867,9.873373755768545,9.734656876525323,9.873373755768545,337000
2015-03-06,9.546980857849121,9.72649695804448,9.546980857849121,9.72649695804448,47800
2015-03-09,9.440903663635254,9.55514132906728,9.408264441823308,9.55514132906728,78500
2015-03-10,9.212427139282227,9.342983998587867,9.212427139282227,9.245066354108637,153600
2015-03-11,9.31850814819336,9.326668149392715,9.220590468342742,9.220590468342742,50100
2015-03-12,9.39194393157959,9.440902368490962,9.351144715366564,9.440902368490962,44400
2015-03-13,9.245067596435547,9.310346034860306,9.220588376571355,9.310346034860306,45600
2015-03-16,9.359306335449219,9.383785558145155,9.310347111876885,9.383785558145155,15400
2015-03-17,9.416424751281738,9.424584751548002,9.29402786000961,9.34298630524628,57100
2015-03-18,9.514341354370117,9.62041901140993,9.34298525887201,9.34298525887201,25100
2015-03-19,9.46538257598877,9.563300230173162,9.46538257598877,9.563300230173162,37500
2015-03-20,9.628580093383789,9.685698538912003,9.522502424416778,9.522502424416778,53000
2015-03-23,9.644899368286133,9.710177814439843,9.636740146152265,9.685698591677317,36100
2015-03-24,9.73465633392334,9.767295552033026,9.718336335778325,9.767295552033026,37800
2015-03-25,9.579620361328125,9.791775687998049,9.579620361328125,9.791775687998049,90200
2015-03-26,9.46538257598877,9.612258668175189,9.449062577867867,9.612258668175189,32300
2015-03-27,9.489860534667969,9.571458179894703,9.473540538714479,9.481700536691223,14700
2015-03-30,9.702017784118652,9.718337005207443,9.60410012304472,9.636739343402699,70200
2015-03-31,9.67753791809082,9.734657138136845,9.653058697031328,9.70201791733072,53700
2015-04-01,9.816254615783691,9.889693055756451,9.718336955213475,9.718336955213475,118300
2015-04-02,9.881534576416016,9.954973027687117,9.79993690247741,9.79993690247741,235100
2015-04-06,9.946810722351074,10.06104837321503,9.946810722351074,9.946810722351074,41000
2015-04-07,9.979451179504395,10.06104962285368,9.97129195771381,10.028410401150051,57500
2015-04-08,10.101847648620605,10.18344530412952,10.069208430780973,10.069208430780973,37100
2015-04-09,10.330323219299316,10.330323219299316,10.19976633472372,10.305843997986495,66400
2015-04-10,10.281364440917969,10.29768366186678,10.22424522214616,10.281364440917969,30900
2015-04-13,10.322161674499512,10.362960889367871,10.31400245407008,10.346641670328706,128900
2015-04-14,10.281364440917969,10.362962102022797,10.24872522083996,10.362962102022797,46700
2015-04-15,10.403759002685547,10.420078998177047,10.273202151474406,10.273202151474406,45000
2015-04-16,10.460880279541016,10.501679501201123,10.354802614496913,10.469040279509123,79500
2015-04-17,10.289525032043457,10.297685032694316,10.19976735942549,10.297685032694316,106400
2015-04-20,10.175288200378418,10.28952509749513,10.150808198270125,10.281365874972863,90900
2015-04-21,10.24056625366211,10.31400470078631,10.24056625366211,10.31400470078631,69400
2015-04-22,10.387439727783203,10.403759724406841,10.32216129764919,10.379280507651654,55800
2015-04-23,10.501680374145508,10.518000375438309,10.403762700930177,10.411922701576577,42100
2015-04-24,10.4364013671875,10.493519812296576,10.379282922078424,10.493519812296576,31600
2015-04-27,10.42008113861084,10.509838797710954,10.403761139766978,10.501678798289023,41300
2015-04-28,10.624075889587402,10.624075889587402,10.346642149451768,10.420080583979475,142200
2015-04-29,10.297683715820312,10.420081375389428,10.297683715820312,10.420081375389428,129000
2015-04-30,10.191605567932129,10.387440880058108,10.175286347678476,10.387440880058108,68100
2015-05-01,10.281364440917969,10.387441322536207,10.20792600119735,10.387441322536207,50800
2015-05-04,10.330323219299316,10.346643218961473,10.265044777011518,10.338483219130394,32100
2015-05-05,10.24056625366211,10.338483923767553,10.216087030680864,10.338483923767553,163500
2015-05-06,10.158965110778809,10.314001964280143,10.158965110778809,10.21608432015416,174700
2015-05-07,10.248725891113281,10.248725891113281,9.987611335231756,10.150807446294934,67100
2015-05-08,10.4364013671875,10.4364013671875,10.28952447612936,10.379282922078424,23000
2015-05-11,10.314004898071289,10.485361018578613,10.314004898071289,10.485361018578613,85800
2015-05-12,10.289525032043457,10.436401931036942,10.289525032043457,10.436401931036942,502600
2015-05-13,10.411921501159668,10.460879943032543,10.338483060169951,10.420081500865281,176400
2015-05-14,10.452720642089844,10.493519083947128,10.420081421695778,10.493519083947128,111900
2015-05-15,10.501680374145508,10.526159597904217,10.452721926628088,10.509840374791908,58300
2015-05-18,10.493520736694336,10.648557641620021,10.436402286553568,10.648557641620021,76600
2015-05-19,10.362959861755371,10.534315924666217,10.362959861755371,10.534315924666217,65000
2015-05-20,10.09368896484375,10.240565853350622,10.036570520726826,10.224245853214109,99100
2015-05-21,10.020249366760254,10.1834454584312,9.987610148426064,10.003930146683333,59900
2015-05-22,10.085530281066895,10.191607961257422,10.077371058114192,10.093690282200136,47800
2015-05-26,10.012090682983398,10.16712678384375,9.954971464198731,10.16712678384375,66500
2015-05-27,10.069209098815918,10.101848318820979,9.922332219702954,10.101848318820979,69100
2015-05-28,9.816254615783691,10.044729935294585,9.791775395186235,9.963131495729211,56900
2015-05-29,9.914172172546387,10.06920905046119,9.832574512015782,9.922332172053562,46100
2015-06-01,9.750975608825684,9.89785248023696,9.710176391413624,9.89785248023696,72100
2015-06-02,9.7754545211792,9.791774518903928,9.644897652102665,9.783614520041564,66000
2015-06-03,9.799932479858398,9.832571690340169,9.718334064563892,9.783612485527433,73000
2015-06-04,9.661216735839844,9.791773592565207,9.628577521658503,9.742814382203072,24800
2015-06-05,9.604100227355957,9.620419448621993,9.522501786484565,9.571460228463076,34300
2015-06-08,9.538823127746582,9.693860044222978,9.498024676423867,9.693860044222978,108100
2015-06-09,9.416424751281738,9.538821642553867,9.38378552839714,9.514342419935533,624600
2015-06-10,9.563302993774414,9.563302993774414,9.47354453453175,9.530663766280874,61600
2015-06-11,9.571457862854004,9.620417070912533,9.546978647914846,9.546978647914846,23100
2015-06-12,9.538823127746582,9.5714623557131,9.4490654453838,9.5714623557131,25700
2015-06-15,9.424585342407227,9.449064566560246,9.310347666058957,9.400106118254206,33900
2015-06-16,9.473542213439941,9.473542213439941,9.449062993362528,9.465382992201054,30100
2015-06-17,9.514341354370117,9.555140572951641,9.424583696035059,9.465382914616583,37300
2015-06-18,9.612260818481445,9.653060044730333,9.522503143278305,9.555142368641313,45300
2015-06-19,9.489860534667969,9.571458179894703,9.465381318917972,9.555138962121452,19700
2015-06-22,9.604100227355957,9.636739448068433,9.49802256549531,9.49802256549531,38900
2015-06-23,9.67753791809082,9.685697917837453,9.59594025516571,9.604100254912343,20300
2015-06-24,9.575008392333984,9.707305446896727,9.575008392333984,9.699036683848394,52500
2015-06-25,9.475786209106445,9.599814508574951,9.467517445527825,9.599814508574951,58700
2015-06-26,9.37656307220459,9.51712889373908,9.368294308925462,9.51712889373908,49500
2015-06-29,9.087162017822266,9.277339616916688,9.06235651830651,9.260802091537776,132100
2015-06-30,9.19465446472168,9.252534232092945,9.12850593385375,9.252534232092945,50000
2015-07-01,9.178115844726562,9.326949614391474,9.145041586072969,9.326949614391474,25600
2015-07-02,9.16984748840332,9.235996008635508,9.120235703952899,9.194652986352251,19900
2015-07-06,8.797760009765625,8.913519501485338,8.723342743058726,8.913519501485338,298700
2015-07-07,8.690272331237793,8.723346598999147,8.508363464273973,8.682003567159269,98400
2015-07-08,8.326454162597656,8.55797481339251,8.326454162597656,8.541437286098862,103100
2015-07-09,8.75641918182373,8.830836467105364,8.682001896542097,8.698539421516946,60400
2015-07-10,9.029284477233887,9.029284477233887,8.938330430933734,9.029284477233887,71600
2015-07-13,9.136774063110352,9.186385063541147,9.062356773911524,9.186385063541147,96400
2015-07-14,9.153310775756836,9.178117064458075,9.087162249658798,9.087162249658798,10000
2015-07-15,8.896985054016113,9.128504885464302,8.896985054016113,9.120236122917289,106600
2015-07-16,9.087162017822266,9.120236280027477,9.037551018790756,9.037551018790756,43100
2015-07-17,8.97140121459961,9.211189778519426,8.954863691579794,9.211189778519426,23000
2015-07-20,8.98793888092041,9.087161663669042,8.979670118553212,9.070624927487227,41800
2015-07-21,9.01274299621582,9.095429030092188,8.996206262572024,9.095429030092188,50100
2015-07-22,8.87217903137207,9.029282370247344,8.87217903137207,9.029282370247344,22100
2015-07-23,8.830836296081543,8.938327840678527,8.797762035324977,8.905253579921961,112100
2015-07-24,8.764686584472656,8.839103069656002,8.715074805797956,8.839103069656002,10300
2015-07-27,8.607583999633789,8.65719578248049,8.458749439646219,8.65719578248049,45300
2015-07-28,8.715076446533203,8.739881946264301,8.607584896294956,8.739881946264301,21500
2015-07-29,8.905256271362305,8.921793012462208,8.682004352367503,8.715078623120124,113200
2015-07-30,8.706808090209961,8.77295661828248,8.615854061248411,8.77295661828248,63700
2015-07-31,8.682002067565918,8.797762379012402,8.665464542265303,8.706807566964233,36200
2015-08-03,8.665464401245117,8.789493473323484,8.59931587822436,8.682001926276603,27800
2015-08-04,8.591049194335938,8.706808732728993,8.591049194335938,8.665465702494597,49000
2015-08-05,8.797760009765625,8.830834262907313,8.665462208646472,8.690268489917036,101400
2015-08-06,8.657196044921875,8.830836107320396,8.591047524822683,8.830836107320396,119600
2015-08-07,8.566242218017578,8.607585244945755,8.52489997964205,8.607585244945755,12600
2015-08-10,8.682002067565918,8.690270830216226,8.599316018168055,8.682002067565918,138700
2015-08-11,8.51662826538086,8.60758226226353,8.475285252778779,8.60758226226353,92300
2015-08-12,8.51662826538086,8.51662826538086,8.293376470461057,8.409136748036405,121700
2015-08-13,8.500092506408691,8.549704289522802,8.475287009127905,8.483555771072348,55800
2015-08-14,8.500092506408691,8.508361268353132,8.44221274990268,8.508361268353132,24700
2015-08-17,8.51662826538086,8.52489702561175,8.458747732316997,8.500090744919076,22000
2015-08-18,8.467020034790039,8.491826325860613,8.442214532272171,8.491826325860613,20200
2015-08-19,8.376065254211426,8.409139517475184,8.252036175557853,8.392601991566988,175500
2015-08-20,8.012246131896973,8.202423702949204,7.987440636038854,8.194154941479,58400
2015-08-21,7.788997173309326,7.98744277030445,7.673236847452484,7.98744277030445,60000
2015-08-24,7.441715717315674,7.714578563866376,6.9042587864861265,7.152315346221258,336800
2015-08-25,7.466521263122559,7.780727134480713,7.466521263122559,7.772458372156204,21300
2015-08-26,7.673234462738037,7.780725991508648,7.474788927416506,7.689771984957728,16500
2015-08-27,7.98744010925293,8.037051886249678,7.838605566815128,7.879948582887011,31900
2015-08-28,8.012246131896973,8.020514893367178,7.929560882852411,7.937829644322616,20300
2015-08-31,7.805531024932861,7.879948293418052,7.805531024932861,7.863411560728241,13100
2015-09-01,7.5574750900268555,7.689772115826038,7.54093756752572,7.6566978593762425,37400
2015-09-02,7.681504726409912,7.681504726409912,7.540938914256613,7.623624964424183,35300
2015-09-03,7.656700611114502,7.772460156015322,7.640163082669952,7.706311619342637,123200
2015-09-04,7.499595642089844,7.623624713254915,7.4830589057327215,7.5409386658115345,24600
2015-09-08,7.788997173309326,7.797265936988967,7.689774374811765,7.797265936988967,14800
2015-09-09,7.755922317504883,7.896488135161521,7.739384791402856,7.896488135161521,15100
2015-09-10,7.8386077880859375,7.8964883424094925,7.755922521063622,7.788996785583081,185200
2015-09-11,7.822070598602295,7.838607335631169,7.755922073381556,7.788996335991926,94200
2015-09-14,7.755922317504883,7.797265344207302,7.681505027151058,7.797265344207302,7100
2015-09-15,7.813801288604736,7.830338813028096,7.714578507722279,7.714578507722279,31700
2015-09-16,7.946101665496826,7.962639196862521,7.871685140009895,7.871685140009895,23100
2015-09-17,7.9709062576293945,8.053591531113426,7.87168345631692,7.937831990525236,13000
2015-09-18,7.764191627502441,7.8716831890798895,7.747654100235433,7.855145661812881,38100
2015-09-21,7.780728816986084,7.797266345211179,7.739385784976095,7.797266345211179,9300
2015-09-22,7.6070876121521,7.689773664202094,7.574013349042628,7.673236138371042,20700
2015-09-23,7.491327285766602,7.607086800014877,7.491327285766601,7.582281302469182,15000
2015-09-24,7.458254337310791,7.483059839217165,7.292882221794461,7.441716810338082,81000
2015-09-25,7.466521263122559,7.607087068428906,7.39210397930713,7.607087068428906,14100
2015-09-28,7.276342868804932,7.342491375821598,7.234999854781414,7.342491375821598,32500
2015-09-29,7.325954914093018,7.3838354575161835,7.292880655802287,7.350761199225453,54000
2015-09-30,7.491327285766602,7.540938280857991,7.441715502122662,7.524401545345044,15800
2015-10-01,7.582283020019531,7.590551783925332,7.4995969580669755,7.557477516854855,13000
2015-10-02,7.846877098083496,7.846877098083496,7.524403193688629,7.524403193688629,22400
2015-10-05,8.020514488220215,8.061857504930348,7.904754987694786,7.954365976904982,53100
2015-10-06,8.094932556152344,8.11973805319531,7.9460979967894865,8.028784038336081,24500
2015-10-07,8.25203800201416,8.28511306115119,8.136278449245802,8.16935271983002,16200
2015-10-08,8.334721565246582,8.351259089839775,8.136276001443704,8.227230021048547,18900
2015-10-09,8.384333610534668,8.417407872194362,8.326453061215755,8.351259348874974,22600
2015-10-12,8.268571853637695,8.37606338236128,8.235497597765242,8.37606338236128,7100
2015-10-13,8.194157600402832,8.227231868463432,8.14454659258831,8.218963104310093,5100
2015-10-14,8.318184852600098,8.342990351007076,8.26030430491371,8.268573067233563,20200
2015-10-15,8.49182415008545,8.541435142409854,8.342989596007222,8.392600588331627,16200
2015-10-16,8.425675392150879,8.475287176243233,8.351258898841184,8.475287176243233,25200
2015-10-19,8.285112380981445,8.376066420482934,8.268574852770586,8.326454624403102,55100
2015-10-20,8.376065254211426,8.384334017165525,8.28511122737425,8.342990990947667,12000
2015-10-21,8.285112380981445,8.417409452457335,8.285112380981445,8.417409452457335,11400
2015-10-22,8.359527587890625,8.400870613414055,8.293379062474186,8.342990850812827,23700
2015-10-23,8.359527587890625,8.433944876122276,8.318185350919817,8.433944876122276,15300
2015-10-26,8.293377876281738,8.37606391550211,8.268572379936632,8.37606391550211,27100
2015-10-27,8.111469268798828,8.260303024726934,8.070126252159511,8.260303024726934,18400
2015-10-28,8.169350624084473,8.235499148283326,8.070127837786192,8.0866645745596,21800
2015-10-29,8.185885429382324,8.21069171151826,8.103200187919805,8.103200187919805,12600
2015-10-30,8.103200912475586,8.161080665529967,8.061857893771387,8.144543931179784,21500
2015-11-02,8.227230072021484,8.252035570512387,8.11973852715747,8.128007289505298,23000
2015-11-03,8.26030445098877,8.301647474766561,8.094933144430192,8.094933144430192,28600
2015-11-04,8.202425956726074,8.29337999223224,8.185888429241656,8.243768986884408,10400
2015-11-05,8.185885429382324,8.276840220109245,8.16107993579881,8.260302698685287,9700
2015-11-06,8.218958854675293,8.2354963744312,8.144542381430746,8.185884603715824,12000
2015-11-09,8.078397750854492,8.202426054251456,8.070128987013968,8.202426054251456,32700
2015-11-10,7.904756546020508,8.103202119087312,7.888219020655302,8.061859094226909,22000
2015-11-11,7.8716840744018555,8.02051789378064,7.855146545274884,7.921295084677187,21600
2015-11-12,7.764191627502441,7.904757455061204,7.764191627502441,7.888219927794196,12100
2015-11-13,7.673234462738037,7.7476517356217265,7.64842896796096,7.731115001954496,51200
2015-11-16,7.805531024932861,7.822068546175088,7.664966037136009,7.664966037136009,35600
2015-11-17,7.689774036407471,7.797265593854286,7.623625506986764,7.7889968305385295,42800
2015-11-18,7.755922317504883,7.7641910805558965,7.615356499848246,7.648430763499651,35000
2015-11-19,7.780728816986084,7.788997581098632,7.731117809416295,7.772460052873536,149400
2015-11-20,7.780728816986084,7.813803084883526,7.739385784976095,7.739385784976095,14400
2015-11-23,7.788997173309326,7.8634144693206744,7.755922907143472,7.8634144693206744,17800
2015-11-24,7.822070598602295,7.830339361393043,7.739384547800061,7.739384547800061,16700
2015-11-25,7.813801288604736,7.813801288604736,7.7889957905222635,7.813801288604736,6300
2015-11-27,7.805531024932861,7.855142800107127,7.772456771000823,7.813799785553975,8000
2015-11-30,7.788997173309326,7.846876941961394,7.755922907143472,7.797265936988967,37200
2015-12-01,7.913025379180908,7.92129414276116,7.805533818295722,7.8634143748047896,40400
2015-12-02,7.954368591308594,7.979174094066645,7.921294324780287,7.954368591308594,21200
2015-12-03,7.995710849761963,8.078396902377204,7.921293560118774,8.003979612734016,13500
2015-12-04,8.061858177185059,8.061858177185059,7.9709041636803395,8.02051515702745,26000
2015-12-07,7.913025379180908,8.003980201458287,7.855145611224538,7.987442674297783,27700
2015-12-08,7.8386077880859375,7.8386077880859375,7.731117019812194,7.8386077880859375,22000
2015-12-09,7.8386077880859375,7.929562606928952,7.788996785583081,7.81380228683451,28500
2015-12-10,7.714580059051514,7.7807285929416645,7.689774555980889,7.7807285929416645,34500
2015-12-11,7.540939807891846,7.615357104150919,7.483060039047104,7.615357104150919,22900
2015-12-14,7.755922317504883,7.755922317504883,7.598818973746219,7.648430763499651,79700
2015-12-15,7.937830924987793,8.103202238309908,7.855144874050423,8.103202238309908,61500
2015-12-16,8.293377876281738,8.309915399546817,8.094932328415862,8.094932328415862,59000
2015-12-17,8.210692405700684,8.37606369115965,8.185886121467473,8.351258195478927,61500
2015-12-18,8.177618980407715,8.210693240863707,8.119738433195304,8.152812693651294,42900
2015-12-21,8.232614517211914,8.249279315369398,8.140956140697748,8.240947313620257,36400
2015-12-22,8.124288558959961,8.182616530220585,8.057627793330958,8.182616530220585,57200
2015-12-23,8.282607078552246,8.324270252716442,8.16595114448324,8.16595114448324,68000
2015-12-24,8.307609558105469,8.332607157072069,8.22428316867101,8.31594156132144,37200
2015-12-28,8.257612228393555,8.340938604335333,8.140956255666122,8.332605807809312,90500
2015-12-29,8.232614517211914,8.332605690134422,8.174286531671918,8.332605690134422,104400
2015-12-30,8.224281311035156,8.265944496341833,8.165953328401306,8.265944496341833,63700
2015-12-31,8.199281692504883,8.240944867520819,8.082624961392051,8.165951311423926,62300
2016-01-04,8.124288558959961,8.132621353328338,7.9326390564413325,8.049294998962582,83700
2016-01-05,8.090961456298828,8.149289451206181,8.032633461391475,8.115959054879218,33800
2016-01-06,7.965969562530518,8.015964740196448,7.9326391792002235,8.007631945699119,25400
2016-01-07,7.674331188201904,7.83265037380901,7.674331188201904,7.83265037380901,28000
2016-01-08,7.599337100982666,7.732658679036159,7.591004303689501,7.682663484595743,26800
2016-01-11,7.507678508758545,7.607669689555354,7.416019330367022,7.566006498891867,144300
2016-01-12,7.4493489265441895,7.599336079013535,7.382688146482076,7.557672892809919,32800
2016-01-13,7.182705879211426,7.482679392536135,7.166041081356314,7.482679392536135,58000
2016-01-14,7.166041374206543,7.257699752803376,7.0577174024143465,7.257699752803376,214600
2016-01-15,6.907729625701904,6.974390403214704,6.757742478968528,6.974390403214704,33400
2016-01-19,6.907729625701904,7.082714365337792,6.857733645237729,7.082714365337792,66300
2016-01-20,6.732745170593262,6.791073154717127,6.499432439438616,6.741077966799295,47900
2016-01-21,6.666085243225098,6.791074023671854,6.624422051523084,6.699415637654852,33700
2016-01-22,6.974390983581543,7.0077213751114975,6.849402214009018,6.849402214009018,33800
2016-01-25,6.849401950836182,6.974390715606296,6.832736358381934,6.9493931215841105,27000
2016-01-26,7.016054153442383,7.016054153442383,6.874399791143062,6.907730182586477,13900
2016-01-27,6.982724189758301,7.099380964286219,6.966058595686057,7.024387380279648,28900
2016-01-28,6.982724189758301,7.091048167250097,6.924396199823974,7.091048167250097,19000
2016-01-29,7.249363422393799,7.249363422393799,7.049381169489145,7.049381169489145,30300
2016-02-01,7.291029930114746,7.316027524513421,7.207703555906899,7.316027524513421,19500
2016-02-02,7.041052341461182,7.282697898445695,7.0077219472101895,7.282697898445695,16200
2016-02-03,7.124377727508545,7.13271052357011,6.982723373098613,7.049384152272797,30300
2016-02-04,7.107712745666504,7.207703923013202,7.057717554322775,7.06604955644057,35500
2016-02-05,6.974390983581543,7.099380547813285,6.949393388598882,7.099380547813285,17300
2016-02-08,6.732745170593262,6.849401933500177,6.5994236099334636,6.849401933500177,37300
2016-02-09,6.699414253234863,6.749410231877572,6.616088284379615,6.616088284379615,9200
2016-02-10,6.6077561378479,6.724412505703319,6.6077561378479,6.724412505703319,11200
2016-02-11,6.474434852600098,6.557760833217743,6.424439264229511,6.474434852600098,16600
2016-02-12,6.466102600097656,6.524430589190273,6.374443820671168,6.524430589190273,20900
2016-02-16,6.7077484130859375,6.766076404483264,6.607756832792616,6.716081210331065,19300
2016-02-17,6.907729625701904,6.924395217409679,6.782740866530191,6.782740866530191,38000
2016-02-18,6.907729625701904,7.007720791971104,6.857733645237729,7.007720791971104,34900
2016-02-19,6.841069221496582,6.882732408380371,6.832736425187986,6.882732408380371,8400
2016-02-22,6.932727813720703,6.9910565950458015,6.849402232006479,6.849402232006479,18200
2016-02-23,6.857735633850098,6.991058022195795,6.79940763527718,6.932729228963495,40300
2016-02-24,6.974390983581543,6.974390983581543,6.707747851341907,6.824403824367139,20600
2016-02-25,6.991058349609375,7.00772315227094,6.866068753680256,7.00772315227094,6900
2016-02-26,6.999388217926025,7.157708165530407,6.991056216467249,7.091047385905144,43000
2016-02-29,7.007720470428467,7.091046835825691,6.991055674144491,7.032718062183989,17400
2016-03-01,7.191039085388184,7.191039085388184,7.066049518383563,7.066049518383563,31900
2016-03-02,7.266032695770264,7.282697494642107,7.141043128264876,7.207703913070721,21500
2016-03-03,7.382687568664551,7.382687568664551,7.257698814495323,7.316026793819747,13300
2016-03-04,7.457682132720947,7.549341306339925,7.37435655039187,7.37435655039187,25500
2016-03-07,7.524342060089111,7.566005243841501,7.432683691561161,7.482678876336721,23000
2016-03-08,7.3243584632873535,7.499343169017455,7.316025669048064,7.499343169017455,30200
2016-03-09,7.44101619720459,7.474346583975509,7.382687424361152,7.407685810433669,93200
2016-03-10,7.44101619720459,7.524341766802338,7.341025036891829,7.524341766802338,26900
2016-03-11,7.582671165466309,7.6160015549880855,7.507677590377519,7.557672777330599,25200
2016-03-14,7.632667541503906,7.649333136190693,7.541009154704457,7.5826723467621315,25100
2016-03-15,7.507678508758545,7.5493416994220315,7.432684924496122,7.5493416994220315,25500
2016-03-16,7.641001224517822,7.641001224517822,7.424353236433625,7.441018833052125,50400
2016-03-17,7.765989303588867,7.765989303588868,7.657665319546877,7.657665319546877,41000
2016-03-18,7.799316883087158,7.890976033614242,7.799316883087158,7.824315266681285,34300
2016-03-21,7.765989303588867,7.840982892130193,7.757657300708185,7.7993196990895335,56600
2016-03-22,7.724326133728027,7.782654121363763,7.707660540312542,7.757656525899766,15400
2016-03-23,7.549339771270752,7.724324491637729,7.5326741813981535,7.724324491637729,16000
2016-03-24,7.491011142730713,7.499343937824252,7.374355190057479,7.499343937824252,26300
2016-03-28,7.574339389801025,7.607669783812919,7.4826802102738625,7.591004189477334,15800
2016-03-29,7.690993785858154,7.690993785858154,7.482678667567403,7.532674645607193,23500
2016-03-30,7.790985107421875,7.815982697076352,7.740989133453874,7.749321928225049,59500
2016-03-31,7.782652854919434,7.882644015163433,7.749322468171433,7.832648037711882,34000
2016-04-01,7.7326555252075195,7.73265552520752,7.582669208400167,7.73265552520752,50600
2016-04-04,7.607666492462158,7.73265521726731,7.5743361128701885,7.73265521726731,33000
2016-04-05,7.499344348907471,7.5243419408992755,7.407685981831442,7.5243419408992755,17800
2016-04-06,7.5410075187683105,7.557672315180565,7.424350765246043,7.524341927696935,35300
2016-04-07,7.416018009185791,7.524341967748979,7.382687621524743,7.524341967748979,21600
2016-04-08,7.507678508758545,7.574339295956417,7.491012914629445,7.574339295956417,12100
2016-04-11,7.5410075187683105,7.657663477631457,7.5410075187683105,7.591002702664197,26300
2016-04-12,7.699326992034912,7.724325379717923,7.582671028150815,7.582671028150815,17300
2016-04-13,7.815981864929199,7.832646658038245,7.682660341420986,7.782651484052146,63600
2016-04-14,7.7326555252075195,7.865977048884707,7.682660351158057,7.865977048884707,145200
2016-04-15,7.690993785858154,7.782652946487916,7.68266178506745,7.7326569684481266,18700
2016-04-18,7.715992450714111,7.757655634807904,7.624333286775938,7.640998878277111,22000
2016-04-19,7.782652854919434,7.815983241667434,7.749322468171433,7.774320059567658,28900
2016-04-20,7.799316883087158,7.874310444551491,7.72432411628185,7.76598649962068,29600
2016-04-21,7.774321556091309,7.824317543166874,7.707660769763393,7.799319152299463,39400
2016-04-22,7.757656097412109,7.774320895247896,7.724325707081346,7.7576560974121085,19600
2016-04-25,7.641001224517822,7.749325218559921,7.599338027630956,7.749325218559921,44500
2016-04-26,7.690993785858154,7.7326569684481266,7.624333011577843,7.624333011577843,30800
2016-04-27,7.824317932128906,7.832649934839654,7.707661152926191,7.757657142487153,209900
2016-04-28,7.674331188201904,7.79931997712018,7.665998390364862,7.724327180564819,31600
2016-04-29,7.665997505187988,7.790987074333318,7.591003922632641,7.707660694903098,34500
2016-05-02,7.557673454284668,7.682663022181242,7.541008655360669,7.674330225389623,21900
2016-05-03,7.374354362487793,7.566003860177305,7.374354362487793,7.566003860177305,35100
2016-05-04,7.349358558654785,7.4576825367443895,7.324360962067727,7.341026556231944,45000
2016-05-05,7.249363422393799,7.416015299814344,7.241030629858063,7.399350509401706,24700
2016-05-06,7.332691669464111,7.349356464219893,7.199370132781699,7.2493653117080825,23200
2016-05-09,7.191039085388184,7.291030262196339,7.1660414898509535,7.291030262196339,31800
2016-05-10,7.282698631286621,7.282698631286621,7.191040236537843,7.24103543561559,24800
2016-05-11,7.382687568664551,7.407685955225691,7.266031610015703,7.266031610015703,13400
2016-05-12,7.274362564086914,7.391019300607827,7.2160345931559595,7.391019300607827,65200
2016-05-13,7.132709503173828,7.324359017217678,7.132709503173828,7.241032657840926,52800
2016-05-16,7.232702255249023,7.307695836321486,7.1743734729375355,7.207703865118715,28300
2016-05-17,7.199371337890625,7.2910297110377975,7.1827057456861345,7.2576993212879914,37600
2016-05-18,7.082715034484863,7.207703805465023,7.082715034484863,7.207703805465023,39800
2016-05-19,6.999388217926025,7.057716996092513,6.916062640724034,7.057716996092513,118200
2016-05-20,7.124377727508545,7.157708117095637,7.057716948334362,7.082714541859888,52100
2016-05-23,7.132709503173828,7.19103747794212,7.091046323485452,7.099379118354939,23900
2016-05-24,7.22437047958374,7.257700876475618,7.166042483687791,7.166042483687791,11500
2016-05-25,7.249363422393799,7.257696214929535,7.191035463961317,7.241030629858063,29500
2016-05-26,7.24103307723999,7.291029054693609,7.191037894445475,7.291029054693609,55400
2016-05-27,7.216037273406982,7.27436526600269,7.174374080984635,7.27436526600269,15900
2016-05-31,7.266032695770264,7.282697494642107,7.182706317433339,7.232702303367342,39400
2016-06-01,7.407687664031982,7.416019666815271,7.282698086371025,7.291030883813615,38000
2016-06-02,7.44101619720459,7.44101619720459,7.37435542366275,7.37435542366275,11500
2016-06-03,7.424352169036865,7.441017763259358,7.382688978139902,7.416019371925619,15900
2016-06-06,7.557673454284668,7.574339047867908,7.424351884255715,7.432684681047334,31400
2016-06-07,7.599337100982666,7.624334698202874,7.557673909176128,7.582672301055624,22300
2016-06-08,7.599337100982666,7.624334698202874,7.574339503762459,7.582672301055624,24100
2016-06-09,7.516011714935303,7.549342110348482,7.449350129449635,7.549342110348482,14600
2016-06-10,7.199371337890625,7.416018473934775,7.157708152038574,7.416018473934775,23500
2016-06-13,6.991058349609375,7.149377550861624,6.982725550948883,7.099382348217511,392500
2016-06-14,6.916062355041504,7.024386316122801,6.874399170831906,6.999387928801556,72600
2016-06-15,6.949391841888428,7.057715788916169,6.949391841888428,6.9827222260001145,62200
2016-06-16,7.024385929107666,7.024385929107666,6.841068405480973,6.93272676996477,69400
2016-06-17,7.0660481452941895,7.132709711538378,7.049383349727452,7.074380940407098,37500
2016-06-20,7.282698631286621,7.324361826957651,7.249368233681669,7.282698631286621,19200
2016-06-21,7.249591827392578,7.266570182872122,7.173190846879731,7.241102649652807,71100
2016-06-22,7.249591827392578,7.37692625519896,7.249591827392579,7.292036906518889,18300
2016-06-23,7.419371604919434,7.453327507544388,7.325993075093954,7.334482253143337,38500
2016-06-24,7.037364959716797,7.181677696214419,6.977942353949171,7.105276740471879,84500
2016-06-27,6.9270100593566895,7.020389391303896,6.799675637066424,7.020389391303896,76900
2016-06-28,7.2411017417907715,7.2411017417907715,7.0628330794689616,7.0628330794689616,44600
2016-06-29,7.359947681427002,7.368436857981205,7.232613271403706,7.232613271403706,35000
2016-06-30,7.453325271606445,7.470303622611842,7.393902662232227,7.402391837734926,23300
2016-07-01,7.453325271606445,7.563682124424519,7.427858554670686,7.470303622611842,22600
2016-07-05,7.3939008712768555,7.444835102383388,7.30901075595668,7.444835102383388,24500
2016-07-06,7.4448370933532715,7.4448370933532715,7.309012710603101,7.393902848625413,26100
2016-07-07,7.3939008712768555,7.512746870810673,7.359944987063213,7.38541169783041,17500
2016-07-08,7.572171688079834,7.6061275822588845,7.487281547846017,7.521237442025068,18400
2016-07-11,7.665549278259277,7.724972693147803,7.580659957746393,7.580659957746393,53400
2016-07-12,7.71648645401001,7.733464000742888,7.674041372818934,7.674041372818934,57500
2016-07-13,7.614616394042969,7.707994896176626,7.5891488674473315,7.699505720644747,34200
2016-07-14,7.682528972625732,7.7079956922793045,7.623105547337504,7.6315947237461685,31900
2016-07-15,7.640083312988281,7.674039206440891,7.572171526083063,7.674039206440891,41600
2016-07-18,7.65706205368042,7.707995491661909,7.563682734760357,7.597638629938816,73400
2016-07-19,7.623105049133301,7.707995188527148,7.597638331144093,7.665550118830224,54800
2016-07-20,7.7249755859375,7.758931488772657,7.631596245961385,7.657063780267189,32500
2016-07-21,7.691016674041748,7.801372707900482,7.691016674041748,7.750439278361415,14300
2016-07-22,7.750441551208496,7.7674190961761616,7.699507297160496,7.7674190961761616,65600
2016-07-25,7.733463287353516,7.792886719368419,7.682529842280755,7.7504416420927775,16500
2016-07-26,7.835329055786133,7.843818231063316,7.7419505564540625,7.7419505564540625,47300
2016-07-27,7.818351745605469,7.860796813672067,7.750439960527846,7.860796813672067,12700
2016-07-28,7.7249755859375,7.775909035403942,7.691019683102344,7.775909035403942,29200
2016-07-29,7.7249755859375,7.750442310670722,7.699508051631696,7.7249755859375,8300
2016-08-01,7.750441551208496,7.809864172954078,7.724974828970748,7.750441551208496,14700
2016-08-02,7.7249755859375,7.758931488772657,7.648574602165254,7.750442310670722,29800
2016-08-03,7.767417907714844,7.784396259657222,7.682528576720087,7.682528576720087,20200
2016-08-04,7.835329055786133,7.869285756894865,7.801373164249715,7.801373164249715,27400
2016-08-05,7.809863567352295,7.869286994062498,7.784396847089318,7.784396847089318,45400
2016-08-08,7.886264324188232,7.8947535005701885,7.835330075468912,7.886264324188232,13300
2016-08-09,7.886264324188232,7.8947535005701885,7.852308428232825,7.877775147806275,16500
2016-08-10,7.733463287353516,7.835330987071549,7.724974919556398,7.835330987071549,33200
2016-08-11,7.775907516479492,7.8353301324404185,7.767418340035809,7.809863412681796,19200
2016-08-12,7.733463287353516,7.8183534419048,7.724974919556398,7.809864264535169,44500
2016-08-15,7.8607964515686035,7.8692856267053415,7.767417144209088,7.818351385457215,56500
2016-08-16,7.826840400695801,7.860796290976751,7.809862050769183,7.860796290976751,21300
2016-08-17,7.818351745605469,7.85230763814428,7.716484067989034,7.835329287088706,15900
2016-08-18,7.971156120300293,7.988133667009138,7.869288411329461,7.869288411329461,59600
2016-08-19,7.954174518585205,7.962663693262198,7.852306851178052,7.954174518585204,22300
2016-08-22,7.894752502441406,7.954175110457499,7.860796610779022,7.928708394103791,22600
2016-08-23,7.894752502441406,8.005109352737234,7.88626332713273,7.962664285766175,75900
2016-08-24,7.877774715423584,8.005109925446703,7.869286349079942,7.92021978543129,32800
2016-08-25,7.869284629821777,7.911728880984015,7.860795455760451,7.894751342433559,31800
2016-08-26,7.835329055786133,8.013597688745405,7.801373164249715,7.920219189413334,41500
2016-08-29,7.8607964515686035,7.920219058381169,7.818351385457215,7.852307276431866,14200
2016-08-30,7.877774715423584,7.937198137263323,7.826841279072235,7.85230799724791,23500
2016-08-31,7.801375865936279,7.877776850744645,7.758931593996159,7.818354222370402,15200
2016-09-01,7.826840400695801,7.894752181257702,7.758928620133899,7.809862050769183,23200
2016-09-02,7.928709030151367,7.962664924537722,7.860797241378658,7.860797241378658,25000
2016-09-06,8.132444381713867,8.140933557688149,8.005109980389172,8.005109980389172,32000
2016-09-07,8.106977462768555,8.16640007397344,8.073021569283997,8.149422532017342,73400
2016-09-08,8.183379173278809,8.217335069866172,8.149423276691445,8.191867540246324,44600
2016-09-09,7.954174518585205,8.149421488294772,7.937196978803474,8.149421488294772,39100
2016-09-12,7.996621131896973,7.996621131896973,7.818352476998413,7.928709340466323,26800
2016-09-13,7.733463287353516,7.877776064347191,7.724974919556398,7.877776064347191,16200
2016-09-14,7.648571491241455,7.716483269289829,7.640082316592345,7.707994094640719,19900
2016-09-15,7.741952419281006,7.792886673627315,7.640084720160895,7.657063074800501,23700
2016-09-16,7.665549278259277,7.733461058498496,7.665549278259277,7.733461058498496,29600
2016-09-19,7.767417907714844,7.809862977998411,7.741951189373655,7.767417907714844,16800
2016-09-20,7.784395694732666,7.835329127718732,7.7504398028845145,7.818351586580817,16500
2016-09-21,7.886264324188232,7.911731043761683,7.8013741795135045,7.809863355895461,36600
2016-09-22,7.996621131896973,8.022087851290364,7.928709340466323,8.022087851290364,20100
2016-09-23,7.903243064880371,7.954176506527324,7.869287167258249,7.928709785703847,28000
2016-09-26,7.826840400695801,7.860796290976751,7.79288451041485,7.860796290976751,22800
2016-09-27,7.886264324188232,7.903242676952145,7.775907459940053,7.775907459940053,61700
2016-09-28,7.937197208404541,7.962663923599947,7.818351188205517,7.8438179034009226,40800
2016-09-29,7.886264324188232,8.022087908009862,7.843819251850868,8.022087908009862,29600
2016-09-30,7.775907516479492,7.809863412681796,7.699506547631201,7.809863412681796,21200
2016-10-03,7.784395694732666,7.792884870087784,7.6825280191882115,7.775906519377548,8900
2016-10-04,7.691016674041748,7.801372707900482,7.657060784491614,7.801372707900482,35300
2016-10-05,7.8607964515686035,7.860796451568604,7.716483712533261,7.775906319345826,19300
2016-10-06,7.801375865936279,7.843820947448993,7.750442415779099,7.826843400587464,15200
2016-10-07,7.691016674041748,7.767416818350349,7.640082434930415,7.767416818350349,81600
2016-10-10,7.775907516479492,7.792885869366857,7.682529004316262,7.682529004316262,9400
2016-10-11,7.5976386070251465,7.691017925663588,7.546705169197267,7.691017925663588,26900
2016-10-12,7.5976386070251465,7.623105325939086,7.546705169197267,7.546705169197267,30400
2016-10-13,7.640083312988281,7.657061664500765,7.512748914934087,7.589149068023188,33800
2016-10-14,7.691016674041748,7.741950103580815,7.665549149699949,7.682527499261148,7300
2016-10-17,7.691016674041748,7.707994214030682,7.623104085369215,7.707994214030682,7500
2016-10-18,7.750441551208496,7.7674190961761616,7.691018929462915,7.758930728478581,11500
2016-10-19,7.809863567352295,7.818352743964102,7.707995876727943,7.767418493865705,67900
2016-10-20,7.758930206298828,7.775907750123896,7.707995955678727,7.707995955678727,12700
2016-10-21,7.65706205368042,7.758929739215799,7.64008370130499,7.64008370130499,26600
2016-10-24,7.682528972625732,7.775907484403776,7.665550619808404,7.691018149034397,13200
2016-10-25,7.614616394042969,7.691017354685205,7.60612721851109,7.691017354685205,28700
2016-10-26,7.614616394042969,7.648572286598148,7.538215433400732,7.640083111066268,25400
2016-10-27,7.546704292297363,7.657061140864563,7.529725941945961,7.597637724206961,47900
2016-10-28,7.478794097900391,7.5551942619857275,7.470304920922306,7.546705894580119,29800
2016-10-31,7.521235942840576,7.546703465577784,7.487280055429846,7.546703465577784,25300
2016-11-01,7.351457595825195,7.5382154090618565,7.334480054388591,7.504259516616313,24700
2016-11-02,7.25808048248291,7.3769257239915556,7.241102128225967,7.359948179307102,27100
2016-11-03,7.122257232666016,7.266570012569765,7.105278877584384,7.232614111979032,21700
2016-11-04,7.09678840637207,7.1901677231538965,7.088300039951125,7.147722652759646,28200
2016-11-07,7.317502021789551,7.351457915712634,7.224123515894164,7.224123515894164,33300
2016-11-08,7.342968940734863,7.3684364690532185,7.2241237135387735,7.351458116840981,36700
2016-11-09,6.97794246673584,7.0713209643903125,6.884563159509067,7.054343423713272,145800
2016-11-10,6.7911858558654785,6.91852026683398,6.706296113624404,6.91852026683398,72900
2016-11-11,6.748739719390869,6.765717665164971,6.604427382704083,6.765717665164971,41000
2016-11-14,6.67233943939209,6.71478410317466,6.604427653511038,6.71478410317466,72500
2016-11-15,6.774207592010498,6.774207592010498,6.706295801379609,6.706295801379609,52500
2016-11-16,6.68082857131958,6.774207484346056,6.672339800018734,6.757229536958169,61000
2016-11-17,6.723273754119873,6.782696368573722,6.655361963437644,6.655361963437644,33800
2016-11-18,6.697805881500244,6.748739718818228,6.663849989954922,6.731761773045567,91700
2016-11-21,6.689317226409912,6.748739835246297,6.621405442147665,6.748739835246297,40900
2016-11-22,6.748739719390869,6.782695610939073,6.706295057348694,6.706295057348694,48200
2016-11-23,6.78269624710083,6.791185423177175,6.706295686344699,6.765718299734335,28300
2016-11-25,6.808164596557617,6.859098040014701,6.791186242356931,6.791186242356931,10600
2016-11-28,6.910030364990234,6.93549707961299,6.8675853009041345,6.8675853009041345,226200
2016-11-29,6.808164596557617,6.901543115943929,6.808164596557617,6.901543115943929,108200
2016-11-30,6.825141906738281,6.884564525254508,6.816652729929546,6.825141906738281,47300
2016-12-01,6.76571798324585,6.842119350000447,6.76571798324585,6.799674281176618,75800
2016-12-02,6.7402520179748535,6.78269668674922,6.706296121040872,6.78269668674922,68000
2016-12-05,6.808164596557617,6.808164596557617,6.740252394113603,6.740252394113603,120500
2016-12-06,6.808164596557617,6.808164596557617,6.740252394113603,6.774208292942488,31600
2016-12-07,6.935498237609863,6.95247578033563,6.791185481365064,6.791185481365064,107800
2016-12-08,6.893052101135254,6.918518816074294,6.859096211359111,6.884562926298151,253400
2016-12-09,6.859097003936768,6.901542073454598,6.791185216537185,6.791185216537185,51800
2016-12-12,6.799675464630127,6.893053984636789,6.791186287473387,6.791186287473387,99300
2016-12-13,6.901541233062744,6.918518773059124,6.8421186287170155,6.8421186287170155,123900
2016-12-14,6.714784145355225,6.876075245015172,6.714784145355225,6.876075245015172,61000
2016-12-15,6.689317226409912,6.7232731185410355,6.67233928034435,6.706295172475474,56900
2016-12-16,6.68082857131958,6.731762413483241,6.672339800018734,6.697806518707467,224900
2016-12-19,6.7911858558654785,6.7911858558654785,6.714784885455401,6.714784885455401,91100
2016-12-20,6.7402520179748535,6.7911858633758255,6.731762841348248,6.748740789815238,60700
2016-12-21,6.723273754119873,6.74025170179043,6.680828682550379,6.723273754119873,118100
2016-12-22,6.796775817871094,6.796775817871094,6.684360853603474,6.744892083363409,66200
2016-12-23,6.718949794769287,6.788128105230784,6.693007722178598,6.718949794769287,42700
2016-12-27,6.788128852844238,6.805423432364359,6.753539693803998,6.770834273324119,51200
2016-12-28,6.770834445953369,6.86595484190687,6.753539865992306,6.84001276579762,64200
2016-12-29,6.840012550354004,6.848660046229815,6.805423391521352,6.814070887397164,95700
2016-12-30,6.814069747924805,6.865953477497605,6.7967751714005376,6.7967751714005376,66700
2017-01-03,6.891895771026611,6.917837844370518,6.874601192909095,6.917837844370518,70200
2017-01-04,7.01295804977417,7.0302530407989146,6.917838073149763,6.917838073149763,38800
2017-01-05,7.056194305419922,7.073489295471003,7.004310984607711,7.004310984607711,43000
2017-01-06,7.021605491638184,7.073489639645436,7.012957996191883,7.073489639645436,30800
2017-01-09,7.047546863555908,7.073489348828221,7.038900193135659,7.056194358646679,36100
2017-01-10,7.056194305419922,7.0907834608515685,7.056194305419922,7.073489295471003,16600
2017-01-11,7.1340203285217285,7.159961989717693,7.021605363778497,7.047547024974461,43500
2017-01-12,7.1599626541137695,7.185905142387561,7.116725998328067,7.177257646296297,36400
2017-01-13,7.142666816711426,7.1859034623887945,7.134019322641867,7.159960980180119,51000
2017-01-17,7.220493793487549,7.246435455263455,7.1599621497830235,7.1599621497830235,87200
2017-01-18,7.177256107330322,7.2983177279672,7.177256107330322,7.28102356416355,24200
2017-01-19,7.142666816711426,7.203197625857488,7.134019322641867,7.203197625857488,29700
2017-01-20,7.168609619140625,7.2291404379539985,7.151315452909899,7.211846271723273,29200
2017-01-23,7.168609619140625,7.23778793340464,7.168609619140625,7.203198776272632,33500
2017-01-24,7.203197479248047,7.229139136258298,7.177255822237795,7.203197479248047,39700
2017-01-25,7.2550835609436035,7.2550835609436035,7.194551912147987,7.194551912147987,30400
2017-01-26,7.19455099105835,7.272376797638537,7.19455099105835,7.272376797638537,34700
2017-01-27,7.19455099105835,7.246435137001982,7.159961835319435,7.159961835319435,26500
2017-01-30,7.116725444793701,7.2031987496392675,7.082136287789584,7.2031987496392675,68500
2017-01-31,7.1340203285217285,7.151315319099399,7.073489510840965,7.09943117203693,39600
2017-02-01,7.229140758514404,7.289672404682477,7.1859049286851135,7.220494087350901,25100
2017-02-02,7.220493793487549,7.25508295074561,7.1859046362294885,7.2377879597813,24800
2017-02-03,7.289669990539551,7.306964151809787,7.229138364417927,7.281022497569274,78500
2017-02-06,7.203197479248047,7.306964931959459,7.194549985354493,7.306964931959459,60600
2017-02-07,7.177256107330322,7.28102356416355,7.1686086130932765,7.237786917648761,45600
2017-02-08,7.229140758514404,7.25508324601669,7.151315770019326,7.151315770019326,24600
2017-02-09,7.263729095458984,7.298318250211818,7.220493270520818,7.220493270520818,16000
2017-02-10,7.358850002288818,7.384791662583312,7.306965857029319,7.315613352017654,33500
2017-02-13,7.4280290603637695,7.453970723268866,7.393439901600109,7.436676556222333,54600
2017-02-14,7.479910850524902,7.479910850524902,7.38479088962091,7.402085877787322,38000
2017-02-15,7.523146629333496,7.549088283923278,7.4626158270672285,7.4626158270672285,74700
2017-02-16,7.540444850921631,7.566386516642328,7.497208191606681,7.540444850921631,51000
2017-02-17,7.549088954925537,7.557736448780875,7.453968996528027,7.453968996528027,25200
2017-02-21,7.635563373565674,7.670152529432938,7.5317959059638815,7.540443401098329,79700
2017-02-22,7.575031280517578,7.678798730633798,7.575031280517578,7.678798730633798,90500
2017-02-23,7.549088954925537,7.670151394889062,7.549088954925537,7.626914750282774,128800
2017-02-24,7.479910850524902,7.514500002187302,7.436675029449722,7.505853332774521,108400
2017-02-27,7.488559722900391,7.488559722900391,7.43667639819272,7.488559722900391,49200
2017-02-28,7.445323467254639,7.5145017870104756,7.42802929965099,7.505855115543962,23000
2017-03-01,7.523146629333496,7.566383270096686,7.48855748165701,7.48855748165701,38600
2017-03-02,7.462617874145508,7.4885595358513735,7.445322883227893,7.479912040392565,398500
2017-03-03,7.497207164764404,7.514501331319308,7.428028849203649,7.428028849203649,35400
2017-03-06,7.436676979064941,7.505855300525678,7.436676979064941,7.505855300525678,47400
2017-03-07,7.453969478607178,7.479911137180544,7.43667531444842,7.453969478607178,14800
2017-03-08,7.4280290603637695,7.49720737789109,7.419381564505206,7.49720737789109,29200
2017-03-09,7.367498397827148,7.41938172475798,7.332908413645777,7.402087557337907,48500
2017-03-10,7.384792804718018,7.402087797369538,7.332908651434097,7.332908651434097,83400
2017-03-13,7.445323467254639,7.462618459528908,7.402087635910206,7.419381803513855,318200
2017-03-14,7.4020843505859375,7.436673495111889,7.376141873688782,7.428026002812837,56800
2017-03-15,7.505855083465576,7.540444243195669,7.367498444545207,7.393440108175122,28100
2017-03-16,7.5577392578125,7.575034251951314,7.540445088344396,7.5577392578125,48700
2017-03-17,7.53179407119751,7.6009723660800095,7.53179407119751,7.5836782046945475,80700
2017-03-20,7.505855083465576,7.5490909146252285,7.471265923735484,7.514501754895136,40400
2017-03-21,7.358850002288818,7.514500788726292,7.332907517323813,7.505854118408469,139200
2017-03-22,7.332906723022461,7.332906723022461,7.2291392684140785,7.306965065537971,24500
2017-03-23,7.332906723022461,7.350201711125736,7.289670902105119,7.324260053641247,20000
2017-03-24,7.3502020835876465,7.384791236876535,7.30696543580892,7.315612930298759,14600
2017-03-27,7.332906723022461,7.332906723022461,7.255081750568991,7.255081750568991,34700
2017-03-28,7.393439769744873,7.41073393648298,7.31561395774694,7.31561395774694,29200
2017-03-29,7.4193806648254395,7.428028159635401,7.350202355686733,7.350202355686733,47300
2017-03-30,7.3502020835876465,7.402086225856211,7.3502020835876465,7.402086225856211,29200
2017-03-31,7.4020843505859375,7.419378510513786,7.350200221461883,7.350200221461883,21700
2017-04-03,7.393439769744873,7.436676423596011,7.358850611598078,7.367498107302422,60100
2017-04-04,7.4280290603637695,7.4280290603637695,7.350203246977885,7.350203246977885,33900
2017-04-05,7.3502020835876465,7.4366753791450995,7.341554589097809,7.4366753791450995,28000
2017-04-06,7.3502020835876465,7.376143742386697,7.341554589097809,7.3502020835876465,42600
2017-04-07,7.3502020835876465,7.384791236876535,7.332907094607971,7.341554589097809,42700
2017-04-10,7.4020843505859375,7.4020843505859375,7.341552729162831,7.376141873688782,47100
2017-04-11,7.393439769744873,7.428028927891667,7.358850611598078,7.402087265449216,39100
2017-04-12,7.376144886016846,7.41073404466859,7.367498214856854,7.393439877678015,25300
2017-04-13,7.31561279296875,7.419380250887473,7.298317804313738,7.350201945608324,27500
2017-04-17,7.4193806648254395,7.514500633723537,7.3588498504966955,7.514500633723537,74400
2017-04-18,7.3502020835876465,7.393438731366373,7.341554589097809,7.367497072567323,32000
2017-04-19,7.306965351104736,7.42802779854769,7.306965351104736,7.367496987161441,29700
2017-04-20,7.324260711669922,7.35884986631362,7.315613216841373,7.35884986631362,35400
2017-04-21,7.289669990539551,7.3934374321719245,7.281022497569274,7.37614244623137,34700
2017-04-24,7.376144886016846,7.428029036329758,7.341555727365102,7.428029036329758,51400
2017-04-25,7.4020843505859375,7.436673495111889,7.376141873688782,7.410731018214734,17600
2017-04-26,7.367498397827148,7.41938172475798,7.367498397827148,7.410734228712637,62200
2017-04-27,7.332906723022461,7.393438356713502,7.289670902105119,7.376143368610227,71600
2017-04-28,7.332906723022461,7.376143368610227,7.324260053641247,7.376143368610227,101700
2017-05-01,7.393439769744873,7.41073393648298,7.376144778336186,7.402087265449216,61500
2017-05-02,7.479910850524902,7.4885583446081085,7.393438383704116,7.410732547200103,83000
2017-05-03,7.453969478607178,7.523147784583125,7.453969478607178,7.497206126009759,29300
2017-05-04,7.4280290603637695,7.445323227410302,7.3674982386950125,7.436676556222333,27500
2017-05-05,7.5577392578125,7.5577392578125,7.436677597523643,7.471266761130561,35100
2017-05-08,7.4280290603637695,7.514501544937623,7.419381564505206,7.505854873749654,46900
2017-05-09,7.514499187469482,7.531794173760782,7.462615877936256,7.471263371081905,33100
2017-05-10,7.523146629333496,7.566383270096686,7.479909988570306,7.505852467830419,34700
2017-05-11,7.453969478607178,7.505853620424367,7.428027820033813,7.505853620424367,13100
2017-05-12,7.497207164764404,7.557737984712423,7.462618006984027,7.514501331319308,44600
2017-05-15,7.583678722381592,7.59232539132941,7.557736241526991,7.557736241526991,22700
2017-05-16,7.549088954925537,7.635562244138113,7.540442285740602,7.600973093387163,50800
2017-05-17,7.462617874145508,7.557737850180718,7.419381221522028,7.531796188474853,29100
2017-05-18,7.31561279296875,7.436675239542484,7.306965298641244,7.4020860869029095,31600
2017-05-19,7.4280290603637695,7.453970723268866,7.376144909882981,7.402087397458673,39200
2017-05-22,7.4193806648254395,7.471264809014716,7.4193806648254395,7.436675654445363,28500
2017-05-23,7.488559722900391,7.52314888092903,7.428028902517916,7.428028902517916,14800
2017-05-24,7.505855083465576,7.5231492509953135,7.471265923735484,7.479912595165044,20100
2017-05-25,7.5577392578125,7.609623415558231,7.505855924737479,7.505855924737479,26600
2017-05-26,7.549088954925537,7.670151394889062,7.505853134989653,7.618268081097839,54700
2017-05-30,7.540444850921631,7.557739019845201,7.497208191606681,7.505855688403808,43400
2017-05-31,7.514499187469482,7.549088335381746,7.479910039557219,7.549088335381746,38600
2017-06-01,7.53179407119751,7.549088232582973,7.505852416784154,7.523146578169616,40300
2017-06-02,7.53179407119751,7.540441564225404,7.488557430728366,7.53179407119751,39000
2017-06-05,7.53179407119751,7.5750307116666535,7.49720492375626,7.5750307116666535,66300
2017-06-06,7.523146629333496,7.557735777009982,7.514499136246792,7.531794122420201,67400
2017-06-07,7.4712653160095215,7.557737795965619,7.471265316009522,7.557737795965619,55000
2017-06-08,7.488559722900391,7.497207218575195,7.4020872401640805,7.445323069196947,56800
2017-06-09,7.4193806648254395,7.488558973964145,7.410733170015478,7.471264809014716,53500
2017-06-12,7.4193806648254395,7.4626173142047545,7.393439005066048,7.4020864998760105,27000
2017-06-13,7.4193806648254395,7.5058539635840695,7.393439005066048,7.5058539635840695,70000
2017-06-14,7.4193806648254395,7.471264809014716,7.4020864998760105,7.4626173142047545,39400
2017-06-15,7.3502020835876465,7.384791236876535,7.30696543580892,7.376143742386697,89500
2017-06-16,7.393439769744873,7.393439769744873,7.306966462042597,7.306966462042597,30200
2017-06-19,7.4193806648254395,7.4626173142047545,7.350202355686733,7.428028159635401,51400
2017-06-20,7.307699203491211,7.474782201339574,7.30769920349121,7.474782201339574,71500
2017-06-21,7.351668834686279,7.360462898565409,7.32528748169698,7.32528748169698,25500
2017-06-22,7.430811405181885,7.465986811034369,7.3956359993294,7.3956359993294,22600
2017-06-23,7.4659881591796875,7.501163571383852,7.439606809688559,7.448400872401595,118400
2017-06-26,7.5275444984436035,7.553925843515101,7.483575030892549,7.553925843515101,31300
2017-06-27,7.501163482666016,7.536338894454153,7.474782133486905,7.536338894454153,57700
2017-06-28,7.597896575927734,7.606689799983528,7.492370339426402,7.536338975649306,60500
2017-06-29,7.4659881591796875,7.589102521218252,7.422018684262487,7.589102521218252,44100
2017-06-30,7.5275444984436035,7.562719904754879,7.509956375964046,7.509956375964046,36300
2017-07-03,7.5627217292785645,7.61548443215068,7.509958187758408,7.5627217292785645,49800
2017-07-05,7.492371082305908,7.536339722888367,7.465988891578759,7.536339722888367,42800
2017-07-06,7.518752098083496,7.536339385800217,7.474782620819658,7.4923707471844025,38500
2017-07-07,7.536338806152344,7.536338806152344,7.474782045906345,7.50116339477635,41000
2017-07-10,7.545132160186768,7.571513506579621,7.474781344040569,7.571513506579621,69700
2017-07-11,7.518752098083496,7.545133448982589,7.4923707471844025,7.527546161265868,28600
2017-07-12,7.633073329925537,7.650660619776803,7.527547074873569,7.527547074873569,68400
2017-07-13,7.61548376083374,7.659453235116552,7.61548376083374,7.624277823419896,29000
2017-07-14,7.738597869873047,7.7473919321737155,7.685834334716975,7.712216521618981,114200
2017-07-17,7.729804515838623,7.756185866509958,7.712217228273739,7.747392642051525,83600
2017-07-18,7.800154209136963,7.808948270964628,7.756184738646534,7.773772862301864,40200
2017-07-19,7.905679702758789,7.914473763771789,7.808947547559237,7.808947547559237,99400
2017-07-20,7.9144744873046875,7.9408558341076265,7.888093140501749,7.905680425487743,27600
2017-07-21,7.905679702758789,7.949649169175973,7.870504297354604,7.949649169175973,59500
2017-07-24,7.896887302398682,7.914475428123326,7.870505952459708,7.914475428123326,47600
2017-07-25,7.905679702758789,7.923267824784789,7.896885641745788,7.914473763771789,39500
2017-07-26,8.011208534240723,8.011208534240723,7.888094994459412,7.932064475230491,31300
2017-07-27,7.826536655426025,7.914475608760346,7.800155304884935,7.905681545697312,57900
2017-07-28,7.923269748687744,7.923269748687743,7.861712145297338,7.923269748687743,25300
2017-07-31,7.940855979919434,8.037588984386266,7.888093285344715,7.9672381658547025,57400
2017-08-01,7.949650287628174,7.976031635731002,7.91447487727509,7.976031635731002,38700
2017-08-02,7.923269748687744,7.993620576578475,7.870506208445685,7.976032450281782,37700
2017-08-03,7.958445072174072,7.993620485719619,7.949651009125683,7.97603235962284,57800
2017-08-04,8.002415657043457,8.002415657043457,7.967240238626375,7.993621592777155,43600
2017-08-07,8.081561088562012,8.081561088562012,8.01121023980998,8.01121023980998,65000
2017-08-08,8.046382904052734,8.134321854151402,8.028795617221789,8.134321854151402,43900
2017-08-09,7.976030349731445,8.028793876077815,7.967237127546884,8.019999815245454,39700
2017-08-10,7.8705058097839355,7.949650696814117,7.8705058097839355,7.949650696814117,50800
2017-08-11,7.879297733306885,7.896885015289878,7.835328270377776,7.835328270377776,27100
2017-08-14,7.949650287628174,7.967238412128682,7.879299466922007,7.879299466922007,28500
2017-08-15,7.967238426208496,7.976031649826355,7.923268953527455,7.949650301676905,29200
2017-08-16,8.020002365112305,8.028796428740637,7.9672396606384455,8.028796428740637,47900
2017-08-17,7.835330963134766,7.993620748619683,7.8265368997971505,7.993620748619683,102700
2017-08-18,7.940855979919434,7.949650041897857,7.87050516138787,7.914474632632075,29500
2017-08-21,7.852916717529297,7.940854808396191,7.844122656848271,7.914473465000901,39300
2017-08-22,7.8705058097839355,7.914475284650478,7.8705058097839355,7.87929987248684,30500
2017-08-23,7.932064533233643,7.932064533233642,7.861712860296616,7.861712860296616,26900
2017-08-24,7.932064533233643,7.9848272396262905,7.8968882774410805,7.949651822481826,20300
2017-08-25,7.958445072174072,7.97603235962284,7.940856946077293,7.97603235962284,23600
2017-08-28,7.976030349731445,7.976030349731446,7.949649005882161,7.967237127546884,216400
2017-08-29,7.976030349731445,7.9848244105638075,7.914473601200515,7.932061722865239,73500
2017-08-30,8.011208534240723,8.011208534240723,7.958445828233901,7.984827181237312,73500
2017-08-31,8.028797149658203,8.028797149658203,7.958446311610774,8.011209020822275,443400
2017-09-01,8.055176734924316,8.072764859896969,8.020001323626968,8.028795386113295,571800
2017-09-05,7.967238426208496,8.072764657454233,7.958444363942701,8.046382470656846,73900
2017-09-06,8.037590026855469,8.037590026855469,7.984826486789451,8.028795963736462,28900
2017-09-07,8.028797149658203,8.037591214076167,8.002415795052453,8.037591214076167,23700
2017-09-08,8.002415657043457,8.020002946927935,7.984827528510852,8.020002946927935,42200
2017-09-11,8.055176734924316,8.072764859896969,8.028795386113295,8.028795386113295,48000
2017-09-12,8.090352058410645,8.134321531717083,8.063970709885961,8.099146120801523,98500
2017-09-13,8.028797149658203,8.107942052123597,8.028797149658203,8.107942052123597,57900
2017-09-14,8.151907920837402,8.151907920837402,8.055174932429527,8.072763053466511,23700
2017-09-15,8.125528335571289,8.231054579567898,8.099146984234146,8.134322398899682,39900
2017-09-18,8.063972473144531,8.187086857593014,8.046384344516976,8.187086857593014,62800
2017-09-19,8.107939720153809,8.116732943394563,8.046382125581125,8.116732943394563,53500
2017-09-20,8.072765350341797,8.116733988148741,8.055177224300612,8.107940763776158,47100
2017-09-21,8.046382904052734,8.125527791411939,8.037589679961252,8.116733728672475,56200
2017-09-22,8.063972473144531,8.099147891751507,8.002415700244356,8.037591118851331,36000
2017-09-25,7.8880934715271,8.028795111911203,7.870505347155122,8.028795111911203,48100
2017-09-26,7.879297733306885,7.90567907560525,7.844122330693148,7.896885015289878,49400
2017-09-27,7.923269748687744,7.923269748687743,7.861712145297338,7.888094334742378,51100
2017-09-28,7.8880934715271,7.905680757251147,7.861711284969133,7.870505347155122,29500
2017-09-29,7.896887302398682,7.949650840924621,7.870505952459708,7.949650840924621,65400
2017-10-02,7.940855979919434,7.940855979919434,7.896886508675229,7.923268694610497,86500
2017-10-03,8.020002365112305,8.028796428740637,7.958445597010114,8.002415076503707,34100
2017-10-04,8.002415657043457,8.046384301078715,7.984827528510852,8.020002946927935,50300
2017-10-05,8.002415657043457,8.046384301078715,8.002415657043457,8.011208882661633,36500
2017-10-06,8.002415657043457,8.020002946927935,7.984827528510852,8.011208882661633,62100
2017-10-09,7.967238426208496,8.05517653292264,7.958444363942701,8.05517653292264,145900
2017-10-10,8.046382904052734,8.063971029531661,8.011207491742864,8.020001554482327,44800
2017-10-11,8.063972473144531,8.072766537458309,8.046384344516976,8.072766537458309,114600
2017-10-12,8.090352058410645,8.125527469326206,8.063970709885961,8.099146120801523,34900
2017-10-13,8.125528335571289,8.143116462228075,8.107941047562539,8.107941047562539,44600
2017-10-16,8.046382904052734,8.143115916890865,8.046382904052734,8.125527791411939,64600
2017-10-17,8.134321212768555,8.134321212768555,8.072764455741964,8.081557679140108,35000
2017-10-18,8.125528335571289,8.134322398899682,8.107941047562539,8.134322398899682,27600
2017-10-19,8.055176734924316,8.063970797410644,8.011207261140642,8.063970797410644,59200
2017-10-20,8.037590026855469,8.090352728273468,8.037590026855469,8.055177314445462,50800
2017-10-23,8.055176734924316,8.125527557519012,8.055176734924316,8.116733495032685,109400
2017-10-24,8.037590026855469,8.090352728273468,8.002414613027463,8.090352728273468,122200
2017-10-25,8.055176734924316,8.222260567572688,7.976031849843294,8.222260567572688,182200
2017-10-26,8.055176734924316,8.090352146221665,8.037589448599622,8.081558083735338,32200
2017-10-27,8.187087059020996,8.187087059020996,8.063972671543514,8.063972671543514,30400
2017-10-30,8.187087059020996,8.213468413963259,8.134323510488317,8.16070486543058,67200
2017-10-31,8.187087059020996,8.213468413963259,8.178292994490857,8.213468413963259,43400
2017-11-01,8.178291320800781,8.239848082617835,8.178291320800781,8.222260795804953,112300
2017-11-02,8.204673767089844,8.248643247971561,8.19587970318388,8.222261894901768,31200
2017-11-03,8.134321212768555,8.151909336860676,8.072764455741964,8.143115274814615,38900
2017-11-06,8.204673767089844,8.231055120159636,8.151911060950257,8.169498350114088,73200
2017-11-07,8.055176734924316,8.204672442600035,8.04638267243799,8.204672442600035,54400
2017-11-08,8.160701751708984,8.160701751708984,8.099145000781343,8.134320406832543,38800
2017-11-09,8.020002365112305,8.037590492368968,7.984826949247043,8.037590492368968,71500
2017-11-10,7.958445072174072,7.993620485719619,7.949651009125683,7.993620485719619,38100
2017-11-13,7.976030349731445,7.9848244105638075,7.949649005882161,7.9848244105638075,108700
2017-11-14,7.967238426208496,7.967238426208496,7.914474891261659,7.958444363942701,58100
2017-11-15,7.896887302398682,7.93206355384797,7.870505952459708,7.923269490985648,81800
2017-11-16,7.976030349731445,7.993618471396169,7.932061722865239,7.9408549450498,38900
2017-11-17,7.896887302398682,7.896887302398682,7.8793000153220305,7.896887302398682,52900
2017-11-20,7.8880934715271,7.905680757251147,7.852918061431073,7.905680757251147,62800
2017-11-21,7.8880934715271,7.914474819437136,7.870505347155122,7.914474819437136,54900
2017-11-22,7.923269748687744,7.940857036336416,7.8793002715940315,7.888094334742378,95500
2017-11-24,7.940855979919434,7.940855979919434,7.914474632632075,7.940855979919434,29300
2017-11-27,7.844124794006348,7.888094270743319,7.835330730929351,7.888094270743319,80500
2017-11-28,7.958445072174072,7.958445072174072,7.879300182034589,7.879300182034589,113000
2017-11-29,7.8617095947265625,7.9584425806792956,7.852916373079017,7.9584425806792956,867100
2017-11-30,7.835330963134766,7.870506377837187,7.8265368997971505,7.861712314499572,56600
2017-12-01,7.773772716522217,7.835329470865721,7.738597308519089,7.835329470865721,55100
2017-12-04,7.61548376083374,7.817743007075487,7.606689698247584,7.71221677198552,108200
2017-12-05,7.650658130645752,7.668246253422872,7.606688662350806,7.641864069257192,47800
2017-12-06,7.650658130645752,7.650658130645752,7.615482723739366,7.641864069257192,128800
2017-12-07,7.729804515838623,7.729804515838623,7.59789692383393,7.59789692383393,35000
2017-12-08,7.852916717529297,7.852916717529297,7.764977788014616,7.764977788014616,175800
2017-12-11,7.844124794006348,7.905681558249299,7.844124794006348,7.888094270743319,81400
2017-12-12,7.835330963134766,7.852919089809996,7.808949611769959,7.852919089809996,114600
2017-12-13,7.896887302398682,7.914475428123326,7.8793000153220305,7.914475428123326,44600
2017-12-14,7.9144744873046875,7.9408558341076265,7.8705050168678605,7.8705050168678605,112800
2017-12-15,7.958445072174072,7.9848264226712296,7.896887469483357,7.958445072174072,87700
2017-12-18,8.028797149658203,8.055178504263955,8.011209020822275,8.037591214076167,101600
2017-12-19,7.958445072174072,8.072765375859102,7.958445072174072,8.072765375859102,69300
2017-12-20,8.011208534240723,8.037590725892224,7.993621245121146,8.037590725892224,48800
2017-12-21,8.108007431030273,8.134649058063182,8.09912660637862,8.125768233411527,63200
2017-12-22,8.116888046264648,8.143529672610198,8.108007221842122,8.116888046264648,59600
2017-12-26,8.12576675415039,8.17017002240318,8.108005955002414,8.17017002240318,60200
2017-12-27,8.19681167602539,8.205692499094392,8.152409254524192,8.179050876809292,356800
2017-12-28,8.241218566894531,8.258980220839707,8.21457693289904,8.241218566894531,54900
2017-12-29,8.276738166809082,8.2856189907118,8.250096542022911,8.2856189907118,78800
2018-01-02,8.401068687438965,8.401068687438965,8.303382147522072,8.321142951633263,102000
2018-01-03,8.383306503295898,8.409948978151647,8.356664875362233,8.409948978151647,64200
2018-01-04,8.321142196655273,8.3921871004984,8.276738920022805,8.365545473287742,364000
2018-01-05,8.347784042358398,8.383306495209716,8.321142414450431,8.356664867301749,167200
2018-01-08,8.472112655639648,8.472112655639648,8.36554530205625,8.374426126585377,155000
2018-01-09,8.454352378845215,8.51651646056781,8.418829078521338,8.507635635486842,102900
2018-01-10,8.4365873336792,8.472109772786242,8.418825690664802,8.472109772786242,80300
2018-01-11,8.60531997680664,8.61420079962357,8.489872667874076,8.498752643769127,106000
2018-01-12,8.578679084777832,8.631963179288617,8.56979826120571,8.631963179288617,63500
2018-01-16,8.543156623840332,8.676366436444711,8.507634176530221,8.667485612886697,247500
2018-01-17,8.596440315246582,8.596440315246582,8.49875295453211,8.543156223318515,88300
2018-01-18,8.534276008605957,8.596440928107574,8.498753560428733,8.56091847993035,128800
2018-01-19,8.552038192749023,8.569798994491043,8.516515742342962,8.569798994491043,58400
2018-01-22,8.552038192749023,8.569798994491043,8.543157368417003,8.543157368417003,62700
2018-01-23,8.525395393371582,8.587559461296385,8.507633747151978,8.578678638186583,139100
2018-01-24,8.489873886108398,8.552037960903233,8.436589788482827,8.525396335551447,132900
2018-01-25,8.516514778137207,8.552037224521559,8.489873155079424,8.54315640119499,62000
2018-01-26,8.516514778137207,8.525395601463776,8.454350708695072,8.498753131484067,69100
2018-01-29,8.489873886108398,8.552037960903233,8.472112237925876,8.552037960903233,52800
2018-01-30,8.489873886108398,8.54315713681197,8.454351436665352,8.525396335551447,128200
2018-01-31,8.498754501342773,8.587561055078766,8.480993698748813,8.578680230320753,164200
2018-02-01,8.454352378845215,8.480994007166029,8.436590728683276,8.472113182085058,102700
2018-02-02,8.26785945892334,8.374426821347821,8.26785945892334,8.374426821347821,67500
2018-02-05,8.010316848754883,8.241212244449265,8.010316848754883,8.214570630892533,126000
2018-02-06,8.081365585327148,8.09912638722782,7.797185132618116,7.868230034064866,312400
2018-02-07,8.03696060180664,8.14352793132416,8.019198956759462,8.072483044979148,84600
2018-02-08,7.823826313018799,8.063602604049695,7.823826313018799,8.028080159196158,60100
2018-02-09,7.859348773956299,7.90375119492267,7.681735702403247,7.877109572958469,116000
2018-02-12,8.001440048217773,8.028081675158255,7.894872693533793,7.903752671232588,118000
2018-02-13,8.108007431030273,8.108007431030273,8.010320900628242,8.028081703009496,74600
2018-02-14,8.21457576751709,8.223456593229777,8.001441031945532,8.001441031945532,47700
2018-02-15,8.392187118530273,8.392187118530273,8.250097310538719,8.267858959998692,95900
2018-02-16,8.42770767211914,8.463230116115312,8.374424429585817,8.41882684938963,35200
2018-02-20,8.392187118530273,8.436590395258149,8.392187118530273,8.392187118530273,52100
2018-02-21,8.4365873336792,8.525393854907682,8.409945716079356,8.445468155186399,102300
2018-02-22,8.454352378845215,8.543158088888624,8.401068275281494,8.543158088888624,47300
2018-02-23,8.401068687438965,8.472113597728002,8.347784581261118,8.472113597728002,59800
2018-02-26,8.507635116577148,8.507635116577148,8.401067762871707,8.418828565028258,81000
2018-02-27,8.383306503295898,8.525397161760305,8.383306503295898,8.480993883922809,77400
2018-02-28,8.31225872039795,8.409946067212283,8.276736279807771,8.409946067212283,65400
2018-03-01,8.258977890014648,8.338903616366983,8.196812965672812,8.321141967434448,36500
2018-03-02,8.31225872039795,8.31225872039795,8.15240816120304,8.179049779915227,93900
2018-03-05,8.338902473449707,8.347782449776863,8.250095934802795,8.258976758051869,43100
2018-03-06,8.401068687438965,8.418829491550156,8.356665406777783,8.37442705781111,54900
2018-03-07,8.418828964233398,8.436590614154218,8.347784058394287,8.383306511313844,32500
2018-03-08,8.409947395324707,8.427708194963715,8.347782479283369,8.427708194963715,42900
2018-03-09,8.472112655639648,8.480993480168776,8.427709379916054,8.472112655639648,47000
2018-03-12,8.516514778137207,8.525395601463776,8.489873155079424,8.507633954810636,31600
2018-03-13,8.498754501342773,8.578680230320753,8.44547124663883,8.54315777821077,38700
2018-03-14,8.516514778137207,8.54315640119499,8.489873155079424,8.54315640119499,40500
2018-03-15,8.525395393371582,8.596440284406187,8.48987294785428,8.552037015779083,32400
2018-03-16,8.463231086730957,8.507634358549081,8.436589462408868,8.480992734226993,76000
2018-03-19,8.507635116577148,8.525396765655744,8.44547103864615,8.480993489881298,60700
2018-03-20,8.578679084777832,8.578679084777832,8.516515013616875,8.53427581383917,47100
2018-03-21,8.60531997680664,8.649723243969408,8.534275088114965,8.534275088114965,47600
2018-03-22,8.454352378845215,8.587561367371377,8.436590728683276,8.52539728564878,77200
2018-03-23,8.338902473449707,8.489873080996308,8.338902473449707,8.44546981167285,44400
2018-03-26,8.631964683532715,8.631964683532715,8.480994044185627,8.516516497742465,51300
2018-03-27,8.498754501342773,8.658605959298733,8.4721128739908,8.658605959298733,42700
2018-03-28,8.418828964233398,8.516516344953738,8.392187336274253,8.49875469503292,101800
2018-03-29,8.454352378845215,8.489874832246997,8.356664996798742,8.418829078521338,55300
2018-04-02,8.330020904541016,8.463229853665302,8.294498461646416,8.445469055678924,77500
2018-04-03,8.525395393371582,8.534275369559479,8.436588856117375,8.463230478524874,1245000
2018-04-04,8.60531997680664,8.60531997680664,8.41882693226052,8.43658857789438,54100
2018-04-05,8.667485237121582,8.676366060294583,8.614201145005488,8.614201145005488,327400
2018-04-06,8.543156623840332,8.685246413080778,8.534275800282316,8.62308234201857,110200
2018-04-09,8.65860366821289,8.703006933331684,8.596439605199684,8.65860366821289,97900
2018-04-10,8.71189022064209,8.756292651402063,8.685247745879611,8.685247745879611,68900
2018-04-11,8.685247421264648,8.711889895031353,8.640844145242188,8.685247421264648,54700
2018-04-12,8.72964859008789,8.738529412533103,8.7030069696741,8.711887792119311,95600
2018-04-13,8.649724960327148,8.711889885459108,8.61420250893262,8.703009060879964,254000
2018-04-16,8.596440315246582,8.658604383394403,8.569797845821594,8.658604383394403,165900
2018-04-17,8.65860366821289,8.65860366821289,8.569797137975305,8.596439605199684,50800
2018-04-18,8.738532066345215,8.747412891487452,8.658606333909287,8.658606333909287,79200
2018-04-19,8.72964859008789,8.774051855392104,8.685245324783676,8.738529412533103,76300
2018-04-20,8.694128036499023,8.747412135827306,8.658605585920846,8.747412135827306,65300
2018-04-23,8.623082160949707,8.703007877449652,8.5875597143855,8.694127054078118,100900
2018-04-24,8.560919761657715,8.667487122144479,8.525397308162127,8.640844646831216,99400
2018-04-25,8.534276008605957,8.543156832380754,8.489873583575905,8.543156832380754,45700
2018-04-26,8.640843391418457,8.649724215232599,8.569798494749268,8.614201766898004,45500
2018-04-27,8.791814804077148,8.809576453312552,8.765173177146092,8.782934826381496,77000
2018-04-30,8.747410774230957,8.853978109377534,8.720768305252891,8.836216463392157,247700
2018-05-01,8.7562894821167,8.7562894821167,8.640841340697941,8.7562894821167,97900
2018-05-02,8.71189022064209,8.79181510416329,8.685247745879611,8.79181510416329,87700
2018-05-03,8.694128036499023,8.729650487077203,8.614202310967615,8.729650487077203,42200
2018-05-04,8.71189022064209,8.747412673403316,8.649725293118385,8.685247745879611,63500
2018-05-07,8.7562894821167,8.791811922020797,8.747409507332005,8.747409507332005,85200
2018-05-08,8.649724960327148,8.747412336853637,8.631964158090907,8.747412336853637,44400
2018-05-09,8.72964859008789,8.72964859008789,8.640842059479462,8.711887792119311,97700
2018-05-10,8.889501571655273,8.92502402076898,8.703008502077822,8.756291752287384,104700
2018-05-11,8.81845760345459,8.925024962034689,8.81845760345459,8.898383334120185,134600
2018-05-14,8.862858772277832,8.916142867441332,8.845097971837973,8.871739595958742,122700
2018-05-15,8.836217880249023,8.871740330993784,8.791814605087565,8.85397952908242,112000
2018-05-16,8.862858772277832,8.880620419639651,8.836217148157061,8.845097971837973,218500
2018-05-17,8.836217880249023,8.880621155410482,8.80957625392096,8.871740330993784,66100
2018-05-18,8.765172958374023,8.800695409036168,8.75629213397798,8.800695409036168,73800
2018-05-21,8.871740341186523,8.925024440825899,8.845098714827852,8.871740341186523,88400
2018-05-22,8.898383140563965,8.951666395233966,8.880621491059257,8.951666395233966,125800
2018-05-23,8.862858772277832,8.907262043760422,8.818456347717202,8.880620419639651,86900
2018-05-24,8.7562894821167,8.880618445241925,8.72964786391907,8.818454387140198,73400
2018-05-25,8.649724960327148,8.80957641506355,8.587560882117234,8.80957641506355,115400
2018-05-29,8.516514778137207,8.614201293963694,8.480992331752855,8.587559670905911,129900
2018-05-30,8.65860366821289,8.65860366821289,8.534274695264639,8.543155517672764,101400
2018-05-31,8.623082160949707,8.676366254256981,8.5875597143855,8.667485430885447,231400
2018-06-01,8.578679084777832,8.67636645022728,8.578679084777832,8.667485626655155,101100
2018-06-04,8.383306503295898,8.507635511856474,8.374426525266065,8.507635511856474,161800
2018-06-05,8.258977890014648,8.36554524284375,8.250097065548381,8.36554524284375,76300
2018-06-06,8.250096321105957,8.276737945178732,8.21457387336827,8.26785796843578,124000
2018-06-07,8.170169830322266,8.232334743183433,8.116886587209127,8.214573097531133,126300
2018-06-08,8.23233699798584,8.23233699798584,8.09024633461505,8.108007985132192,129900
2018-06-11,8.179051399230957,8.214573846853988,8.161289751958464,8.17017057559471,140800
2018-06-12,8.179051399230957,8.223454670490234,8.17017057559471,8.17017057559471,77800
2018-06-13,8.179051399230957,8.20569302321774,8.152409775244173,8.20569302321774,41200
2018-06-14,8.161291122436523,8.196813576024633,8.15241114423107,8.179052772691628,55200
2018-06-15,8.134648323059082,8.161289947684793,8.08136507380766,8.15240997075754,85800
2018-06-18,8.09024429321289,8.125766738361722,8.036961048950593,8.072483494099425,176500
2018-06-19,8.048829078674316,8.057832449680523,7.9768038278421,8.021819824264416,96500
2018-06-20,8.048829078674316,8.057832449680523,8.012816453258209,8.057832449680523,124500
2018-06-21,7.994811058044434,8.057832941718772,7.985807686488451,8.057832941718772,51800
2018-06-22,8.057833671569824,8.084842930075409,8.057833671569824,8.066837043941302,73100
2018-06-25,8.0128173828125,8.048830012406377,7.940792123624746,8.03982749896452,62100
2018-06-26,7.940792560577393,7.958799305669585,7.886774042518546,7.958799305669585,149800
2018-06-27,7.796741962432861,7.940792487407597,7.787738589969726,7.931789973553318,92100
2018-06-28,7.796741962432861,7.805745334895996,7.724716699945493,7.751725958726042,46900
2018-06-29,7.859762668609619,7.877769410823691,7.85076015611131,7.868766039716655,39100
2018-07-02,7.859762668609619,7.859762668609619,7.760728162258406,7.805744159184858,125800
2018-07-03,7.895776748657227,7.9227860054070565,7.877770005084813,7.904779261834642,62200
2018-07-05,7.913781642913818,7.9227850135729145,7.832753024199314,7.904778272254721,39700
2018-07-06,7.994811058044434,8.012816942547628,7.895776546754936,7.895776546754936,39800
2018-07-09,8.102851867675781,8.111855242483822,8.048832477436614,8.102851867675781,62800
2018-07-10,8.075840950012207,8.102850210302723,8.039828316755218,8.075840950012207,55900
2018-07-11,7.976806640625,8.05783529103576,7.967804125053042,8.030826027101845,42300
2018-07-12,8.075840950012207,8.075840950012207,8.030824943788744,8.030824943788744,50300
2018-07-13,8.030824661254883,8.048830547945457,7.958799397274838,8.030824661254883,31500
2018-07-16,7.994811058044434,8.003814429600416,7.976804314932469,7.994811058044434,61900
2018-07-17,7.994811058044434,8.012816942547628,7.949795058873291,7.949795058873291,46100
2018-07-18,8.0128173828125,8.021820754863173,7.9587988677260935,7.9948114973199695,43100
2018-07-19,8.0128173828125,8.030824126913846,7.967802239776766,7.976804753218623,92500
2018-07-20,8.057833671569824,8.093846302446885,8.012817668321286,8.039827785435717,35300
2018-07-23,8.048829078674316,8.102848446102838,8.048829078674316,8.084841704090426,59900
2018-07-24,8.14786434173584,8.183876966706471,8.066835720899743,8.102848345870374,52900
2018-07-25,8.282913208007812,8.282913208007812,8.147866050694907,8.165871937652481,34500
2018-07-26,8.174874305725098,8.246899561921099,8.174874305725098,8.219890305499794,49000
2018-07-27,8.19288158416748,8.2378967282734,8.174874839638044,8.2198908423528,44100
2018-07-30,8.21088695526123,8.21088695526123,8.156868442277581,8.192881070469609,67500
2018-07-31,8.201884269714355,8.246900273372534,8.183878383416397,8.201884269714355,36100
2018-08-01,8.156868934631348,8.19288156499712,8.138862190144044,8.156868934631348,87600
2018-08-02,8.120856285095215,8.147865543153577,8.039827652311297,8.111852912872816,49300
2018-08-03,8.075840950012207,8.12085695623567,8.05783420407926,8.12085695623567,67400
2018-08-06,8.048829078674316,8.057832449680523,8.003813940860718,8.012816453258209,55900
2018-08-07,8.039828300476074,8.102850193895971,8.030824927527831,8.093846820947729,51900
2018-08-08,8.039828300476074,8.048830814815416,8.012818181631346,8.048830814815416,37600
2018-08-09,8.021821022033691,8.057833652826986,8.003815135941467,8.012817649683157,55500
2018-08-10,7.86876916885376,7.931791933056256,7.86876916885376,7.931791933056256,60200
2018-08-13,7.787739276885986,7.895778038755436,7.787739276885986,7.8687679189836075,82200
2018-08-14,7.661695957183838,7.796743129917407,7.643689209561237,7.796743129917407,155400
2018-08-15,7.544652938842773,7.589668938940484,7.472627682129952,7.589668938940484,110300
2018-08-16,7.634685516357422,7.643688889792072,7.598672881227772,7.616679628097072,58200
2018-08-17,7.6797003746032715,7.697707118775396,7.5986717430463475,7.616678487218473,216600
2018-08-20,7.787739276885986,7.796742650143263,7.724717381302917,7.733720754560194,68800
2018-08-21,7.86876916885376,7.931791933056256,7.84175990340073,7.84175990340073,39300
2018-08-22,7.850761413574219,7.8867740451618085,7.8417580410251055,7.8867740451618085,59100
2018-08-23,7.751725673675537,7.8327543056464135,7.742723160152304,7.778735790071712,73000
2018-08-24,7.823751449584961,7.859764081879836,7.787738817290085,7.823751449584961,46400
2018-08-27,7.895776748657227,7.9227860054070565,7.823750632976363,7.823750632976363,86400
2018-08-28,7.859762668609619,7.9137820366431075,7.85076015611131,7.886772781930727,69000
2018-08-29,7.904780387878418,7.931790507084656,7.8597643811436,7.8597643811436,52400
2018-08-30,7.787739276885986,7.832755284563435,7.787739276885986,7.832755284563435,43600
2018-08-31,7.850761413574219,7.850761413574219,7.78773866433929,7.78773866433929,70800
2018-09-04,7.733720779418945,7.7787367872410895,7.706711518169231,7.7787367872410895,65700
2018-09-05,7.688704490661621,7.778736503016259,7.652691857441546,7.778736503016259,60500
2018-09-06,7.688704490661621,7.73372049683894,7.670698603356035,7.697707863618865,63700
2018-09-07,7.643687725067139,7.68870372677202,7.634684353004399,7.661694469192619,35900
2018-09-10,7.643687725067139,7.67970035470928,7.625681839550477,7.67970035470928,93200
2018-09-11,7.6706976890563965,7.69770694609989,7.607674944476509,7.643687573404102,212400
2018-09-12,7.688704490661621,7.715713750924451,7.634685111527057,7.634685111527057,31100
2018-09-13,7.643687725067139,7.72471635641416,7.634684353004399,7.697707098834759,47100
2018-09-14,7.625683784484863,7.688705687780173,7.607677035766754,7.643689674593936,150800
2018-09-17,7.643687725067139,7.652691097129879,7.616678467487738,7.625681839550477,44700
2018-09-18,7.733720779418945,7.760730040668658,7.661695510347087,7.661695510347087,37300
2018-09-19,7.760728359222412,7.787737614620276,7.751724987886874,7.787737614620276,37000
2018-09-20,7.841758728027344,7.850762101365226,7.7517267118663975,7.7517267118663975,74500
2018-09-21,7.86876916885376,7.931791933056256,7.86876916885376,7.877772543541126,63700
2018-09-24,7.796741962432861,7.886773969846499,7.796741962432861,7.877770597383364,52500
2018-09-25,7.760728359222412,7.814747728626888,7.760728359222412,7.814747728626888,27300
2018-09-26,7.760728359222412,7.814747728626888,7.742722475160085,7.769731730557949,128300
2018-09-27,7.751725673675537,7.7607290458075955,7.706710530232894,7.733719788020245,67200
2018-09-28,7.7427239418029785,7.7877390897900325,7.697707935207014,7.7877390897900325,66300
2018-10-01,7.724716663360596,7.760729294433721,7.715713290940101,7.742723408201584,51900
2018-10-02,7.787739276885986,7.787739276885986,7.697708120140021,7.697708120140021,27300
2018-10-03,7.751725673675537,7.8327543056464135,7.742723160152304,7.823750933514355,58300
2018-10-04,7.643687725067139,7.706710470897499,7.634684353004399,7.706710470897499,26700
2018-10-05,7.589669227600098,7.69770711677836,7.562659111348917,7.625681857326185,111300
2018-10-08,7.6526923179626465,7.6526923179626465,7.589670420687232,7.6076763090763695,54700
2018-10-09,7.661695957183838,7.733721230456272,7.625683320547621,7.652692583372537,83100
2018-10-10,7.427612781524658,7.616679323035097,7.427612781524658,7.616679323035097,872000
2018-10-11,7.337579727172852,7.427611727924545,7.310570470390861,7.427611727924545,71100
2018-10-12,7.47262716293335,7.490633046556116,7.39159854010908,7.39159854010908,129900
2018-10-15,7.445619583129883,7.499638104758688,7.427612836847667,7.463625470803177,243200
2018-10-16,7.5986738204956055,7.616680569590709,7.517646025394804,7.517646025394804,322500
2018-10-17,7.580666542053223,7.6166791750407645,7.5266471632674605,7.6166791750407645,272600
2018-10-18,7.499638080596924,7.5716633482759,7.463625446757436,7.562659975163798,39400
2018-10-19,7.526647090911865,7.571663096365766,7.472628571254295,7.472628571254295,43600
2018-10-22,7.535650253295898,7.661694893325324,7.490634249099042,7.643688148203035,93600
2018-10-23,7.391598701477051,7.463623954757976,7.256551566227504,7.436614699429816,77800
2018-10-24,7.2205400466918945,7.400603207502778,7.193529928613604,7.400603207502778,161500
2018-10-25,7.328577995300293,7.3555872549618,7.2655552446115985,7.310571249786699,155500
2018-10-26,7.274559497833252,7.328578882303301,7.184527905890661,7.256553608749227,49600
2018-10-29,7.121504783630371,7.292565433223978,7.0854921508647,7.292565433223978,165800
2018-10-30,7.2205400466918945,7.2205400466918945,7.103498348208162,7.103498348208162,180100
2018-10-31,7.301568508148193,7.32857862875323,7.274559246152114,7.283562619687126,86400
2018-11-01,7.508641242980957,7.526647130090911,7.391599971635125,7.391599971635125,326700
2018-11-02,7.508641242980957,7.589669881497986,7.436615977323351,7.580666508638562,64300
2018-11-05,7.6166791915893555,7.634685078817799,7.571663185604899,7.571663185604899,65300
2018-11-06,7.697706699371338,7.706710070966858,7.6616940715980295,7.6616940715980295,66100
2018-11-07,7.913781642913818,7.913781642913818,7.805743770830707,7.832753024199314,67300
2018-11-08,7.859762668609619,7.967801404676595,7.832753413897239,7.9137820366431075,50700
2018-11-09,7.787739276885986,7.832755284563435,7.742724127817469,7.832755284563435,85100
2018-11-12,7.760728359222412,7.8417569840247525,7.751724987886874,7.805744357291351,58400
2018-11-13,7.760728359222412,7.814747728626888,7.742722475160085,7.769731730557949,35700
2018-11-14,7.7427239418029785,7.8327550963859975,7.715713822680053,7.796742462831008,23700
2018-11-15,7.796741962432861,7.832754593676545,7.679700696238674,7.715713327482358,58300
2018-11-16,7.850761413574219,7.868767300063581,7.760729405300814,7.778736150399041,75100
2018-11-19,7.76973295211792,7.85076158965961,7.751726206615818,7.85076158965961,125000
2018-11-20,7.643687725067139,7.706710470897499,7.616678467487738,7.697707098834759,38700
2018-11-21,7.787739276885986,7.8057460234005385,7.7067114933972976,7.7067114933972976,33000
2018-11-23,7.778736114501953,7.787738628400658,7.71571336555786,7.742723483080554,15500
2018-11-26,7.832754611968994,7.877770615780943,7.805745353125369,7.805745353125369,76100
2018-11-27,7.967801570892334,7.967801570892334,7.832753577295751,7.832753577295751,60300
2018-11-28,8.129859924316406,8.129859924316406,7.994812756718012,8.012818645046954,63400
2018-11-29,8.102851867675781,8.120858617291862,8.039829961237652,8.120858617291862,33000
2018-11-30,8.093846321105957,8.10284969349819,8.030824431578026,8.04883031775364,242400
2018-12-03,8.183879852294922,8.192883226364295,8.111854576957967,8.174876478225551,122400
2018-12-04,8.075840950012207,8.201884737107218,8.039828316755218,8.201884737107218,171500
2018-12-06,8.039828300476074,8.039828300476074,7.841758388659236,7.92278702797562,351600
2018-12-07,7.850761413574219,8.048830458001527,7.850761413574219,8.021821198963051,48100
2018-12-10,7.859762668609619,7.868766039716655,7.742722278653061,7.805744159184858,87600
2018-12-11,7.859762668609619,7.949794662462524,7.814747530291894,7.949794662462524,42000
2018-12-12,7.976806640625,8.048831916854782,7.877772100461304,8.048831916854782,68000
2018-12-13,7.877770900726318,8.021821431247892,7.877770900726318,8.021821431247892,54700
2018-12-14,7.886775493621826,7.931791506026026,7.850762855420271,7.922788131823381,51500
2018-12-17,7.697706699371338,7.886773209833398,7.679699956180297,7.886773209833398,64400
2018-12-18,7.6566901206970215,7.793417257775003,7.638460357323937,7.784301941446255,236300
2018-12-19,7.565537929534912,7.74783987027272,7.52907754138735,7.684034408335543,91200
2018-12-20,7.483502388000488,7.647574581345789,7.437926682150763,7.5746537996999415,108500
2018-12-21,7.319430828094482,7.5199634296172295,7.319430828094482,7.474387719823283,95100
2018-12-24,7.301199436187744,7.428810351987991,7.292084122406536,7.428810351987991,72600
2018-12-26,7.519963264465332,7.519963264465332,7.2465098809915425,7.27385539319579,353800
2018-12-27,7.483502388000488,7.51084746379661,7.328545509681991,7.437926682150763,91800
2018-12-28,7.501730918884277,7.592882315639741,7.474385847571296,7.538192173013778,83100
2018-12-31,7.529077529907227,7.6111136204352094,7.483501827471211,7.6111136204352094,293700
2019-01-02,7.583769798278809,7.638460830353756,7.483503920306615,7.529079635488326,63500
2019-01-03,7.519963264465332,7.583768735204957,7.501732633234386,7.565538973258354,60800
2019-01-04,7.747840881347656,7.747840881347656,7.5837686786304825,7.6111146252729025,35000
2019-01-07,7.8116455078125,7.829876136938209,7.747840044441002,7.7569553590038565,103400
2019-01-08,7.902797222137451,7.902797222137451,7.793416050983125,7.884566592302925,61100
2019-01-09,7.9666032791137695,7.975718594707391,7.911913124120721,7.948373517210867,42000
2019-01-10,8.057754516601562,8.066869831991696,7.975718416659007,7.993949047439273,48800
2019-01-11,8.103330612182617,8.112445058724747,8.02129450831291,8.066870218161009,116400
2019-01-14,8.066869735717773,8.075984181714809,8.012178713314006,8.075984181714809,32400
2019-01-15,8.021295547485352,8.066871263237863,8.003064913470556,8.057755946230465,54300
2019-01-16,8.048641204833984,8.094216923845913,8.03952588717469,8.06687184015257,27900
2019-01-17,8.167135238647461,8.176250553530013,8.03040899254628,8.03040899254628,31900
2019-01-18,8.15802001953125,8.203595725194743,8.15802001953125,8.203595725194743,38200
2019-01-22,8.057754516601562,8.18536545492614,8.057754516601562,8.176251008820328,88700
2019-01-23,8.15802001953125,8.167135334520806,8.103329868162483,8.148904704541694,92400
2019-01-24,8.340320587158203,8.340320587158203,8.194479048693994,8.203594362169042,91600
2019-01-25,8.395012855529785,8.431473245604272,8.3585524654553,8.395012855529785,100300
2019-01-28,8.34943675994873,8.385897148317248,8.3220916859934,8.385897148317248,89400
2019-01-29,8.440587997436523,8.449703311668198,8.395012295562358,8.395012295562358,148200
2019-01-30,8.495278358459473,8.549969375944302,8.431472895797366,8.458817969897664,53900
2019-01-31,8.650236129760742,8.650236129760742,8.531739637249515,8.568200029615713,548600
2019-02-01,8.659351348876953,8.714042371460222,8.61377564160495,8.714042371460222,134200
2019-02-04,8.650236129760742,8.659351445173373,8.586430660440975,8.650236129760742,85000
2019-02-05,8.714041709899902,8.714041709899902,8.659350691468715,8.668466006087955,184600
2019-02-06,8.659351348876953,8.732272132798435,8.659351348876953,8.659351348876953,60700
2019-02-07,8.56820011138916,8.650236212317127,8.522625272459695,8.650236212317127,103000
2019-02-08,8.549969673156738,8.568199433429225,8.504393968549126,8.504393968549126,74000
2019-02-11,8.622889518737793,8.622889518737793,8.568198505276227,8.595544446649095,69800
2019-02-12,8.69581127166748,8.7140419013064,8.677581511312829,8.7140419013064,86300
2019-02-13,8.704927444458008,8.723157206609415,8.677582366588723,8.723157206609415,43000
2019-02-14,8.786962509155273,8.805192269152801,8.704926415955772,8.71404173059666,85100
2019-02-15,8.750502586364746,8.805192738557109,8.74138727123792,8.805192738557109,73900
2019-02-19,8.814308166503906,8.823423481747405,8.714042306678342,8.714042306678342,58200
2019-02-20,8.768733978271484,8.823425009920381,8.75050421391149,8.786964611915936,120900
2019-02-21,8.8234224319458,8.8234224319458,8.777846730435165,8.814307117786834,158700
2019-02-22,8.905461311340332,8.923691076086373,8.832539644502738,8.869000043279296,100000
2019-02-25,8.941920280456543,9.04218614374016,8.923689649340792,9.04218614374016,121700
2019-02-26,8.960150718688965,8.969266034934956,8.905460559781831,8.923690322989408,197100
2019-02-27,8.896344184875488,8.896344184875488,8.796077456670094,8.896344184875488,411600
2019-02-28,8.841652870178223,8.887228575189896,8.814307794884925,8.878113260330707,530800
2019-03-01,8.832539558410645,8.88723059068464,8.796079159989471,8.88723059068464,332100
2019-03-04,8.850769996643066,8.923690791873714,8.832539363193181,8.88723039425839,115900
2019-03-05,8.91457462310791,8.93280525481534,8.878114228977413,8.90546017653856,148700
2019-03-06,8.7960786819458,8.878114791256111,8.76873360193717,8.859885027678498,87500
2019-03-07,8.668465614318848,8.77784677695352,8.659350300111573,8.750501703615905,382600
2019-03-08,8.659351348876953,8.659351348876953,8.568199934332945,8.604660326293686,59700
2019-03-11,8.859884262084961,8.859884262084961,8.714042688928723,8.714042688928723,232700
2019-03-12,8.932805061340332,8.95103482336856,8.868998721030666,8.868998721030666,132200
2019-03-13,9.00572681427002,9.014842130904313,8.932806019764548,8.932806019764548,121600
2019-03-14,8.960150718688965,8.969266034934956,8.923690322989408,8.960150718688965,80000
2019-03-15,8.960150718688965,8.987495798142533,8.923690322989408,8.987495798142533,72900
2019-03-18,9.051302909851074,9.051302909851074,8.978382112270529,9.005727194042114,73400
2019-03-19,9.00572681427002,9.07864760877549,9.00572681427002,9.033071894888462,144000
2019-03-20,9.069531440734863,9.087762072292042,8.969265575023455,9.014841284632043,330100
2019-03-21,8.960150718688965,9.014841746880501,8.932805639235399,9.005726430634512,112500
2019-03-22,8.786962509155273,8.941919380913387,8.759616565232607,8.941919380913387,116500
2019-03-25,8.768733978271484,8.796079059453705,8.695813182262594,8.768733978271484,93100
2019-03-26,8.832539558410645,8.841654875337055,8.777849395421118,8.841654875337055,298800
2019-03-27,8.750502586364746,8.832537814653291,8.732271956111095,8.786962977587754,356300
2019-03-28,8.859884262084961,8.859884262084961,8.786963475506841,8.81430855315255,63500
2019-03-29,8.896344184875488,8.923689261075005,8.868998239391672,8.868998239391672,71300
2019-04-01,8.97838020324707,8.97838020324707,8.932804497128622,8.94191981220917,90800
2019-04-02,9.014841079711914,9.014841079711914,8.969265371139326,9.014841079711914,201900
2019-04-03,9.023955345153809,9.09687612969484,9.023955345153809,9.042185975931227,216300
2019-04-04,9.09687614440918,9.105991459812634,9.03307067515365,9.03307067515365,102500
2019-04-05,9.206257820129395,9.206257820129395,9.105991093295795,9.115106408332355,89200
2019-04-08,9.197141647338867,9.206256961525307,9.188026333152429,9.206256961525307,109200
2019-04-09,9.133337020874023,9.215372248192747,9.124221705854959,9.215372248192747,138100
2019-04-10,9.242720603942871,9.242720603942871,9.151569168546615,9.151569168546615,107100
2019-04-11,9.151567459106445,9.206258483985252,9.133337697003077,9.206258483985252,133900
2019-04-12,9.133337020874023,9.16068209664693,9.115106390835894,9.16068209664693,87900
2019-04-15,9.197141647338867,9.197141647338867,9.14245063150444,9.188026333152429,195500
2019-04-16,9.188026428222656,9.20625705678417,9.188026428222656,9.20625705678417,85000
2019-04-17,9.233603477478027,9.242718793088661,9.169798006772266,9.242718793088661,116300
2019-04-18,9.206257820129395,9.22448758091823,9.178911875019711,9.215372265881669,62700
2019-04-22,9.206257820129395,9.215372265881669,9.169797429267437,9.206257820129395,122200
2019-04-23,9.28829288482666,9.28829288482666,9.197142343911338,9.206257658788152,199300
2019-04-24,9.242720603942871,9.270065686847943,9.233605286546343,9.270065686847943,169700
2019-04-25,9.206257820129395,9.215372265881669,9.160682114230875,9.206257820129395,57900
2019-04-26,9.2244873046875,9.2427179342147,9.178911600153763,9.2153719899239,82700
2019-04-29,9.2244873046875,9.270063009221237,9.2153719899239,9.270063009221237,131600
2019-04-30,9.260947227478027,9.270062541781991,9.206257080222679,9.270062541781991,623600
2019-05-01,9.2244873046875,9.361214418288714,9.2244873046875,9.297408084227776,323000
2019-05-02,9.178914070129395,9.23360510414367,9.124223905399612,9.22448978692721,83100
2019-05-03,9.315640449523926,9.315640449523926,9.233604339934388,9.233604339934388,147400
2019-05-06,9.16979694366455,9.178911388934154,9.11510592562573,9.124221240179574,214600
2019-05-07,9.2244873046875,9.251832379694038,9.169797154674423,9.188026914917362,155100
2019-05-08,9.188026428222656,9.279177832461793,9.188026428222656,9.242717444622981,126900
2019-05-09,9.115105628967285,9.133336257481641,9.005724465733783,9.096875000452927,132000
2019-05-10,9.188026428222656,9.188026428222656,9.060414636144708,9.105990338264277,231200
2019-05-13,8.932805061340332,9.023955610050168,8.868998721030666,8.95103482336856,163900
2019-05-14,9.03307056427002,9.05130119485314,8.978380411089281,8.98749485709653,110500
2019-05-15,9.051302909851074,9.105993073394245,8.941921713480257,8.996611877023428,324300
2019-05-16,9.124220848083496,9.18802630865,9.096874905597105,9.096874905597105,79600
2019-05-17,9.00572681427002,9.07864760877549,8.996611497635726,9.069532292141195,77200
2019-05-20,8.97838020324707,8.987494649043327,8.896344106090721,8.987494649043327,79000
2019-05-21,9.09687614440918,9.151567167545577,9.023955359750197,9.023955359750197,125700
2019-05-22,9.151567459106445,9.178912536903674,9.124222381309217,9.133337697003077,187000
2019-05-23,8.97838020324707,9.078646061280224,8.932804497128622,9.060415431119129,119200
2019-05-24,9.023955345153809,9.087761683590452,9.023955345153809,9.042185975931227,43800
2019-05-28,9.151567459106445,9.151567459106445,9.07864667212427,9.105991749921499,71000
2019-05-29,9.078645706176758,9.078645706176758,9.0148402416772,9.078645706176758,60700
2019-05-30,9.151567459106445,9.169798090494163,9.105991749921499,9.105991749921499,145700
2019-05-31,9.105990409851074,9.133336352908325,9.0421849479526,9.069530021725628,517600
2019-06-03,9.25183391571045,9.270064548264351,9.151568044517203,9.151568044517203,339100
2019-06-04,9.361215591430664,9.361215591430664,9.270064170940147,9.30652456527948,354000
2019-06-05,9.34298324584961,9.361213874317444,9.288292229730315,9.297407543964232,193500
2019-06-06,9.324753761291504,9.361215022700042,9.288293369167283,9.342984391995772,103900
2019-06-07,9.4888277053833,9.516172787183844,9.388561825924985,9.434137541782212,96600
2019-06-10,9.4888277053833,9.525288104212185,9.443251989526075,9.507058339439983,130400
2019-06-11,9.525284767150879,9.561745153206335,9.488824381095421,9.561745153206335,151600
2019-06-12,9.470596313476562,9.525286467681386,9.434135920911904,9.51617115221914,273700
2019-06-13,9.57086181640625,9.57086181640625,9.49794103401447,9.516170794970268,157200
2019-06-14,9.497941970825195,9.552632128371139,9.452366260013989,9.51617173357905,365700
2019-06-17,9.450186729431152,9.477738049106742,9.42263540975556,9.477738049106742,309800
2019-06-18,9.615494728088379,9.643046042975826,9.532839907585533,9.532839907585533,394200
2019-06-19,9.643046379089355,9.661414506881556,9.560391555705532,9.633862315193255,204600
2019-06-20,9.780804634094238,9.78998869874146,9.70733386859769,9.762437380640407,204000
2019-06-21,9.744068145751953,9.75325220935712,9.707332767171795,9.744068145751953,252500
2019-06-24,9.744068145751953,9.789987587937278,9.734884957987298,9.78080352433211,213000
2019-06-25,9.643046379089355,9.762436582217042,9.643046379089355,9.762436582217042,365600
2019-06-26,9.66141414642334,9.734884903169938,9.643046019316436,9.734884903169938,275500
2019-06-27,9.744068145751953,9.744068145751953,9.624677946406315,9.643046073616649,990900
2019-06-28,9.771620750427246,9.789988002574981,9.734885370291225,9.74406855844482,238300
2019-07-01,9.845090866088867,9.918561621550387,9.789987361572482,9.918561621550387,319500
2019-07-02,9.872644424438477,9.88182848991879,9.808357717757666,9.845093103838227,284500
2019-07-03,9.964483261108398,9.992034581524912,9.918563809853755,9.936931064851201,706500
2019-07-05,9.964483261108398,9.964483261108398,9.826724907344465,9.89101248943724,355600
2019-07-08,9.95529556274414,9.973662811038903,9.909376128246686,9.964479624811704,321000
2019-07-09,9.95529556274414,9.95529556274414,9.881824817884361,9.909376128246686,134200
2019-07-10,9.964483261108398,10.010401836522359,9.936931064851201,9.992034581524912,190600
2019-07-11,9.946113586425781,10.001217094546277,9.918562270285808,9.964481714412797,178300
2019-07-12,9.90019416809082,9.927746360143122,9.87264285187907,9.909378232108255,215800
2019-07-15,9.872644424438477,9.936931131119287,9.85427629347785,9.900195745038726,180000
2019-07-16,9.863457679748535,9.918561181821966,9.854273616762887,9.872641742734181,497300
2019-07-17,9.90019416809082,9.927746360143122,9.863458787861637,9.891010979913938,163100
2019-07-18,9.964483261108398,9.964483261108398,9.87264435859911,9.89101248943724,239100
2019-07-19,9.927745819091797,9.982848448512264,9.918561755574885,9.982848448512264,165100
2019-07-22,9.95529556274414,9.964479624811704,9.900192066179123,9.946111500676576,224100
2019-07-23,9.881827354431152,9.955298118149997,9.826723843721723,9.955298118149997,165800
2019-07-24,9.90019416809082,9.909378232108255,9.84509153566732,9.891010979913938,123600
2019-07-25,9.845090866088867,9.89101030721244,9.826722739303243,9.881826243819626,112900
2019-07-26,9.863457679748535,9.872641742734181,9.808355053515555,9.872641742734181,129900
2019-07-29,9.872644424438477,9.872644424438477,9.817540907397289,9.826724972877601,127400
2019-07-30,9.762435913085938,9.780803163778682,9.661413844674648,9.72570053585997,141800
2019-07-31,9.854273796081543,9.936928612775537,9.771619855228016,9.81753841931093,301000
2019-08-01,9.872644424438477,10.093056740921849,9.872644424438477,9.872644424438477,509100
2019-08-02,9.891010284423828,9.909377535326644,9.80835546575993,9.909377535326644,173800
2019-08-05,9.53283977508545,9.725700728297948,9.431817704675282,9.725700728297948,794300
2019-08-06,9.66141414642334,9.688965461243187,9.560391199016385,9.606310640943137,237100
2019-08-07,9.90937614440918,9.90937614440918,9.66141259906308,9.716515219877605,374200
2019-08-08,10.093055725097656,10.10223978965363,9.91856287773714,9.91856287773714,1185700
2019-08-09,10.047135353088379,10.10223885951008,10.001216786217569,10.047135353088379,321600
2019-08-12,9.964483261108398,10.010401836522359,9.92774787527282,9.964483261108398,180700
2019-08-13,10.065503120422363,10.10223849810914,9.891010295370293,9.936928860598398,225000
2019-08-14,9.808355331420898,9.93692871350109,9.780803141683306,9.93692871350109,459000
2019-08-15,9.753251075744629,9.826721824365498,9.670596264586049,9.826721824365498,193300
2019-08-16,9.90019416809082,9.909378232108255,9.771620775208952,9.771620775208952,142200
2019-08-19,10.019586563110352,10.037954695160552,9.964483918641232,10.01040249708525,172900
2019-08-20,10.019586563110352,10.028770629135453,9.93693172056593,10.019586563110352,73400
2019-08-21,10.166526794433594,10.184894924095818,10.102240092297068,10.102240092297068,443000
2019-08-22,10.056318283081055,10.175708470334635,10.00121565871197,10.166524407659647,357200
2019-08-23,9.81753921508789,10.065503685269046,9.81753921508789,9.91856216627601,210300
2019-08-26,10.010398864746094,10.010398864746094,9.835906052788758,9.835906052788758,1483100
2019-08-27,9.936927795410156,10.083869290405882,9.92774460885322,10.037950730100015,157900
2019-08-28,9.946113586425781,10.010400282699235,9.891010954145836,9.946113586425781,95800
2019-08-29,10.010398864746094,10.028766990131299,9.92774492803394,10.019582927438696,230400
2019-08-30,9.982848167419434,10.083870235739422,9.946112790226667,10.037951671128823,247500
2019-09-03,10.047135353088379,10.148158302221413,10.02876810150816,10.074687544219492,428200
2019-09-04,10.194077491760254,10.212444742884319,10.102238608618432,10.102238608618432,395300
2019-09-05,10.194077491760254,10.322650877150204,10.184893428277972,10.304283626026141,293500
2019-09-06,10.102238655090332,10.212444789863184,10.102238655090332,10.212444789863184,356600
2019-09-09,10.074687004089355,10.194077198401793,10.047134814435388,10.166525008747824,394400
2019-09-10,10.010398864746094,10.047134239676081,9.92774492803394,9.982847552508709,145500
2019-09-11,10.148158073425293,10.148158073425293,10.00121656073433,10.019583811900448,319700
2019-09-12,10.102238655090332,10.239996104596273,10.102238655090332,10.230812916912246,338800
2019-09-13,10.120609283447266,10.129792473400917,10.102241151858522,10.111425217652894,104000
2019-09-16,10.175711631774902,10.175711631774902,10.120608990286257,10.120608990286257,205400
2019-09-17,10.285914421081543,10.285914421081543,10.111421612407803,10.111421612407803,147200
2019-09-18,10.285914421081543,10.3042825461211,10.194076423404988,10.285914421081543,217400
2019-09-19,10.460409164428711,10.46959235203763,10.331834903658383,10.331834903658383,402700
2019-09-20,10.451226234436035,10.469593487486335,10.341020088612458,10.469593487486335,1079100
2019-09-23,10.414491653442383,10.432858907905254,10.313468688454284,10.396123523138852,273900
2019-09-24,10.313467979431152,10.451226319715138,10.258365343990038,10.442042255194751,793200
2019-09-25,10.2583646774292,10.285915993359547,10.166525789873985,10.230813361498852,328900
2019-09-26,10.166526794433594,10.313468328368868,10.148159540612,10.304285139378386,362200
2019-09-27,9.946113586425781,10.138974551086692,9.918562270285808,10.129790487093185,394500
2019-09-30,10.010398864746094,10.037951052823903,9.92774492803394,9.992031615201311,339700
2019-10-01,9.973666191101074,10.01958564116057,9.90937948652218,10.01958564116057,385100
2019-10-02,9.808355331420898,9.900193336358111,9.771619954277918,9.872642022460994,453200
2019-10-03,9.918564796447754,9.918564796447754,9.780806428981075,9.872645340625528,991600
2019-10-04,10.148158073425293,10.148158073425293,9.955297119058278,9.973664370224396,360000
2019-10-07,10.093055725097656,10.194078683532178,10.047136278158384,10.194078683532178,534400
2019-10-08,10.010398864746094,10.093053677298672,9.973663489816106,10.037951052823903,293200
2019-10-09,10.083868026733398,10.120604271719078,10.010397288442613,10.102236149226238,201600
2019-10-10,10.093055725097656,10.166526489864253,10.010400895775085,10.03795308944301,212600
2019-10-11,10.1389741897583,10.239996262565054,10.1389741897583,10.194077695915041,220800
2019-10-14,10.102238655090332,10.157342160397011,10.056319213308186,10.13897403334795,173200
2019-10-15,9.992032051086426,10.056318741058194,9.964480737647163,10.037951490712173,878300
2019-10-16,9.946113586425781,9.99203303055277,9.891010954145836,9.964481714412797,345400
2019-10-17,10.010398864746094,10.047134239676081,9.973663489816106,9.973663489816106,216200
2019-10-18,10.056318283081055,10.083869595265597,9.982847533361994,10.065502345756043,308400
2019-10-21,10.175711631774902,10.175711631774902,10.083872728172901,10.111424924757918,250700
2019-10-22,10.028768539428711,10.166525997737562,10.028768539428711,10.166525997737562,255600
2019-10-23,10.001214981079102,10.065501663767426,9.918560174285332,10.001214981079102,183200
2019-10-24,10.010398864746094,10.065502365061286,9.973663489816106,10.056318302368684,179000
2019-10-25,9.946113586425781,9.982848966559262,9.854274698171805,9.982848966559262,382000
2019-10-28,9.992032051086426,10.074686867244678,9.964480737647163,10.010399301432447,389100
2019-10-29,9.964483261108398,10.02876996736049,9.909379744434688,9.964483261108398,289200
2019-10-30,9.789987564086914,9.891010511816619,9.707332743522796,9.891010511816619,498900
2019-10-31,9.789987564086914,9.86345832106824,9.753252185596251,9.799171627669708,503000
2019-11-01,9.8267240524292,9.863459435068837,9.81753998780914,9.8267240524292,259100
2019-11-04,9.771620750427246,9.918562270971323,9.74406855844482,9.872642826841162,927300
2019-11-05,9.762435913085938,9.762435913085938,9.67978109536739,9.744067786552714,248700
2019-11-06,9.707332611083984,9.799171493977921,9.688965360009496,9.753252052530954,548500
2019-11-07,9.68896484375,9.799170971846287,9.679780780781863,9.771619658782328,524100
2019-11-08,9.725702285766602,9.734886350685665,9.688966901930984,9.734886350685665,203300
2019-11-11,9.8267240524292,9.8267240524292,9.734886033750412,9.762437351769988,153300
2019-11-12,9.744068145751953,9.835907030122602,9.744068145751953,9.826722966517435,957300
2019-11-13,9.734884262084961,9.817538201101378,9.707332073239039,9.744067449193153,242000
2019-11-14,9.81753921508789,9.81753921508789,9.744068455591371,9.77162064728297,188200
2019-11-15,9.872644424438477,9.872644424438477,9.826724972877601,9.826724972877601,229000
2019-11-18,9.799171447753906,9.872642203386286,9.780803320925564,9.854274076557944,300300
2019-11-19,9.81753921508789,9.84509140677949,9.762436583385771,9.84509140677949,110600
2019-11-20,9.725702285766602,9.82672437235439,9.698150966850047,9.789988988518774,200000
2019-11-21,9.744068145751953,9.78080352433211,9.69814957940714,9.771620336567455,283800
2019-11-22,9.734884262084961,9.789986888095907,9.707332073239039,9.734884262084961,152400
2019-11-25,9.918564796447754,9.918564796447754,9.780806428981075,9.8359099511359,361700
2019-11-26,9.95529556274414,9.964479624811704,9.91856019031425,9.946111500676576,373000
2019-11-27,10.083868026733398,10.083868026733398,9.955294672644666,9.99203004179006,204900
2019-11-29,10.111421585083008,10.12978883423252,10.056318085953658,10.09305346009309,114100
2019-12-02,10.111421585083008,10.19407639585683,10.056318085953658,10.19407639585683,334500
2019-12-03,10.184892654418945,10.184892654418945,10.010398964875801,10.083869715470673,320500
2019-12-04,10.249180793762207,10.276732110177111,10.221629477347303,10.249180793762207,666700
2019-12-05,10.212446212768555,10.29510104432466,10.19407895900088,10.29510104432466,276000
2019-12-06,10.304283142089844,10.304283142089844,10.230812389363109,10.249179639624563,266000
2019-12-09,10.2583646774292,10.304284121206805,10.239996549581939,10.304284121206805,301700
2019-12-10,10.184892654418945,10.24917934222935,10.175708591634478,10.24917934222935,186300
2019-12-11,10.33183479309082,10.33183479309082,10.203260533696449,10.249179974611616,202500
2019-12-12,10.405304908752441,10.423673034325876,10.295098782833138,10.368569533446008,325300
2019-12-13,10.451226234436035,10.515512933872973,10.414490852494843,10.46041029888148,429100
2019-12-16,10.665837287902832,10.684338730498784,10.527079997222556,10.536330718520531,456500
2019-12-17,10.712089538574219,10.749091539932786,10.702838817685253,10.721340259463187,237500
2019-12-18,10.69359016418457,10.73059216964414,10.638086714896515,10.73059216964414,253400
2019-12-19,10.712089538574219,10.730590980352153,10.638085535857085,10.693588978993585,715800
2019-12-20,10.758342742919922,10.823096027649786,10.63808601256636,10.63808601256636,370100
2019-12-23,10.83234691619873,10.85084747689404,10.75834290902278,10.85084747689404,329400
2019-12-24,10.860097885131836,10.860097885131836,10.786093880090183,10.850847163952297,272800
2019-12-26,10.924851417541504,10.924851417541504,10.84159669614915,10.869347975880842,644400
2019-12-27,10.887848854064941,10.980353409118823,10.878598133900384,10.980353409118823,260200
2019-12-30,10.83234691619873,10.952603648408989,10.786094191164423,10.924852366267345,319500
2019-12-31,10.869348526000977,10.887849968223351,10.795344521506118,10.813845081531172,193800
2020-01-02,11.035858154296875,11.054358714618793,10.89709998199448,10.943352706095277,378800
2020-01-03,10.980353355407715,11.063608072087023,10.95260207724702,10.998854795646329,424200
2020-01-06,10.952600479125977,10.980351753237413,10.869345774594567,10.943349760356465,561600
2020-01-07,10.924851417541504,10.961853417916187,10.869347975880842,10.961853417916187,305900
2020-01-08,11.017355918884277,11.063608639656376,10.915600638943479,10.943351918527828,597500
2020-01-09,11.035858154296875,11.100611438719593,11.017356711777621,11.082109996200339,517500
2020-01-10,11.05435848236084,11.137613207553585,11.05435848236084,11.082109763359316,929400
2020-01-13,11.220866203308105,11.230116922947584,11.119110933865382,11.119110933865382,507900
2020-01-14,11.313372611999512,11.35962533559946,11.211617325837485,11.257870049437434,1377600
2020-01-15,11.331873893737793,11.350375335794524,11.257869889905495,11.341124614766159,753400
2020-01-16,11.4243803024292,11.442880863847773,11.368876853778703,11.415129580621219,644800
2020-01-17,11.55388355255127,11.55388355255127,11.470628844643517,11.498381002077524,1448200
2020-01-21,11.498382568359375,11.544634405988765,11.44287912812795,11.544634405988765,922300
2020-01-22,11.461382865905762,11.544636719641867,11.43363069912963,11.544636719641867,862300
2020-01-23,11.489130973815918,11.498381693516865,11.341122987389495,11.479880254114969,568400
2020-01-24,11.498382568359375,11.581637287607883,11.44287912812795,11.563135846798325,578700
2020-01-27,11.230118751525879,11.32262331639146,11.211617309234367,11.304122756297273,1545400
2020-01-28,11.452132225036621,11.452132225036621,11.267122189534705,11.294873474310632,574400
2020-01-29,11.507633209228516,11.53538537237858,11.433629205222982,11.516883930278537,891500
2020-01-30,11.387380599975586,11.387380599975586,11.285624403907002,11.322626416423514,2212200
2020-01-31,11.211617469787598,11.378126924006358,11.18386618815025,11.359625481449902,1131500
2020-02-03,11.359625816345215,11.387377980998068,11.239369082774948,11.239369082774948,757200
2020-02-04,11.748147010803223,11.748147010803223,11.49838371044698,11.56313699531761,2099600
2020-02-05,11.896154403686523,11.933156404856728,11.77589767933404,11.840651843029868,1495500
2020-02-06,11.93315601348877,11.979408733983911,11.840651454695752,11.886904175190894,981800
2020-02-07,11.80364990234375,11.86840318417409,11.757397180094664,11.86840318417409,1080200
2020-02-10,11.840653419494629,11.840653419494629,11.729647401204677,11.803651413397978,748000
2020-02-11,12.145918846130371,12.145918846130371,11.960908836122512,12.00716067697649,704800
2020-02-12,12.41418170928955,12.41418170928955,12.219921007524025,12.266173723600994,1354600
2020-02-13,12.349431037902832,12.349431037902832,12.17367085622028,12.256925586259662,708300
2020-02-14,12.340179443359375,12.367930724010264,12.303177441759088,12.358680003060867,824800
2020-02-18,12.386431694030762,12.414182973624426,12.303176973052492,12.312427693649472,1413200
2020-02-19,13.080219268798828,13.080219268798828,12.663945682698502,12.682447123057287,3754600
2020-02-20,13.172724723815918,13.200476886249817,12.867457994621388,13.126472001956715,1762700
2020-02-21,13.052468299865723,13.080220462937492,12.922961734320058,13.043218461039114,1327500
2020-02-24,12.589944839477539,12.673199577553172,12.349432229944824,12.488189538605909,1550300
2020-02-25,12.247673034667969,12.710198459380782,12.182919757511291,12.710198459380782,1534900
2020-02-26,12.08116626739502,12.386433022251488,12.053414102628164,12.201422119261922,2581000
2020-02-27,11.618639945983887,11.914655958147426,11.470631057704813,11.720395229615777,1584900
2020-02-28,11.618639945983887,11.618639945983887,11.100611042500388,11.193116487400147,1727000
2020-03-02,11.738897323608398,11.76664949002405,11.396628544258782,11.637142026676594,1503200
2020-03-03,11.831401824951172,12.155170016069649,11.748147096823716,11.94240783505533,1844400
2020-03-04,12.284676551818848,12.284676551818848,11.960909243818584,12.10891725686983,1038200
2020-03-05,12.155169486999512,12.275426213260685,11.960908757223356,12.034912760738338,1471100
2020-03-06,11.785147666931152,11.90540438380154,11.572386393989325,11.812899827730101,800500
2020-03-09,10.453075408935547,10.91560086170086,10.351319244720912,10.813844697486225,2025600
2020-03-10,10.69359016418457,10.887850913396663,10.369821954765282,10.84159818602285,1810000
2020-03-11,10.03680419921875,10.471577555537039,9.814791277769764,10.44382627117995,1591200
2020-03-12,8.750981330871582,9.278260048408066,8.70472861058655,9.250508769115953,1440100
2020-03-13,9.213507652282715,9.648281853111985,8.750982169501851,9.435519672290168,636100
2020-03-16,8.121946334838867,8.695477764368084,8.121946334838867,8.436463769592978,823000
2020-03-17,8.760233879089355,8.760233879089355,8.131198869245479,8.380963081576706,1151700
2020-03-18,7.8629326820373535,8.334708854686944,7.613168514564998,8.103446128744668,724400
2020-03-19,8.047943115234375,8.149699284677926,7.474411630197161,7.687173808144945,788900
2020-03-20,8.038690567016602,8.501215938431063,7.9461860220519895,8.140446713333949,780100
2020-03-23,7.705673694610596,7.992439853150471,7.483661697016841,7.9646876918033085,926200
2020-03-24,8.58447265625,8.612224820214193,8.205201904046106,8.251454628455754,1160900
2020-03-25,9.009993553161621,9.250506945471173,8.501215494721288,8.732478168358067,744800
2020-03-26,9.34301471710205,9.481772003295747,9.139503266113627,9.139503266113627,879700
2020-03-27,8.77873420715332,9.028498412810169,8.704730194113681,8.91749239325071,561900
2020-03-30,8.852736473083496,8.861987193437153,8.658475756642922,8.787983195002386,1762500
2020-03-31,8.834236145019531,9.046997425520173,8.787983424241961,8.8434868656145,1219000
2020-04-01,8.50121784210205,8.71398001933888,8.445715279134065,8.71398001933888,439800
2020-04-02,8.57522201538086,8.77873257224023,8.445714575581684,8.510467854382641,342200
2020-04-03,8.510467529296875,8.72322968068284,8.43646353286625,8.639974964149081,391400
2020-04-06,9.083998680114746,9.083998680114746,8.741729985968776,8.797233422785755,494300
2020-04-07,9.259759902954102,9.57427735629519,9.213507180604417,9.435519189246138,708900
2020-04-08,9.528024673461914,9.574277396003426,9.269010662305675,9.35226450424363,1120100
2020-04-09,9.722284317016602,9.861041586953455,9.565025607249657,9.676031599638582,797800
2020-04-13,9.648282051086426,9.70378461612848,9.435519865898911,9.666782612034655,657400
2020-04-14,9.805540084838867,9.953548090584807,9.676032638712519,9.740785920677041,570400
2020-04-15,9.491022109985352,9.555775388391593,9.352263950575509,9.537274829788633,633100
2020-04-16,9.472518920898438,9.574275062124578,9.389264217057809,9.509520913472373,560900
2020-04-17,9.731535911560059,9.833291193179264,9.648281189236489,9.703783749320678,519900
2020-04-20,9.602027893066406,9.76853732774876,9.546524454106544,9.629779171447721,446800
2020-04-21,9.269010543823242,9.528024551668597,9.250509102164212,9.454020549427067,1355800
2020-04-22,9.500273704528809,9.528024986085338,9.370766253602776,9.370766253602776,540700
2020-04-23,9.537274360656738,9.713033628627027,9.481770923183527,9.500272363073668,383300
2020-04-24,9.42626667022705,9.574275529952036,9.306010850133523,9.56502481080726,447400
2020-04-27,9.629778861999512,9.639029581895093,9.444768875073898,9.500272312250186,327500
2020-04-28,9.824040412902832,9.925795693905437,9.722285131900227,9.870293134157574,555900
2020-04-29,10.231062889099121,10.286565446610792,9.944296734631337,10.009050012460701,783700
2020-04-30,9.953546524047852,10.175558497725453,9.87029181336946,10.175558497725453,730300
2020-05-01,9.61128044128418,9.777789025438528,9.500274424448813,9.777789025438528,785600
2020-05-04,9.666783332824707,9.666783332824707,9.481773298560572,9.574278756791355,356300
2020-05-05,9.759286880493164,9.898044158477584,9.722284880884168,9.861042158868587,584300
2020-05-06,9.861042976379395,9.962799145387976,9.76853841078662,9.842542416139773,420300
2020-05-07,9.972049713134766,10.018302440409819,9.842543135401488,9.972049713134766,496600
2020-05-08,10.295816421508789,10.295816421508789,10.11080642156648,10.17555970099697,343800
2020-05-11,10.342069625854492,10.360570185615561,10.194061618976704,10.240313459478031,477800
2020-05-12,10.25881290435791,10.545578141309838,10.249562185179554,10.38831944406634,353300
2020-05-13,9.972049713134766,10.323569205348825,9.907296424268127,10.258815916482186,714700
2020-05-14,10.046051025390625,10.046051025390625,9.648279794945642,9.824039052742659,568600
2020-05-15,9.981297492980957,10.046050762761174,9.870291509558955,10.046050762761174,265500
2020-05-18,10.54557991027832,10.554830631008437,10.277315184485897,10.295816625946133,375600
2020-05-19,10.499329566955566,10.684339596931531,10.406824110868879,10.471577400811114,544200
2020-05-20,10.675086975097656,10.786092973328117,10.582581535473647,10.758341694319816,387100
2020-05-21,10.610334396362305,10.70283895988914,10.471576227776083,10.665836958038943,281800
2020-05-22,10.480825424194336,10.554829417129735,10.453074147392856,10.527078140328257,433900
2020-05-26,10.869348526000977,10.961853972718211,10.832346523753547,10.878599247112165,869600
2020-05-27,10.961853981018066,10.980354541057128,10.61033451830267,10.961853981018066,609800
2020-05-28,10.823095321655273,11.035857486770661,10.823095321655273,10.952602764864523,555000
2020-05-29,11.026606559753418,11.045107118610131,10.832345839672968,10.86934783958366,491000
2020-06-01,11.230118751525879,11.230118751525879,11.008105855014366,11.063609299691576,448000
2020-06-02,11.322624206542969,11.341125650289008,11.202367468785887,11.294872923121302,414000
2020-06-03,11.452132225036621,11.470632787488094,11.331875481411016,11.415130217936237,1118300
2020-06-04,11.442880630493164,11.5261353606724,11.350376060891968,11.461382073731825,397900
2020-06-05,11.646390914916992,11.80364963771995,11.646390914916992,11.692643636129148,662000
2020-06-08,11.988659858703613,11.988659858703613,11.72964585027469,11.81290057353331,552600
2020-06-09,11.775897979736328,11.83140142400617,11.674142694471824,11.748146698700067,462100
2020-06-10,11.711143493652344,11.849901648975466,11.637139497025569,11.849901648975466,493200
2020-06-11,10.924851417541504,11.331873421663007,10.887849417166823,11.239367979627664,1640700
2020-06-12,11.174614906311035,11.341124352177053,10.96185362076872,11.276370188675106,659700
2020-06-15,11.39110279083252,11.43755934071743,10.926539064153395,10.991577702341276,1089000
2020-06-16,11.558344841003418,11.707005974136408,11.418976080917137,11.66054942541266,1023000
2020-06-17,11.326062202453613,11.63267504845314,11.29818862957544,11.586218502932914,524900
2020-06-18,11.409682273864746,11.46543029821421,11.270313542118263,11.27960502719064,649900
2020-06-19,11.418975830078125,11.623384108321433,11.409684343320487,11.54905398643022,508200
2020-06-22,11.52117919921875,11.56763574560369,11.40968401954585,11.502597112315728,430200
2020-06-23,11.660548210144043,11.772043383809974,11.6233831522554,11.660548210144043,642100
2020-06-24,11.474722862243652,11.660548150740196,11.335353231307593,11.614091607094842,927800
2020-06-25,11.465432167053223,11.484014254142023,11.270315379153688,11.428267106790688,365300
2020-06-26,11.158820152282715,11.502597179812662,11.14952866573422,11.474723606252107,647200
2020-06-29,11.52117919921875,11.549053658700668,11.24244169307896,11.251732293488011,533900
2020-06-30,11.632675170898438,11.660548744070008,11.474723446118018,11.502597019289587,745400
2020-07-01,11.78133487701416,11.837082020838809,11.651256731281855,11.660548217280923,1049300
2020-07-02,11.948577880859375,12.078656034062934,11.902122220365536,12.02290800095143,907100
2020-07-06,12.413141250610352,12.413141250610352,12.208733868732784,12.255189528014567,1154100
2020-07-07,12.366683959960938,12.478179122482006,12.28306236654894,12.338809504767081,763100
2020-07-08,12.775500297546387,12.775500297546387,12.450305390083997,12.450305390083997,647800
2020-07-09,12.61755084991455,12.803376164903757,12.403851959198212,12.803376164903757,939200
2020-07-10,12.598967552185059,12.598967552185059,12.487471487808145,12.571093093048374,603100
2020-07-13,12.450304985046387,12.859121477475622,12.422431415225924,12.701169771684981,987600
2020-07-14,12.803375244140625,12.81266673074313,12.320229459914435,12.450306728009789,711500
2020-07-15,13.091405868530273,13.119279443833342,12.924162644541902,13.072822894271573,1717400
2020-07-16,12.9891996383667,13.12856926941341,12.961326066591305,13.026365582180384,1223000
2020-07-17,13.202899932861328,13.202899932861328,13.035656723097745,13.10998684164047,705400
2020-07-20,13.44447135925293,13.49092789829141,13.286519658172963,13.295811143197616,1158700
2020-07-21,13.509511947631836,13.639590098646512,13.435181828790567,13.630298612270126,1392500
2020-07-22,13.621007919311523,13.648881493979395,13.47234767296959,13.528095708390298,785500
2020-07-23,13.658170700073242,13.853287462335066,13.546675533935744,13.648879214707247,1044000
2020-07-24,13.407307624816895,13.472346254221147,13.240064422251818,13.444472682488591,1489400
2020-07-27,13.67675495147705,13.67675495147705,13.463055198472697,13.472346684708732,1281100
2020-07-28,13.332976341247559,13.676753316110489,13.332976341247559,13.676753316110489,903500
2020-07-29,13.407307624816895,13.472346254221147,13.332977509473498,13.463054768282007,934700
2020-07-30,13.472347259521484,13.472347259521484,13.26793898403186,13.286521957296795,886300
2020-07-31,13.379432678222656,13.518802303963732,13.25864690976583,13.500219332764319,1086500
2020-08-03,13.70462703704834,13.732500606647067,13.39801511320794,13.518801762915492,1485600
2020-08-04,14.122735977172852,14.150609550426424,13.732502407283182,13.741793893729344,1701300
2020-08-05,14.485095977783203,14.494387464231917,14.150609554308904,14.215649073364972,1484600
2020-08-06,14.540843963623047,14.652340035273465,14.4293487780576,14.540843963623047,1249400
2020-08-07,14.75454330444336,14.884621460193122,14.503678479658445,14.531552939802287,1804600
2020-08-10,14.810290336608887,14.958951464623985,14.689504554604332,14.958951464623985,1827500
2020-08-11,14.568717956542969,14.996115711104109,14.540843496483376,14.996115711104109,1445200
2020-08-12,14.819580078125,14.866036619778775,14.531551114824293,14.596589741488678,1363800
2020-08-13,15.070446014404297,15.2098165442153,14.828873560232052,14.866038621342009,1477900
2020-08-14,14.958950996398926,15.144775406910265,14.912493564643727,15.051864087739503,4175700
2020-08-17,15.135485649108887,15.274854399633188,15.051864044360345,15.116902676460365,1414500
2020-08-18,15.191232681274414,15.293435485737326,15.005406500518538,15.284145771652351,1735600
2020-08-19,15.246980667114258,15.460679546244684,15.237689180347298,15.25627215388122,2101900
2020-08-20,15.144774436950684,15.209814837242394,15.033280152218586,15.200523351486435,1424400
2020-08-21,15.135485649108887,15.219105481687619,15.042572558036083,15.061153758514795,1618200
2020-08-24,15.321310043334961,15.404931647997545,15.191232779268637,15.330601529649671,1707100
2020-08-25,15.674384117126465,15.683673834046543,15.395644760924945,15.516432346930038,2008000
2020-08-26,15.674384117126465,15.823044398232472,15.627926671674375,15.739422768589051,2550700
2020-08-27,15.627920150756836,15.767288884619324,15.516425872534684,15.720833230721695,2338700
2020-08-28,15.980993270874023,16.05532339795004,15.73941991483446,15.79516706709897,3465000
2020-08-31,15.92524242401123,16.11106860535413,15.841620819623905,16.03673848725093,2685600
2020-09-01,16.185396194458008,16.185396194458008,15.925239935661827,15.962405874991079,2522400
2020-09-02,16.120365142822266,16.30618961022193,15.841625783467228,16.25044244721907,2322500
2020-09-03,15.116904258728027,15.915952672382005,15.070446822244076,15.897371469958422,5664400
2020-09-04,14.958950996398926,15.2005243250165,14.243522496897237,15.116902720026962,4052100
2020-09-08,14.875330924987793,15.079738329274676,14.53155386932167,14.624466084156161,2235400
2020-09-09,15.395639419555664,15.432805363022968,15.098318960496128,15.219104732425418,3647700
2020-09-10,15.051864624023438,15.423515230457499,14.996115703930919,15.386349283729153,2044100
2020-09-11,15.042572975158691,15.24698036345112,14.921785421763726,15.21910590370539,1075900
2020-09-14,15.460680961608887,15.49784691207913,15.200526396997429,15.265565038150294,1520200
2020-09-15,15.758001327514648,15.860205918170218,15.655798509029122,15.692962686977484,1693500
2020-09-16,15.850911140441895,16.00886285131874,15.776581027803948,15.925241253079841,3249900
2020-09-17,15.553589820861816,15.600047246270856,15.330599495407153,15.469968227295121,1106400
2020-09-18,15.535008430480957,15.720834606674961,15.386348198393657,15.64650449063131,1009300
2020-09-21,15.404929161071777,15.414220645886498,14.968240007797045,15.070442796419925,2367400
2020-09-22,15.488554954528809,15.525719131701408,15.256273087647555,15.525719131701408,1345100
2020-09-23,15.349185943603516,15.758000746820574,15.312019994854705,15.590759293960856,1788400
2020-09-24,15.274853706359863,15.451386621999173,14.912492844839226,15.30272639189779,2087000
2020-09-25,15.609339714050293,15.637214174215236,15.098320349548901,15.107611836270548,2127800
2020-09-28,16.315475463867188,16.343349921825645,15.99957202901699,16.0367379729616,2629600
2020-09-29,16.705711364746094,16.770750003629633,16.49201247350875,16.55705111239229,1884400
2020-09-30,17.179567337036133,17.346810571310513,16.87295533158979,16.92870248562456,3217600
2020-10-01,17.737043380737305,17.746334868012145,17.39326544024827,17.56050866685537,3378600
2020-10-02,17.727750778198242,17.904285480974266,17.300353023463522,17.300353023463522,3081000
2020-10-05,18.536096572875977,18.573260755836667,17.950745184755107,18.034366811629518,4918700
2020-10-06,18.66617202758789,19.000658502043855,18.443181635340615,18.72191918260718,6323300
2020-10-07,19.595300674438477,19.66963080946031,18.95420215226881,19.06569824088666,7683200
2020-10-08,19.57671546936035,20.199230943875442,19.34443360233487,20.180647969192602,6254300
2020-10-09,19.883325576782227,19.957655696292502,19.400178913880513,19.437344859720568,3122000
2020-10-12,19.47450828552246,20.05985950483559,19.242226449451802,20.041276532629194,5618300
2020-10-13,19.40947151184082,19.567423246366634,19.177189653548155,19.26081126430711,3185700
2020-10-14,19.641752243041992,19.771831281297192,19.520966463415558,19.688209675336648,3093300
2020-10-15,19.49308967590332,19.5488385879986,19.0842749535557,19.232935174803856,2737700
2020-10-16,19.40947151184082,19.76254092886084,19.372307336042365,19.613880681327128,2161500
2020-10-19,19.26081085205078,19.548841626131065,19.20506370346133,19.34443246101991,3680100
2020-10-20,19.651044845581055,19.781123891224087,19.409471500438208,19.493093111148035,2844700
2020-10-21,18.796249389648438,19.57671665176679,18.77766641384321,19.530260984423837,5113100
2020-10-22,18.7312068939209,18.80553700968369,18.350264829115375,18.72191540792933,3766600
2020-10-23,18.78695297241211,18.963487651902238,18.591837094162216,18.861283083960114,2831300
2020-10-26,18.39672088623047,18.712624328121905,18.127274875305297,18.480342489799956,3844600
2020-10-27,18.257352828979492,18.536092108822068,18.21089716842399,18.396721582815854,2610700
2020-10-28,17.978614807128906,18.285226765667918,17.913576175343326,17.987906293408244,7966900
2020-10-29,18.350265502929688,18.433887107754597,18.07152800162653,18.20160526594536,5313700
2020-10-30,18.17373275756836,18.350267472498732,17.885703739017753,18.313101523178652,3463400
2020-11-02,18.498924255371094,18.508215740958196,18.183020834088268,18.27593391778963,4108600
2020-11-03,18.7219181060791,18.833414181876662,18.545383391137133,18.610423802451546,5111000
2020-11-04,18.480342864990234,18.554672983875527,17.96003203279319,18.387431545510985,7653300
2020-11-05,19.781118392944336,19.799699589582925,19.23293321829343,19.41875758986544,5942000
2020-11-06,19.92978286743164,20.06915161900162,19.67891805130379,20.03198567342572,4891300
2020-11-09,19.966947555541992,21.323474477143638,19.929783381177906,21.239852869612104,9398700
2020-11-10,19.669628143310547,20.078444716602053,19.4187633070519,20.078444716602053,6391400
2020-11-11,20.301433563232422,20.366472196143643,19.92049148003542,19.99482159938679,4981900
2020-11-12,20.069154739379883,20.56159118963645,19.985533121002334,20.51513552261341,4536500
2020-11-13,20.162065505981445,20.357181411440994,20.0134052621542,20.31072574980869,3507500
2020-11-16,20.264266967773438,20.310724398484705,20.013403930611698,20.310724398484705,3905100
2020-11-17,20.301433563232422,20.301433563232422,19.92049148003542,20.07844320517831,2756100
2020-11-18,20.004114151000977,20.357181793677583,20.004114151000977,20.357181793677583,3838400
2020-11-19,20.29214096069336,20.310723932551568,20.106314786450742,20.12489775830895,3145500
2020-11-20,20.524423599243164,20.635917890435874,20.375763362873013,20.468676453646808,2929400
2020-11-23,20.914653778076172,20.942528232448247,20.561584444707975,20.812449217548085,4543800
2020-11-24,21.20268440246582,21.342053141060017,20.77528670115432,21.109771319346468,6381100
2020-11-25,21.56504249572754,21.602208436151564,21.2026834374412,21.211974922547203,4788900
2020-11-27,21.91811752319336,22.13181641952268,21.81591293270106,21.899534548163842,3694600
2020-11-30,21.862367630004883,22.484883038106123,21.685832933691746,22.484883038106123,5404600
2020-12-01,21.657958984375,22.00173689874216,21.639377783407205,21.992445412173332,4700300
2020-12-02,21.462841033935547,21.56504383209588,21.10977166670621,21.34205349224194,3798500
2020-12-03,21.314184188842773,21.648668865604538,21.27701824021926,21.58363022768336,5869500
2020-12-04,21.379220962524414,21.55575565875257,21.34205501714172,21.379220962524414,2548400
2020-12-07,21.472131729125977,21.72299474462014,21.45354875844652,21.54646183967418,3658900
2020-12-08,22.048194885253906,22.085360835449805,21.620797091021345,21.63008857857032,3398200
2020-12-09,21.50930404663086,22.252607205866166,21.332769302639058,22.224732739287365,4234500
2020-12-10,21.834495544433594,21.853078519153915,21.369931809445646,21.388514784165963,3120000
2020-12-11,21.955276489257812,22.159685621719017,21.732286158348,21.741577643657113,2608000
2020-12-14,22.27158546447754,22.411131381320082,22.16925096406246,22.34601007175507,4152100
2020-12-15,23.31352996826172,23.350743159114817,22.476252692715672,22.61579860956958,5568800
2020-12-16,23.31352996826172,23.378651277832038,22.885588919986724,23.378651277832038,5858400
2020-12-17,23.778684616088867,23.778684616088867,23.490289479710952,23.685653411779743,7603700
2020-12-18,24.104293823242188,24.44850875941552,23.871716691196685,23.946141302474338,5670700
2020-12-21,24.52293586730957,24.54154069120607,23.862415822354706,23.946143740369028,5370700
2020-12-22,25.416025161743164,25.546267769710962,24.84853647087355,25.127630055061985,7801700
2020-12-23,25.825363159179688,26.383548592153158,25.69512054210749,26.383548592153158,6492200
2020-12-24,25.778850555419922,26.11376222054925,25.54627340450741,26.104458921582008,4741600
2020-12-28,25.983518600463867,26.690553325409738,25.937002107388153,26.690553325409738,7088400
2020-12-29,25.732332229614258,26.29051766848073,25.481148515960957,26.281214370816986,6898800
2020-12-30,26.331758499145508,26.396912793930756,25.96875320983695,26.0339075046222,5452700
2020-12-31,26.285215377807617,26.657526858307772,26.089752516290474,26.657526858307772,4218500
2021-01-04,26.69476318359375,27.197383319204583,26.322451643266934,27.05776671349721,9237800
2021-01-05,27.262535095214844,27.42076592150809,26.75991326350271,26.778529281415278,10744800
2021-01-06,29.22648048400879,29.943179461073093,28.31431685842056,28.491165487976247,21173200
2021-01-07,31.097341537475586,31.451038725555648,30.362024913791878,30.68779985434836,22989400
2021-01-08,30.864654541015625,31.879204550487508,30.371342438921793,31.786128001254138,17693900
2021-01-11,29.822181701660156,30.110721129103606,28.975170562339226,29.487100449855014,13352100
2021-01-12,30.185184478759766,30.222416517093095,29.505715757068234,30.175874693855132,11013300
2021-01-13,30.3341121673584,30.566807104649996,29.757027941733785,30.566807104649996,9705300
2021-01-14,30.06418228149414,30.343415469120625,29.8314873666983,30.02695024297258,9184200
2021-01-15,28.444623947143555,29.38471155182725,28.174698787560978,29.28232522819876,12308200
2021-01-19,29.22648048400879,29.356790841465166,28.668012342210652,29.02170960132203,11612600
2021-01-20,29.114784240722656,29.403325396973496,28.82624130915076,29.375401372050746,8887600
2021-01-21,30.399267196655273,30.417883218163354,29.114791893063746,29.384717103644793,9465300
2021-01-22,30.62265396118164,30.65057621635064,29.933875411656118,30.026951962648,6665000
2021-01-25,30.231721878051758,31.24627181415075,29.831486354136583,30.706421476482546,10297400
2021-01-26,29.933870315551758,30.343412041093384,29.747713694617484,30.259641739205072,7129000
2021-01-27,28.053701400756836,28.770402242096836,27.57900351007663,28.33293639397422,12571500
2021-01-28,28.686626434326172,28.75178072101737,27.9978497566574,28.435315521099128,12144500
2021-01-29,27.737232208251953,28.612165555787463,27.346304693423004,28.342240386795776,9698000
2021-02-01,28.36085319519043,28.388777221737264,27.662768509410004,28.379469212888317,6671400
2021-02-02,28.668012619018555,28.919323551552473,28.29570111266532,28.807630987307153,10789400
2021-02-03,29.17993927001953,29.31955584756275,28.58423915034276,29.04032269247631,6589100
2021-02-04,28.807628631591797,29.058937768253863,28.68662629234603,29.003091490697976,5928400
2021-02-05,29.02170753479004,29.161324116467654,28.658704067364006,29.040323552432696,5828200
2021-02-08,29.310245513916016,29.505710127227736,29.086858652503306,29.114782675925255,6450800
2021-02-09,29.049633026123047,29.310251976226162,28.69593752806722,28.8262461154581,6106500
2021-02-10,28.658706665039062,29.4870999966916,28.314317408718487,29.24509707136496,6678200
2021-02-11,28.807628631591797,29.021707508323658,28.621472005977306,28.99378348188514,4458800
2021-02-12,28.22123908996582,28.33293343063497,27.700002975926182,28.06300647628862,6069800
2021-02-16,27.90477180480957,28.76108910238732,27.551076340195827,28.74247308442839,7989300
2021-02-17,27.439382553100586,27.709309492906115,26.8902224396463,27.709309492906115,7708500
2021-02-18,26.015291213989258,26.564451334450656,25.736056261456323,26.54583531588421,11352700
2021-02-19,26.517911911010742,26.890223414479994,26.378295319124934,26.434141600815,6861600
2021-02-22,24.75873565673828,25.857055777480454,24.674965357676857,25.838439760951015,10240100
2021-02-23,24.414348602294922,24.423656611379357,22.748254033247466,23.632493592414384,16636700
2021-02-24,24.93558692932129,24.93558692932129,23.837266691143082,24.40504105343087,8236300
2021-02-25,23.734878540039062,24.88904496973184,23.539415686569342,24.647042073539968,10893300
2021-02-26,24.06065559387207,24.28404250877601,23.353262809015558,23.846576689004298,8838700
2021-03-01,24.97281837463379,25.05658868662253,24.488812522103586,24.78666173125407,5432800
2021-03-02,24.172348022460938,24.95420310771824,24.13511775785512,24.87974080318523,5318600
2021-03-03,22.59002113342285,23.958266495122977,22.54348108861056,23.74418761494998,9225600
2021-03-04,21.687162399291992,22.776174523438822,21.007693766576047,22.403863065465774,15035500
2021-03-05,21.380006790161133,22.05947724795431,19.927991110077723,22.003629193677916,16676500
2021-03-08,20.72846031188965,21.622007797875654,20.6633060296183,21.17523405488265,10265400
2021-03-09,22.4597110748291,22.65517571493578,21.91055274148464,21.985015038829754,9672800
2021-03-10,22.45040512084961,23.222952131178296,22.18047818003392,23.185720094381143,8560600
2021-03-11,23.874496459960938,23.90242048716432,23.185719766835014,23.343952370345104,8023700
2021-03-12,23.68834114074707,23.744187418739152,22.990256452221963,23.213643339511457,5204900
2021-03-15,23.558032989501953,23.641803301965954,23.15779744668979,23.446340423097503,4867900
2021-03-16,23.018177032470703,23.585953106020835,22.794790161398776,23.464950774614557,7287700
2021-03-17,22.385250091552734,22.617945006331126,21.808167697082258,22.152555176774342,8889100
2021-03-18,21.16592788696289,22.012937180777183,21.110081608063375,21.882628604904582,10105500
2021-03-19,21.724397659301758,21.91055430359718,21.249699814137628,21.38931640969853,7793700
2021-03-22,22.24563217163086,22.48763508161253,21.826782415191246,22.0594773160981,6419100
2021-03-23,21.826784133911133,22.40386653942181,21.7150897915393,22.39455852961404,4929600
2021-03-24,20.849462509155273,21.687163787028428,20.849462509155273,21.677857553389543,6054900
2021-03-25,20.95184898376465,20.95184898376465,20.08622367275745,20.244456275579424,13359500
2021-03-26,21.370698928833008,21.398622956164218,20.87738687323008,21.14731203614695,6878900
2021-03-29,20.858768463134766,21.473082791408324,20.77499816606828,21.417236518471,5177000
2021-03-30,21.864013671875,21.873321681373714,20.951850044856524,20.979774073352665,8981600
2021-03-31,22.61794662475586,22.79479526973179,22.264251110125436,22.40386771391846,12207800
2021-04-01,22.506250381469727,23.213643070688494,22.469018346358723,23.176411035577487,9290900
2021-04-05,22.161863327026367,22.943718387668525,22.10601704421516,22.925102368291014,9115200
2021-04-06,22.161863327026367,22.422482272347526,22.022246732337692,22.10601704421516,6499600
2021-04-07,21.538238525390625,22.180476921119713,21.445161989323008,22.180476921119713,5636500
2021-04-08,21.817476272583008,22.012939153912267,21.733705959064363,21.891938576230537,4851600
2021-04-09,21.845399856567383,21.873323887880403,21.556858634285355,21.60339691115226,4534500
2021-04-12,21.40793228149414,21.622011178231965,21.17523736539094,21.594088924505225,6489100
2021-04-13,21.845399856567383,21.845399856567383,21.352087730620923,21.54755062384768,6395200
2021-04-14,21.770936965942383,22.329405150011674,21.733706700509185,22.087402211070934,7942600
2021-04-15,21.454469680786133,22.003629802449126,21.27762282998169,21.97570754985961,5621800
2021-04-16,22.17116928100586,22.236323567464716,21.68716347399554,21.780241786931548,6558700
2021-04-19,21.631319046020508,22.161863167204196,21.454470413852174,22.12463290403899,6605300
2021-04-20,21.435855865478516,21.68716502040794,21.25900723582195,21.45447010913609,4577700
2021-04-21,21.854703903198242,21.864011911947713,21.15661922487812,21.25900554580117,5719500
2021-04-22,22.385250091552734,22.692407308047358,22.245633497749964,22.571406733503974,9553700
2021-04-23,22.804101943969727,22.8599482271507,22.45971268449084,22.590023045674887,6351500
2021-04-26,22.915800094604492,22.95303036447293,22.580718789180423,22.89718407200946,5846100
2021-04-27,22.841331481933594,22.971640053528024,22.711021135018026,22.93440801860325,4825800
2021-04-28,22.375944137573242,22.580715026027953,22.15255545430459,22.357328118080634,5060400
2021-04-29,22.031551361083984,22.385246798372254,21.770932455757173,22.338708532391525,7842600
2021-04-30,21.631319046020508,21.845397941354047,21.482394442717062,21.70578134767223,5308000
2021-05-03,21.324161529541016,21.724397061029073,21.277623257409456,21.705781042047935,5625700
2021-05-04,20.44922637939453,20.737769322429482,20.272379540487968,20.709845296397383,9552000
2021-05-05,20.421306610107422,20.747079852115906,20.337536297153203,20.747079852115906,5545300
2021-05-06,20.151378631591797,20.263072968317385,19.82560540607352,20.132762612917322,10523900
2021-05-07,20.51438331604004,20.784308477924142,20.346842703336222,20.477151279740877,6773800
2021-05-10,19.90006446838379,20.47714852617167,19.881450228058476,20.33753195946651,5055600
2021-05-11,19.946605682373047,20.011759965651706,19.02513415745831,19.04374839888002,9139000
2021-05-12,19.276445388793945,19.77906724385071,19.229907117172214,19.685988925285987,7322900
2021-05-13,19.350908279418945,19.676679711472875,19.13682762722773,19.564987156289,6798100
2021-05-14,20.104841232299805,20.179303534906342,19.723221709526133,19.806992021873654,7225500
2021-05-17,19.918685913085938,20.02107225172602,19.704607000767076,19.965225964886635,4430900
2021-05-18,20.290992736816406,20.4771493501278,20.0303756085657,20.160684172691052,6791900
2021-05-19,20.44922637939453,20.477150405426627,19.890760061321615,19.92799032070995,6762900
2021-05-20,20.970468521118164,21.01700679874368,20.691233529400602,20.76569583879432,5401100
2021-05-21,21.01700210571289,21.138002665713078,20.961155829968273,21.12869643252322,3246700
2021-05-24,21.054235458374023,21.193852044140236,20.93323311547442,21.1566200077646,3013600
2021-05-25,20.998384475708008,21.17523307318935,20.905306173069356,21.128694809530504,2801700
2021-05-26,21.249698638916016,21.29623690975539,21.017003734076674,21.063542004916048,3619200
2021-05-27,21.23108673095703,21.324165065977713,21.119394149189475,21.305549043909263,4645200
2021-05-28,21.33346939086914,21.556856291127513,21.28693111906079,21.361393419146914,3526200
2021-06-01,21.28692626953125,21.677853699753697,21.147307935271122,21.6033896413105,4519100
2021-06-02,20.942543029785156,21.0356213538707,20.821542451198912,21.007697324048625,5270200
2021-06-03,20.5609188079834,20.802921685265872,20.46784050513307,20.663305118650857,6368800
2021-06-04,20.75638198852539,20.95184660526707,20.709843723993128,20.73776774790508,4013300
2021-06-07,20.868074417114258,20.877382424241116,20.551609276084378,20.719149853726176,3643100
2021-06-08,20.95184898376465,21.054235307743927,20.700538065990713,21.054235307743927,3965300
2021-06-09,20.8215389251709,21.110080083183778,20.812230916806474,20.998385758131754,2920000
2021-06-10,20.90951919555664,21.003116325441262,20.66616737194333,20.759764501827952,2695000
2021-06-11,21.08735466003418,21.08735466003418,20.918880174527132,20.984397633287237,3253300
2021-06-14,21.340063095092773,21.480459679905497,21.283905532297723,21.302625314968317,4377700
2021-06-15,21.096717834472656,21.36814760374159,20.975041004800573,21.31199002824063,2800700
2021-06-16,21.20903205871582,21.527261281344362,21.059277340445572,21.20903205871582,3852100
2021-06-17,21.330707550048828,21.396225012045537,20.965678885011947,21.021836454549565,3491400
2021-06-18,20.97503662109375,21.199668661367458,20.956316838100083,21.087353533838986,4651500
2021-06-21,21.190309524536133,21.246468875517174,20.872080343177537,21.077994393007703,3541900
2021-06-22,21.40558624267578,21.48046360181255,21.0686372339518,21.106075020911653,3588300
2021-06-23,21.368144989013672,21.480461911488998,21.23711006713989,21.358785096705986,3039700
2021-06-24,21.508541107177734,21.65829582274596,21.42430385651848,21.611498143587273,3415400
2021-06-25,21.574058532714844,21.751892926583956,21.527260853641565,21.602138211289027,3726800
2021-06-28,22.144994735717773,22.154354626561915,21.71445046818701,21.76124813719109,6291500
2021-06-29,22.28539276123047,22.594262063033053,22.238595085436735,22.4351474660307,4563600
2021-06-30,21.957801818847656,22.0794786219726,21.826766909528555,22.013961167313052,3782100
2021-07-01,22.032684326171875,22.08884189802547,21.80805046832345,22.05140232664506,2936600
2021-07-02,21.985885620117188,22.07948276657884,21.845490793033253,21.995245513285063,2494400
2021-07-06,22.135637283325195,22.154357067075644,21.96716280000482,22.14499717520042,4233000
2021-07-07,22.060760498046875,22.52874439248221,21.9858831463459,22.40706936542445,4090700
2021-07-08,21.677017211914062,21.798694043074146,21.34006818435341,21.489822910998775,4198700
2021-07-09,21.733171463012695,21.779970923689966,21.489819623141553,21.714453463958673,2802000
2021-07-12,21.985885620117188,22.032685085956555,21.751893646571602,21.995245513285063,4430600
2021-07-13,21.72381019592285,22.023321369649903,21.68637241496745,21.83612710922259,3671700
2021-07-14,21.190309524536133,21.77997021331928,21.171591526092612,21.77997021331928,5526500
2021-07-15,20.76912498474121,21.096714056057138,20.57257082786493,20.909519790957518,6537100
2021-07-16,20.684892654418945,20.97504222750773,20.628735075644364,20.97504222750773,3606000
2021-07-19,20.535133361816406,20.535133361816406,20.179464609700116,20.263701851768875,6995200
2021-07-20,20.741044998168945,20.815922346041813,20.32921869225978,20.516412954550344,3657700
2021-07-21,21.396224975585938,21.405584868029084,20.90016138740094,20.928241064730372,4703700
2021-07-22,21.40558624267578,21.63021832008608,21.283909418317872,21.57405896182071,4726800
2021-07-23,21.115432739257812,21.311986902509194,20.965678036407656,21.311986902509194,2851700
2021-07-26,20.946958541870117,21.15287260004881,20.79720383694938,20.984398110708753,4143300
2021-07-27,20.797203063964844,20.806562955826617,20.497693665255444,20.74104549801104,4056800
2021-07-28,21.368144989013672,21.44302234225825,20.85336340860932,20.918880869546207,5833500
2021-07-29,21.311986923217773,21.53661897771128,21.283907246949756,21.38686427471561,3946100
2021-07-30,21.255828857421875,21.461742925418772,21.09671603792171,21.11543403801662,3227000
2021-08-02,21.27454948425293,21.517901347282468,21.237111697365265,21.517901347282468,2730400
2021-08-03,21.68637466430664,21.779971804228314,21.508540276977158,21.54597984703261,3482900
2021-08-04,21.63957405090332,21.85484619386324,21.574054812195907,21.723809501665134,2656600
2021-08-05,21.48046112060547,21.66765360421626,21.4711012286424,21.63957571354391,2580500
2021-08-06,21.452381134033203,21.639575400149816,21.386863676457438,21.602135832839764,2702600
2021-08-09,21.789329528808594,21.854846984670004,21.508538136980967,21.583415484424975,3436900
2021-08-10,21.76125144958496,21.995243400655767,21.7518915573161,21.929725939990647,3786500
2021-08-11,21.630216598510742,21.854848658042304,21.414942646061526,21.845488765743042,2685900
2021-08-12,21.358781814575195,21.43365915631363,21.199667240228948,21.40558126892212,3659100
2021-08-13,21.152873992919922,21.461743315309437,21.134154207267947,21.443023529657463,3042100
2021-08-16,20.984399795532227,21.115434726554355,20.937602115943477,21.059277154004448,2845600
2021-08-17,20.759763717651367,20.872078841096922,20.5164119032304,20.759763717651367,4057600
2021-08-18,20.89080047607422,21.134152312076424,20.89080047607422,21.021835393453536,3240300
2021-08-19,20.89080047607422,21.0967145293467,20.844002801357853,20.90952026004751,4593600
2021-08-20,21.22774887084961,21.24646865431506,20.9188795845369,20.9188795845369,3962100
2021-08-23,21.499177932739258,21.536617498525175,21.283905785120492,21.349423240029093,2556400
2021-08-24,21.630216598510742,21.714453843987194,21.555339245333556,21.555339245333556,2352800
2021-08-25,21.705095291137695,21.75189297030504,21.564700468418636,21.686375505383946,3410400
2021-08-26,21.452381134033203,21.714452749553097,21.41494156672315,21.59277594101225,2737500
2021-08-27,21.63957405090332,21.6957316131501,21.368142560479907,21.396222234211653,2300700
2021-08-30,21.854846954345703,21.920364410116207,21.714452151235083,21.770609715435974,2027900
2021-08-31,21.83612823486328,21.976523044812655,21.751890991850285,21.93908526192736,2324200
2021-09-01,22.004602432250977,22.163717024164296,21.94844486605123,21.985882648445447,2978300
2021-09-02,22.266672134399414,22.407066930429817,22.201152896716316,22.201152896716316,3096500
2021-09-03,22.08884048461914,22.21987540563196,22.079480592372953,22.144998052879362,2160300
2021-09-07,21.9110050201416,22.04203993468231,21.86420734643901,21.920364911925482,2247200
2021-09-08,21.48982048034668,21.901646824649518,21.461742588037207,21.761252007451287,4617200
2021-09-09,21.461742401123047,21.62085700195314,21.414942938986584,21.47110229355034,3039500
2021-09-10,21.124794006347656,21.564700036668178,21.11543411365818,21.555340143978697,3954700
2021-09-13,21.54598045349121,21.574058346606158,21.19031166882117,21.396225739488145,4370200
2021-09-14,21.414945602416992,21.639579478176408,21.368147919677124,21.574060223036568,4677900
2021-09-15,21.115432739257812,21.237109551084114,21.012477496808877,21.237109551084114,4401200
2021-09-16,20.97503662109375,21.021834293361152,20.79720225308745,20.890799382839017,3238800
2021-09-17,21.07799530029297,21.08735519252603,20.7972038889518,20.928240594997774,5948200
2021-09-20,20.516416549682617,20.69425095149925,20.273064680148572,20.581934017400034,4780200
2021-09-21,20.759763717651367,20.872078841096922,20.63808691783253,20.72232415302505,3177100
2021-09-22,21.049915313720703,21.190310124716103,20.806563474894137,20.872080934344197,4872800
2021-09-23,21.23710823059082,21.349423358136406,21.180948881601264,21.349423358136406,3965900
2021-09-24,20.825284957885742,21.059276923704683,20.79720527930934,21.03119724512828,4585000
2021-09-27,20.99376106262207,21.059278532421523,20.684891715555242,20.778488866076103,2395400
2021-09-28,20.535133361816406,20.797203194726468,20.48833390221329,20.75976541226082,4345100
2021-09-29,20.319860458374023,20.591291982317795,20.282422673991707,20.581932089917984,3855000
2021-09-30,20.263704299926758,20.394741017429823,20.14202926069219,20.263704299926758,3133100
2021-10-01,20.376018524169922,20.478973763622985,20.151386476431206,20.357298740554157,2905100
2021-10-04,19.842517852783203,20.151387151929708,19.74892071678371,20.151387151929708,5615200
2021-10-05,19.879955291748047,20.001632102005107,19.77699826541005,19.85187561586945,4059100
2021-10-06,19.9267520904541,19.94547008665664,19.486846153187024,19.589803165775766,3967900
2021-10-07,20.13266944885254,20.27306427475631,20.029712410088475,20.029712410088475,5268400
2021-10-08,19.97355079650879,20.11394559401342,19.908033343354408,20.076507814446646,3688400
2021-10-11,20.048429489135742,20.291781320943883,19.851875331237434,19.879955006713427,2765200
2021-10-12,20.806560516357422,20.825280297886163,20.32921679867426,20.347936580203005,7538300
2021-10-13,21.48046112060547,21.517898903240884,21.124792366876314,21.13415225883938,9102700
2021-10-14,21.396224975585938,21.592777361241144,21.283908051485145,21.592777361241144,5966100
2021-10-15,21.461742401123047,21.648934894018076,21.368145262067063,21.489820293187982,5739400
2021-10-18,21.54598045349121,21.59277813216079,21.265189025822703,21.32134838248661,3037100
2021-10-19,22.07012176513672,22.201156692472722,21.667655305213852,21.751892554277568,4279700
2021-10-20,22.201156616210938,22.341553220979527,22.051401903993632,22.285393864985295,3592200
2021-10-21,22.22923469543457,22.425787071626953,22.08883988598046,22.08883988598046,2276200
2021-10-22,22.0513973236084,22.332188689604273,21.901642642497244,22.332188689604273,3073400
2021-10-25,22.378990173339844,22.39770995797439,22.042041190785753,22.126278436424275,3105900
2021-10-26,22.22923469543457,22.547463882312876,22.116917776741168,22.500666207567125,3900400
2021-10-27,22.89377212524414,23.221361220789245,22.80017677098864,22.82825466317851,7563300
2021-10-28,23.689346313476562,23.73614577815348,23.06224776854216,23.099687340283698,6749000
2021-10-29,23.65190887451172,23.708066447732207,23.492794262706116,23.492794262706116,5870100
2021-11-01,24.138612747192383,24.147970855104145,23.792303842293745,23.88590098836503,8791800
2021-11-02,23.67997932434082,24.00756833804221,23.502146767510887,24.00756833804221,6339000
2021-11-03,23.13712501525879,23.17456458681982,22.659781189157833,22.875055155199696,6682300
2021-11-04,23.01544761657715,23.09968485872912,22.856333024203074,23.043527292366754,3931400
2021-11-05,22.725299835205078,22.931212117665183,22.51938576752799,22.83761497646805,5524600
2021-11-08,23.13712501525879,23.258801837615106,23.0154499781195,23.06224765735376,4733900
2021-11-09,23.01544761657715,23.305597125535687,22.800175457840712,23.258799451103194,5447000
2021-11-10,22.68785858154297,22.98736798298113,22.51938409692979,22.809535391637752,5654500
2021-11-11,23.286880493164062,23.427277105895566,22.725301183106392,22.78145875706874,6858300
2021-11-12,23.47407341003418,23.548950765998523,23.26816112743648,23.427275732012834,4196000
2021-11-15,23.193283081054688,23.50215238836531,23.071606265474088,23.474072711258188,4020100
2021-11-16,23.13712501525879,23.221362266054076,22.949932513104727,23.20264426549059,4222300
2021-11-17,22.996726989746094,23.305596271242415,22.94992931702902,23.06224444563671,3874800
2021-11-18,22.678497314453125,23.090323609067354,22.54746240557363,23.034166046007105,4116300
2021-11-19,23.10904312133789,23.240078028683637,22.594259812791396,22.594259812791396,4814700
2021-11-22,22.575542449951172,23.36175370133876,22.55682266688517,23.09032398774882,6894200
2021-11-23,22.3134708404541,22.706577358717112,22.051399233206507,22.52874299004136,7256800
2021-11-24,22.378990173339844,22.39770995797439,21.929726053412338,22.14499822105882,3801800
2021-11-26,22.08884048461914,22.360270218890967,21.873568318607536,22.144998052879362,4048500
2021-11-29,22.33218765258789,22.39770509937958,21.957799181978476,22.31346787201411,4670900
2021-11-30,21.985885620117188,22.435149780872614,21.630218605823416,22.33219452646017,6029400
2021-12-01,21.302627563476562,22.25731515784407,21.237110102430798,22.182437804475065,7362200
2021-12-02,21.20903205871582,21.471103708297285,21.012479660442516,21.190312272627775,8486000
2021-12-03,20.54449462890625,21.405585105856336,20.35730034839742,21.3307077506962,8335400
2021-12-06,20.787843704223633,20.86272284103455,20.235624351978167,20.666168677339655,5966800
2021-12-07,21.461742401123047,21.499180185615277,21.218390553664264,21.24647023094614,5870500
2021-12-08,21.52725601196289,21.630213025028553,21.36814143959624,21.564695574974632,3836300
2021-12-09,20.90951919555664,21.564697319532225,20.872079629516087,21.443020515117187,6108300
2021-12-10,20.76912498474121,21.087354164280473,20.656808068638075,21.0311948136205,5192300
2021-12-13,20.659990310668945,20.94223170388766,20.53768696304576,20.71643966597405,5839900
2021-12-14,20.039066314697266,20.302491316050666,19.85090713753285,20.302491316050666,6292700
2021-12-15,20.377750396728516,20.396566848205875,19.709782519202506,20.03906144787838,6030100
2021-12-16,19.926164627075195,20.688212902507313,19.83208417215428,20.556501342279283,8231600
2021-12-17,19.963796615600586,20.086101750739306,19.47458145835222,19.728596365110516,10833700
2021-12-20,19.22997283935547,19.474581313376454,19.098259479845407,19.220564614073645,9908600
2021-12-21,19.86972427368164,19.879130707591212,19.48399408925437,19.49340231760002,6454300
2021-12-22,19.982616424560547,19.982616424560547,19.690968567380786,19.747416134542977,4489100
2021-12-23,19.982616424560547,20.057880445588737,19.850904836370166,19.954391743761548,3748700
2021-12-27,19.954391479492188,20.067288406757207,19.81327166623775,19.973207933108988,5830800
2021-12-28,19.756824493408203,19.95439187701309,19.700376925869065,19.879127855482302,7437800
2021-12-29,19.690967559814453,19.82267914126529,19.521623072557254,19.73800689763669,5264100
2021-12-30,19.965839385986328,20.1070419556528,19.721092334952353,19.749331412513442,6198800
2021-12-31,19.928184509277344,20.144692459122247,19.90935726264777,19.965837207071427,2679500
2022-01-03,20.088211059570312,20.201170940235162,19.862289502775685,20.11645192746899,4360300
2022-01-04,19.777570724487305,20.107040368595133,19.53282189730621,20.107040368595133,5200200
2022-01-05,18.855058670043945,19.617544288091402,18.855058670043945,19.617544288091402,7501900
2022-01-06,18.591480255126953,18.826815448229826,18.35614506202408,18.72326738871575,7642400
2022-01-07,18.50676155090332,18.779751267834303,18.41262710384211,18.535002423661254,4522100
2022-01-10,18.422039031982422,18.440866278754292,17.99843675240579,18.299665518895416,7753000
2022-01-11,18.582067489624023,18.6385474358454,18.309079586666435,18.450280349952436,5708100
2022-01-12,18.62913703918457,18.82681776388201,18.506761718258794,18.74209694030732,4641500
2022-01-13,18.422039031982422,18.986843866883003,18.412625408596487,18.9115366752606,4936700
2022-01-14,18.309080123901367,18.516174463099837,18.07374491303099,18.31849195232683,4867500
2022-01-18,17.80075454711914,18.130224189224574,17.79134092357726,17.96078255640092,7208600
2022-01-19,17.753686904907227,18.04550203114899,17.744273282065237,17.894887656607114,6128000
2022-01-20,17.86664581298828,18.487930522932434,17.84781856833182,18.139635474112314,7748600
2022-01-21,17.22653579711914,17.697206193712177,17.179469475645867,17.659553495626575,12680400
2022-01-24,17.292430877685547,17.311256328687563,16.40757004384918,16.595837122124653,13824100
2022-01-25,16.774694442749023,16.991202417443724,16.558186468054323,16.80293531593474,8924500
2022-01-26,16.831172943115234,17.45245953140058,16.699385803870065,17.358325091026128,9259800
2022-01-27,16.567596435546875,17.038266778627953,16.52994194627725,16.962959595553574,6999100
2022-01-28,16.71821403503418,16.71821403503418,16.200475480234324,16.473465193841285,7275600
2022-01-31,17.65013885498047,17.66896610067071,16.746452607428655,16.755864434808803,5990300
2022-02-01,17.621896743774414,17.697203925759844,17.32066801583269,17.697203925759844,5726200
2022-02-02,17.546592712402344,17.810168794410703,17.480699140766546,17.800755170539134,5861900
2022-02-03,17.104164123535156,17.433633795677235,17.000616050599433,17.301844849541244,6870200
2022-02-04,17.264188766479492,17.414803136454882,16.91589191374583,16.953546403972137,5079300
2022-02-07,17.160640716552734,17.386562271551767,17.085333531553054,17.17005433911081,4423000
2022-02-08,17.19829750061035,17.22653657658605,16.868827848994357,16.95354866785176,4729400
2022-02-09,17.819581985473633,18.036089942865534,17.650140350831233,18.036089942865534,6566500
2022-02-10,17.367738723754883,17.904302700067145,17.30184335863249,17.386564175467598,5315500
2022-02-11,16.915891647338867,17.527764535625582,16.831170841128856,17.48069642358397,4361900
2022-02-14,16.784107208251953,17.075922367710255,16.61466556873901,16.821761703906017,4844400
2022-02-15,17.631311416625977,17.659552284852737,17.245361861518358,17.264189107002863,5325300
2022-02-16,17.64072608947754,17.687794205990656,17.30184283244334,17.490111707565685,3181700
2022-02-17,17.395977020263672,17.66896670572546,17.33008345355635,17.537177776845787,6010400
2022-02-18,17.075923919677734,17.414807229503467,16.981791262917554,17.33950002681612,4887800
2022-02-22,16.652318954467773,16.93472047118968,16.520530023927837,16.81234695940087,6579800
2022-02-23,16.539358139038086,17.000614931487398,16.492291815601174,16.94413498427007,4631700
2022-02-24,17.80075454711914,17.89488898707285,16.191062626224603,16.200474454301382,14243500
2022-02-25,18.299665451049805,18.309079074400838,17.781926939533328,17.989023062325945,6604100
2022-02-28,19.495168685913086,19.702264827792195,19.024498247773625,19.071566368866712,13446400
2022-03-01,19.306901931762695,19.47634357978483,18.939779558024906,19.391622755773763,9053900
2022-03-02,18.996261596679688,19.222183220384252,18.742099096712504,19.203355969542503,5728100
2022-03-03,18.422039031982422,18.789161366708516,18.29025189550948,18.779749538787655,7243100
2022-03-04,18.28083610534668,18.516171275706206,18.064328179527482,18.32790242123264,6166800
2022-03-07,18.732681274414062,18.99625734075043,18.676201330008077,18.845642958691094,11986100
2022-03-08,20.02231788635254,20.34237388024126,19.222177901630733,19.363378652942824,17680400
2022-03-09,20.07880210876465,20.238830139828416,19.570478936569078,19.975254031174753,12866900
2022-03-10,19.796398162841797,19.928185303571432,19.41986039710261,19.909358056191447,5592600
2022-03-11,19.495168685913086,20.22000159155951,19.4857568571597,20.050559946554866,6244600
2022-03-14,18.789161682128906,19.485755460661476,18.629135468276814,19.47634183711751,6922200
2022-03-15,19.09039306640625,19.09039306640625,18.48793370205675,18.78916248649891,5615100
2022-03-16,19.598712921142578,19.626953788271344,18.930361891612407,19.363377748130848,6889700
2022-03-17,19.84346580505371,19.909359379799245,19.438688936799426,19.48575705837856,5004800
2022-03-18,19.909358978271484,20.03173429644394,19.53282299055858,19.598716563975184,5825900
2022-03-21,19.768159866333008,19.956428773722326,19.532824629829044,19.84346707019566,4495500
2022-03-22,20.04114532470703,20.13527796284366,19.73050115518222,19.77756926971552,4865200
2022-03-23,19.73050308227539,20.078799981980275,19.589302315814283,19.74933032992758,4959900
2022-03-24,20.04114532470703,20.04114532470703,19.626954894138937,19.91877002238544,3049200
2022-03-25,19.805810928344727,20.03173250071996,19.504580369712688,20.03173250071996,3817600
2022-03-28,19.890531539916992,19.96583873673983,19.589302752625645,19.777571642415335,3066800
2022-03-29,20.18234634399414,20.20117179459117,19.78698315401645,19.94701115461373,4000900
2022-03-30,20.135276794433594,20.49298726226949,20.088210478096446,20.36119834468869,4184400
2022-03-31,20.257652282714844,20.474160212672913,20.201170548014126,20.201170548014126,4641000
2022-04-01,20.370615005493164,20.568297513617885,20.21058699242654,20.40826950055126,5641400
2022-04-04,20.784805297851562,20.850698868180263,20.398855704099063,20.4082693277839,4416000
2022-04-05,20.72832489013672,21.377848750756318,20.662431321273726,21.246061613030328,7155600
2022-04-06,20.48357582092285,20.634190203796432,20.21999975316155,20.52122851890871,6389400
2022-04-07,20.238828659057617,20.54005744949939,20.012907066226287,20.323549480802516,5525900
2022-04-08,19.98466682434082,20.314136497580762,19.975253199909364,20.314136497580762,3457800
2022-04-11,19.777570724487305,19.99407868087112,19.6551954131642,19.881118788612223,7478800
2022-04-12,19.551651000976562,19.918773378874725,19.542237376483623,19.88112067636826,6745900
2022-04-13,19.796398162841797,19.80581178653179,19.401034945187757,19.570476580677365,4185600
2022-04-14,19.561063766479492,19.91877250417656,19.551650142399936,19.834051682925768,5552700
2022-04-18,19.41986083984375,19.617543350910175,19.33514181563262,19.4763425832714,3723300
2022-04-19,19.824636459350586,19.862290952630758,19.391620559418964,19.50458044832936,6233600
2022-04-20,19.476341247558594,20.003491581807786,19.466927624299586,19.956425260977788,5048400
2022-04-21,18.52558708190918,19.626955880847838,18.46910713709478,19.626955880847838,10410500
2022-04-22,18.21494483947754,18.676201616031463,18.1772903456535,18.647960745663436,10319900
2022-04-25,18.21494483947754,18.243183914380477,17.81958163165059,17.960782392560553,5946700
2022-04-26,17.716032028198242,18.09256795636291,17.70661840556101,18.02667439336721,5441500
2022-04-27,17.932540893554688,18.33731771064791,17.885474573389672,17.998436255436744,5646900
2022-04-28,18.007848739624023,18.12081042578943,17.574832832831,18.036089610031645,4508900
2022-04-29,17.734861373901367,18.290252607021372,17.70662050264496,18.00784928085273,6648200
2022-05-02,17.763103485107422,17.772515314051404,17.31125849078968,17.584248212262175,6699300
2022-05-03,18.045499801635742,18.205527779248225,17.753684711447598,17.79133740269861,4947000
2022-05-04,18.798574447631836,18.845642563203285,17.951368117460976,18.054916176253148,5179800
2022-05-05,18.064329147338867,18.582065831682055,17.810166718822046,18.582065831682055,4703900
2022-05-06,17.48069953918457,17.91371726982008,17.3489123929093,17.885476397561717,6473700
2022-05-09,16.43581199645996,17.0759241247214,16.369918417750466,16.981791466830895,7947300
2022-05-10,16.42639923095703,16.91589512867512,16.059275063336894,16.7652807300749,7314300
2022-05-11,15.94631290435791,16.680557544709515,15.918072035319385,16.52994316743406,7387400
2022-05-12,15.833352088928223,16.172235354049764,15.390922555936845,15.635671381250726,12815600
2022-05-13,16.605253219604492,16.718214919773537,16.059275558962277,16.12516913595034,5753300
2022-05-16,16.473461151123047,16.737037175908334,16.426394837448605,16.548768330281018,3891000
2022-05-17,17.17005729675293,17.198298169291807,16.7370413572815,16.85000125650656,5625300
2022-05-18,17.094749450683594,17.574833492852168,17.038269503212337,17.094749450683594,5577900
2022-05-19,17.753686904907227,17.9325403525101,17.25477566707165,17.26418928991364,9788800
2022-05-20,17.847820281982422,17.979609211766416,17.395977139633132,17.923129267839016,5753600
2022-05-23,18.064329147338867,18.13022271129546,17.72544590931644,18.101981842971938,3441800
2022-05-24,17.80075454711914,17.96078255640092,17.621899290753603,17.913716234156613,6214200
2022-05-25,18.05491828918457,18.158466360094764,17.69720775083948,17.734862247703273,3307300
2022-05-26,18.50676155090332,18.591482373711884,18.007850238304577,18.073745608073093,4469200
2022-05-27,18.958602905273438,18.97743015195449,18.506759757718584,18.525587004399636,4400800
2022-05-31,18.713855743408203,19.109218981425673,18.638548545474645,19.0056727064328,7555900
2022-06-01,18.497346878051758,18.902123720642834,18.374973360635106,18.826816526356016,4484200
2022-06-02,19.25041961669922,19.363379504530805,18.610307600770096,18.610307600770096,5255200
2022-06-03,19.09980583190918,19.35396648519322,18.958603274516257,18.958603274516257,3112900
2022-06-06,19.476341247558594,19.824636330816702,19.382206810433548,19.730501893691656,7126500
2022-06-07,19.645782470703125,19.68343516749869,19.2692447299574,19.2692447299574,2314100
2022-06-08,19.401033401489258,19.777569341803158,19.288071721662593,19.626954965677598,3379100
2022-06-09,18.87027931213379,19.353646807965454,18.84184529199842,19.15461228250774,3424700
2022-06-10,18.529075622558594,18.80393235422695,18.453253387571575,18.595421659948826,6444400
2022-06-13,17.467565536499023,17.988843211989977,17.325399062069202,17.87511075554404,7929000
2022-06-14,17.268529891967773,17.54338662452601,17.097931218503163,17.448608378549217,5123800
2022-06-15,17.685556411743164,17.875112939303797,17.183232879129005,17.29696715721439,5775600
2022-06-16,17.031587600708008,17.3917446250412,16.908377128853985,17.259054338723473,8076600
2022-06-17,17.64764404296875,17.76137649946664,17.11688655349592,17.11688655349592,5479000
2022-06-21,18.083620071411133,18.330042785057863,17.969885815980078,18.007797837038652,6061300
2022-06-22,17.969886779785156,18.216309506648635,17.713987854893446,17.713987854893446,3479800
2022-06-23,18.31109046936035,18.349002498068852,17.82772294979711,17.931979221000464,3407400
2022-06-24,18.396390914916992,18.604901651717547,18.112057927666687,18.595425452188245,4195700
2022-06-27,18.652286529541016,18.81340899315422,18.348997611620764,18.396385827141597,3718800
2022-06-28,18.149965286254883,18.813411228854754,18.112055070882047,18.803933223075358,3709600
2022-06-29,17.75189781188965,17.979364523896727,17.571821128057838,17.979364523896727,5771600
2022-06-30,18.055187225341797,18.197355505777303,17.43913130518546,17.448609311064146,6724300
2022-07-01,18.31109046936035,18.330046483714604,18.026757485026693,18.08362372034442,2959800
2022-07-05,18.04570960998535,18.04570960998535,17.4106977279424,17.950931366386698,5404400
2022-07-06,17.969886779785156,18.17839929130143,17.74242006446766,17.922498558664962,4216800
2022-07-07,18.709156036376953,18.7944562854949,18.15944432414178,18.15944432414178,5196400
2022-07-08,18.946102142333984,19.02192439062154,18.44377861758833,18.510124666616807,3118100
2022-07-11,18.43429946899414,18.92714310013984,18.35847723283752,18.879754880446214,4616400
2022-07-12,18.102575302124023,18.519598477080624,17.988841051592374,18.48168645765521,4310500
2022-07-13,18.206830978393555,18.405865478425138,17.704509341053505,17.837197802578093,3003400
2022-07-14,18.131010055541992,18.17840008647993,17.676076605006823,17.950933361212346,2767500
2022-07-15,17.827720642089844,17.846676653990336,17.135842477425008,17.799288431983896,9022000
2022-07-18,18.187877655029297,18.51960063263356,18.112055415097878,18.14048762523166,4611800
2022-07-19,18.519601821899414,18.53855602729085,18.22578904152081,18.36795552455357,2541400
2022-07-20,18.623857498168945,18.803936019266125,18.491169013015778,18.548035248403558,3123000
2022-07-21,18.58594512939453,18.633333352117397,18.3110883759164,18.633333352117397,2924600
2022-07-22,18.481687545776367,18.927142953783914,18.36795328854854,18.718632257901707,2819800
2022-07-25,18.71863555908203,18.72811356616793,18.320568300199348,18.54803504702588,2733100
2022-07-26,18.424823760986328,18.65229049782012,18.396389740977757,18.58594625887838,2764400
2022-07-27,19.29677963256836,19.325211843569548,18.633333657119582,18.851322377604667,5195900
2022-07-28,20.652101516723633,20.908000426235205,20.225600321296596,20.42463300733278,9883300
2022-07-29,21.125991821289062,21.163902035956415,20.528890122511903,20.528890122511903,6616800
2022-08-01,20.860614776611328,21.078603499895987,20.69949228380422,20.95539303257049,6668800
2022-08-02,21.125991821289062,21.372412735988668,20.604712359591332,20.671056591067746,4573900
2022-08-03,20.68053436279297,20.955391098937984,20.26351115969988,20.908001071458823,4675100
2022-08-04,21.07860565185547,21.13547188813861,20.604716131424155,20.803750670032738,4227600
2022-08-05,21.239727020263672,21.533538000981018,20.955394046375268,21.21129299977685,5194200
2022-08-08,21.334505081176758,21.912650838117642,21.28711504747549,21.685182291841436,6381600
2022-08-09,21.41032600402832,21.486148245519,21.03121479657492,21.06912501344784,5009400
2022-08-10,22.377059936523438,22.405492145968378,21.761002218293356,22.04533696695603,5937200
2022-08-11,22.064294815063477,22.604528532423814,22.007426775950353,22.595050525904963,4735400
2022-08-12,22.320194244384766,22.358106271282775,21.865260768078297,21.960039027578382,4044700
2022-08-15,22.29176139831543,22.500272117092766,22.083248871793206,22.37706164866636,4334500
2022-08-16,22.007429122924805,22.234895880400696,21.941084877962474,22.234895880400696,4196300
2022-08-17,21.92212677001953,22.083249267150887,21.647271808880703,21.761004272888176,3677200
2022-08-18,21.96951675415039,22.23489370807264,21.91265052227347,22.016904979423675,2281700
2022-08-19,21.362937927246094,21.656748889065728,21.258681666578383,21.656748889065728,3757500
2022-08-22,21.03121566772461,21.135470124252176,20.8606151653678,20.93643740999917,3834300
2022-08-23,21.06912612915039,21.325026885636817,20.98382587698825,21.031215910269953,2884000
2022-08-24,21.486146926879883,21.628313394981824,21.002779489137517,21.002779489137517,4363700
2022-08-25,21.931604385375977,21.96003840474303,21.55249316587302,21.893694167298126,4566100
2022-08-26,21.42928123474121,22.140115400694203,21.39136921150623,22.045337150351518,4569800
2022-08-29,21.192338943481445,21.514583946960663,21.125994702955428,21.16390492279388,4336000
2022-08-30,20.983823776245117,21.55249146448034,20.775313073914926,21.35345876785762,4641600
2022-08-31,21.021738052368164,21.24920479049517,20.88904957373031,21.059648271516863,4304400
2022-09-01,20.652101516723633,20.813222181946458,20.282466544771985,20.642623511520295,4441500
2022-09-02,20.32038116455078,20.80374864527564,20.24455892097109,20.775314626028926,4310700
2022-09-06,20.53837013244629,20.661580601820155,20.15925891005182,20.49098190755132,6265900
2022-09-07,21.53353500366211,21.590403036720122,20.576278140122064,20.5952341511414,6445100
2022-09-08,21.675703048706055,21.713613262598006,21.287112057909216,21.35345809577334,6285400
2022-09-09,21.73257064819336,21.855781110817222,21.48614791520083,21.808392888518384,3914500
2022-09-12,21.88421630859375,21.893694315113425,21.524059291825676,21.827350077220597,3782600
2022-09-13,21.30607032775879,21.647271327686543,21.11651562271161,21.173381853451275,7213100
2022-09-14,21.637794494628906,21.647272501556962,21.07860474008842,21.30607148312684,5575100
2022-09-15,21.03121566772461,21.44823710932469,20.9174813969051,21.343982652797123,4462600
2022-09-16,20.955392837524414,20.9933030549083,20.576279817216435,20.75635832108824,4445700
2022-09-19,20.898523330688477,20.945913358767935,20.604712387574743,20.652102415654202,3527500
2022-09-20,20.272991180419922,20.77531467516395,20.235080962412855,20.67105841209097,4709400
2022-09-21,20.168737411499023,20.775315382214952,20.159259404738467,20.40568215727805,3923600
2022-09-22,19.533721923828125,20.168733801154136,19.42946567586957,20.149777791026285,6376900
2022-09-23,18.974533081054688,19.21147779443126,18.737588367678114,19.097743536602838,7807800
2022-09-26,18.51012420654297,19.10722417099825,18.472212179469008,18.851323411483865,4287500
2022-09-27,18.63333511352539,19.02192436136965,18.49116862417298,18.784979609867296,4603300
2022-09-28,18.92714500427246,18.993491049360752,18.41534531066271,18.566989798231887,5382600
2022-09-29,18.102575302124023,18.63333091986769,17.903540815629782,18.58594270333051,4762500
2022-09-30,18.09309959411621,18.472210797774093,18.017277353384635,18.131009810609594,3013100
2022-10-03,18.652286529541016,18.74706476832723,18.159441134048333,18.235263363528393,4061700
2022-10-04,19.239912033081055,19.40103452748693,19.06931333995562,19.13565757746188,3843500
2022-10-05,18.472209930419922,18.879755133120348,18.16892098173441,18.813410901563486,9476600
2022-10-06,17.979366302490234,18.642812300616924,17.94145608394452,18.33952332127155,7288400
2022-10-07,17.467565536499023,17.87511075554404,17.37278728429754,17.789810509337183,4451600
2022-10-10,17.391742706298828,17.50547515888657,17.164275993378606,17.4580869382658,6317700
2022-10-11,17.211668014526367,17.42017876214187,16.93681302029435,17.23062403005827,10951800
2022-10-12,16.77568817138672,17.211665621534305,16.756732158490333,17.20218761508611,15834900
2022-10-13,16.965240478515625,17.050540716744457,16.254406365105098,16.320750593117605,9501900
2022-10-14,16.62404441833496,17.36331087651396,16.595610397733857,17.22114438899838,11836000
2022-10-17,16.927331924438477,17.211664874564967,16.832553671814708,17.022108369317433,16840600
2022-10-18,17.363311767578125,17.505478262389516,17.088456785308775,17.353833760224692,14145300
2022-10-19,16.85150909423828,17.060019796518734,16.728296827815257,17.060019796518734,20090600
2022-10-20,16.70934295654297,16.98419973396366,16.54822045440721,16.851511252585382,5539500
2022-10-21,17.003154754638672,17.06949899145261,16.472397244637435,16.69986578192075,7282400
2022-10-24,16.870466232299805,16.95576649073884,16.586133242666406,16.917856269068746,7724200
2022-10-25,17.372787475585938,17.458087722732017,16.870463998808454,16.946286239855546,12053500
2022-10-26,17.827720642089844,18.121533403313094,17.666598156425245,17.67607616237549,11229400
2022-10-27,17.913022994995117,18.14048974132342,17.789812518638332,17.81824473208874,8736700
2022-10-28,17.88458824157715,17.903542445270546,17.581297481801066,17.78980999213117,7175700
2022-10-31,17.903545379638672,17.96041342327371,17.571824163826186,17.628690399716177,8252600
2022-11-01,17.931978225708008,18.349001479630033,17.931978225708008,18.301611446374732,7257400
2022-11-02,17.657119750976562,18.32056569052476,17.63816554724971,18.007798732222266,8558000
2022-11-03,18.02675437927246,18.131008824769225,17.562342954074975,17.562342954074975,11115100
2022-11-04,18.159442901611328,18.48168786020369,17.865631959745844,18.377431606616536,10870500
2022-11-07,17.969886779785156,18.311087756633782,17.837198314452806,18.30160975086079,9693100
2022-11-08,18.405866622924805,18.500644876083527,18.18787790608112,18.23526612878807,14351900
2022-11-09,18.320566177368164,18.766021612319747,18.29213215940516,18.3679543995617,19913000
2022-11-10,19.58111000061035,19.713798455061998,18.8797539006244,19.088264587297648,19247100
2022-11-11,19.382080078125,19.704325062877068,19.29677982876446,19.46738032748554,19474000
2022-11-14,19.21147918701172,19.382079682248303,18.984012462611215,19.29677943463001,18872000
2022-11-15,19.562156677246094,19.846491442935516,19.382079980828806,19.78014720659811,18558000
2022-11-16,19.3536434173584,19.54319990289551,19.31573139715313,19.467377670229588,21539000
2022-11-17,19.448423385620117,19.457901391512337,18.889233692192583,18.974533937477783,23526600
2022-11-18,19.41998863220215,19.533722890855103,19.211477933707233,19.514766879788823,25135400
2022-11-21,19.27782440185547,19.32521262727578,19.09774589131743,19.27782440185547,20181400
2022-11-22,19.524246215820312,19.543202228178366,19.230435255249834,19.401033943237803,9451200
2022-11-23,19.732755661010742,19.770667683291606,19.46737873602356,19.46737873602356,9674000
2022-11-25,19.71380043029785,19.903356933716882,19.6379781904792,19.742234448134145,5564700
2022-11-28,19.3536434173584,19.675888358124713,19.306255199846433,19.581110115356157,8387500
2022-11-29,19.249387741088867,19.524244472504225,19.23990973575613,19.467378248252476,8818700
2022-11-30,20.055002212524414,20.073958225170653,19.391556231864993,19.524246512643796,12485100
2022-12-01,19.865447998046875,20.20664903414339,19.827537776116746,20.20664903414339,11229500
2022-12-02,20.159259796142578,20.235082043954204,19.637980260660793,19.637980260660793,7219600
2022-12-05,19.90335464477539,20.14029934292748,19.846488423387374,20.064477111828595,6714000
2022-12-06,19.48633575439453,19.93179304182139,19.353647272732903,19.90335902100319,6966700
2022-12-07,19.410512924194336,19.63797966067963,19.325212672044238,19.486335169689436,6605800
2022-12-08,19.562156677246094,19.704324963963234,19.41051219197635,19.495812440908686,3970700
2022-12-09,19.505290985107422,19.742235725843784,19.47685696543089,19.55267921015673,3205600
2022-12-12,19.68537139892578,19.68537139892578,19.410514605359833,19.543204902277395,3078200
2022-12-13,19.918926239013672,20.270214112506046,19.804996309312717,20.270214112506046,6409700
2022-12-14,20.14678955078125,20.346169660328012,19.956905715514132,20.00437622160998,8625900
2022-12-15,19.72904396057129,20.279710159503544,19.662582717022527,19.937916721930517,6230300
2022-12-16,19.37775421142578,19.615110340238818,19.168881469988385,19.482191487586256,4620900
2022-12-19,19.168882369995117,19.539157368845668,19.111915592569158,19.491686865207672,3961700
2022-12-20,19.140398025512695,19.396743078478096,19.00747917325666,19.140398025512695,3466500
2022-12-21,19.415733337402344,19.415733337402344,18.950513700773666,19.197364308270057,2984100
2022-12-22,19.083431243896484,19.358763384610203,18.86506406145399,19.358763384610203,3408300
2022-12-23,18.97899627685547,19.121409595225234,18.808099570458314,19.121409595225234,1882200
2022-12-27,18.7606258392334,19.07393581007924,18.732142456108036,19.02646531575359,3071700
2022-12-28,18.570741653442383,18.84607561195794,18.51377669373977,18.84607561195794,5882700
2022-12-29,18.865066528320312,19.00747984806255,18.77012371153095,18.798605288949233,3030500
2022-12-30,18.8460750579834,18.88405109304104,18.6751783730156,18.770121176984752,2739800
2023-01-03,18.6372013092041,19.03595965390215,18.551754774017716,18.97899469348341,3441700
2023-01-04,18.789113998413086,18.827090041350186,18.618217277986798,18.798606650984556,2714500
2023-01-05,18.399845123291016,18.665684622351588,18.352374624940364,18.665684622351588,3295300
2023-01-06,18.87455940246582,18.92203171686133,18.399847123812535,18.599227222506403,5196900
2023-01-09,19.035961151123047,19.282811746864184,18.96000726096297,18.978996186223885,5298400
2023-01-10,19.320791244506836,19.330285707946707,18.912538371011042,19.083435091161256,3104400
2023-01-11,19.880950927734375,19.880950927734375,19.41573310749807,19.46320361146526,5278500
2023-01-12,20.175270080566406,20.213247928765657,19.767017266841822,19.95690288607113,4204200
2023-01-13,20.14678955078125,20.28920469083625,19.994881758214063,20.00437622160998,5228700
2023-01-17,20.279705047607422,20.441107262345245,20.1752677878114,20.241727203724043,5186800
2023-01-18,20.042356491088867,20.517068852803835,20.013873097467748,20.38414816012256,3462000
2023-01-19,19.368257522583008,19.909429144327603,19.301798103896246,19.81448815242271,6281200
2023-01-20,19.55814552307129,19.577134448130817,19.30180046741838,19.377754356772922,6229500
2023-01-23,19.9094295501709,20.032855739576586,19.434717337436304,19.55814352684199,3398300
2023-01-24,19.757522583007812,19.90943035233266,19.59612035173973,19.852465391556706,2800400
2023-01-25,19.59612274169922,19.643595057205154,19.22584773517129,19.453709416948758,2716700
2023-01-26,19.586624145507812,19.78600420679302,19.368256972910487,19.776509745695318,1278900
2023-01-27,19.491687774658203,19.605617713058635,19.244837160278976,19.368261562026728,2128700
2023-01-30,19.140398025512695,19.50118035432701,19.130903563082473,19.263824226222056,3057900
2023-01-31,19.691062927246094,19.700557389076963,19.263823010157616,19.273315661105052,2431900
2023-02-01,19.890443801879883,20.051846037712814,19.406237094381094,19.605615368177563,3272400
2023-02-02,19.767017364501953,20.118305218546688,19.605615130624663,20.070832908063085,6915000
2023-02-03,19.254329681396484,19.520167384770957,19.187868444669327,19.33977803201929,6367600
2023-02-06,19.197359085083008,19.273312958194666,19.04545133885969,19.16887751446812,2947300
2023-02-07,19.1878662109375,19.254327439927653,18.893545154657268,19.149890176683595,2608400
2023-02-08,19.035961151123047,19.4632029150757,18.978996186223885,19.38724902491563,4849100
2023-02-09,18.71315574645996,19.26382368668877,18.60872028441958,19.26382368668877,3851000
2023-02-10,18.684675216674805,18.817594072647882,18.523272972614528,18.64669736589187,2360200
2023-02-13,18.865066528320312,18.988490922527955,18.60872146625412,18.713156934927166,2154400
2023-02-14,18.732145309448242,18.81759366095681,18.42832975336603,18.65619142042769,3689300
2023-02-15,19.130903244018555,19.140397706290432,18.55175553250227,18.55175553250227,2342200
2023-02-16,18.61821746826172,18.969503565275847,18.61821746826172,18.874560740637193,5351700
2023-02-17,18.627710342407227,18.665686382492133,18.45681363481614,18.599226954180843,3861500
2023-02-21,18.333391189575195,18.618219697596352,18.333391189575195,18.561252909461736,2980700
2023-02-22,18.257431030273438,18.3903516795152,18.152995576227557,18.29540887602347,5739500
2023-02-23,18.314401626586914,18.513779925794353,18.08653812623022,18.50428546237251,2556400
2023-02-24,17.97260856628418,18.067551391622807,17.85867681370107,18.029573537133846,2682200
2023-02-27,18.27642059326172,18.36186893830868,18.08653497962771,18.19097224821476,1969200
2023-02-28,18.228954315185547,18.361873188969202,18.134011486389863,18.219459851217593,2347200
2023-03-01,18.494789123535156,18.618215324619634,18.323892421038835,18.37136473333423,4328700
2023-03-02,18.399845123291016,18.41883404698465,18.13400743511388,18.28591520289608,2134600
2023-03-03,18.779617309570312,18.846076734997585,18.45681283388053,18.49478887231746,1997600
2023-03-06,18.94101905822754,19.08343236773411,18.789111286636068,18.79860393783749,2589800
2023-03-07,18.74163818359375,19.04545371392778,18.694167686060332,18.912534872127495,2156100
2023-03-08,18.7606258392334,18.77961476131697,18.561245779122434,18.732142456108036,2700500
2023-03-09,18.475799560546875,18.931524688426244,18.46630690929918,18.789111378225467,2716200
2023-03-10,18.200468063354492,18.6277098203586,18.067549210457017,18.55175593143382,4313100
2023-03-13,18.29541015625,18.532766276146702,17.925133377810372,17.991594612523574,4022700
2023-03-14,18.494789123535156,18.770123102197797,18.323892421038835,18.713156327443322,2282800
2023-03-15,18.058053970336914,18.17198389337608,17.725755041519644,18.10552446978932,3457500
2023-03-16,18.00108528137207,18.020074203484686,17.687775310047027,17.88715537046294,4624300
2023-03-17,17.393457412719727,17.839688108811696,17.251044092834814,17.763732406597224,5058900
2023-03-20,17.64980125427246,17.754238526710214,17.40295067179998,17.59283629243527,2712500
2023-03-21,18.048559188842773,18.11501861125332,17.925132995037377,18.001086879347064,5239600
2023-03-22,17.763731002807617,18.219456125662443,17.763731002807617,18.010581582846303,2475900
2023-03-23,17.89665412902832,18.361871967200113,17.763733453205152,18.02957299396777,3706800
2023-03-24,17.820697784423828,17.820697784423828,17.583341666285683,17.811203322392284,4222500
2023-03-27,17.839685440063477,18.00108585047352,17.70676479195618,18.00108585047352,2723000
2023-03-28,17.839685440063477,17.93462643186154,17.78271867192463,17.93462643186154,1297800
2023-03-29,18.19097137451172,18.20046583582575,17.81120197636725,18.03906361525393,2356100
2023-03-30,18.494789123535156,18.741639714820558,18.428329697205154,18.54226143583055,3745100
2023-03-31,18.779617309570312,18.8555711973277,18.551755646298147,18.561248297744736,1938200
2023-04-03,18.570741653442383,18.865064535486617,18.4663061958015,18.865064535486617,2985800
2023-04-04,18.475799560546875,18.561247908844038,18.36186963673965,18.51377740907161,1656200
2023-04-05,18.209962844848633,18.49478948058551,18.077043989622567,18.466307903541974,2796200
2023-04-06,18.24793815612793,18.266927080654693,18.09603038168085,18.266927080654693,2556500
2023-04-10,18.428327560424805,18.447316483141183,18.086534195063393,18.143500963212524,2589500
2023-04-11,18.485292434692383,18.55175366390129,18.333384675410112,18.428327477682366,1927500
2023-04-12,18.437822341918945,18.703661831913962,18.428327880395905,18.62770795061301,2569200
2023-04-13,18.789113998413086,18.87456054774249,18.523274454318443,18.523274454318443,1720300
2023-04-14,18.599225997924805,18.77012269672945,18.44731822362812,18.694168809581107,2416100
2023-04-17,18.903043746948242,18.950514252860494,18.59922816298888,18.65619313226033,3396900
2023-04-18,18.8935489654541,18.978997323364336,18.760630102430937,18.95051393376636,3275400
2023-04-19,18.779617309570312,18.817593348007243,18.684674497152695,18.684674497152695,1784000
2023-04-20,18.7606258392334,18.789109222358757,18.51377528479678,18.532764206880355,1900000
2023-04-21,18.79860496520996,18.90304224296806,18.618215608388713,18.751134463074596,2443900
2023-04-24,18.79860496520996,18.79860496520996,18.504283868026825,18.694169498335445,1722100
2023-04-25,18.428327560424805,18.627707627180076,18.428327560424805,18.50428144040697,1840800
2023-04-26,17.66878890991211,18.086534347902475,17.592835029288103,18.06754723590899,6077800
2023-04-27,17.982101440429688,18.058055331810106,17.81120473210284,17.81120473210284,2523100
2023-04-28,17.763731002807617,17.773225464834123,17.45991546149338,17.687777117479058,4064400
2023-05-01,17.583343505859375,17.858675690045537,17.564354579809663,17.83019411185463,2120400
2023-05-02,17.260540008544922,17.573850063018547,17.21306769066482,17.573850063018547,3107900
2023-05-03,17.24155044555664,17.44093055153278,17.184585477085044,17.308009877254122,3944600
2023-05-04,17.355480194091797,17.60233077687731,17.326996807695338,17.507387966439268,2204800
2023-05-05,17.687776565551758,17.706765489012238,17.393455495447984,17.554857723095232,2018300
2023-05-08,17.640308380126953,17.735251198991318,17.573848950186992,17.69727334709211,2063800
2023-05-09,17.535871505737305,17.564354895323525,17.421941569159802,17.54536596893271,2030100
2023-05-10,17.640308380126953,17.70676781006691,17.516883983221835,17.70676781006691,2097800
2023-05-11,17.56435203552246,17.64030591783533,17.469409229910525,17.64030591783533,2000200
2023-05-12,18.10552215576172,18.37136162701586,17.849177145361285,17.849177145361285,5785300
2023-05-15,18.266925811767578,18.409339114058728,18.13400697108029,18.257431350163717,3191000
2023-05-16,17.887157440185547,18.27642133411949,17.887157440185547,18.209961909918597,2568500
2023-05-17,17.991594314575195,18.03906481341501,17.79221423550437,17.91564042990142,2869500
2023-05-18,17.78272247314453,17.887159759506833,17.64980360750795,17.887159759506833,2509900
2023-05-19,17.687776565551758,17.934627137887748,17.640306067783975,17.90614556358044,1869200
2023-05-22,17.877662658691406,17.925133157734535,17.77322538773637,17.84917927273545,3535100
2023-05-23,17.706768035888672,17.953618643730746,17.659297531292903,17.754240351368114,2503700
2023-05-24,17.630813598632812,17.697273027372113,17.497894741154216,17.573848632696787,2195000
2023-05-25,17.61182403564453,17.659296347942853,17.47890518297634,17.61182403564453,2136300
2023-05-26,17.56435203552246,17.62131699453626,17.44092765584532,17.573846497171992,2359300
2023-05-30,17.602333068847656,17.82070029366994,17.469412392573624,17.592838605479244,2596400
2023-05-31,17.412446975708008,17.554860300806386,17.222561334987716,17.554860300806386,2878800
2023-06-01,17.725753784179688,17.792213203052285,17.355478844241883,17.49789214338078,3202000
2023-06-02,17.820697784423828,17.944122169066937,17.668790013686095,17.877662745729612,3634700
2023-06-05,17.754236221313477,17.858671669306748,17.668787884211458,17.735247299538972,3783000
2023-06-06,17.763731002807617,17.934627697517744,17.583341656954456,17.782719926860626,2860600
2023-06-07,17.711162567138672,17.911881821656888,17.663370966255883,17.90232350148033,3937400
2023-06-08,17.758953094482422,17.835417836058944,17.66337171174596,17.778069735642365,1465400
2023-06-09,17.6824893951416,17.892766991105344,17.653814431711538,17.873652171881986,2002600
2023-06-12,17.873647689819336,17.873647689819336,17.558230463437248,17.692043279762107,1936500
2023-06-13,17.892765045166016,18.08392780111637,17.80674198729467,17.969229782933528,2877800
2023-06-14,17.749393463134766,18.07436904660181,17.65381208745685,18.07436904660181,2679900
2023-06-15,18.03614044189453,18.06481358298729,17.74939626952316,17.825861017542845,2666500
2023-06-16,17.930999755859375,18.179510629192208,17.835418370260086,18.122160703994656,2680700
2023-06-20,17.5582332611084,17.86409221747857,17.481768522015855,17.86409221747857,3361300
2023-06-21,17.4626522064209,17.52000030604164,17.37662914545818,17.49132534469966,3056200
2023-06-22,17.281047821044922,17.424418982101255,17.175908118840773,17.395745843727923,3102000
2023-06-23,16.994304656982422,17.08988421090919,16.965629696966513,17.05165275395111,3519900
2023-06-26,17.032535552978516,17.23325662035293,16.994304097279578,17.051652192359523,2422800
2023-06-27,17.185466766357422,17.204583407678914,17.02297896125126,17.185466766357422,2359000
2023-06-28,17.23325538635254,17.33839324929345,17.108999062336544,17.204580429334325,2209800
2023-06-29,17.15679359436035,17.309723078510924,17.070770531642747,17.147235273718035,2673000
2023-06-30,17.58690643310547,17.60602307368163,17.309722437003856,17.37662885595724,3031000
2023-07-03,17.58690643310547,17.76851087245264,17.55823329530441,17.55823329530441,1036900
2023-07-05,17.309724807739258,17.520002413687056,17.2810498429477,17.520002413687056,2783300
2023-07-06,16.917842864990234,17.14723711586011,16.831819793031098,17.14723711586011,3438900
2023-07-07,17.118560791015625,17.252373637627578,16.946514660764084,17.003864586223468,2694500
2023-07-10,17.34795379638672,17.376628757087808,17.03253652092744,17.23325759970871,2113600
2023-07-11,17.414857864379883,17.443532821210557,17.252370088465266,17.367068092725027,2869500
2023-07-12,17.806743621826172,17.835418584769826,17.6346993133542,17.730278877039744,6515000
2023-07-13,18.055252075195312,18.09348535398941,17.93099756524064,18.007462299765763,1941800
2023-07-14,17.79718589782715,18.093486535578936,17.758952616536238,17.988346835092123,2366200
2023-07-17,18.198627471923828,18.284648714543643,17.711164040740513,17.816301925303986,2821800
2023-07-18,18.083927154541016,18.37066945515117,18.04569387549268,18.265531583894425,2776700
2023-07-19,18.14127540588379,18.29420487726461,18.074368990037566,18.198625324948924,2283700
2023-07-20,17.902324676513672,18.055254163249913,17.82585993314555,18.055254163249913,2925200
2023-07-21,17.911880493164062,18.017020184245006,17.816299121550752,18.00746186477737,3025700
2023-07-24,17.892765045166016,17.98834642314119,17.80674198729467,17.950114965789012,1882500
2023-07-25,17.902324676513672,18.00746438229357,17.87365153716518,17.9501162805333,1424900
2023-07-26,17.816303253173828,17.89276800358414,17.586909001942892,17.615583966995555,1857000
2023-07-27,17.3957462310791,17.787628264121956,17.31928148860887,17.787628264121956,2885400
2023-07-28,17.37662696838379,17.51043979175485,17.147232775577834,17.491323153255273,3832600
2023-07-31,17.472211837768555,17.663372791867804,17.405303589617297,17.491326657034133,1994400
2023-08-01,17.22369956970215,17.424418828802455,17.21414124930739,17.347954088707596,1507600
2023-08-02,16.516399383544922,16.898723063544388,16.468607784130544,16.898723063544388,4603700
2023-08-03,16.46860694885254,16.688442825819397,16.449490310056373,16.631094732493917,2397800
2023-08-04,16.34435272216797,16.659769975443883,16.325236083045052,16.592863561576728,1997500
2023-08-07,16.258333206176758,16.439937671226392,16.172310134472372,16.439937671226392,2508700
2023-08-08,16.239215850830078,16.24877417205183,16.067169714965274,16.153192782897676,2776600
2023-08-09,16.401702880859375,16.49728426544117,16.287006677811842,16.353913100100115,2692700
2023-08-10,16.191425323486328,16.50684261705137,16.162750361139224,16.382586269943857,2515500
2023-08-11,16.114961624145508,16.13407644388514,16.019380233193772,16.13407644388514,2292100
2023-08-14,16.10540199279785,16.124518634046012,15.809101345704379,16.06716871030153,2980900
2023-08-15,15.627496719360352,15.990703783561406,15.627496719360352,15.971587142534185,3528900
2023-08-16,15.455451011657715,15.665728599419358,15.436334370116672,15.57970553554794,2586500
2023-08-17,15.264287948608398,15.503239568281897,15.25472962859262,15.503239568281897,2597700
2023-08-18,15.254729270935059,15.312078278153578,15.092241480602727,15.13047384823789,3419100
2023-08-21,15.226057052612305,15.283405155190065,15.130475666273828,15.254731103901186,2479200
2023-08-22,15.178264617919922,15.31207836113394,15.092241562391735,15.302520041290464,2210600
2023-08-23,15.426774978637695,15.45544993895905,15.235613134153207,15.292962143264342,1788300
2023-08-24,15.159149169921875,15.465009048236483,15.159149169921875,15.455450727641608,2141300
2023-08-25,15.331195831298828,15.3694272896806,15.19738116930463,15.235613539218,1523100
2023-08-28,15.378987312316895,15.465010382026632,15.32163920686487,15.407662276574607,1308400
2023-08-29,15.809101104736328,15.809101104736328,15.388544119003353,15.398102439481741,2461400
2023-08-30,15.465009689331055,15.598822537079949,15.436334726357726,15.598822537079949,2328200
2023-08-31,15.369427680969238,15.512798843911549,15.350311039760063,15.417217460928926,2022600
2023-09-01,15.359869956970215,15.598822512176506,15.312080175154284,15.503241125481326,1858100
2023-09-05,15.120917320251465,15.273846808914026,15.120917320251465,15.226057027355717,2140800
2023-09-06,14.862849235534668,15.11136011371316,14.824616862855798,15.101801792660526,2727900
2023-09-07,14.757708549499512,14.776825190338533,14.58566333960634,14.719476179353073,3515400
2023-09-08,14.767266273498535,14.815056962134316,14.709918176360855,14.767266273498535,1966800
2023-09-11,14.843731880187988,14.920196621871598,14.786383779691093,14.834174471126254,2122600
2023-09-12,14.939312934875488,14.95842866411065,14.71947612371571,14.729034444099092,1954300
2023-09-13,14.805499076843262,14.987103516685467,14.77682502743245,14.910638777235569,1778200
2023-09-14,15.168706893920898,15.168706893920898,14.939312677855895,14.939312677855895,2327500
2023-09-15,14.958429336547852,15.159149515963987,14.929755285640303,15.073127363241337,1604800
2023-09-18,14.748150825500488,14.929754351933004,14.738592505285201,14.929754351933004,1632200
2023-09-19,14.805499076843262,14.93931282664638,14.767266707118313,14.767266707118313,1560400
2023-09-20,14.834173202514648,15.044450768395924,14.824614882738715,14.939311985455287,1964700
2023-09-21,14.547431945800781,14.671687384998927,14.53787362473977,14.652570742876906,2034000
2023-09-22,14.423175811767578,14.623895986720807,14.423175811767578,14.614337666120266,1922400
2023-09-25,14.318035125732422,14.423174822060513,14.222454660880546,14.241570389238298,2244800
2023-09-26,14.031293869018555,14.184223353444104,14.021735548359052,14.136432661678214,3060700
2023-09-27,13.945271492004395,14.184224051054418,13.907039119017659,14.098200983951342,2788600
2023-09-28,13.973944664001465,14.050409405160387,13.801898540628082,14.002618714053156,3229500
2023-09-29,13.973944664001465,14.270246219641,13.907038243370312,14.13643246684708,1921600
2023-10-02,13.438692092895508,13.86880650954506,13.410017129995655,13.821015816243628,3769700
2023-10-03,13.065924644470215,13.228412440667292,12.999018226576682,13.218854120530622,5485600
2023-10-04,13.142389297485352,13.199738306402816,12.874762716110853,13.123272657335672,5034300
2023-10-05,13.008577346801758,13.180623485772694,12.922555188847989,13.142391111727118,5074200
2023-10-06,13.209295272827148,13.257085960070206,12.760065182724425,12.80785495843594,5884000
2023-10-09,13.209295272827148,13.237970232091909,13.065924122629522,13.094598170362739,1910700
2023-10-10,13.715877532958984,13.754109906723071,13.30487883134627,13.323994562462468,6692000
2023-10-11,13.849689483642578,13.983503238870393,13.715876639946396,13.897480175619057,4299100
2023-10-12,13.505597114562988,13.907037438170244,13.438690697805633,13.86880506980439,4233800
2023-10-13,13.381342887878418,13.591621388488225,13.362226246217688,13.543830695868044,3163300
2023-10-16,13.582061767578125,13.620294135708324,13.295318550835848,13.390899926927126,2699200
2023-10-17,13.668085098266602,13.79234052506821,13.381341875765315,13.419574244663382,2653800
2023-10-18,13.323993682861328,13.534272180447843,13.31443627370002,13.524713859754902,2739100
2023-10-19,13.104157447814941,13.343109989962164,13.075483397986126,13.333551669508688,3642900
2023-10-20,12.712276458740234,12.893880004472493,12.57846269610005,12.626253390723807,6614000
2023-10-23,12.654926300048828,12.798298370972507,12.463764450348858,12.58801988053674,4051000
2023-10-24,12.893878936767578,13.008576047447848,12.760066096739733,12.769623505647715,2403500
2023-10-25,12.626253128051758,12.740950245843647,12.501997689227627,12.731391924811406,2257200
2023-10-26,12.721833229064941,12.865204383926292,12.664484220201459,12.674042540267301,2829200
2023-10-27,12.320392608642578,12.654925599207894,12.301275968965477,12.626251551223792,4788600
2023-10-30,12.291718482971191,12.540229346442656,12.157905642280104,12.444648876167824,6265400
2023-10-31,12.435091018676758,12.444649339519609,12.291718940628916,12.30127726147177,4608300
2023-11-01,12.301277160644531,12.415974275223704,12.167463404536345,12.38730022446182,2943900
2023-11-02,12.731391906738281,12.750508548775624,12.44464956843144,12.454206977918448,3786300
2023-11-03,13.065924644470215,13.218854120530622,12.989459906440011,13.075482964606884,2526200
2023-11-06,12.884321212768555,13.132832086512336,12.846088840771946,13.123273765630271,3122200
2023-11-07,12.807855606079102,12.865204615976994,12.68360108910825,12.807855606079102,2857400
2023-11-08,12.616694450378418,12.836531270247407,12.559346348869386,12.817414628723304,2607400
2023-11-09,12.492438316345215,12.788739862674733,12.473322587421922,12.693158483463511,2142800
2023-11-10,12.435091018676758,12.444649339519609,12.28216153131771,12.349067954154382,3002300
2023-11-13,12.435091018676758,12.501997441513428,12.291718940628916,12.291718940628916,1760100
2023-11-14,13.371785163879395,13.371785163879395,12.664485798432647,12.855647665913972,6302200
2023-11-15,13.438692092895508,13.677644647870999,13.323994064359413,13.400459720560695,5864700
2023-11-16,13.285761833190918,13.44824964522328,13.25708778151805,13.295320154259096,4600800
2023-11-17,13.371785163879395,13.4673665533859,13.218855669894333,13.4673665533859,2771600
2023-11-20,13.620294570922852,13.668085260495564,13.323993024797298,13.467365093515438,2850700
2023-11-21,13.352669715881348,13.572505640260951,13.314437341574822,13.496040891647898,2922400
2023-11-22,13.304878234863281,13.448249402168084,13.266645862813222,13.400459620754251,2762100
2023-11-24,13.266646385192871,13.323994489760237,13.228414011637398,13.266646385192871,2192800
2023-11-27,13.161505699157715,13.26664448348119,13.142389059354416,13.199738067232756,2791500
2023-11-28,13.333551406860352,13.37178377638953,13.065924820156102,13.123272918684075,3638000
2023-11-29,13.476923942565918,13.639411746570152,13.43869157171384,13.467365621969993,4566900
2023-11-30,13.582061767578125,13.639410775539202,13.390899926927126,13.505597031317725,2900000
2023-12-01,13.945271492004395,13.945271492004395,13.410017358658408,13.496040425761484,3039200
2023-12-04,13.897480010986328,14.031293764628954,13.840130998987595,13.878364281341165,4470500
2023-12-05,13.754108428955078,13.89747958728341,13.71587605929875,13.811456527673773,3233800
2023-12-06,13.582061767578125,13.859246664404962,13.572503447662685,13.821014296274763,4509700
2023-12-07,13.620294570922852,13.668085260495564,13.534271511998284,13.620294570922852,2659400
2023-12-08,13.467365264892578,13.71587612460781,13.39090052521583,13.60117810356109,2718900
2023-12-11,13.505597114562988,13.543829482928842,13.390900009465422,13.410015737882569,3400700
2023-12-12,13.276203155517578,13.429132631874008,13.094598718695632,13.410015991563665,4558800
2023-12-13,13.849689483642578,13.849689483642578,13.104157788017057,13.142390159291914,6208600
2023-12-14,14.518757820129395,14.70992060625014,14.155550714176105,14.174666445869148,7358600
2023-12-15,14.623896598815918,14.719477074227049,14.451850466931555,14.56654758434391,7381200
2023-12-18,14.423175811767578,14.614337666120266,14.327594428825423,14.442291541437035,4347300
2023-12-19,14.815056800842285,14.824615120771693,14.48052289556548,14.595220911655257,4400200
2023-12-20,14.345854759216309,14.78904438878873,14.345854759216309,14.740871423195943,10795700
2023-12-21,14.808314323425293,14.856487293246115,14.625258140693742,14.644526777328284,8553700
2023-12-22,14.827583312988281,14.923928330129941,14.740872154384727,14.837217171526389,2675800
2023-12-26,15.0299072265625,15.068445412525056,14.808311968160675,14.808311968160675,3208900
2023-12-27,15.06844711303711,15.126253939093175,15.020274145441766,15.087715748781488,2918700
2023-12-28,15.155158042907715,15.23223534586728,15.039543466702828,15.049178244425645,3091700
2023-12-29,15.001004219055176,15.203329942882368,14.99137036083324,15.203329942882368,3292500
2024-01-02,14.827583312988281,15.087715869976002,14.740872154384727,14.77941034500598,4067800
2024-01-03,14.490372657775879,14.577083811603206,14.278412161622734,14.54818039993506,4564700
2024-01-04,14.307316780090332,14.46146953718707,14.288047226041785,14.442199983138522,3894400
2024-01-05,14.259143829345703,14.519276377524474,14.162797896643694,14.220605640029481,3789800
2024-01-08,14.355488777160645,14.403661743289955,14.172432608456745,14.268778540715369,3119300
2024-01-09,14.307316780090332,14.394027016840065,14.162797881194958,14.210970847493416,2416900
2024-01-10,14.307316780090332,14.3843931586387,14.14352924596932,14.345854969364515,7504700
2024-01-11,14.1146240234375,14.249508136789517,13.941202642068166,14.230239502780858,6935900
2024-01-12,14.008645057678223,14.336220124367093,13.979741645565353,14.210970780114119,2612800
2024-01-16,13.517282485961914,13.85449233033579,13.507648627786045,13.835222776338238,10521800
2024-01-17,13.208977699279785,13.266785445629838,13.122266539166185,13.228246335514498,4477400
2024-01-18,13.266783714294434,13.372763496812224,13.189706422945415,13.363128720540741,3770200
2024-01-19,13.257149696350098,13.286053107995022,12.997016235077115,13.266784473172702,4478000
2024-01-22,13.392034530639648,13.700340994821595,13.218613120786744,13.26678609195483,3623300
2024-01-23,13.55582046508789,13.690704584512005,13.411302487637185,13.623262984211394,3054100
2024-01-24,13.430570602416992,13.835222026196393,13.430570602416992,13.796683839113728,2201300
2024-01-25,13.488380432128906,13.54618818112015,13.276419910925013,13.507649988066987,3117700
2024-01-26,13.363130569458008,13.555821527434103,13.353495791853462,13.46911036663912,2225600
2024-01-29,13.55582046508789,13.55582046508789,13.199341991062974,13.353494745363166,3184300
2024-01-30,13.353494644165039,13.478743985790478,13.305322597928466,13.401667609224498,2419900
2024-01-31,13.305323600769043,13.7774166725237,13.295688823266389,13.401668619326733,5255400
2024-02-01,13.729243278503418,13.835223071280526,13.498014138540864,13.623263485726312,4473800
2024-02-02,13.469110488891602,13.507649599659585,13.305323862242533,13.469110488891602,3799300
2024-02-05,13.170437812805176,13.247514185469353,13.016285067476824,13.237879409180621,4759700
2024-02-06,13.401667594909668,13.401667594909668,13.11263072368453,13.160803688692534,2818900
2024-02-07,13.73887825012207,13.912299648136555,13.594359346483238,13.777416440661172,5565200
2024-02-08,13.6618013381958,13.719608162346818,13.565455406180233,13.69070475027131,3019400
2024-02-09,13.864127159118652,13.90266534843479,13.632897104398912,13.661801435503198,5095200
2024-02-12,14.10499095916748,14.230240303148282,13.835222717290568,13.883395683255937,6203300
2024-02-13,13.60399341583252,13.825588689017094,13.517282261926509,13.65216638120507,5693400
2024-02-14,13.979742050170898,13.989376827428341,13.73887813167239,13.806319734828634,3820100
2024-02-15,14.191701889038086,14.28804782567842,14.027915266866234,14.085722093792077,4258600
2024-02-16,13.979742050170898,14.133894810998274,13.921934305449167,13.999010685862855,5313000
2024-02-20,13.7870512008667,13.91229963084591,13.719608678389887,13.835223249863501,4391700
2024-02-21,13.63289737701416,13.681070344328369,13.526917583981243,13.565455774068024,3308500
2024-02-22,13.324591636657715,13.613628516955128,13.324591636657715,13.603993739886535,3380900
2024-02-23,13.180073738098145,13.314956942607798,13.151169406712146,13.295688307173384,4172100
2024-02-26,13.189706802368164,13.295687506757494,13.074092240253057,13.131899980722043,4601700
2024-02-27,13.324591636657715,13.363129826109175,13.228245703617604,13.31495685958912,3315200
2024-02-28,13.180073738098145,13.372764686556877,13.160804183840813,13.266784894610305,3052400
2024-02-29,13.401667594909668,13.584724678175505,13.28605303018419,13.430571006385316,3053100
2024-03-01,13.613628387451172,13.671435211667001,13.363129698988168,13.449840854134816,2745000
2024-03-04,13.401667594909668,13.603993312884976,13.334225995192194,13.603993312884976,3810500
2024-03-05,13.363130569458008,13.48837992184821,13.295688963872115,13.314957600258243,2206300
2024-03-06,13.56545639038086,13.652167551721355,13.430572259537534,13.58472594571118,2503900
2024-03-07,13.748512268066406,13.787050456476859,13.623262926026715,13.652166337628833,2398400
2024-03-08,13.815954208374023,14.008645155172374,13.796684654282732,13.835222843642402,3690200
2024-03-11,13.796684265136719,14.008644760047853,13.758146076864048,13.83522245340939,2701700
2024-03-12,13.430570602416992,13.70997268847202,13.372763781204425,13.690704054342117,3744700
2024-03-13,13.19934368133545,13.401669426969464,13.18007504399188,13.372766011542609,3167800
2024-03-14,13.01628589630127,13.334226183491857,12.929574741826945,13.305322771608049,3319600
2024-03-15,12.929574012756348,13.054823348954177,12.862132415889379,13.016285162341218,3633200
2024-03-18,12.997016906738281,13.064459429158925,12.871767558040444,12.968113493599684,2841900
2024-03-19,12.929574012756348,12.968112199369306,12.871766273425484,12.910304460038445,1883100
2024-03-20,13.218611717224121,13.286053318404637,12.881401873675733,12.919940062753586,3665000
2024-03-21,13.237879753112793,13.401667278985228,13.170438154985154,13.247514529651845,2799200
2024-03-22,13.189706802368164,13.286052730208853,13.141534757270684,13.286052730208853,2507600
2024-03-25,13.074092864990234,13.276418588065395,13.074092864990234,13.18970743262991,3223500
2024-03-26,12.977746963500977,13.180072672734099,12.977746963500977,13.102996299580798,4266800
2024-03-27,13.478744506835938,13.488379283984855,13.016286229562887,13.025921006711807,6162700
2024-03-28,13.469110488891602,13.632898034363642,13.43057229694659,13.488380044275592,2876900
2024-04-01,13.45947551727295,13.584724860445107,13.392032997827698,13.498013706031852,3284300
2024-04-02,13.237879753112793,13.401667278985228,13.180072931524206,13.401667278985228,5033400
2024-04-03,13.324591636657715,13.324591636657715,13.054824310497487,13.17043887885187,3256200
2024-04-04,13.314955711364746,13.681068938993056,13.295687077712117,13.469108455877121,2692000
2024-04-05,13.170437812805176,13.266783738046817,13.093361440140999,13.199341222848533,3232000
2024-04-08,13.266783714294434,13.39203213053235,13.21861075175986,13.237879385479987,3910400
2024-04-09,13.681070327758789,13.681070327758789,13.420937774693801,13.440206410302391,4226000
2024-04-10,13.305323600769043,13.363130428139065,13.151169917195421,13.23788107707341,4699200
2024-04-11,13.37276554107666,13.52691830969401,13.189708439226326,13.459476703129663,3405000
2024-04-12,13.035555839538574,13.392034351291592,13.006652424754002,13.22824680280737,5430300
2024-04-15,12.7465181350708,13.083727988740339,12.72724949936499,13.045189798505785,5572200
2024-04-16,12.582731246948242,12.707979673418276,12.5345582804782,12.669441484006823,4998100
2024-04-17,12.68871021270752,12.794689996989167,12.573095651994038,12.630902472939352,3401000
2024-04-18,12.621270179748535,12.891037521517907,12.582731988067195,12.688711785485136,3552200
2024-04-19,12.544193267822266,12.659807837994732,12.524923713382057,12.573096680659651,5872400
2024-04-22,12.65017318725586,12.707980013508603,12.476750870851752,12.573096806370241,4284600
2024-04-23,12.775422096252441,12.871767109632417,12.61163456280129,12.61163456280129,3888000
2024-04-24,12.659807205200195,12.833228592379045,12.611634240330504,12.717614027985517,3456200
2024-04-25,12.60200023651123,12.621269791170121,12.390039729378136,12.524923855521548,3114200
2024-04-26,12.7465181350708,12.823595434362838,12.630903564367141,12.698346086394809,2377300
2024-04-29,12.939210891723633,12.987382943700608,12.862134505972882,12.862134505972882,2497900
2024-04-30,12.7465181350708,12.85249884733302,12.72724949936499,12.794691102569725,2345900
2024-05-01,12.765787124633789,13.045189221174745,12.698345524413766,12.698345524413766,2715200
2024-05-02,13.025920867919922,13.04518950318953,12.804325589970505,12.891036745741019,2173000
2024-05-03,13.343860626220703,13.478743824182498,13.208976509436033,13.208976509436033,3960400
2024-05-06,13.401667594909668,13.449840559917671,13.363129406667841,13.39203281814349,1476700
2024-05-07,13.449841499328613,13.536552658634827,13.401668530955945,13.401668530955945,1276600
2024-05-08,13.343860626220703,13.382398814041625,13.257149473917906,13.324591072898803,3323400
2024-05-09,13.440206527709961,13.440206527709961,13.25715035312609,13.266785130426014,1946600
2024-05-10,13.33422565460205,13.603992965404288,13.33422565460205,13.507647956672063,2049400
2024-05-13,13.37276554107666,13.469110562051014,13.305323934512314,13.305323934512314,1261000
2024-05-14,13.594358444213867,13.748512114961898,13.469109103568963,13.61362799761595,4421300
2024-05-15,13.767780303955078,13.90266441693558,13.66180052014223,13.85449145381234,3650500
2024-05-16,13.729243278503418,13.912299451268044,13.729243278503418,13.77741624570135,2362500
2024-05-17,13.642532348632812,13.777416475269963,13.613628935361616,13.777416475269963,1537900
2024-05-20,13.63289737701416,13.642532154241588,13.575090551295451,13.603993964154805,1474700
2024-05-21,13.748512268066406,13.758146126051853,13.54618654920581,13.54618654920581,2149900
2024-05-22,14.24950885772705,14.365123424096945,13.690704660861119,13.690704660861119,5753300
2024-05-23,14.03754711151123,14.259142366462646,13.989375068925233,14.259142366462646,4021100
2024-05-24,14.374757766723633,14.413295954349318,14.047182712493873,14.056817489106011,4817000
2024-05-28,14.528910636901855,14.67342861198286,14.451834261015602,14.538545413593356,3422300
2024-05-29,14.288047790527344,14.403662362917546,14.230240963743718,14.326585981324078,2529200
2024-05-30,14.490372657775879,14.490372657775879,14.297681715283424,14.451834469277388,1597100
2024-05-31,14.422930717468262,14.596352102210169,14.249508413903486,14.461468905057894,3376700
2024-06-03,14.528910636901855,14.692698165365861,14.50000722565023,14.62525656617111,3427800
2024-06-04,14.394027709960938,14.471105011043747,14.326586105189302,14.451835456067306,3413700
2024-06-05,14.509642601013184,14.577084202990594,14.355488924057381,14.374758478235451,1999600
2024-06-06,14.365123748779297,14.451834905222299,14.316950781997306,14.365123748779297,1720100
2024-06-07,13.999011039733887,14.259144519323012,13.999011039733887,14.172433359459971,3367000
2024-06-10,14.239873886108398,14.268778216422808,13.902664968512914,13.94120315677591,1898300
2024-06-11,14.284482955932617,14.313576256025753,14.080835404260277,14.168112530049878,2663300
2024-06-12,14.420248985290527,14.691779980336506,14.391156609885943,14.58510732063307,2687600
2024-06-13,14.226296424865723,14.449339482017773,14.158413916137675,14.400852504257637,2449200
2024-06-14,13.906277656555176,14.139018480764761,13.896579891005652,14.109926108946018,2341700
2024-06-17,13.692933082580566,13.886883792707499,13.586260423218237,13.867489184109774,3446800
2024-06-18,13.71232795715332,13.751118097314905,13.625049910582284,13.673537816991736,2014400
2024-06-20,13.528074264526367,13.634747844908127,13.450493983246854,13.634747844908127,2843200
2024-06-21,13.489283561706543,13.595957137642568,13.460191188646656,13.52807370072968,2814500
2024-06-24,13.625049591064453,13.702629869568305,13.48928364126778,13.498981407288229,1791900
2024-06-25,13.372913360595703,13.528073919193933,13.363215594475845,13.498981545664234,1773400
2024-06-26,13.295332908630371,13.314727515788332,13.21775263033879,13.305030674624286,2056300
2024-06-27,13.353519439697266,13.37291404810419,13.178963339885298,13.188661106503725,2792800
2024-06-28,12.917128562927246,13.295333119211378,12.878338423167069,13.246845213303688,5170200
2024-07-01,12.907430648803711,13.081985800801347,12.888035118120747,12.994707762387627,3762900
2024-07-02,12.8589448928833,13.014105464921657,12.781364606864122,12.8589448928833,2154900
2024-07-03,13.178963661193848,13.227451570638209,12.936525038801996,12.955919647681771,4990500
2024-07-05,13.198357582092285,13.314728003794821,13.12077730095726,13.14987060000532,2619900
2024-07-08,13.285635948181152,13.314728323096979,13.140173148772096,13.169265523687923,4240200
2024-07-09,13.285635948181152,13.353519389424648,13.19835789860375,13.256543573265326,3405700
2024-07-10,13.440796852111816,13.469890152589056,13.314728657866958,13.343821958344195,2504600
2024-07-11,13.80930233001709,13.838395627675435,13.683234147987163,13.770512191302485,4970500
2024-07-12,13.974161148071289,14.022649054397586,13.84809296155487,13.857790727786108,2413800
2024-07-15,13.431099891662598,13.595958226926552,13.372914216051226,13.55716715996568,5458300
2024-07-16,13.663839340209961,13.663839340209961,13.382610607455193,13.411702979856074,4398700
2024-07-17,13.382611274719238,13.576561975112003,13.343821134640685,13.469889321103455,2973200
2024-07-18,13.334123611450195,13.61535236335304,13.285635704260757,13.4504940338069,4533200
2024-07-19,13.25654411315918,13.42140245244619,13.25654411315918,13.382612309368655,2875800
2024-07-22,13.411703109741211,13.469888779936314,13.30503046001835,13.421400875578703,2659000
2024-07-23,13.314727783203125,13.421401361618896,13.285635409466954,13.305030941844326,1761600
2024-07-24,13.498982429504395,13.64444523150688,13.40200661161611,13.40200661161611,6424900
2024-07-25,13.508679389953613,13.683234556971763,13.450493717727639,13.479586091425684,2745500
2024-07-26,13.683235168457031,13.7511186098926,13.56686474363453,13.605654885242032,2195500
2024-07-29,13.566864013671875,13.722024571753488,13.508679266806208,13.683234432233085,2408900
2024-07-30,13.508679389953613,13.6153520433997,13.450493717727639,13.576561903525679,4371900
2024-07-31,13.722024917602539,13.848093105428735,13.595957654606245,13.595957654606245,4077800
2024-08-01,13.55716609954834,13.819000232074401,13.498981353318015,13.663839675687047,3210100
2024-08-02,13.518376350402832,13.69293244378879,13.42140146227833,13.440796069971274,2669200
2024-08-05,13.072288513183594,13.246844596390147,12.839547685461415,12.858943216853184,4834800
2024-08-06,13.140172958374023,13.266241147622472,13.03349937717846,13.091685050996942,2064600
2024-08-07,13.266241073608398,13.566864432975251,13.237147774446518,13.411703870098178,2486200
2024-08-08,13.489283561706543,13.52807370072968,13.295332866590858,13.295332866590858,2538400
2024-08-09,13.431099891662598,13.469890033793531,13.295333931789358,13.460192267053312,1230900
2024-08-12,13.402005195617676,13.450493099438795,13.36321505752675,13.382610588987134,2187000
2024-08-13,13.731722831726074,13.751118364598808,13.49898198623273,13.49898198623273,2549700
2024-08-14,13.634746551513672,13.770511568459176,13.615351020618705,13.770511568459176,2214800
2024-08-15,13.760814666748047,13.81900033825532,13.67353754673195,13.722024527353158,1876300
2024-08-16,13.74142074584961,13.770513120641473,13.644444930103504,13.712328371057746,902600
2024-08-19,13.935371398925781,13.983859306612382,13.780210834192594,13.780210834192594,1581900
2024-08-20,13.780210494995117,13.925673289644461,13.731722588502038,13.848093009187492,2309200
2024-08-21,13.838397026062012,13.86748940183032,13.770513582829357,13.770513582829357,2323800
2024-08-22,13.625049591064453,13.838395819364978,13.595957217832977,13.780210148072156,1238500
2024-08-23,14.012951850891113,14.022649617511789,13.70263071766892,13.731723092701019,3276800
2024-08-26,13.974161148071289,14.129321708451528,13.964463381840051,14.061439194492646,2111700
2024-08-27,13.915976524353027,13.9450688984761,13.819000710836251,13.886883225400055,1130500
2024-08-28,13.838397026062012,13.96446429600133,13.780211349695444,13.86748940183032,993100
2024-08-29,13.751118659973145,13.877186851864131,13.741420893328469,13.848093551930106,2230300
2024-08-30,13.857791900634766,13.877187434738774,13.76081607977466,13.819001757256718,1744500
2024-09-03,13.489283561706543,13.81900020581814,13.450493422683406,13.731722161808616,3151000
2024-09-04,13.663839340209961,13.712327244097992,13.537771160033017,13.537771160033017,2233000
2024-09-05,13.751118659973145,13.867489085219455,13.702630751579699,13.809303410181334,1735100
2024-09-06,13.469889640808105,13.751118394259985,13.460191874350821,13.712328253260758,1945900
2024-09-09,13.450494766235352,13.557167427996902,13.431100157201415,13.537772818962965,2508700
2024-09-10,13.46019172668457,13.46019172668457,13.32442577226175,13.431099352461787,1416900
2024-09-11,13.935371398925781,13.935371398925781,13.673538177146005,13.702630551826,4343300
2024-09-12,13.838397026062012,13.896581777598627,13.760815815963271,13.877187168696405,1550400
2024-09-13,14.012951850891113,14.051741992543887,13.94506933420624,13.94506933420624,1875400
2024-09-16,14.1099271774292,14.148717317734873,13.964463457660507,13.993556756512183,1816500
2024-09-17,14.21660041809082,14.265088326679125,14.090532225693202,14.10022999237685,2245000
2024-09-18,14.168112754821777,14.478434820262159,14.139020379097037,14.168112754821777,2909200
2024-09-19,14.090532302856445,14.400854364623036,14.061439927476119,14.400854364623036,2651800
2024-09-20,13.935371398925781,14.003253914789072,13.886883491239182,13.964463773605775,2316900
2024-09-23,14.042043685913086,14.051741452160817,13.886883125268946,13.98385893808648,1568100
2024-09-24,14.168112754821777,14.226298431101208,14.109928003372296,14.187508288524905,1799800
2024-09-25,14.012951850891113,14.139020042470111,13.99355724247969,14.09053213419666,3359400
2024-09-26,14.245691299438477,14.323272499942178,14.148716417261065,14.187506555097997,1612100
2024-09-27,14.323272705078125,14.439643120255562,14.30387717346696,14.30387717346696,1979700
2024-09-30,14.245691299438477,14.36206263777911,14.168111023764613,14.313574734275486,1305800
2024-10-01,14.06143856048584,14.235994645458113,13.964462752205723,14.197204507112035,1934000
2024-10-02,13.935371398925781,14.09053196365897,13.857791116559188,14.061439588978976,1371800
2024-10-03,13.780210494995117,13.877186307981276,13.751118121031228,13.848093009187492,1178500
2024-10-04,13.731722831726074,13.828698646429922,13.673538082767692,13.809303113557188,2341400
2024-10-07,13.722024917602539,13.828698497594651,13.634747795104312,13.731722683934532,1475000
2024-10-08,13.537772178649902,13.65414260183928,13.508679804060035,13.58626008618629,927200
2024-10-09,13.498982429504395,13.576562713883046,13.43109991188056,13.576562713883046,2570500
2024-10-10,13.169265747070312,13.431099900243861,13.140173371661009,13.431099900243861,2481700
2024-10-11,13.295332908630371,13.314727515788332,13.12077682005938,13.12077682005938,1577700
2024-10-14,13.237147331237793,13.295333002783465,13.178962584521997,13.266240629425566,1638600
2024-10-15,12.975314140319824,13.188660369859248,12.96561637424306,13.188660369859248,2698200
2024-10-16,13.140172958374023,13.149870724815422,13.014104769125574,13.052894910061257,3108300
2024-10-17,13.00440788269043,13.140173847567537,13.00440788269043,13.111081471104576,2186500
2024-10-18,13.033498764038086,13.091684435119314,13.004406390912406,13.062592061993634,3130800
2024-10-21,12.946222305297852,13.052894962088688,12.897734397727502,12.994709288038287,2016500
2024-10-22,12.917128562927246,12.955918702687422,12.868641581849436,12.878338423167069,1992800
2024-10-23,12.694085121154785,12.829850143950116,12.655294982523284,12.752269866687111,2906900
2024-10-24,12.723177909851074,12.761968049750655,12.664993162416646,12.73287567603344,2056500
2024-10-25,12.761969566345215,12.84924762269861,12.703784811996282,12.752271799010394,3412300
2024-10-28,12.888036727905273,12.965617010667703,12.829851053418489,12.858944353076842,2121800
2024-10-29,12.664993286132812,12.810456080969702,12.655295519855715,12.800758314692605,4420300
2024-10-30,12.713479995727539,12.761967901245255,12.529227064556071,12.577714970073787,4119000
2024-10-31,12.70378303527832,12.752270015511169,12.635899598258572,12.67468973734277,3167300
2024-11-01,12.75227165222168,12.878339851633214,12.70378466576569,12.713481508158898,3425100
2024-11-04,13.043196678161621,13.159567096815888,12.946221791698004,12.946221791698004,7489800
2024-11-05,13.09168529510498,13.101383061727203,12.849246678528962,12.868642211773409,3877300
2024-11-06,12.131628036499023,12.199510550067272,11.898887197267982,12.024954458229049,14064300
2024-11-07,12.286788940429688,12.315881314941661,12.180116283999176,12.267393407535097,5842700
2024-11-08,12.005560874938965,12.112233537479623,11.927980588576675,12.073443394298478,5469200
2024-11-11,11.957071304321289,12.015256973427963,11.918281166526786,11.986163676459707,4677500
2024-11-12,11.646750450134277,11.840701143239498,11.598262545650508,11.801911004618454,6518400
2024-11-13,11.60796070098877,11.675843214645758,11.559472794878113,11.617657542346992,3486800
2024-11-14,11.840702056884766,11.937677873335096,11.607961207199887,11.607961207199887,5777800
2024-11-15,11.72433090209961,11.927979364102452,11.714633136092361,11.831003553689719,5952200
2024-11-18,11.772819519042969,11.801911893993648,11.646751327816792,11.646751327816792,3102500
2024-11-19,11.695239067077637,11.753423816138818,11.675843534170635,11.695239067077637,2803900
2024-11-20,11.714632987976074,11.714632987976074,11.617657178789475,11.637052710558738,2948900
2024-11-21,11.656448364257812,11.75342324962894,11.646750598271739,11.666145205414018,2642200
2024-11-22,11.753424644470215,11.753424644470215,11.607961836735747,11.627356446179688,5269100
2024-11-25,11.966769218444824,12.034651729219942,11.869793410340503,11.879491176116904,8666000
2024-11-26,11.879491806030273,11.94737432040488,11.811609291655667,11.889189572320902,2966700
2024-11-27,11.97646713256836,12.063744251147495,11.957071600775313,11.957071600775313,2486300
2024-11-29,12.015257835388184,12.034652443261864,11.908584255178287,11.918282021530077,1644000
2024-12-02,12.054048538208008,12.083140913790448,11.937678111048301,11.97646825343487,2541100
2024-12-03,11.966769218444824,12.034651729219942,11.927979080169065,11.995861590944182,4824800
2024-12-04,11.772819519042969,11.898887710269145,11.7534239858559,11.860096643895007,4471500
2024-12-05,11.782515525817871,11.898886867033578,11.753423152928875,11.821305664613154,3891100
2024-12-06,11.734028816223145,11.879491608848522,11.714633283963826,11.821305936900442,3761600
2024-12-09,11.966769218444824,12.11223200577146,11.850398803617546,11.850398803617546,4993800
2024-12-10,11.811609268188477,11.860096249885492,11.753423595390204,11.840701642172665,2972800
2024-12-11,11.811609268188477,11.821306109629942,11.656448707166279,11.811609268188477,3342000
2024-12-12,11.617657661437988,11.763121381261088,11.617657661437988,11.734029007228427,4206200
2024-12-13,11.617657661437988,11.637053194013026,11.549775147085146,11.598263053692845,3311500
2024-12-16,11.452800750732422,11.578868018566665,11.44310298402827,11.530381034705773,3489100
2024-12-17,11.515469551086426,11.59380600241266,11.427340809883372,11.44692445579285,3862000
2024-12-18,11.15316390991211,11.574222127988746,11.133579328964991,11.48609338141515,5501300
2024-12-19,11.113994598388672,11.221706981564575,11.094410019350802,11.202122402526705,3845600
2024-12-20,11.280460357666016,11.349004520091041,11.055242356514373,11.055242356514373,5758600
2024-12-23,11.358796119689941,11.358796119689941,11.260875093168222,11.260875093168222,4111300
2024-12-24,11.397964477539062,11.427340412303312,11.26087522556568,11.270667515101808,1680200
2024-12-26,11.358796119689941,11.427340277948673,11.270667382589219,11.270667382589219,1760300
2024-12-27,11.290251731872559,11.339212248187573,11.221707569338044,11.309836311936236,2294500
2024-12-30,11.192331314086914,11.211914959748247,11.104202574000537,11.211914959748247,3150900
2024-12-31,11.143370628356934,11.251083012453583,11.113994693393145,11.211914787887153,2964600
2025-01-02,11.358796119689941,11.407755699106682,11.172746356067499,11.19233093490949,2228400
2025-01-03,11.407756805419922,11.446925033058283,11.368588577781562,11.417549095790564,2839000
2025-01-06,11.476300239562988,11.63297312739144,11.476300239562988,11.505676172569805,3358800
2025-01-07,11.574222564697266,11.701519544123936,11.535054335169386,11.554638916855453,2972800
2025-01-08,11.290251731872559,11.368588184438911,11.221707569338044,11.368588184438911,1928100
2025-01-10,10.986698150634766,11.221707507028922,10.90836169850338,11.221707507028922,3655000
2025-01-13,10.937737464904785,10.947529754730335,10.800648208879561,10.908361529272293,4535300
2025-01-14,11.006281852722168,11.09441059527923,10.976905916484538,11.006281852722168,3787000
2025-01-15,11.133578300476074,11.260875263340349,11.104202365613283,11.251082973771373,4961900
2025-01-16,11.162955284118652,11.192332155585586,11.07482747125051,11.113995699362203,2723400
2025-01-17,11.202122688293457,11.260875493061727,11.1335785276006,11.1335785276006,2144600
2025-01-21,11.094409942626953,11.143370456038912,11.05524171866621,11.113994521529385,3154300
2025-01-22,10.810441017150879,10.97690621679191,10.800648726855712,10.967113926496744,2754700
2025-01-23,10.957321166992188,10.957321166992188,10.741896392788545,10.781064618447767,2732800
2025-01-24,10.937737464904785,11.006281625995317,10.918152885253686,10.927945175079236,2525600
2025-01-27,10.908361434936523,10.976905595434285,10.820232694957031,10.86919320981721,3936400
2025-01-28,10.83981704711914,10.96711402051499,10.781065172532877,10.957321730135876,2296600
2025-01-29,10.976905822753906,11.104202790488891,10.937737596823462,10.986698112697558,2703600
2025-01-30,11.172747611999512,11.231500421285789,11.09441115551396,11.10420344603571,3008100
2025-01-31,11.133578300476074,11.260875263340349,11.104202365613283,11.182538814476816,3267200
2025-02-03,11.006281852722168,11.09441059527923,10.849608947662578,10.849608947662578,2372700
2025-02-04,11.133578300476074,11.231499328477556,11.016073627180775,11.055241851612541,5605200
2025-02-05,11.182538986206055,11.300043661305862,11.162954406767346,11.241290856833885,2208900
2025-02-06,11.192331314086914,11.260875474667808,11.113994863753279,11.162954444828689,1503900
2025-02-07,11.016074180603027,11.192331666322813,10.97690595420354,11.143371149862409,2666000
2025-02-10,10.996489524841309,10.996489524841309,10.947529942561854,10.996489524841309,1760100
2025-02-11,10.888777732849121,10.96711418939993,10.878985442319214,10.94753054218434,2423500
2025-02-12,10.869193077087402,10.91815265750556,10.771272048562812,10.800647983582534,2038600
2025-02-13,10.986698150634766,10.99648950676806,10.869193472437688,10.869193472437688,1941000
2025-02-14,11.094409942626953,11.113994521529385,11.035658073607898,11.045449429214994,1807000
2025-02-18,11.113994598388672,11.133578243582415,11.016073570887576,11.035658149925446,1896900
2025-02-19,11.15316390991211,11.260876303588605,11.15316390991211,11.16295526654145,2479800
2025-02-20,11.280460357666016,11.290251713838037,11.143371098971791,11.20212297138062,2284800
2025-02-21,11.123785972595215,11.34900396268529,11.065034103071982,11.34900396268529,2225400
2025-02-24,11.162955284118652,11.231500383697279,11.113995699362203,11.17274757460763,2087400
2025-02-25,11.270668029785156,11.339212191979902,11.211915223729537,11.231499803696135,1936900
2025-02-26,11.309836387634277,11.476301583912992,11.3000440975369,11.358796904276991,1843000
2025-02-27,10.967113494873047,11.241291075437728,10.957321204963266,11.241291075437728,1664600
2025-02-28,10.878984451293945,10.976905479984415,10.790856646085487,10.967113190346542,2244800
2025-03-03,10.712519645690918,10.918153066214913,10.64397548346431,10.898569420083385,2144300
2025-03-04,10.898569107055664,10.986697846726747,10.643975177749015,10.683143402731258,4302800
2025-03-05,11.055241584777832,11.074826163443078,10.918152335653437,10.947529203651305,2712300
2025-03-06,11.035658836364746,11.074827063032698,10.957321449184656,10.996489675852608,1818800
2025-03-07,11.280460357666016,11.30983629387043,11.084618292718787,11.084618292718787,2515300
2025-03-10,11.211915016174316,11.339211982068157,11.143370855248461,11.1825390806124,3265100
2025-03-11,11.339211463928223,11.378379687502388,11.221706793205726,11.309835529708627,1892800
2025-03-12,11.251083374023438,11.28046024377543,11.192331502207784,11.28046024377543,2087900
2025-03-13,11.251083374023438,11.290251599848595,11.182539212290452,11.182539212290452,1605400
2025-03-14,11.339211463928223,11.397964266211527,11.319627819063195,11.35879604263736,1413300
2025-03-17,11.613389015197754,11.652557238725546,11.339211450503205,11.368587384688023,1530200
2025-03-18,11.544845581054688,11.59380609699404,11.495885065115335,11.59380609699404,1828000
2025-03-19,11.603598594665527,11.65255817763713,11.525262141297937,11.535053497585746,1274800
2025-03-20,11.544845581054688,11.623182033019985,11.495885065115335,11.55463787101139,1241800
2025-03-21,11.476300239562988,11.495883883619507,11.437132017605874,11.476300239562988,1808900
2025-03-24,11.339211463928223,11.505676647579454,11.329419174573653,11.476300713359858,1853400
2025-03-25,11.4371337890625,11.48609337370901,11.39796556103876,11.39796556103876,2222100
2025-03-26,11.290251731872559,11.427340990785764,11.231499859369883,11.35879682825125,1551100
2025-03-27,11.290251731872559,11.35879682825125,11.221707569338044,11.221707569338044,1628200
2025-03-28,11.290251731872559,11.309836311936236,11.231499859369883,11.290251731872559,1170700
2025-03-31,11.182538986206055,11.21191492151997,11.00628150663427,11.133578471453431,1756600
2025-04-01,11.251083374023438,11.260875663940768,11.113995050557469,11.192331502207784,3383500
2025-04-02,11.309836387634277,11.339212324082233,11.211915354348852,11.241291290796806,920200
2025-04-03,11.446925163269043,11.593806718966855,11.388173288065293,11.407756935185136,2573000
2025-04-04,10.859400749206543,11.133578320727626,10.800647945529958,11.104202385811401,4118800
2025-04-07,10.526470184326172,10.87898419850112,10.399173223524189,10.487301960528956,3519800
2025-04-08,10.340421676635742,10.800648087118319,10.25229293688763,10.800648087118319,3075600
2025-04-09,10.859400749206543,10.927944908625781,10.242500512901007,10.340421541080602,5375700
2025-04-10,10.683143615722656,10.790856936954428,10.487302486906929,10.643975389959511,2091000
2025-04-11,11.055241584777832,11.065033874110455,10.75168715237528,10.800647665194287,2996800
2025-04-14,11.15316390991211,11.211915785065028,11.025866935288498,11.045450582391398,2284300
2025-04-15,11.133578300476074,11.241290684202399,11.1237860109071,11.19233110404579,1652200
2025-04-16,11.08461856842041,11.22170783052438,11.016074404290523,11.065034921745099,1922500
2025-04-17,11.280460357666016,11.300044003854234,11.113995162767376,11.123786518939397,1593200
2025-04-21,11.231499671936035,11.300043833326669,11.153163220676978,11.280460187433984,2000500
2025-04-22,11.466507911682129,11.554636644247442,11.329418668375636,11.329418668375636,1699300
2025-04-23,11.251083374023438,11.407756277324069,11.231499728032942,11.309836179683257,1518400
2025-04-24,11.495884895324707,11.505677185136781,11.368587929300192,11.368587929300192,1334200
2025-04-25,11.603598594665527,11.623182241085331,11.417548817534362,11.417548817534362,1538000
2025-04-28,11.68193531036377,11.711311247575239,11.603598855237049,11.613390211744735,1701800
2025-04-29,11.67214298248291,11.730894856716946,11.642767045365893,11.652558401842096,880100
2025-04-30,11.525261878967285,11.544845524941339,11.378380331863138,11.495885009239958,1848900
2025-05-01,11.495884895324707,11.62318186134922,11.495884895324707,11.584013635945075,1434700
2025-05-02,11.593806266784668,11.662350429797087,11.564430330328516,11.60359855688478,1503500
2025-05-05,11.515469551086426,11.662350163862074,11.515469551086426,11.642766517952596,1269300
2025-05-06,11.623181343078613,11.70151779039393,11.584013119420954,11.603597698171841,2011800
2025-05-07,11.574222564697266,11.632975375911212,11.535054335169386,11.574222564697266,1424900
2025-05-08,11.711310386657715,11.730894032077666,11.574221133341505,11.632973937289634,2172000
2025-05-09,11.926736831665039,11.936528188062363,11.770063923177517,11.809232150299398,1592100
2025-05-12,12.093201637268066,12.191121734967481,11.995280605724487,12.132369863116665,3587900
2025-05-13,12.5436372756958,12.661141958620954,12.338003847115733,12.386963431284723,3869100
2025-05-14,12.661141395568848,12.69051733153271,12.563220363897084,12.582804943769103,3522200
2025-05-15,12.72968578338623,12.808022236576457,12.582805167115602,12.621973393710714,2736300
2025-05-16,12.69051742553711,12.778646167925672,12.612180973157091,12.778646167925672,1719300
2025-05-19,12.563220024108887,12.602388248949405,12.465298995085522,12.553427734437722,1908200
2025-05-20,12.719893455505371,12.788438552226417,12.67093293894582,12.67093293894582,1473800
2025-05-21,12.514260292053223,12.612181327199115,12.484884355047134,12.602389036915687,1636500
2025-05-22,12.200913429260254,12.240081653196718,12.073616468005714,12.220497074306426,3123700
2025-05-23,12.289043426513672,12.328211654465862,12.054034058800527,12.073617705854513,4105200
2025-05-27,12.347794532775879,12.406547337968465,12.318418597101665,12.367379112454794,1300800
2025-05-28,12.298835754394531,12.347795339100617,12.269458882957817,12.318419401508121,1847300
2025-05-29,12.347794532775879,12.42613098380322,12.328210886941122,12.367379112454794,1243400
2025-05-30,12.406547546386719,12.484883998730039,12.3575870302111,12.386962966378801,1912100
2025-06-02,12.32820987701416,12.455506832966465,12.289041654709148,12.426129965854646,2786200
2025-06-03,12.533844947814941,12.543637238157118,12.210706837276758,12.259667355143435,2596800
2025-06-04,12.5436372756958,12.612181440607754,12.514260404581357,12.592596859864791,1287900
2025-06-05,12.582804679870605,12.631764260835494,12.504468229713808,12.582804679870605,2662200
2025-06-06,12.680724143981934,12.700308722467643,12.602387697727295,12.621972276213004,1352800
2025-06-09,12.69051742553711,12.759061587908581,12.6513491993471,12.700309715545655,1040100
2025-06-10,12.856983184814453,12.905943703162707,12.8080226664662,12.876566831847226,1726700
2025-06-11,12.96469497680664,13.052823718977269,12.925526750713491,12.935319040697822,4522800
2025-06-12,12.9744873046875,13.013655530895052,12.915734498454082,12.935319078479946,2321400
2025-06-13,13.02344799041748,13.082199863571422,12.778646339972957,12.8276068568307,7836900
2025-06-16,13.171890258789062,13.231267145044772,13.07292752332476,13.152097334184765,2992200
2025-06-17,12.597908020019531,12.677078776578862,12.498946225932942,12.617700945104017,5184900
2025-06-18,12.568220138549805,12.677079343828272,12.54842815635832,12.597908583726362,3957100
2025-06-20,12.498946189880371,12.657285814985082,12.489049727366675,12.657285814985082,2828600
2025-06-23,12.568220138549805,12.578116601534875,12.419776968888367,12.47915385924148,2911800
2025-06-24,12.825522422790527,12.875003793587304,12.637494346297155,12.677079254178846,2830900
2025-06-25,12.766144752502441,12.805729660890872,12.696871398767351,12.776041215544215,3095800
2025-06-26,12.973965644836426,13.013550552881151,12.87500384661394,12.87500384661394,2219300
2025-06-27,12.884900093078613,12.98386188963835,12.795833815529804,12.98386188963835,2442900
2025-06-30,12.973965644836426,13.003655033703959,12.79583403052449,12.82552247561337,3510300
2025-07-01,13.08282470703125,13.161994522256784,12.87500370611956,12.98386196611001,5722500
2025-07-02,13.29064655303955,13.389608356474714,13.132306912520326,13.171891822650132,3992200
2025-07-03,13.686494827270508,13.72607973500822,13.409400473106519,13.409400473106519,3723400
2025-07-07,13.43908977508545,13.567740969382813,13.389608401312817,13.567740969382813,4583300
2025-07-08,13.330230712890625,13.379712083712548,13.2807493420687,13.369815620792433,2072500
2025-07-09,13.458881378173828,13.508361803300431,13.33023019653171,13.350022177826629,2524900
2025-07-10,13.409400939941406,13.439089385833604,13.35991956760196,13.37971249404921,1510400
2025-07-11,13.231267929077148,13.340126189515516,13.1916830213015,13.320334207517016,2249000
2025-07-14,13.25106143951416,13.3401267781051,13.201580066666736,13.25106143951416,1190000
2025-07-15,13.359919548034668,13.448985829359488,13.310438175767693,13.419297383510774,3067100
2025-07-16,13.320333480834961,13.35991838645108,13.241163669602724,13.35991838645108,2753500
2025-07-17,13.300541877746582,13.340126787296057,13.221372058647631,13.231268521979674,2674200
2025-07-18,13.43908977508545,13.51825959561018,13.429193311575181,13.429193311575181,2070900
2025-07-21,13.597429275512695,13.676599095218666,13.518259455806726,13.538052382622567,1876100
2025-07-22,13.834938049316406,13.8745239009872,13.686494880665524,13.706287806500923,4866600
2025-07-23,13.795352935791016,13.815145861331379,13.676598213884736,13.815145861331379,3460600
2025-07-24,13.775561332702637,13.825042704135093,13.75576840661819,13.765664869660412,2718300
2025-07-25,13.825042724609375,13.854731170001353,13.735976444654781,13.765664890046757,2406400
2025-07-28,13.656805992126465,13.785457174542087,13.567739716317293,13.785457174542087,4801700
2025-07-29,13.587532997131348,13.63701437106606,13.557844550282004,13.627118851302084,2688000
2025-07-30,13.409400939941406,13.538052130512497,13.369816030825586,13.4687778317258,4484900
2025-07-31,13.270853042602539,13.379712248507294,13.221371671171164,13.340126396339265,3843100
2025-08-01,13.389607429504395,13.508362151672353,13.330230540309733,13.419296817880362,4558300
2025-08-04,13.429192543029785,13.478673913970626,13.379712115867596,13.429192543029785,2071700
2025-08-05,13.448986053466797,13.518259409527692,13.419297607123369,13.448986053466797,2172100
2025-08-06,13.458881378173828,13.518258265837197,13.439088453100295,13.448984915637062,2030400
2025-08-07,13.567740440368652,13.617221812211978,13.50836260540093,13.567740440368652,2167900
2025-08-08,13.547947883605957,13.696392003184371,13.538052363990351,13.637014166597266,2493100
2025-08-11,13.389607429504395,13.508362151672353,13.369815447699052,13.409400355088373,2442200
2025-08-12,13.627118110656738,13.637013629882883,13.439089088680111,13.48857045992547,4590600
2025-08-13,13.656805992126465,13.735975805339368,13.577636178913561,13.58753169773121,2556200
2025-08-14,13.518259048461914,13.528155511571626,13.399504322481388,13.48857060291145,4122000
2025-08-15,13.953693389892578,14.062551648101202,13.54794691377979,13.577636301837382,4513200
2025-08-18,14.339646339416504,15.062072088506044,14.151618262786394,14.151618262786394,5585700
2025-08-19,14.181305885314941,14.300060602159071,13.646909187627054,14.300060602159071,5438300
2025-08-20,14.240684509277344,14.30006139911926,14.151618230735822,14.220891583477606,1897200
2025-08-21,14.032864570617676,14.12193085590822,13.993279659797292,14.102137928608668,5664100
2025-08-22,14.517778396606445,14.527674859187686,14.08234348081804,14.08234348081804,3665600
2025-08-25,14.240684509277344,14.389127677660781,14.240684509277344,14.339646306940086,2687300
2025-08-26,14.240684509277344,14.359439232739822,14.210995120577739,14.28026941709817,4188500
2025-08-27,14.191203117370605,14.28026939577916,14.151618209608875,14.28026939577916,1605300
2025-08-28,14.369336128234863,14.418816556666542,14.240684937999415,14.270373383814157,4602400
2025-08-29,14.240684509277344,14.329749844040217,14.220891583477606,14.2703729541983,2635400
2025-09-02,14.013071060180664,14.10213734176482,13.854731423488245,13.924004778596508,2757800
2025-09-03,14.052655220031738,14.141721496866662,13.508362040090582,14.032863238389883,4976800
2025-09-04,14.181305885314941,14.369334894818762,14.032862725204426,14.092239611737194,3844100
2025-09-05,14.52767562866211,14.58705251973728,13.854731237952391,14.448505811376103,4361900
2025-09-08,14.418816566467285,14.567260683199246,14.359439674797443,14.537571293585648,3493600
2025-09-09,14.240684509277344,14.389127677660781,14.18130667565678,14.359439232739822,1494700
2025-09-10,14.408921241760254,14.537571490043021,14.339646942171045,14.359439868847588,3754700
2025-09-11,14.53757095336914,14.646430158514063,14.418816229029945,14.418816229029945,3599300
2025-09-12,14.478193283081055,14.537570170162414,14.408919933559933,14.41881545222109,3532500
2025-09-15,14.656326293945312,14.695911201173729,14.458400814024596,14.547467091233191,2014600
2025-09-16,14.735496520996094,14.814666337669681,14.676118686601573,14.72560005796723,2539500
2025-09-17,14.903732299804688,15.081863911635317,14.784976633546082,14.834458003857394,4649800
2025-09-18,14.883939743041992,14.95321309692747,14.725600109144525,14.883939743041992,3924900
2025-09-19,15.012591361999512,15.032383344914878,14.913628616086603,14.913628616086603,4020700
2025-09-22,15.200618743896484,15.220411669675414,14.913627926552548,14.953212834331758,3035900
2025-09-23,15.03238296508789,15.24020397123098,14.992798056478668,15.210515525718728,3874600
2025-09-24,14.982902526855469,15.08186432642113,14.913628229002972,14.963109600675136,3094600
2025-09-25,15.002694129943848,15.012590592783802,14.804769592037989,14.87404294436038,2125200
2025-09-26,15.052175521850586,15.081863966634181,14.903732354153961,14.973005706575233,2705400
2025-09-29,15.250100135803223,15.289685043637562,15.151138338106701,15.161033857231299,2713800
2025-09-30,15.319374084472656,15.358959937625482,15.062072645430085,15.220412282926647,4456100
2025-10-01,15.715224266052246,15.764705639168183,15.37875206139831,15.37875206139831,4314200
2025-10-02,15.725120544433594,15.774600973188727,15.626157799365965,15.725120544433594,2728400
2025-10-03,15.81418514251709,15.972524772193667,15.695430420259656,15.7350153276788,2579700
2025-10-06,15.913148880004883,16.05169559276332,15.85377198704518,15.962629309545068,2839900
2025-10-07,15.725120544433594,15.962629056282804,15.695431154646096,15.962629056282804,2775300
2025-10-08,15.84387493133545,15.923044748174586,15.754808651446755,15.80429002291588,1502400
2025-10-09,15.972525596618652,16.101177732094573,15.883459314383744,15.923045167624759,3002000
2025-10-10,15.61626148223877,16.081384878363313,15.566780109241913,15.9824221323696,2850300
2025-10-13,16.20013999938965,16.328790243510266,15.992318051124258,16.031903903196643,3905100
2025-10-14,16.24962043762207,16.38816714485201,15.873564280473387,16.051694952244457,3088700
2025-10-15,16.6949520111084,16.77412182857864,16.457440671140336,16.55640341486747,4651900
2025-10-16,16.615781784057617,16.922564583247908,16.566299469635123,16.793912453306717,6215400
2025-10-17,16.358478546142578,16.497025244079936,16.308996234338384,16.427751895111257,3962000
2025-10-20,16.427753448486328,16.615782476007524,16.398064058596443,16.56630015952438,3598200
2025-10-21,16.17045021057129,16.43764904278228,16.1011768587145,16.40795965446197,4319800
2025-10-22,15.95273494720459,16.14076209201989,15.715224540850697,16.061592271161494,3371500
2025-10-23,16.17045021057129,16.23972356242808,15.92304430390717,15.92304430390717,2518700
2025-10-24,16.526716232299805,16.586093124660184,16.4178570233413,16.51681976898018,4118300
2025-10-27,16.576194763183594,16.635571648744662,16.417855143315965,16.61578061192908,1604900
2025-10-28,16.71474266052246,16.833498327740678,16.64546930779404,16.69495162228384,4450500
2025-10-29,17.14027976989746,17.397582122195065,16.972043689070457,17.00173307541304,5783000
2025-10-30,16.853290557861328,17.05121414497868,16.843394095371877,17.011630182578095,1676900
2025-10-31,17.1204891204834,17.150178510770836,16.882979660856094,16.942358441430965,4080200
2025-11-03,17.417375564575195,17.536129338364052,17.249139478743313,17.268932403560523,6401700
2025-11-04,16.991838455200195,17.298621263766627,16.97204552882627,17.080904736325504,2801500
2025-11-05,17.912189483642578,18.01115223190617,17.288725490872157,17.29862195445426,5201400
2025-11-06,17.585613250732422,17.912188989706614,17.516339895125377,17.892396063088206,3075600
2025-11-07,17.47675323486328,17.50644262341992,17.011630806152994,17.40747988245508,4766700
2025-11-10,17.823122024536133,17.92208476627874,17.635093003980913,17.852811413326105,7738700
2025-11-11,17.575716018676758,17.842914853666063,17.45696035171797,17.842914853666063,1587200
2025-11-12,17.47675323486328,17.694469754940105,17.308517141490235,17.694469754940105,2642300
2025-11-13,16.6949520111084,17.357999940255667,16.546506951739026,17.357999940255667,5232500
2025-11-14,16.843393325805664,17.01162940532526,16.289202777060446,16.338685087246876,2604200
2025-11-17,16.625675201416016,16.902770480210574,16.516817892382964,16.73453439800623,7109200
2025-11-18,16.427753448486328,16.62567705174678,16.338687166374044,16.378271132003185,10769300
2025-11-19,16.388166427612305,16.63557232972777,16.34858246480359,16.34858246480359,1530600
2025-11-20,15.913148880004883,16.774122321928846,15.883459489746333,16.69495250213011,3986200
2025-11-21,15.903252601623535,15.94283845576219,15.467818587664112,15.863668635042295,4390800
2025-11-24,16.120969772338867,16.140760810313832,15.89335490383269,15.903251366598807,1485900
2025-11-25,16.259517669677734,16.774122445953086,15.853772104264548,16.101178028909537,4261700
2025-11-26,16.625675201416016,16.675157512392094,16.328788885788185,16.427751620183184,3124100
2025-11-28,16.813705444335938,16.843394833104668,16.605885385626713,16.665262275606878,4848400
2025-12-01,16.378271102905273,16.675159338604555,16.348583600625503,16.625677022209324,1903200
2025-12-02,16.546506881713867,16.665262551195323,16.467337064578675,16.576196270973565,1355100
2025-12-03,16.467336654663086,16.54650646982753,16.358479338535275,16.497026043183734,1234300
2025-12-04,16.793912887573242,16.823602276994464,16.437649652305293,16.4475461154457,1961500
2025-12-05,16.6949520111084,16.89287561100533,16.23972414498651,16.793912867278195,1849300
2025-12-08,16.526716232299805,16.78401672838057,16.388167633382423,16.72463983602019,1492200
2025-12-09,16.50692367553711,17.318414810356035,16.437650318304872,16.467337821371594,1506200
2025-12-10,16.566299438476562,16.685055105309896,16.318893529501302,16.42775273346875,1345900
2025-12-11,16.863187789916992,16.87308236530077,16.36837596820662,16.48712974838502,3216200
2025-12-12,16.427753448486328,16.892875898083638,16.318894239780786,16.882979434787007,1957700
2025-12-15,16.407960891723633,16.576196996443564,16.368376925202277,16.54650760588449,1552600
2025-12-16,16.246395111083984,16.386019744092515,16.146662415116623,16.286287048125153,1354700
2025-12-17,15.957170486450195,16.35609936816286,15.897330678632557,16.256366672173954,2292400
2025-12-18,16.136688232421875,16.306233237298407,16.08682093555062,16.116741313673373,3517300
2025-12-19,16.395992279052734,16.465804591619044,16.22644727614476,16.24639419466166,2193500
2025-12-22,16.605430603027344,16.635350983300548,16.326181329449458,16.386020187752862,2143700
2025-12-23,16.495725631713867,16.585482964158075,16.39599293736784,16.555564487424316,1477000
2025-12-24,16.53561782836914,16.565538207816758,16.44585859226924,16.495725891348602,2112700
2025-12-26,16.575511932373047,16.60543041005556,16.475779234864365,16.545591552447547,1091400
2025-12-29,16.475778579711914,16.605429749747586,16.376045886169063,16.435884741397608,1838000
2025-12-30,16.40596580505371,16.5655373493524,16.38601888645566,16.5655373493524,1470400
2025-12-31,16.38602066040039,16.445859520429817,16.306234879613466,16.40596758115789,6696900
