Price,Close,High,Low,Open,Volume
Ticker,TAN,TAN,TAN,TAN,TAN
Date,,,,,
2013-01-02,14.414066314697266,14.414066314697266,14.080489391593172,14.159493086420063,83400
2013-01-03,15.923940658569336,16.029281689838697,14.993435192102018,14.993435192102018,304700
2013-01-04,16.038063049316406,16.204850672638404,15.985391687314443,16.134623864308306,219500
2013-01-07,15.651814460754395,16.204850356264384,15.599144774119907,16.204850356264384,115800
2013-01-08,15.853715896606445,15.906387256168546,15.537696110929367,15.757155086087472,113800
2013-01-09,16.72277069091797,16.749106366688856,16.11706521723717,16.178513453030394,324600
2013-01-10,16.687660217285156,17.03001567341576,16.512092372206403,16.880783507400537,194700
2013-01-11,16.643770217895508,16.766668399854538,16.538430832604156,16.65254877905968,86400
2013-01-14,16.345304489135742,16.67888138002711,16.16095808743704,16.64376714186011,68700
2013-01-15,16.354080200195312,16.459421232794316,16.1609569271592,16.327746197799744,56000
2013-01-16,16.081953048706055,16.266299454105056,15.959056561332762,16.213628095797304,85500
2013-01-17,16.204851150512695,16.389197574277496,16.16973858248178,16.248743953475376,98600
2013-01-18,15.950281143188477,16.231188412134504,15.932724020294502,16.17851871779197,40100
2013-01-22,16.555986404418945,16.573541850763828,16.055620185297343,16.099511312668326,93500
2013-01-23,16.60865592956543,16.872006039892,16.55598624236795,16.75788810524093,107600
2013-01-24,16.54720687866211,16.88078378050155,16.459422954702546,16.69643904709164,78400
2013-01-25,16.16095733642578,16.389194850887844,16.0907305376943,16.389194850887844,67200
2013-01-28,15.783491134643555,16.134625205481697,15.686930311625142,16.134625205481697,134400
2013-01-29,15.713260650634766,16.00294640071237,15.660590970894908,15.844935687153873,68200
2013-01-30,15.537697792053223,15.818605042754507,15.511362109422745,15.634258613019735,79500
2013-01-31,15.730819702148438,15.739598262240548,15.362128549975461,15.406019676096879,66300
2013-02-01,15.871274948120117,16.002950014373056,15.765933890514182,15.932723200748867,51700
2013-02-04,15.607921600341797,16.23118423357032,15.54647168603258,15.678148399499081,106900
2013-02-05,15.985390663146973,16.19607274897827,15.660592323306949,15.660592323306949,98500
2013-02-06,16.213624954223633,16.239960628274673,15.976610585119229,16.064392816611882,60900
2013-02-07,16.002948760986328,16.345305915636956,15.888830825662236,16.327748795021197,54800
2013-02-08,15.774709701538086,15.95905610162693,15.713261459621476,15.871272181315051,52500
2013-02-11,16.36286163330078,16.41553299602165,15.80104715899184,15.80104715899184,106400
2013-02-12,16.933454513549805,17.06512955745235,16.4067526636006,16.4067526636006,269800
2013-02-13,17.179250717163086,17.51282934382336,17.117802463393915,17.28459177672405,344800
2013-02-14,17.837623596191406,17.960520075214557,17.100241373374608,17.170468172007688,393400
2013-02-15,17.460155487060547,17.925409116072498,17.31092331732759,17.784955506246078,240500
2013-02-19,18.285324096679688,18.33799378868173,17.61816852540964,17.61816852540964,304300
2013-02-20,17.705949783325195,18.794466074634354,17.705949783325195,18.460889176627948,257900
2013-02-21,16.854450225830078,17.55671828759836,16.555985880993777,17.504048601550522,420700
2013-02-22,16.977346420288086,17.21436251485502,16.9158981752535,17.161691155391853,203300
2013-02-25,16.397977828979492,17.363597827508706,16.397977828979492,17.363597827508706,145800
2013-02-26,16.204851150512695,16.678883376474268,15.950279590686067,16.60865656607321,180100
2013-02-27,16.06439781188965,16.10829061562333,15.370908256290106,15.739599435956718,356800
2013-02-28,15.757156372070312,16.406754790633038,15.713263568853021,16.204851244511982,219000
2013-03-01,15.590365409851074,15.76593158102388,15.449911803177205,15.607922529270075,177800
2013-03-04,15.449912071228027,15.704483609863999,15.362128146949072,15.47624607647435,123700
2013-03-05,15.827383041381836,16.00294922966371,15.651815178760735,15.651815178760735,141600
2013-03-06,16.046844482421875,16.239967821318587,15.985394549085235,16.0995141795138,166100
2013-03-07,16.310190200805664,16.494536601937394,16.16095803773294,16.485758042422642,203500
2013-03-08,16.283855438232422,16.48575896975078,16.099510701070276,16.37163936397878,99500
2013-03-11,15.880051612854004,16.117067708410417,15.783489127774182,16.117067708410417,139600
2013-03-12,16.07317543029785,16.108289671226117,15.66937170565777,15.78348963999631,61500
2013-03-13,15.256790161132812,15.792270699665027,15.204120465743564,15.739601004275778,193100
2013-03-14,15.335792541503906,15.590365755709694,15.107555007010854,15.388463900929374,423000
2013-03-15,15.09000015258789,15.283123455028237,15.054885911595555,15.274344894780153,98100
2013-03-18,14.519407272338867,14.721309136990262,14.466735910338274,14.721309136990262,125300
2013-03-19,14.536962509155273,14.721308924822127,14.405287454729896,14.545741069362187,140800
2013-03-20,15.037327766418457,15.072442005018022,14.677415192468189,14.738865110017427,98400
2013-03-21,14.738865852355957,15.05488564397344,14.738865852355957,14.975880277484286,50300
2013-03-22,14.703752517700195,14.86176326041155,14.65986138887559,14.835427578513244,65700
2013-03-25,13.940033912658691,14.589633101868921,13.843472266977896,14.545740303146468,139500
2013-03-26,14.071709632873535,14.080488192515439,13.931255190111656,14.010260552549736,46500
2013-03-27,14.010259628295898,14.03659446831478,13.878584591032022,14.001481069233114,56800
2013-03-28,14.045374870300293,14.150715918536775,13.992704346182052,14.02781774987102,78500
2013-04-01,13.843473434448242,14.124380672605596,13.773245787739297,14.124380672605596,109100
2013-04-02,13.782024383544922,13.94003512399819,13.694241289980578,13.878586874786189,35600
2013-04-03,13.439667701721191,13.825915120870274,13.404554299980365,13.729353475375387,76900
2013-04-04,13.588900566101074,13.60645768753932,13.395777253298132,13.430890659004998,35400
2013-04-05,13.439667701721191,13.457223984006838,13.167538210352642,13.307991817315946,88400
2013-04-08,13.825916290283203,13.878586815934147,13.54500905259712,13.63279214578922,192200
2013-04-09,15.844938278198242,16.21362944534534,13.940035030831028,13.966369875007363,569300
2013-04-10,15.72204303741455,15.888832350593537,15.546475163085162,15.783491291128035,263500
2013-04-11,15.590365409851074,15.871272623198815,15.449911803177205,15.52891716622364,90700
2013-04-12,15.423578262329102,15.643037262474568,15.32701576647652,15.449913945108703,142700
2013-04-15,14.607190132141113,15.318238479553777,14.519407873848515,15.318238479553777,190700
2013-04-16,15.054886817932129,15.230454684785038,14.835427821535628,15.028552809941681,121500
2013-04-17,14.738865852355957,15.019773077944448,14.572076559285614,14.89687491099513,79200
2013-04-18,14.703752517700195,14.852984699778782,14.589634578152683,14.677416835801889,78800
2013-04-19,15.072443008422852,15.08122156865715,14.800314338516252,14.85298402558288,369400
2013-04-22,15.836161613464355,15.98539212015983,15.537697251394949,15.686929432429652,193000
2013-04-23,16.468202590942383,16.485759711749697,15.836161310931805,15.836161310931805,235300
2013-04-24,16.924678802490234,17.030018185605417,16.424310872505536,16.450646555453986,245000
2013-04-25,17.056350708007812,17.319700791336242,16.872004310206716,16.977345348141483,81000
2013-04-26,17.27581214904785,17.50404970205697,17.109022846014412,17.214363899072172,164500
2013-04-29,18.030750274658203,18.13608964552475,17.556718082741412,17.714728813380344,402700
2013-04-30,17.890296936035156,18.039529122948206,17.732287862544243,17.89907549695231,265400
2013-05-01,17.50404930114746,18.12731202158481,17.460156499070692,18.004415524448248,314300
2013-05-02,17.899076461791992,17.978081839965835,17.15291716134474,17.468936999700727,129700
2013-05-03,17.784955978393555,18.179981138640155,17.741063177695615,18.05708464536421,173100
2013-05-06,17.951745986938477,17.978079994066324,17.679615634796498,17.758621004858465,154500
2013-05-07,17.407487869262695,17.969302375289107,17.188028868553715,17.934189805832105,173300
2013-05-08,17.591829299926758,17.609384742495365,17.284586451402035,17.35481324469293,101900
2013-05-09,17.74984359741211,18.065865098188958,17.48649346299095,17.53916315500732,82300
2013-05-10,18.91736602783203,18.94370171184372,17.925412037476317,17.925412037476317,369900
2013-05-13,19.62841033935547,20.00588002654908,19.18071385042856,19.312388894386117,493200
2013-05-14,19.373836517333984,19.531847234767916,19.092929319379873,19.180713237325275,266200
2013-05-15,20.00588035583496,20.479910856752248,19.830312511442454,19.847869630749514,367000
2013-05-16,19.707416534423828,20.541359630998713,19.681080854782437,20.409684581469953,274100
2013-05-17,20.74325942993164,20.795930783995598,19.891759297964857,19.891759297964857,255000
2013-05-20,22.419931411743164,22.54282791139425,21.032948975844402,21.032948975844402,578200
2013-05-21,22.68328094482422,24.465288515313897,22.402373710416605,23.499668641283336,732500
2013-05-22,20.866159439086914,22.911516989142466,20.673034472339772,22.823733065560955,650400
2013-05-23,21.348970413208008,21.50698115489334,20.05855214667653,20.585254060847888,453800
2013-05-24,21.814224243164062,22.0600172437931,21.471867075469092,21.621099257710682,255100
2013-05-28,22.209247589111328,22.937851318771873,21.919561809230366,22.83251194845467,463500
2013-05-29,22.06879425048828,22.209247862197646,21.594763729553954,21.7703299070211,177500
2013-05-30,22.74472999572754,22.95541042896823,22.551606683841715,22.806178246130333,432600
2013-05-31,21.875669479370117,22.665721410600103,21.858112360504357,22.56038204608358,276100
2013-06-03,21.85811424255371,21.945898170101948,21.15584617084611,21.884449923119927,356400
2013-06-04,21.5245361328125,22.2092470461522,21.340189727755536,21.937118392756652,162500
2013-06-05,21.16462516784668,21.779109324688235,21.094398359226524,21.375305593707143,148600
2013-06-06,21.74399757385254,21.761554695251498,21.13829028030248,21.36652783547119,171200
2013-06-07,21.568429946899414,22.03368362307794,21.44553344442705,22.016126501484955,146500
2013-06-10,22.779844284057617,22.788621170413382,21.621099387404364,21.937120875067908,385200
2013-06-11,21.70888328552246,22.235585206011756,21.621099353051036,22.235585206011756,173200
2013-06-12,20.690593719482422,21.76155468349058,20.637924029653263,21.463090317226595,466100
2013-06-13,20.980276107788086,21.068060026097957,20.497467068592265,20.585250986902135,146700
2013-06-14,20.997835159301758,21.348969190526375,20.69937081417605,21.348969190526375,171000
2013-06-17,21.814224243164062,22.103910047004888,21.60354381076521,21.682549182207183,213900
2013-06-18,21.542095184326172,21.682548803472063,21.322636195118314,21.524538063348132,115400
2013-06-19,21.04172706604004,21.506980721136948,20.989057377986924,21.427975351887678,149000
2013-06-20,19.865428924560547,20.664261264411703,19.830316353482566,20.664261264411703,207900
2013-06-21,20.181447982788086,20.436021208100968,19.707417447650514,20.436021208100968,110400
2013-06-24,19.338726043701172,19.584519031291745,19.005147454343746,19.470401097673143,269600
2013-06-25,19.882984161376953,19.944432410689615,19.435287620805703,19.435287620805703,193200
2013-06-26,20.357017517089844,20.488692583569165,20.102444270802415,20.102444270802415,132100
2013-06-27,20.699369430541992,20.93638551365262,20.409683664853123,20.409683664853123,163400
2013-06-28,20.848604202270508,21.068063193873357,20.57647552149796,20.629145210667662,124700
2013-07-01,21.331409454345703,21.568425524232392,20.997832584176194,20.997832584176194,296800
2013-07-02,21.024168014526367,21.594760947888815,20.82226450865502,21.29629664286743,202000
2013-07-03,20.918832778930664,21.006616717851852,20.716930891449497,20.822270278683423,62100
2013-07-05,21.70888328552246,21.761554649608865,20.83104730948672,21.00661517442957,259400
2013-07-08,21.902008056640625,22.182915298317873,21.60354369377374,21.945899185275483,540500
2013-07-09,21.4191951751709,21.989788163316412,21.340189811883466,21.989788163316412,256200
2013-07-10,21.77033042907715,21.831780350720308,21.419196391383483,21.419196391383483,167900
2013-07-11,22.560388565063477,22.560388565063477,22.11269195065569,22.226809907580265,307000
2013-07-12,22.29703140258789,22.77106358966538,22.29703140258789,22.323367082205227,197000
2013-07-15,24.193157196044922,24.237049996121655,22.981744377692213,23.166089114997117,347900
2013-07-16,24.403839111328125,24.965655266421276,23.964921129654314,24.53551584530165,640400
2013-07-17,24.21071434020996,24.579405489526422,24.166823214428597,24.579405489526422,300500
2013-07-18,24.368722915649414,24.69352123610495,24.21071219787581,24.39505859339134,230200
2013-07-19,24.184377670288086,24.3950597535651,23.93858469702999,24.289718711926593,191000
2013-07-22,24.86909294128418,25.009546562413682,24.23705164620142,24.30727845676617,337300
2013-07-23,24.798864364624023,25.4045716090705,24.711080439084963,25.01832334130211,318600
2013-07-24,24.07025909423828,25.00076462720675,23.877135809837736,25.00076462720675,326500
2013-07-25,24.447731018066406,24.447731018066406,23.956143365423877,24.263384601863482,144700
2013-07-26,24.33361053466797,24.42139445949766,24.061481874601125,24.237049724260505,100600
2013-07-29,24.553070068359375,25.01832370850775,24.4828432617652,24.904205775669393,116400
2013-07-30,24.97443199157715,25.018323116783233,24.509178362432788,24.544290927729836,153200
2013-07-31,25.03588104248047,25.316788271255366,24.816422060707687,25.05343816286369,106300
2013-08-01,24.438949584960938,25.343121090544237,24.333608548893974,25.19388893281377,159700
2013-08-02,24.04392433166504,24.48284227375072,24.0000332071921,24.39506002480484,333000
2013-08-05,25.378238677978516,25.39579579985587,24.368727610780844,24.605743733107225,338800
2013-08-06,25.00076675415039,25.80837587251133,24.790086332970034,25.667922258391094,132600
2013-08-07,22.9290771484375,23.903473973784873,22.850071774174296,23.86836140430084,629400
2013-08-08,23.508447647094727,23.90347282508827,23.245095854093144,23.43822083716215,177800
2013-08-09,23.745460510253906,23.815687315531697,23.517224648855418,23.613785459650437,118800
2013-08-12,24.07025909423828,24.07025909423828,23.59622693115647,23.675232291670106,79000
2013-08-13,23.692792892456055,24.166825125202383,23.569896391080007,24.0351483887689,153200
2013-08-14,23.763017654418945,23.912249825078998,23.648899723603193,23.912249825078998,112600
2013-08-15,22.674501419067383,23.35921402953802,22.613053173449337,23.35921402953802,198300
2013-08-16,23.209980010986328,23.43821752964394,22.82373177369352,22.929072810896646,109900
2013-08-19,22.45504379272461,23.288988624567928,22.44626523220277,23.192426133166915,186900
2013-08-20,23.27143096923828,23.385548904723734,22.419930710239992,22.419930710239992,121500
2013-08-21,23.605005264282227,23.947362381338788,22.665721180890646,22.920294378847093,221100
2013-08-22,24.6232967376709,24.68474665814495,24.15804477445559,24.359946632995786,141300
2013-08-23,24.92176055908203,25.027101603342643,24.632074780289223,24.877869434004584,173700
2013-08-26,24.640853881835938,25.0183235934204,24.474064589064845,24.939318227073,165400
2013-08-27,23.23631477355957,23.956141590226643,23.130975407254464,23.956141590226643,263300
2013-08-28,23.262651443481445,23.464553299451406,22.99930134215881,23.11341927290819,83900
2013-08-29,23.587453842163086,24.114154097900904,23.49966990809369,23.49966990809369,46000
2013-08-30,23.84202766418457,24.368729644077458,23.71035258779621,24.368729644077458,65700
2013-09-03,25.132444381713867,25.132444381713867,24.228274357518213,24.316058293917422,136800
2013-09-04,25.615249633789062,25.667919314458516,24.526733412032918,24.851531729556665,208000
2013-09-05,26.352636337280273,26.54575964876853,25.667923674903147,25.667923674903147,317900
2013-09-06,26.036611557006836,26.563313409560834,25.571357946955317,26.563313409560834,257600
2013-09-09,26.659879684448242,26.738883382952938,26.0453938232928,26.15073487853118,207200
2013-09-10,26.98468017578125,27.309480253394288,26.89689623526372,26.89689623526372,307700
2013-09-11,26.677433013916016,27.142686653247484,26.40530434813379,26.905670553531124,170300
2013-09-12,26.010276794433594,26.765216198827662,25.869823185384337,26.703767954161002,268100
2013-09-13,26.18584632873535,26.291187379473598,25.597696175099866,26.141955200958947,160400
2013-09-16,26.51064682006836,26.923229120970355,26.343857517857245,26.563316509167944,184500
2013-09-17,26.44042205810547,26.501870312538454,26.106843427841614,26.457977506272496,138500
2013-09-18,27.21291160583496,27.449927689404568,26.607204394825644,26.624761513832063,187600
2013-09-19,27.24802589416504,27.634272466985404,27.10757061619333,27.42359206153638,126000
2013-09-20,27.195358276367188,27.739617321032863,27.10757434344185,27.40603871078444,121900
2013-09-23,26.773996353149414,27.38848218508852,26.449196316418355,27.21291432615186,150800
2013-09-24,27.054903030395508,27.379703060432682,26.44041888545965,26.83544404841717,98800
2013-09-25,27.739614486694336,28.04685738337036,26.975896524919026,27.142685813001282,120300
2013-09-26,28.6350040435791,29.109036198882073,28.36287707746952,28.520887795903842,372700
2013-09-27,29.381168365478516,29.55673286486822,28.801796810929226,28.88957906062408,350300
2013-09-30,30.294111251831055,30.689138022011754,28.959803814941626,28.959803814941626,514300
2013-10-01,31.523090362548828,31.61965285753023,30.61014012649739,30.654031256394784,762000
2013-10-02,31.839115142822266,31.970788546108636,30.94372193602352,31.09295246281719,869400
2013-10-03,31.29485321044922,31.89178192917841,30.48724238859507,31.698656947037076,490100
2013-10-04,31.689876556396484,31.803996167889675,30.847154845396943,31.373858426280464,303400
2013-10-07,31.874223709106445,32.26047031139212,31.29485213133878,31.558202239655298,468700
2013-10-08,31.163175582885742,33.03296705548882,30.434570152032954,32.18146512995685,1423800
2013-10-09,30.206335067749023,31.48797475794811,29.504066973713797,31.32996401820538,983200
2013-10-10,31.997114181518555,31.997114181518555,31.189503539497235,31.233398006521384,577400
2013-10-11,32.64671325683594,32.69938461207071,31.777657661868734,32.26046669781473,657200
2013-10-14,32.77839279174805,32.8486179227606,31.46163893564999,32.0585676183087,568300
2013-10-15,32.51504898071289,33.498224445843974,32.34825798351857,32.98030102829942,494000
2013-10-16,33.54210662841797,33.57722086568571,32.81350462284113,33.34898502080132,532500
2013-10-17,33.95469284057617,34.16537158107242,33.48944088569194,33.603557141511494,764600
2013-10-18,34.67451858520508,34.75352395137166,33.95469340398875,34.428725600988265,585500
2013-10-21,35.166107177734375,35.9473805889071,34.94664820386886,35.51723952671228,1347800
2013-10-22,35.97372055053711,36.131731305777144,34.27071983689078,35.91227229557474,2473100
2013-10-23,34.964210510253906,35.675255547901436,34.58674075131663,35.6401413031913,716100
2013-10-24,34.648189544677734,35.420682848256064,34.63063242204931,35.35923459339594,932700
2013-10-25,33.09441375732422,35.104658751207985,32.96273703421533,35.104658751207985,1712100
2013-10-28,31.900562286376953,33.69134863741696,31.066617366646472,33.37532712268298,1382500
2013-10-29,33.12074661254883,33.129526846412936,32.06734291028557,32.38336435583235,665000
2013-10-30,32.04978561401367,33.9810251660377,31.795215760889143,33.9810251660377,532800
2013-10-31,31.874223709106445,32.31314167252675,30.83837704754027,31.29485213133878,340300
2013-11-01,33.06806945800781,33.41920508009492,32.462364026018896,32.813499648106,726000
2013-11-04,35.824485778808594,35.96493939471996,33.98102830270874,33.98102830270874,1578100
2013-11-05,36.272178649902344,36.71109659421256,35.613801733437015,36.37751801890691,632700
2013-11-06,35.58747100830078,36.675985735254116,34.762303053791335,36.526755227800216,858900
2013-11-07,33.77912139892578,35.53479301019227,33.62111068601757,34.78863391487515,1016700
2013-11-08,35.29778289794922,35.41190250957102,33.53333410426301,34.0337003300253,386300
2013-11-11,36.50919723510742,36.60575972523902,34.91153607659843,35.22755755387333,549700
2013-11-12,35.05198669433594,35.78936896197229,34.69207412017284,35.38556526387284,468100
2013-11-13,35.99127197265625,36.122948697393355,34.38483066504776,34.61306987476831,615000
2013-11-14,35.9386100769043,36.78133530951965,35.6752599067591,36.70232992360818,764900
2013-11-15,35.63136291503906,36.272182784944306,35.552357542109455,36.184400525546316,387900
2013-11-18,34.91153335571289,36.31606942449395,34.69207438567347,36.21073005650491,596600
2013-11-19,33.57722473144531,35.70158610055284,33.384099752916136,35.50846447070202,893400
2013-11-20,34.02491760253906,34.929090845796985,33.735233500325755,34.25315680906171,422000
2013-11-21,34.832523345947266,34.85885734726208,33.84056799606449,34.28826611048244,320100
2013-11-22,34.40238571166992,35.078319717140765,34.103921389107185,35.02565170936253,220600
2013-11-25,33.656227111816406,34.87641842525166,33.37531990363036,34.87641842525166,493100
2013-11-26,33.91958236694336,34.095150235968575,32.47993186855801,33.305096499694386,638900
2013-11-27,34.367279052734375,34.428727301824225,33.70890208504734,34.349721931754644,351800
2013-11-29,33.89324951171875,34.22682813934758,33.54211376172223,33.92836375645414,286600
2013-12-02,33.603553771972656,34.209262624688904,33.48065729422671,33.70889648033592,331700
2013-12-03,33.3314323425293,33.5069968549005,32.69061249607481,33.23486985151808,313500
2013-12-04,33.47188186645508,33.99858203648545,32.7520567380305,33.032963941870435,212600
2013-12-05,32.655494689941406,33.38409671305814,32.40092148663879,33.38409671305814,202500
2013-12-06,31.540637969970703,33.14707561064557,31.408961271320404,32.883725562022526,867000
2013-12-09,30.223888397216797,31.751320891548207,30.109768799789922,31.70742976905418,1556800
2013-12-10,30.873489379882812,31.013946349460877,29.890314033585618,29.890314033585618,945700
2013-12-11,29.76741600036621,31.43530559271855,29.62696238670231,31.189509257298003,434500
2013-12-12,29.539180755615234,29.846421995509427,29.06514854376845,29.58307188293178,610900
2013-12-13,29.65329360961914,30.004429285161333,29.574288250056046,29.82886144739024,246600
2013-12-16,30.09221649169922,30.2677843584202,29.820089479526303,29.881537730576866,233800
2013-12-17,30.812042236328125,30.952495862270666,29.609407854902706,30.083440098213252,401900
2013-12-18,30.618925094604492,30.94372352446519,29.679640705160445,30.81204676574052,337300
2013-12-19,31.3387393951416,31.41774475276621,30.16243926421846,30.390675103646277,391400
2013-12-20,30.434572219848633,31.408970706263332,30.40823821167912,31.233406186895163,356100
2013-12-23,30.460908889770508,31.26851637642305,30.460908889770508,30.98760913335447,321400
2013-12-24,30.346172332763672,30.76418928723485,30.106035149946685,30.541840420860726,211000
2013-12-26,30.737510681152344,30.95096370800236,30.41732774810263,30.470689308427787,183200
2013-12-27,30.977642059326172,31.271140764281547,30.728609051102218,30.90648880189817,176000
2013-12-30,31.82256507873535,31.929294965348518,31.03989960021652,31.12883777962009,212600
2013-12-31,31.28893280029297,32.00934434995742,31.05768807892067,31.982660178860954,267400
2014-01-02,33.672515869140625,33.672515869140625,30.995433379325352,31.564649377930998,697800
2014-01-03,34.0104866027832,34.384031097321014,33.09440689864459,34.001590747518186,590200
2014-01-06,34.081634521484375,35.202274726215286,33.86818150624244,34.89988012731046,682600
2014-01-07,35.17559051513672,35.7359106168715,34.68642368025216,34.70421199696472,826300
2014-01-08,35.54914474487305,35.967158387743865,35.06887028597455,35.33568829888201,619500
2014-01-09,35.24674987792969,36.465220944891726,35.21117323835158,36.24287203669117,473600
2014-01-10,35.851531982421875,36.020515897331556,35.37125762285826,35.72701376889566,360800
2014-01-13,34.7042121887207,36.287335064366175,34.32177185922384,36.287335064366175,611200
2014-01-14,36.54526138305664,36.59862633467795,35.13112239645056,35.19337981028813,627800
2014-01-15,36.94548797607422,37.327928292743586,36.75871574498669,36.94548797607422,674500
2014-01-16,37.95940399169922,38.19064535190712,37.132265822904735,37.53249451631738,976700
2014-01-17,37.15005111694336,38.23511473234081,36.82986818828348,38.06612741289552,851900
2014-01-21,36.625308990478516,37.354613069460285,35.82485163902303,37.16784081837893,561600
2014-01-22,37.078895568847656,37.20341378338923,36.4918946999637,36.74092773627241,302800
2014-01-23,35.887107849121094,36.411851341255286,35.35347189461414,36.402958878882515,455000
2014-01-24,33.31675720214844,35.131124977265586,33.298968883634565,34.84651866659327,942700
2014-01-27,33.90375900268555,34.33066847953152,32.60524225318219,33.04104758589835,862600
2014-01-28,35.442405700683594,35.477982331318586,34.54411783018252,34.59748277613501,588400
2014-01-29,34.53522872924805,35.39794005305742,34.19725749087889,34.19725749087889,465600
2014-01-30,35.72701644897461,36.047199379369026,35.22006127344167,35.44241015368505,352300
2014-01-31,34.97992706298828,35.61139706129456,34.2861962575828,34.36624198925364,236800
2014-02-03,33.352325439453125,35.44240314321592,33.05882334705442,35.264526788424696,600700
2014-02-04,33.98379898071289,34.286193566313756,33.43237475736109,33.82370752993747,295300
2014-02-05,33.6191520690918,33.93933501905622,32.365104443581046,33.86818513727239,560200
2014-02-06,33.770347595214844,34.58858981152808,33.65472523237945,33.939331515686185,362100
2014-02-07,35.3267936706543,35.36236691549378,34.12610759698068,34.561912925819605,401700
2014-02-10,35.895999908447266,36.091667987703744,35.40683310308037,35.40683310308037,864300
2014-02-11,35.35346603393555,36.19839231581713,35.220055371037475,35.904890214551,573900
2014-02-12,35.76259231567383,36.305124114654625,35.62028917108662,35.95826041177171,352000
2014-02-13,37.319026947021484,37.407968515005386,35.131115266226054,35.30899500941996,619000
2014-02-14,36.91880416870117,37.5769583040063,36.38516824812092,37.40797438746992,376500
2014-02-18,38.91994857788086,39.13340500710417,37.45244792577936,37.54138612550375,1117900
2014-02-19,38.226219177246094,39.46247841156099,38.08391602925534,38.991099869986876,810800
2014-02-20,38.697593688964844,38.85768513787981,38.02165465459279,38.25289597370645,1013900
2014-02-21,38.501930236816406,39.38242984132854,38.341838782764306,39.177869292878505,355400
2014-02-24,39.87160110473633,40.173992311690405,39.11561290902759,39.53362987144566,663800
2014-02-25,39.6314697265625,39.862711093062465,39.017784582373146,39.80045367159036,648800
2014-02-26,40.91219711303711,41.73043942676589,39.90717914702248,40.02280152362326,1146000
2014-02-27,42.0328254699707,42.246281860613415,41.36577891427681,41.54365867435003,877700
2014-02-28,41.53477096557617,42.49531635144007,40.80546691932453,42.25517915678044,1035700
2014-03-03,40.62759017944336,40.98334976692127,39.73819460352345,40.41413374840164,716500
2014-03-04,43.322452545166016,43.349136716362345,42.01504351087789,42.192919890722905,1122600
2014-03-05,43.22461700439453,44.02507425708769,42.50420886974505,43.40249677085683,759900
2014-03-06,44.6832275390625,45.35916656764197,43.94502770952804,43.95392017093631,808500
2014-03-07,44.398616790771484,45.42142285906303,43.847192592111085,45.42142285906303,596400
2014-03-10,43.13568878173828,44.79885768788188,42.75324838297303,44.79885768788188,731700
2014-03-11,42.25517654418945,44.0784399398628,41.84605544944616,43.60705804196132,547000
2014-03-12,42.379695892333984,42.68209049062579,41.26795154461037,41.80158747440791,1013300
2014-03-13,40.94776916503906,42.6465144148619,40.28961500976014,42.6465144148619,1129900
2014-03-14,40.938873291015625,41.436935986473856,40.46749476732583,40.6453745437591,344600
2014-03-17,42.27296447753906,42.90443782292937,41.91720833467874,42.61982815875698,588300
2014-03-18,43.438072204589844,43.55369455851738,42.059509989885846,42.11287154341066,608000
2014-03-19,43.63374328613281,44.20295584808771,43.15346891469294,43.41139441707078,782600
2014-03-20,42.7799186706543,43.48254187207051,42.11287210057482,43.18904314547818,776300
2014-03-21,40.95665740966797,42.81549392766745,40.9121883183116,42.65540248456516,820500
2014-03-24,40.26293182373047,41.80158552198111,39.13339921206742,41.445825990216214,1038100
2014-03-25,39.69371795654297,40.90329625266782,39.16897453080569,40.725416492748124,1007200
2014-03-26,38.501930236816406,40.529750797777126,38.37741541539242,40.06726475193488,820100
2014-03-27,38.688697814941406,39.106714716100875,37.29234738361717,38.20842351055913,774100
2014-03-28,39.16008377075195,40.0227985132817,38.82211591499311,39.1067222107767,750200
2014-03-31,39.3201789855957,40.55643833693419,38.84880039940117,40.0761672874874,548600
2014-04-01,40.307403564453125,40.67205558171454,39.373538973200695,39.373538973200695,565600
2014-04-02,40.778778076171875,40.96555369025257,39.960535929815414,39.960535929815414,542500
2014-04-03,39.738189697265625,41.09007121288742,39.17786960363879,41.08117535827262,620000
2014-04-04,39.071144104003906,40.65426698876895,38.519719850789315,40.11173519762375,458700
2014-04-07,37.01663589477539,38.75985347125868,36.37627350872824,38.06612274661077,1391900
2014-04-08,37.74594497680664,37.9594013962903,37.00774845300729,37.336823848302195,674000
2014-04-09,38.884376525878906,38.91994977119446,37.85267777067907,38.25290307448487,412400
2014-04-10,36.660884857177734,38.87547782842744,36.37627855880649,38.86658536594227,578000
2014-04-11,35.629188537597656,36.74093302449852,35.30010972667706,35.75370337728656,610100
2014-04-14,35.2734260559082,36.10945662019068,34.58859110092989,35.558032349824565,525700
2014-04-15,34.544124603271484,35.46909682449583,33.05883221439347,35.1844905091614,898900
2014-04-16,36.33180618286133,36.35849035595056,34.95324378462421,35.14891188766325,728900
2014-04-17,36.04719924926758,36.59862691307871,35.620289807874045,36.2784439838399,320900
2014-04-21,36.607513427734375,36.67866668612687,35.593603245060066,36.05608924628896,365600
2014-04-22,38.53750991821289,38.599767333850174,36.687565588491644,37.08779425528467,620900
2014-04-23,38.252899169921875,38.70649277733901,38.119491879862125,38.59976626673628,367600
2014-04-24,38.83100509643555,39.44468673372163,37.73704910330415,38.95551991622336,1221500
2014-04-25,37.657005310058594,38.617550678274384,37.38129148582443,38.244006199738955,577200
2014-04-28,36.02051544189453,37.49691174157973,34.997709325323584,37.49691174157973,744800
2014-04-29,36.073883056640625,36.35848934802135,35.549139570762165,36.0560947393325,648700
2014-04-30,36.358482360839844,36.3762706747295,35.42461793466356,35.70032831801835,171800
2014-05-01,36.785400390625,37.61253852129351,36.10056541185781,36.10056541185781,288000
2014-05-02,36.51857376098633,36.87432986014502,36.30511738727195,36.776495830224846,232600
2014-05-05,36.28733825683594,36.33180735638807,35.57582248567735,36.06498936630045,227600
2014-05-06,35.718116760253906,36.66976950373942,35.566921180809466,36.02051131191676,176200
2014-05-07,34.65084457397461,36.81207570508403,33.99269386645135,36.162817458895184,624200
2014-05-08,33.95712661743164,35.30900842964415,33.708096917973485,34.81984149451911,545000
2014-05-09,33.974910736083984,34.62416908135929,33.69919689379936,34.12610635126361,518200
2014-05-12,35.73590850830078,35.8426350095043,34.739786580594554,34.739786580594554,584400
2014-05-13,35.40683364868164,36.00272696429162,35.22005802797948,35.75369732705453,371800
2014-05-14,35.14890670776367,35.70033090724011,34.97992280271705,35.30899815160751,219200
2014-05-15,33.94822311401367,34.890983523966256,33.40569473279532,34.75757624049595,519500
2014-05-16,33.50352096557617,33.71697734086516,32.95209680250944,33.58356668221279,493500
2014-05-19,33.52131271362305,33.885964706151896,33.236706445930984,33.4056937499055,282000
2014-05-20,32.84537124633789,33.69029752538472,32.551869146056475,33.450160368638315,559400
2014-05-21,34.55301284790039,34.677531064335504,33.33454199708281,33.33454199708281,690000
2014-05-22,35.415733337402344,35.64697809868972,34.95324720760262,35.08665790778957,519800
2014-05-23,36.002723693847656,36.002723693847656,35.344573028714024,35.62028341838864,191000
2014-05-27,36.25176239013672,36.54526456040998,36.020521031888755,36.216189145404265,261700
2014-05-28,36.2161865234375,36.394062912546616,35.77148876511543,36.17171403338558,186100
2014-05-29,37.247886657714844,37.247886657714844,36.260657052416505,36.305126151449585,257600
2014-05-30,36.278446197509766,37.35461402540425,36.05609730450141,37.35461402540425,889400
2014-06-02,36.24287033081055,36.74982554622443,35.71812679644487,36.45632676545715,163900
2014-06-03,35.51355743408203,35.851528625025736,35.13111715314486,35.851528625025736,252800
2014-06-04,35.69144058227539,35.87821281368067,34.76646849420962,35.15780127326464,426400
2014-06-05,35.78927993774414,36.02052129769853,35.25564054952069,35.807064863854166,281800
2014-06-06,35.433509826660156,36.07387554531677,35.28231085741116,35.833738400820536,502200
2014-06-09,35.69144058227539,36.09166921583985,35.38904599166829,35.43351508589225,201600
2014-06-10,35.629188537597656,35.967156418817574,35.353474683447274,35.620292681748495,157800
2014-06-11,35.95825958251953,36.08277440706501,35.22895555923212,35.3534703837776,352400
2014-06-12,36.4741096496582,37.0433256459237,35.94047368207931,35.94047368207931,382700
2014-06-13,37.35460662841797,37.35460662841797,36.38516551115996,36.50078786260565,404600
2014-06-16,38.02165603637695,38.110594225551104,36.98995743519443,37.18562552270688,829500
2014-06-17,39.38243103027344,39.5158417102693,37.710369959565966,38.18174848140882,1186500
2014-06-18,39.560306549072266,39.604775640027555,38.70648778874371,39.204550428655786,804000
2014-06-19,39.22233581542969,39.71150600005487,38.78653396902169,39.667033515798614,354000
2014-06-20,39.8182373046875,39.82712976694765,39.09782572172913,39.16008313587403,305600
2014-06-23,39.36464309692383,39.764871748036015,39.168978395204746,39.764871748036015,375300
2014-06-24,38.11949157714844,39.684826160397996,38.02165752955011,39.17787099809262,563200
2014-06-25,38.911048889160156,39.03556370276159,37.82598541159183,37.88824281839255,343500
2014-06-26,39.40021514892578,39.50694164588576,38.991094083267406,39.13339721013876,177400
2014-06-27,39.49805450439453,39.71151091983697,39.08003752857268,39.08003752857268,258400
2014-06-30,39.640357971191406,39.86270685072144,39.266813482112795,39.49805482400318,219500
2014-07-01,39.46247863769531,40.02279877045865,39.3646445867458,39.809342350862,348000
2014-07-02,39.32906723022461,40.02279458399269,39.22233733520311,39.89827976590861,288300
2014-07-03,39.755977630615234,40.00500727303876,39.418006406773,39.87159999007233,139900
2014-07-07,38.40409851074219,39.667038510275084,38.208430412255545,39.631465268274944,300700
2014-07-08,37.025535583496094,38.24400646748321,36.34070064194542,38.16396073684029,795300
2014-07-09,37.6036376953125,37.77262499839076,37.1589399803054,37.265669874704614,358900
2014-07-10,37.17673110961914,37.505806493652415,36.011625179499454,36.42963875615538,268200
2014-07-11,37.48802185058594,37.68368655437857,36.99885160916788,37.132262291877275,114400
2014-07-14,37.683685302734375,38.15506721128284,37.470232288818586,37.78151934776848,269600
2014-07-15,37.416866302490234,38.23511188056698,37.11447171384058,37.87045988185191,192500
2014-07-16,37.336830139160156,38.163968390764474,37.32793767520512,37.772635514012805,138700
2014-07-17,36.002723693847656,37.31013595612728,35.85152811148081,36.91879982713254,309200
2014-07-18,37.123374938964844,37.22120560793834,36.465220682604134,36.527478105030475,321200
2014-07-21,37.23009490966797,37.354609732599386,36.46521426277559,36.61640986411389,128300
2014-07-22,37.808197021484375,38.24400226100014,37.59474402509746,37.62142480145228,333700
2014-07-23,36.98995590209961,37.88824378951581,36.95437927079469,37.88824378951581,384200
2014-07-24,36.812076568603516,37.35460832763448,36.71424252775868,37.12336700699841,219100
2014-07-25,36.66976547241211,36.88322182361452,36.3940517256035,36.78538780401231,166100
2014-07-28,36.75871658325195,37.176730149107925,36.32291130800164,36.66977500015266,199600
2014-07-29,36.42074966430664,37.04332724860096,36.34959638940448,36.5719452843114,144300
2014-07-30,36.091670989990234,36.90991322081136,35.91379121157599,36.58973029822064,182100
2014-07-31,35.059967041015625,35.842635987674385,34.76646830650259,35.65586375727751,368600
2014-08-01,34.339561462402344,34.90877405057413,33.61914987206168,34.57080280405664,787700
2014-08-04,34.384029388427734,34.748681402351956,34.001589057632266,34.508544213751925,307200
2014-08-05,35.13112258911133,35.549139563834196,34.71310561438845,34.766470566302424,214900
2014-08-06,35.255638122558594,35.709231740962345,34.64195643076051,34.74868294394829,159400
2014-08-07,36.02051544189453,36.64309293055622,35.682544223574006,35.7981665811421,280500
2014-08-08,35.9048957824707,36.72314141577102,35.718123539669136,36.38517017205297,151900
2014-08-11,36.829864501953125,37.09668245153879,36.29622860278179,36.29622860278179,181300
2014-08-12,36.20729064941406,37.2212009950151,35.940472673115046,36.86544482420796,146800
2014-08-13,37.123374938964844,37.29235888658277,36.5541588881346,36.78540365095393,160100
2014-08-14,37.336830139160156,37.47024084791257,36.81208655365608,37.30125349778948,108400
2014-08-15,37.56806564331055,37.906033474594075,37.123367914256455,37.73704955895231,107400
2014-08-18,38.155067443847656,38.26179395145608,37.825988673495395,38.06612586019522,188700
2014-08-19,38.715389251708984,38.866588267441905,38.43078293209108,38.43078293209108,187900
2014-08-20,38.75985336303711,38.955518044972926,38.23510993858456,38.439670474520405,204300
2014-08-21,38.83989334106445,39.08892634637581,38.60865204267607,38.928834911809226,132600
2014-08-22,38.93772888183594,39.02667045602835,38.466350413325685,38.839894846611365,98300
2014-08-25,39.25791931152344,39.57810225462958,39.15119279474632,39.29349594804074,143900
2014-08-26,39.23123550415039,39.578099201499384,39.17787055349111,39.4357960591825,93100
2014-08-27,38.90215301513672,39.249016649103666,38.662015870211775,39.249016649103666,153700
2014-08-28,38.28847885131836,38.59976933844567,38.01276839425616,38.51082774522006,170900
2014-08-29,38.59086608886719,38.67980766505191,38.25289488491368,38.57307777363024,104600
2014-09-02,38.52860641479492,38.64422876064442,38.261788487489504,38.64422876064442,123800
2014-09-03,39.02667236328125,39.34685526047313,38.69759361184832,38.89326169185986,116000
2014-09-04,39.69371795654297,40.42302191871691,39.302381806164796,39.302381806164796,365900
2014-09-05,40.342979431152344,40.342979431152344,39.578098777110334,39.76487101325329,186000
2014-09-08,40.62759017944336,41.17901448653674,40.369664648160615,40.50307534165855,381800
2014-09-09,39.45358657836914,40.912194716730355,39.22234183871204,40.83214898266055,256400
2014-09-10,40.16510009765625,40.16510009765625,39.373538656273055,39.684825719926714,113400
2014-09-11,40.26293182373047,40.30740091700749,39.73818838040314,39.73818838040314,114800
2014-09-12,40.387447357177734,40.760995211422916,39.87159975903602,40.165098494081015,177300
2014-09-15,38.724273681640625,40.405230321142646,38.4485599065239,40.39633446784349,281900
2014-09-16,38.70649337768555,38.839900669814476,37.9682934686951,38.51972113304025,199800
2014-09-17,39.106719970703125,39.60477926340771,38.90215941937453,38.90215941937453,181000
2014-09-18,39.471370697021484,40.120628963059865,39.35574833949361,39.7737652832506,132400
2014-09-19,38.79542922973633,39.69372054925697,38.4218847630026,39.69372054925697,190100
2014-09-22,37.6125373840332,38.52861368465083,37.20341625878404,38.51082536710417,235000
2014-09-23,37.6125373840332,38.377418074666224,37.29235445374267,37.29235445374267,138100
2014-09-24,38.31515884399414,38.73317241182083,37.763731204502285,37.941610978765,203300
2014-09-25,37.18561935424805,37.93271155481415,37.06999701328188,37.825981674180504,162800
2014-09-26,37.53248977661133,37.60363965046917,37.158941912340545,37.158941912340545,117700
2014-09-29,36.95438003540039,37.3546086639259,36.26954513609549,36.83875767765427,178900
2014-09-30,36.15392303466797,37.176725671308375,36.020512372475096,37.08778749169584,180800
2014-10-01,35.05107498168945,36.1361385297784,34.76646870559636,36.1361385297784,246000
2014-10-02,35.00660705566406,35.41572816710694,33.966012567335945,34.97992627663178,235300
2014-10-03,35.61139678955078,36.13614027254993,35.44240947243817,35.58471261734771,220300
2014-10-06,34.01937484741211,35.97604545183119,33.57467713698842,35.97604545183119,417600
2014-10-07,33.61025619506836,34.22393785836796,33.53910292773097,33.79702843266721,242000
2014-10-08,34.0727424621582,34.161680654097616,32.800906639332275,33.636937178996185,330000
2014-10-09,32.12496566772461,33.725876946862435,32.044919934128984,33.725876946862435,442300
2014-10-10,31.093263626098633,32.08938895714582,30.995429585301647,31.76031020305153,364200
2014-10-13,29.679128646850586,31.62690707885133,29.581294593198976,31.413450653359202,510500
2014-10-14,30.097143173217773,30.719720687654906,29.26111264357474,30.27502294773903,384300
2014-10-15,30.17719268798828,30.444010686856515,28.665219504035043,29.55461509544578,591000
2014-10-16,31.40455436706543,31.929297815037614,29.581290991599356,29.581290991599356,300400
2014-10-17,31.920406341552734,33.041046655391845,31.626907568825715,32.667498753187196,439100
2014-10-20,33.03215026855469,33.058831049434936,31.76031435738311,31.786998531038133,279500
2014-10-21,33.94822311401367,34.1349987393112,33.263391594762325,33.476844605424596,309600
2014-10-22,32.961002349853516,34.24173079993252,32.90763739214294,34.17057752298508,197600
2014-10-23,33.352325439453125,33.73476570924744,32.9965659443227,33.43237115621877,255400
2014-10-24,33.29896545410156,33.42348367087429,32.97878593215233,33.290072992147905,282900
2014-10-27,32.5429801940918,32.809798154987966,32.24058560033629,32.809798154987966,147200
2014-10-28,33.62804412841797,33.62804412841797,32.7742218939787,32.83647930580168,169400
2014-10-29,33.201133728027344,33.699193007916605,32.91652406309498,33.64583145237098,106700
2014-10-30,33.16555404663086,33.35232625941782,32.72974882402054,33.085508327897294,178500
2014-10-31,34.10831832885742,34.12610664716952,33.432379196871686,33.57468235059367,151800
2014-11-03,33.9393310546875,34.508543613569344,33.859285326546335,34.02826924472236,210600
2014-11-04,33.50352096557617,34.108310070658646,33.2278105804298,33.85928046013315,275100
2014-11-05,32.703067779541016,33.86817692201269,32.48961140041698,33.86817692201269,187000
2014-11-06,32.80091094970703,33.307866174484765,32.64971193221148,32.88095669008114,133200
2014-11-07,32.25837707519531,32.51630259951745,31.947086596359178,32.329526955105855,176000
2014-11-10,31.831462860107422,32.10717326862043,31.706948044291966,32.06270417622552,226200
2014-11-11,31.69805145263672,32.036022653968224,31.493490918160177,31.920400302212197,218500
2014-11-12,30.995431900024414,31.955980671101557,30.879812927515736,31.867042477975712,326400
2014-11-13,30.452899932861328,31.38676442259045,30.239443544432923,31.38676442259045,304300
2014-11-14,31.084373474121094,31.102161791294424,30.070463144663297,30.648568185310936,226000
2014-11-17,30.781980514526367,31.191101653076775,30.61299318872637,30.888707030501525,123500
2014-11-18,32.31174087524414,32.542982217659876,31.360084547340886,31.360084547340886,301700
2014-11-19,32.436256408691406,32.97878823058752,32.15165010749586,32.70307439196539,206900
2014-11-20,32.792015075683594,33.00547151415576,32.1427566897943,32.436258868596646,98400
2014-11-21,33.699195861816406,33.99269801327087,33.52131607845988,33.56578856888002,194700
2014-11-24,33.716983795166016,33.957120991044334,33.54799986892926,33.957120991044334,135000
2014-11-25,33.476844787597656,33.97490746981068,33.263391775773826,33.74366274876467,143700
2014-11-26,33.432373046875,33.752555932044466,33.30785823437003,33.441265508007845,395700
2014-11-28,31.778100967407227,32.79201129965357,31.72473601574046,32.79201129965357,193700
2014-12-01,30.132720947265625,31.440130045019917,30.06156767765402,31.41344926530288,272500
2014-12-02,30.710830688476562,30.87092217679257,30.15051387214569,30.15051387214569,159100
2014-12-03,31.10215950012207,31.306720043384342,30.86202232513392,30.86202232513392,133100
2014-12-04,31.00432586669922,31.18220563489182,30.862022730700016,31.111052370505025,92200
2014-12-05,31.315616607666016,31.431238979535916,31.06658693850757,31.06658693850757,106600
2014-12-08,30.346172332763672,31.377870937028632,30.23944582688094,31.13773375421164,162800
2014-12-09,30.43511199951172,30.49736940675628,29.643550627881506,30.132717424563456,453300
2014-12-10,30.31949234008789,31.1288420989496,30.19497751453602,31.03100805236612,206600
2014-12-11,30.497373580932617,31.164420229372396,30.435116165166882,30.54184267894033,244700
2014-12-12,29.892581939697266,30.363960447592675,29.80364035807351,30.132719120919763,131600
2014-12-15,29.33226203918457,30.266126599217717,29.30558126091274,30.03488527105477,181500
2014-12-16,28.843097686767578,29.73249322840636,28.69189868044612,28.860886004733324,217900
2014-12-17,29.430097579956055,29.714703871911492,28.754158484755546,28.816415899072386,126400
2014-12-18,29.972627639770508,30.30170300954589,29.759171236840213,30.114930777465897,398400
2014-12-19,30.42622184753418,30.577420859731106,29.97263159649315,29.97263159649315,111800
2014-12-22,30.417327880859375,30.488477759195018,30.212767315579182,30.426220343360814,63000
2014-12-23,30.65746307373047,30.737508802099523,30.159400386903634,30.737508802099523,326900
2014-12-24,30.920263290405273,31.03807300259728,30.58496244781484,30.775268051153258,54200
2014-12-26,31.273685455322266,31.436805513268396,30.865888767415736,30.865888767415736,105400
2014-12-29,30.775272369384766,31.47306313649532,30.69371231980146,31.264632666884584,248300
2014-12-30,30.49434471130371,30.748085540648297,30.39465982635847,30.621215125976004,161100
2014-12-31,30.90213966369629,31.047134908627207,30.503403604376096,30.784333403849455,149700
2015-01-02,30.793392181396484,31.2374420359533,30.20435054787476,31.047132980023743,119300
2015-01-05,29.986858367919922,31.01088924821352,29.832798972868613,31.01088924821352,140800
2015-01-06,29.406875610351562,30.17716216843432,28.926577801441017,30.17716216843432,155600
2015-01-07,29.415935516357422,30.041230275907942,29.34343962735624,29.74217565926046,78400
2015-01-08,30.104665756225586,30.177161645903652,29.64249106381134,29.869046336613863,139800
2015-01-09,30.304035186767578,30.45809458586128,29.986859154750366,30.31309933451634,95200
2015-01-12,30.068416595458984,30.52152714878783,29.542806694257116,30.52152714878783,103400
2015-01-13,30.648399353027344,30.992764361757814,30.240599139656968,30.449029591610852,215700
2015-01-14,30.630273818969727,30.729958697412794,30.014043167648314,30.18622739658063,120500
2015-01-15,29.47031021118164,30.766206644219785,29.452185374577578,30.639336244950446,118900
2015-01-16,29.7059268951416,29.77842624332001,29.488435764524763,29.606242019875886,112500
2015-01-20,29.071578979492188,29.75124490811169,28.790649151157307,29.75124490811169,185000
2015-01-21,29.452186584472656,29.73311637793757,28.999076021634615,28.999076021634615,78800
2015-01-22,29.56999969482422,29.651559743780474,29.098764240516942,29.461250658242786,114500
2015-01-23,30.077478408813477,30.358408206874984,29.72405271713051,29.7421775547757,612900
2015-01-26,31.12869644165039,31.264631002706825,30.430909168641865,30.430909168641865,250100
2015-01-27,31.608999252319336,31.690559305895704,30.847773237926514,31.06526440949027,209400
2015-01-28,30.584964752197266,31.763051592001123,30.52152954630502,31.717741224500866,169600
2015-01-29,30.8477725982666,30.9655788733542,30.186231491624827,30.74808770630035,279700
2015-01-30,30.65746307373047,31.11963433780992,30.494342990653173,30.648398926359878,217800
2015-02-02,31.618053436279297,31.717738309794967,30.838702741839445,30.92026277862871,426600
2015-02-03,33.149574279785156,33.17675981048025,32.03491912385129,32.14366816055096,360300
2015-02-04,33.10425567626953,33.77486081132136,32.9592604385501,33.18581571354665,245900
2015-02-05,33.45768356323242,33.50299738679366,33.176757216125274,33.34893799199609,182900
2015-02-06,33.566436767578125,33.8745521385479,33.43956634252466,33.5301870870029,117600
2015-02-09,33.72048568725586,33.91079128512006,33.44862005359855,33.530180089391656,210200
2015-02-10,34.1645393371582,34.31859527913809,33.593619023139716,34.13735035089863,149000
2015-02-11,34.29140853881836,34.42734309443722,33.90173316680093,34.3729685807978,162600
2015-02-12,34.92576599121094,34.952951521072265,34.30047114872406,34.30047114872406,223900
2015-02-13,35.15231704711914,35.33356195721397,34.88951210032958,35.188566720529934,326800
2015-02-17,35.161380767822266,35.279190488082705,34.91670063664724,35.15232007716812,155200
2015-02-18,35.24293899536133,35.55105431611543,35.13419342831848,35.27012452288223,140200
2015-02-19,34.780765533447266,34.89857178319432,34.38202605135255,34.71733033528839,168800
2015-02-20,34.835140228271484,34.87138990442746,34.39109379471867,34.66295945196969,153800
2015-02-23,34.5451545715332,34.77170989380158,34.363909622326524,34.69921398829483,178400
2015-02-24,35.777610778808594,36.19447168037128,35.47855959532558,35.47855959532558,311100
2015-02-25,35.93166732788086,36.11290877893451,35.705112057104714,35.92260318115272,187500
2015-02-26,35.7685546875,35.958860324818936,35.59637043348399,35.94979617620767,101100
2015-02-27,35.79573440551758,35.92260480979074,35.56917912447,35.72323505624191,94200
2015-03-02,36.71101379394531,36.774452448848976,35.9769769443118,36.05853697837764,136500
2015-03-03,37.26381301879883,37.65348839297964,37.164128138386154,37.39068342770247,240500
2015-03-04,38.885948181152344,38.93125854583068,38.405652093035364,38.686578428216585,361500
2015-03-05,40.888694763183594,40.96119410999052,40.07309785336042,40.23621792671688,844800
2015-03-06,39.68342590332031,40.70745333742496,39.64717622681411,40.70745333742496,609600
2015-03-09,39.049068450927734,39.64717425570689,38.99469393887172,39.59279974365087,481700
2015-03-10,38.287845611572266,38.74095621052579,38.22441040427554,38.67752100322905,436500
2015-03-11,38.686580657958984,38.82251521678796,38.233470071141646,38.48721435049177,248400
2015-03-12,39.09438705444336,39.221257485684376,38.849706884067125,38.96751662320234,111700
2015-03-13,38.7772102355957,39.03095109323063,38.3422244266673,39.03095109323063,191600
2015-03-16,39.11250305175781,39.420618368085584,38.740952534153074,39.12156374181487,152400
2015-03-17,39.69248962402344,39.71061446366016,38.55971307392596,38.77720769260694,146800
2015-03-18,40.39934158325195,40.54433683276689,39.61092667311503,39.80123228992349,166800
2015-03-19,40.29058837890625,40.489958122692464,40.054972419216334,40.22715317987593,154400
2015-03-20,41.08806610107422,41.08806610107422,40.49902098481417,40.59870586205442,168400
2015-03-23,41.205875396728516,41.37805616487319,40.798075201691944,41.15150088507057,144800
2015-03-24,41.6771125793457,41.813043678876156,41.097128134353895,41.11525297234983,359100
2015-03-25,39.90092086791992,41.74055237167364,39.88279602793183,41.704302691697464,718100
2015-03-26,39.71060562133789,39.97341055211231,39.27561993779347,39.64717042521426,461200
2015-03-27,40.281532287597656,40.299657126098126,39.810296857463825,39.810296857463825,95800
2015-03-30,40.662139892578125,40.79807444070788,40.23621832522594,40.76182476694539,166000
2015-03-31,40.26340866088867,40.39934322525364,39.88279395484252,40.18184861366161,86900
2015-04-01,40.87057113647461,40.888695973712935,39.964350016313674,40.26340464530721,181500
2015-04-02,41.414302825927734,41.50492354847135,40.92494262749064,41.060877168265044,137500
2015-04-06,41.84022521972656,42.021470125452645,41.23305876104709,41.332743632044384,299000
2015-04-07,41.54117965698242,42.03053993124477,41.54117965698242,41.87648053069869,150500
2015-04-08,42.24802780151367,42.365837515494654,41.86741658905715,42.229902964212044,136900
2015-04-09,43.226749420166016,43.2629990957304,42.556144250062125,42.583333235215086,362300
2015-04-10,43.51673889160156,43.67079482370323,43.118002840609655,43.40799332441454,315800
2015-04-13,43.98797607421875,44.08766095524532,43.625486226296566,43.95172639803465,378600
2015-04-14,43.770477294921875,44.09671743551095,43.30830606706005,43.9426615118767,223800
2015-04-15,44.178279876708984,44.35952479323605,43.54392439734388,43.906414230398006,437300
2015-04-16,44.57701873779297,44.857948548968686,44.1782826618631,44.404837957564965,354500
2015-04-17,43.498619079589844,44.0151649046032,43.308313450786954,44.0151649046032,315900
2015-04-20,43.498619079589844,43.824859275800314,43.353623820936264,43.598303968094115,206400
2015-04-21,43.906410217285156,44.03328061017018,43.507670745979155,43.67079081024817,304200
2015-04-22,44.42295837402344,44.459208047397574,43.84297742787373,43.90641262779891,344400
2015-04-23,45.265743255615234,45.31105361784127,44.67669817579968,44.82169340909841,413700
2015-04-24,43.96078872680664,44.98481964693201,43.96078872680664,44.803574716216794,439200
2015-04-27,43.79766845703125,44.46827015097664,43.68891943345154,44.14202999415597,380100
2015-04-28,44.214534759521484,44.214534759521484,43.08175821899445,43.49861915623808,293000
2015-04-29,43.54391860961914,43.888283559552704,43.34455233920185,43.697977978125785,154300
2015-04-30,42.5923957824707,43.580177014427655,42.24803076351484,43.41705692423591,434100
2015-05-01,43.036441802978516,43.22674740538248,42.13928138785252,42.44739670187003,192700
2015-05-04,42.9730110168457,43.27206569565376,42.85520474061205,42.85520474061205,156000
2015-05-05,42.30240249633789,43.1180028936418,42.075847214526725,42.77363789734023,202700
2015-05-06,41.205875396728516,42.393022850440374,40.915884915137894,42.075846841500386,414500
2015-05-07,41.32368469238281,41.35993436948744,40.825263731552305,41.07900801432525,267400
2015-05-08,42.6286506652832,42.646775506068906,42.09397996146459,42.1483510268618,193000
2015-05-11,42.79176712036133,42.991133438055506,42.47458761914306,42.50177660647923,210400
2015-05-12,42.6286506652832,42.66490034685461,42.166475867647506,42.37490635124325,106800
2015-05-13,43.272056579589844,43.41705181414362,42.84613156566855,42.91863091142497,187600
2015-05-14,43.643611907958984,43.7614216293547,43.2267509946627,43.543927025005644,963900
2015-05-15,43.89734649658203,43.96984584005295,43.41705044544358,43.716105051822666,158100
2015-05-18,43.67079544067383,44.006099751089714,43.571114019237015,43.897350725407065,181800
2015-05-19,43.063629150390625,43.83391573951814,42.728328295271986,43.83391573951814,235800
2015-05-20,39.71060562133789,40.04590643755692,38.650328665878156,39.601860064691515,1620400
2015-05-21,40.77994918823242,41.18774937150657,39.79216805850576,39.79216805850576,339700
2015-05-22,40.118412017822266,40.979322829449934,40.118412017822266,40.852452417476066,243400
2015-05-26,39.801231384277344,40.47183655862446,39.69248581385543,40.390276516568186,446100
2015-05-27,39.592803955078125,40.05497871431695,39.348123810238675,39.8102985694775,533100
2015-05-28,38.59595489501953,39.57467183741684,37.97066361118122,39.139686145578146,423500
2015-05-29,38.50533676147461,38.74095273070456,37.916291652960915,38.35127737404951,302200
2015-06-01,37.95254135131836,38.831573484155065,37.880042002611425,38.52345816606902,291800
2015-06-02,37.916290283203125,38.09753519134888,37.39974454201111,37.77129504807833,247100
2015-06-03,37.83473205566406,39.0762540318175,37.38162149212317,39.0762540318175,145200
2015-06-04,37.46318817138672,38.27878871309175,37.345378436038246,37.84379945287582,112400
2015-06-05,37.92535400390625,38.061288560118996,37.182252932384486,37.39068338347382,201000
2015-06-08,37.182254791259766,38.32409544104532,37.0463236852107,37.81661032370068,133900
2015-06-09,36.29415512084961,37.15506587520348,36.04947500390951,36.81070088207009,218000
2015-06-10,37.13694381713867,37.372563261584375,36.52071313360919,36.6747725329713,152800
2015-06-11,38.54158401489258,38.54158401489258,37.0644460442883,37.18225230359045,285900
2015-06-12,38.369407653808594,38.4781532352662,38.07941713194852,38.224412392878556,137100
2015-06-15,38.523460388183594,38.54158522640581,37.27287766348562,37.997853907577074,193000
2015-06-16,38.469085693359375,38.54158158243458,38.12472071361466,38.31502631151604,126800
2015-06-17,38.51439666748047,39.12156314383918,38.44189732029541,38.70470226840253,180400
2015-06-18,38.75907516479492,38.95844490429258,38.55970542529726,38.65032960550484,103100
2015-06-19,38.695640563964844,39.04000554014705,38.17909482817106,39.04000554014705,168300
2015-06-22,38.605018615722656,39.13062852856389,38.360341953630915,38.97656913940174,241200
2015-06-23,38.822513580322266,38.83157427061453,38.48721272815984,38.64126866184337,94700
2015-06-24,38.57783508300781,38.96751046420663,38.523460568087245,38.53252471572039,86000
2015-06-25,38.22441101074219,38.650336086743245,38.08847644611559,38.36034557536878,103600
2015-06-26,37.27287673950195,38.124723373072456,36.982886249054154,38.124723373072456,179700
2015-06-29,35.37887191772461,36.60226899725843,35.27012289873029,36.2941536906927,1038700
2015-06-30,35.541996002197266,36.04947765363263,35.27012688097463,35.886357563682836,175900
2015-07-01,35.1976318359375,36.21259862034151,35.13419662797222,35.868237050518445,134400
2015-07-02,34.93482208251953,35.614487895241545,34.75357717440185,35.26106222573955,186000
2015-07-06,32.95926284790039,33.983293733690914,32.83239243774145,33.73861360397321,421600
2015-07-07,32.71458053588867,32.75083020979009,31.42774822502091,32.58771013419288,368400
2015-07-08,30.51246452331543,32.06210532026125,30.467154157114997,32.06210532026125,663800
2015-07-09,31.926164627075195,32.85051043909299,31.835543912095655,32.35208959278815,395900
2015-07-10,33.06801223754883,33.70236429526274,32.56052713441826,32.56052713441826,236800
2015-07-13,33.86548614501953,33.95611034152061,33.43956452082312,33.557370790835094,213800
2015-07-14,34.309532165527344,34.62670817482883,34.101101722706474,34.101101722706474,213100
2015-07-15,33.584556579589844,34.34578247289981,33.29456609232503,34.25515828503,236100
2015-07-16,33.99235153198242,34.19172127781663,33.72955004342536,33.965166005535615,209300
2015-07-17,33.965171813964844,34.354847225483844,33.8020517134704,34.18266643361068,129600
2015-07-20,34.12828826904297,35.025448725932165,34.11922757863207,34.63577335603638,246800
2015-07-21,33.584556579589844,34.101102351090255,33.575492432323216,34.101102351090255,149400
2015-07-22,33.185813903808594,33.64798857549469,32.941133805320476,33.50299334568236,191900
2015-07-23,32.51521301269531,33.29456368728262,32.506148866083436,33.004569764006305,260900
2015-07-24,32.1436653137207,32.614900726804954,31.962420392233014,32.56958690371353,280700
2015-07-27,31.33712387084961,31.708674342944853,30.88401337039401,31.50930461651758,191000
2015-07-28,31.96241569519043,32.207095784697906,31.110569183428698,31.62711488673597,201600
2015-07-29,32.841461181640625,32.85958256537717,31.94430058044658,32.234291117669734,88600
2015-07-30,32.66926956176758,32.79613996109357,32.37927908989127,32.714579924818416,115600
2015-07-31,32.007728576660156,32.66926955658295,31.908043703788664,32.56958468371145,182400
2015-08-03,31.010889053344727,31.88992122361482,30.85682965926151,31.71774044854239,212600
2015-08-04,30.748085021972656,31.11057487802984,30.557779403174393,31.11057487802984,198400
2015-08-05,32.252410888671875,32.49709101417309,31.355250428500753,31.355250428500753,431200
2015-08-06,30.729957580566406,32.60583499430778,30.5849623418169,32.406465244667515,572800
2015-08-07,30.168102264404297,30.86589294973341,30.041231859246146,30.86589294973341,154600
2015-08-10,30.956514358520508,30.983699886804757,30.358408537551597,30.684648704799976,411500
2015-08-11,29.7059268951416,30.693708043837653,29.615306166877783,30.603087315573834,466400
2015-08-12,29.99591827392578,30.113727989770826,28.482530633365794,29.40687660861915,295600
2015-08-13,30.18622589111328,30.702771638230118,30.07747687080301,30.24059694430929,176200
2015-08-14,30.059354782104492,30.4671550031512,29.9687340471872,30.131854135605884,54600
2015-08-17,30.439970016479492,30.45809485517781,29.73311859204274,30.041233935995084,131600
2015-08-18,30.00498390197754,30.394659286961105,29.597183678511083,30.394659286961105,148300
2015-08-19,28.863142013549805,29.62436613766564,28.645649159733914,29.560930938029284,209400
2015-08-20,27.231945037841797,28.55502882399503,27.231945037841797,28.45534394375289,410300
2015-08-21,25.510122299194336,26.878516296799592,25.428562266136577,26.74258348452982,329400
2015-08-24,24.486095428466797,25.936049586961047,23.117701310220824,23.235509296979647,377300
2015-08-25,25.047954559326172,26.461660940423773,24.975456929152948,24.975456929152948,369500
2015-08-26,25.555435180664062,26.461656261843927,24.776084497735923,25.546372762434718,369000
2015-08-27,26.90570831298828,26.98726836048227,26.153544774916913,26.371037658740946,237500
2015-08-28,27.27725601196289,27.59443374912703,26.588527754500056,26.588527754500056,125300
2015-08-31,26.796958923339844,27.213821547950836,26.506968434121582,26.86039412679638,87800
2015-09-01,26.16260528564453,26.787896632837413,25.963235526992015,26.325723640251585,126000
2015-09-02,26.579465866088867,26.72446110965968,26.117292879027044,26.679150744223666,103400
2015-09-03,26.98726463317871,27.37693824924441,26.72445968788836,26.72445968788836,85000
2015-09-04,26.36197280883789,26.84227062996978,26.280412768863048,26.570403253893762,87100
2015-09-08,27.35881805419922,27.440378099112916,27.096013080926255,27.241008332221774,161600
2015-09-09,27.331632614135742,28.029423387702966,27.241010143929113,27.984111288359724,223400
2015-09-10,27.39506721496582,27.666934619534366,27.15038706939807,27.494752102822268,70200
2015-09-11,27.386003494262695,27.4131907519719,26.75164970403218,27.00539052873249,59500
2015-09-14,27.01445198059082,27.395064932491408,26.960079195599214,27.395064932491408,58800
2015-09-15,27.367881774902344,27.476627354305343,26.923831852154006,26.923831852154006,66000
2015-09-16,27.712244033813477,27.965986590298588,27.422253528390353,27.422253528390353,32900
2015-09-17,27.57630729675293,28.0928530274756,27.20475679821629,27.494747262588348,76000
2015-09-18,26.670089721679688,27.250070726326236,26.597592096098868,27.186635520002987,292500
2015-09-21,26.706335067749023,27.123197670576072,26.579464667465803,26.914767233402333,73300
2015-09-22,26.081045150756836,26.525093303970515,25.85448986472049,26.497906047393474,97300
2015-09-23,25.047954559326172,26.18073111108267,25.03889213949454,26.144483160235982,89800
2015-09-24,24.721715927124023,24.92108397668476,24.060173111552807,24.658278988714855,137500
2015-09-25,24.34109878540039,25.220132611595947,24.223289076938176,25.08419979516069,117300
2015-09-28,22.972707748413086,24.295789869747413,22.891147702196065,24.241417081762656,233200
2015-09-29,23.05426597595215,23.70674456573659,22.88208347769028,23.099576340951764,102700
2015-09-30,24.051109313964844,24.096419678496687,23.543624243114195,23.625184282055205,73800
2015-10-01,24.132665634155273,24.332035370004025,23.67049442291191,24.18704014128464,141700
2015-10-02,25.97229766845703,25.99948492484097,24.00579773048966,24.12360744634041,111600
2015-10-05,27.186634063720703,27.213821320037095,26.280412928263345,26.31666260335187,185800
2015-10-06,27.44037628173828,27.730366765123264,26.824145640305378,26.978203300663605,97300
2015-10-07,28.319412231445312,28.400972276950256,27.340693413865754,27.9116120039206,240500
2015-10-08,28.790645599365234,28.817831126929143,27.893486891684116,28.17441495688213,178300
2015-10-09,28.71814727783203,28.86314251623455,28.482529583308043,28.74533280473276,87000
2015-10-12,28.301284790039062,28.799707436562638,28.05660467602637,28.799707436562638,93100
2015-10-13,28.011295318603516,28.62752597078885,27.73942966780629,28.138165725178265,76000
2015-10-14,28.980953216552734,29.162198145789457,28.50065709249098,28.518780202630854,124100
2015-10-15,29.696868896484375,29.72405442603547,29.162198254569343,29.388753552720466,83400
2015-10-16,29.216571807861328,29.542808522602527,28.95376684099592,29.53374783203724,87100
2015-10-19,28.627527236938477,29.25281860712365,28.410034360985406,28.89939289975988,109500
2015-10-20,28.47347068786621,29.08969966308304,28.382848220532036,28.573155574781783,34100
2015-10-21,27.648805618286133,28.618461906450133,27.594432836948965,28.564089125112964,84800
2015-10-22,27.920673370361328,28.2016031736088,27.757553285502716,27.88442542288146,114500
2015-10-23,28.16535186767578,28.60033758313898,27.82098860838731,28.156289449210348,99500
2015-10-26,27.79380226135254,28.255975247316847,27.739429477262515,28.17441520694199,89700
2015-10-27,26.58852767944336,27.413188756654428,26.29853719890491,27.386001500924095,161300
2015-10-28,27.431312561035156,27.476622923733526,26.516029060995805,26.516029060995805,147000
2015-10-29,27.485687255859375,27.648807338499196,27.213821603779444,27.295381645099354,55200
2015-10-30,27.005390167236328,27.313505503230598,26.68821414060668,27.20475993080892,90400
2015-11-02,27.512874603271484,27.630682591967062,26.960079149940718,27.032576772633305,70100
2015-11-03,27.920673370361328,28.210663864119002,27.440377263255062,27.440377263255062,122600
2015-11-04,27.63974380493164,28.08379194060971,27.395063690839766,28.020356739581356,55400
2015-11-05,27.268198013305664,27.884428750315042,27.014455436748896,27.694121385777493,77100
2015-11-06,27.594436645507812,27.594436645507812,26.824148268251967,27.186636407995955,36200
2015-11-09,27.105073928833008,27.621619697687617,26.851331389536167,27.395064414612463,57200
2015-11-10,25.446687698364258,27.241005010724926,25.401377336039,27.241005010724926,188100
2015-11-11,24.957332611083984,25.673246458364446,24.667340375934682,25.655121619577656,196000
2015-11-12,24.39547348022461,25.111387291473033,24.359223804475487,24.794211271066583,145000
2015-11-13,24.177982330322266,24.513283212444538,23.951427026220262,24.21423028016909,121100
2015-11-16,24.830459594726562,24.830459594726562,24.01486089128454,24.24141618271175,177800
2015-11-17,23.561748504638672,25.220133041787516,23.4801884676904,25.120448168077505,185500
2015-11-18,24.060171127319336,24.159856008118645,23.49831497558431,23.715807846753968,198000
2015-11-19,23.543624877929688,23.842677785950332,23.462064836789544,23.842677785950332,87700
2015-11-20,23.860801696777344,23.878926533766577,23.462063925412124,23.597998474351797,117900
2015-11-23,24.00579833984375,24.295788834714845,23.83361583533415,23.869865511432884,73100
2015-11-24,24.540470123291016,24.585780492077152,23.79736901292781,23.878929059526676,130200
2015-11-25,24.250478744506836,24.42266125097917,24.114545914546447,24.150793862578684,108500
2015-11-27,23.933300018310547,24.39547300421581,23.70674473473814,24.39547300421581,75100
2015-11-30,24.051109313964844,24.18704213603999,23.842677143071366,23.87892681748053,87500
2015-12-01,24.76702308654785,24.821395869655202,24.16891728692818,24.241414907231185,177100
2015-12-02,25.111387252807617,25.265444917544826,24.7217136099826,24.730776028905925,351300
2015-12-03,25.337942123413086,25.718555069529916,25.03888921778412,25.147636514594492,855200
2015-12-04,25.60074806213379,25.646058429258957,25.066077433354213,25.319819983302395,1161000
2015-12-07,25.283571243286133,25.57356175197934,25.07514078122286,25.129513569482892,1240700
2015-12-08,24.85764503479004,25.00264027242554,24.24141441059938,24.685462541918046,281200
2015-12-09,25.093265533447266,25.727619336902237,24.94827027960157,25.21107352901698,113700
2015-12-10,24.830459594726562,24.848584432875867,24.44984663598966,24.67640192741687,735300
2015-12-11,24.187040328979492,24.495155624519064,23.897049869290363,24.39547075582112,133000
2015-12-14,25.718557357788086,25.727619777368567,24.667340885169704,24.69452814391114,243600
2015-12-15,26.48884391784668,26.85133203376801,25.727618010172044,25.872613256540575,794600
2015-12-16,28.854084014892578,28.98095443359832,27.866302738878343,28.00223557727447,896500
2015-12-17,28.54596710205078,29.88717403042311,28.446282219374552,29.597183530070147,337000
2015-12-18,28.817832946777344,29.116887596702664,28.020359065749027,28.156291897591615,627900
2015-12-21,29.8237361907959,29.87811070117006,29.062510330353376,29.669680263507825,657200
2015-12-22,28.527843475341797,29.67874483492043,28.02036007816941,29.579059948010215,452900
2015-12-23,28.845020294189453,28.962828287891252,28.573154629659307,28.573154629659307,162300
2015-12-24,29.231582641601562,29.388048990576774,28.725367157032643,28.725367157032643,136000
2015-12-28,28.697757720947266,29.07511744421529,28.394029120377773,29.019894541067504,161800
2015-12-29,28.283580780029297,28.65173638338791,27.979852187820395,28.65173638338791,204000
2015-12-30,28.163928985595703,28.394026441759877,28.03507321640086,28.127112549967382,129700
2015-12-31,28.20074462890625,28.292783965616344,27.979851274104618,28.044278283150387,104800
2016-01-04,28.320398330688477,28.320398330688477,27.261950271137028,27.657716463105025,222400
2016-01-05,27.887813568115234,28.808203478026687,27.814182445542496,28.58731011030847,218900
2016-01-06,27.344783782958984,27.70373704684623,27.114686302097315,27.381600222538996,402900
2016-01-07,24.841323852539062,26.49802677000474,24.69406160505382,26.405987426450345,448300
2016-01-08,25.126644134521484,25.82614068495893,25.03460654684914,25.75250956151838,219400
2016-01-11,24.224660873413086,25.39355641882049,23.976155189491003,25.24629418142319,225100
2016-01-12,23.70003890991211,25.006992582154624,23.433125007702085,24.813709798570752,350600
2016-01-13,22.871688842773438,24.427148229724185,22.687610164783578,24.0681949831944,223700
2016-01-14,23.018953323364258,23.147807357195706,22.098563354843517,22.86248695849555,222500
2016-01-15,21.647571563720703,22.05254186874795,20.966483226533633,21.79483381200415,248100
2016-01-19,21.242595672607422,22.328655874481875,20.96647944574287,22.162985436161478,312500
2016-01-20,21.334638595581055,21.47269673228021,19.788383251339834,20.552306813613242,184700
2016-01-21,21.592344284057617,22.0341327308076,21.040111797752594,21.28861571438815,169700
2016-01-22,22.420700073242188,22.761243376664073,22.089359124611562,22.245825488631077,169200
2016-01-25,21.82244300842285,22.47592072998424,21.81324065455262,22.42069782924103,75800
2016-01-26,22.917709350585938,23.00974869647273,21.629163774684365,21.914484166979364,241400
2016-01-27,22.660001754760742,23.193827865278028,22.44831072821588,22.678408219913063,162300
2016-01-28,22.706018447875977,23.092582268344042,22.291842298980054,22.77964956817921,74800
2016-01-29,23.203027725219727,23.31347528178061,22.788853338001207,22.798057447339975,63600
2016-02-01,23.0373592376709,23.184621477450694,22.567960190058653,22.97293047170091,52400
2016-02-02,22.153783798217773,23.02815487329627,22.00652156006835,23.02815487329627,91800
2016-02-03,22.365474700927734,22.448309935453757,21.57394055118554,22.38388292093451,85500
2016-02-04,22.623184204101562,23.009748041417556,22.41149494344159,22.43910551756844,63700
2016-02-05,22.034133911132812,22.55875585452811,21.978909255140625,22.55875585452811,73200
2016-02-08,20.8192195892334,21.527918453500344,20.47867456560811,21.380656215041938,89800
2016-02-09,20.478673934936523,20.782402511841255,20.05529545128327,20.405042817974902,151200
2016-02-10,19.677934646606445,20.156537800289264,19.677934646606445,19.742363412124963,179100
2016-02-11,18.729934692382812,19.27296487023625,18.453816670904022,19.07968207965066,215700
2016-02-12,18.803565979003906,19.328187942270542,18.40779804025766,19.070478137725342,100700
2016-02-16,19.94485092163086,20.092113177878346,19.374208362043433,19.401820693404048,173100
2016-02-17,20.51548957824707,20.782401708602702,20.184148686973927,20.303798589097987,131800
2016-02-18,20.52469253540039,20.82842110950348,20.340615622446443,20.819218756034427,83500
2016-02-19,20.12892723083496,20.386635270931542,20.046092002088386,20.386635270931542,68100
2016-02-22,20.55230712890625,20.865239846494077,20.414248990089146,20.414248990089146,92600
2016-02-23,20.23016929626465,20.598324899987894,20.174946394582257,20.598324899987894,39500
2016-02-24,20.754791259765625,20.819220026510724,19.760770251541246,19.99086772340341,80700
2016-02-25,20.846832275390625,20.846832275390625,20.20256035568919,20.681161801451687,54000
2016-02-26,21.2794132232666,21.592344144244528,21.18737389097698,21.417471343948915,82000
2016-02-29,21.58314323425293,21.914482394946567,21.325433437709552,21.5095121145983,44500
2016-03-01,21.45429039001465,21.63836909205824,21.168969981801226,21.63836909205824,100700
2016-03-02,22.052539825439453,22.070948043645362,21.334636870452044,21.472694995987755,98500
2016-03-03,21.951297760009766,22.03413298501203,21.675179758167463,21.951297760009766,91700
2016-03-04,22.199804306030273,22.549551682147793,22.006521521606743,22.199804306030273,94400
2016-03-07,22.71522331237793,22.798058544910454,22.31025125949719,22.31025125949719,66500
2016-03-08,22.190597534179688,22.93611274349539,22.14457699316999,22.93611274349539,81600
2016-03-09,22.420700073242188,22.494331200104046,22.199806692656615,22.485127089808245,30900
2016-03-10,22.061744689941406,22.540347846656697,21.923686559678558,22.540347846656697,195800
2016-03-11,22.595571517944336,22.60477562767621,22.20900768672777,22.46671749270696,68300
2016-03-14,22.577165603637695,22.715223741968043,22.32865990134038,22.521940943901974,52400
2016-03-15,22.34706687927246,22.35627098871688,22.043338289624185,22.35627098871688,60300
2016-03-16,22.475919723510742,22.503532050398046,21.831646140174573,21.914481365332204,79600
2016-03-17,22.540348052978516,22.632387392497684,22.328658800937504,22.33786291043986,59200
2016-03-18,22.45751190185547,23.193824832304166,22.45751190185547,22.880892144076725,153900
2016-03-21,22.531145095825195,22.613980330078594,22.273437038596388,22.47592219149109,81400
2016-03-22,21.71199607849121,22.291840894919353,21.702791969594983,22.255026214838715,95500
2016-03-23,20.79160499572754,21.583140757822957,20.79160499572754,21.573936649484153,116600
2016-03-24,20.56151008605957,20.708772326608436,20.303800287346867,20.506287184729842,105600
2016-03-28,20.52469253540039,20.97568509757264,20.414246738728878,20.616731869629508,93500
2016-03-29,20.570714950561523,20.644346073538518,19.963257747125187,20.110519993079183,119300
2016-03-30,20.800811767578125,21.086132140599194,20.763995329508624,20.84683055966061,60800
2016-03-31,20.856035232543945,21.030909807089028,20.83762701301195,20.856035232543945,73400
2016-04-01,20.83762550354004,20.892850158135566,20.53389692528188,20.68115915986133,40300
2016-04-04,20.405046463012695,20.874445575807854,20.377434130905467,20.837629132998217,58100
2016-04-05,20.248577117919922,20.359024674621402,19.972460859422757,20.073702551269392,52300
2016-04-06,20.79160499572754,20.83762378191739,20.42344943969624,20.46946822588609,58400
2016-04-07,20.487878799438477,21.058519538056046,20.405043570364253,20.95727784569095,85100
2016-04-08,20.653549194335938,20.966481890879237,20.644345084966503,20.856034333950394,76600
2016-04-11,20.73638343811035,21.049316119788323,20.708771111313727,20.892849778949337,66600
2016-04-12,21.214984893798828,21.261005438632854,20.83762520368124,21.067722661338514,80300
2016-04-13,21.509510040283203,21.55552882731529,21.28861494711744,21.325431381146466,90600
2016-04-14,21.58314323425293,21.711997254772434,21.5095121145983,21.619957916328058,65200
2016-04-15,21.343843460083008,21.665980294107136,21.334639349910375,21.583145058057948,47200
2016-04-18,21.702791213989258,21.739607648292363,21.196577530851027,21.233392209649924,70900
2016-04-19,21.82244300842285,21.988113466156847,21.684384878812644,21.96970700291202,55300
2016-04-20,22.236621856689453,22.39308822407487,21.748814533545602,21.748814533545602,506400
2016-04-21,22.282638549804688,22.429902548296727,22.10776573344713,22.144580416441833,225900
2016-04-22,22.39308738708496,22.60477665401625,22.3102521512415,22.3102521512415,88300
2016-04-25,22.034133911132812,22.503532954040274,21.96970690131295,22.374677178896192,68600
2016-04-26,22.39308738708496,22.39308738708496,22.08015466401066,22.107766994459986,100900
2016-04-27,22.81646728515625,22.89930076407463,22.503534567448657,22.512736921936103,146900
2016-04-28,22.255027770996094,22.650795703686125,22.20900722329702,22.549552254252564,102200
2016-04-29,21.923688888549805,22.475923223767353,21.758018412434083,22.31945685804746,128900
2016-05-02,21.656776428222656,21.886873918620456,21.4726977337026,21.886873918620456,166800
2016-05-03,20.929664611816406,21.57393819773553,20.920460502817072,21.57393819773553,143300
2016-05-04,20.68115997314453,21.29782126301021,20.625937071881683,21.076927902454436,68300
2016-05-05,20.3314151763916,20.948076544669156,20.322211065760044,20.86524130448974,64400
2016-05-06,20.368227005004883,20.579918008813507,20.1657418660405,20.26698531327487,83700
2016-05-09,19.917236328125,20.349820692786736,19.788382307419482,20.31300425515409,62600
2016-05-10,19.69634246826172,19.69634246826172,19.33739098798799,19.604303132023645,161100
2016-05-11,19.898832321166992,20.230171523240163,19.871219989533984,19.871219989533984,78800
2016-05-12,19.484657287597656,20.17494982009804,19.355803243292417,20.055299886886704,96000
2016-05-13,19.309776306152344,19.613504849853353,19.236145197240102,19.503059064237046,72600
2016-05-16,19.58589744567871,19.696343249139655,19.411022875443756,19.411022875443756,60300
2016-05-17,19.42943000793457,19.696342147625167,19.38340946281254,19.63191513995862,84800
2016-05-18,19.512266159057617,19.75156598302426,19.37420627264806,19.411022710491775,122700
2016-05-19,19.263757705688477,19.447834601978048,19.09808727017497,19.318980599024936,68500
2016-05-20,19.779176712036133,19.83439960883193,19.44783582025287,19.44783582025287,54200
2016-05-23,20.08290672302246,20.16574195192987,19.806790463667333,19.8528092550584,162100
2016-05-24,20.303800582885742,20.377431704231938,20.156538340193354,20.156538340193354,56500
2016-05-25,20.3314151763916,20.386638084676346,20.202561138559,20.359027508286275,55800
2016-05-26,20.220966339111328,20.497084374267818,20.110520529452327,20.497084374267818,54600
2016-05-27,20.211759567260742,20.386634124279237,20.15653666970384,20.22096367610427,42000
2016-05-31,20.257781982421875,20.368227787736096,20.174946750683997,20.184150860377585,72100
2016-06-01,20.34061622619629,20.395839126171172,20.119722870792426,20.359024444689364,79500
2016-06-02,20.23016929626465,20.331412745602687,20.14733406598887,20.331412745602687,39100
2016-06-03,19.815994262695312,20.092110517726002,19.6963425981455,20.092110517726002,47800
2016-06-06,20.101316452026367,20.138131136804297,19.769975511502523,19.834402526492273,108100
2016-06-07,20.220966339111328,20.377432699048658,20.10131641939666,20.20255987450449,93800
2016-06-08,20.368227005004883,20.533897462114087,20.294595885790166,20.38663522368465,186800
2016-06-09,19.935644149780273,20.266985059855575,19.834400703811855,20.266985059855575,141800
2016-06-10,19.00605010986328,19.5398761542852,18.969235428612283,19.5398761542852,184900
2016-06-13,18.536653518676758,18.858790360748543,18.51824705337617,18.748344546926795,118500
2016-06-14,18.472227096557617,18.757547506212433,18.306556614982362,18.52745000524783,226900
2016-06-15,18.453815460205078,18.84958336950646,18.453815460205078,18.527446576667828,91300
2016-06-16,18.43541145324707,18.463022028408048,17.984420585404365,18.29735155542409,131400
2016-06-17,18.729934692382812,18.748342911582277,18.536651901797217,18.536651901797217,65200
2016-06-20,19.033662796020508,19.30057494550788,18.996846358571567,19.134906243500733,142700
2016-06-21,18.94162368774414,19.06127359989633,18.748342655304974,18.987642479609356,135400
2016-06-22,18.77595329284668,19.2177400160891,18.77595329284668,19.107294213030688,192100
2016-06-23,19.19013023376465,19.254557247454027,18.9416245333875,19.00605154707688,49300
2016-06-24,18.27894401550293,18.545856174220944,18.048846540002657,18.177700564521395,295100
2016-06-27,17.78192901611328,18.094861659709814,17.505812803765313,18.094861659709814,122200
2016-06-28,18.42620849609375,18.591878979444974,18.11327575098691,18.11327575098691,81400
2016-06-29,18.996845245361328,19.098088686908714,18.591874990180305,18.711524893869186,101500
2016-06-30,19.291370391845703,19.328186828446725,19.00605003020508,19.088885257053054,52100
2016-07-01,19.328187942504883,19.438635503169714,19.245352710882365,19.355800271547196,53000
2016-07-05,18.978439331054688,19.779177511212357,18.91401056743474,19.36500313525283,62300
2016-07-06,19.457040786743164,19.475449004988043,18.98764175452459,19.061272871999797,62600
2016-07-07,19.300573348999023,19.67793302411434,19.236146344297026,19.512264335811007,63200
2016-07-08,19.733158111572266,19.7883810088931,19.576691772909683,19.641118779034702,80000
2016-07-11,20.018478393554688,20.1749447316785,19.76997272321023,19.85280794665838,116600
2016-07-12,20.036888122558594,20.248577373781625,20.036888122558594,20.092111023854955,89200
2016-07-13,19.733158111572266,20.018478462484882,19.613506452622158,19.972459673968228,69200
2016-07-14,19.825199127197266,19.990867833224446,19.779178579269377,19.972461369557692,61700
2016-07-15,19.677934646606445,19.852809213433698,19.6043035272325,19.852809213433698,53100
2016-07-18,20.009273529052734,20.05529407117703,19.503059854214744,19.696340864624247,68200
2016-07-19,19.69634246826172,20.046091594865533,19.650323677894846,19.97246047697594,72800
2016-07-20,20.11052131652832,20.211763020094008,19.68714101492011,19.68714101492011,69300
2016-07-21,20.018478393554688,20.27618817267163,19.97245960519649,20.1749447316785,57200
2016-07-22,19.898832321166992,20.046094578867198,19.788384750139542,19.95405522892842,40700
2016-07-25,20.073701858520508,20.165741193344715,19.9448478430692,19.981662523696304,53500
2016-07-26,20.368227005004883,20.377431114344766,20.110518965505552,20.110518965505552,54600
2016-07-27,20.211759567260742,20.47867345721025,20.15653666970384,20.303798900191754,55900
2016-07-28,19.69634246826172,20.110518603580886,19.668731896243326,20.110518603580886,82200
2016-07-29,19.714750289916992,19.78838140632501,19.57669216609,19.67793385396084,49100
2016-08-01,19.926443099975586,20.184152931324515,19.438637524696198,19.641122692217394,293100
2016-08-02,19.862014770507812,19.94485000527929,19.677936080903535,19.94485000527929,86500
2016-08-03,20.165740966796875,20.21175975593984,19.760768951422524,19.760768951422524,114600
2016-08-04,20.027685165405273,20.202559744327115,19.944849930942535,20.202559744327115,96000
2016-08-05,20.220966339111328,20.220966339111328,19.788383699522,19.898831264685494,59000
2016-08-08,20.423452377319336,20.497083499116385,20.31300481687155,20.340617145859603,71300
2016-08-09,20.39583969116211,20.662753600192513,20.34061678965748,20.50628724967575,94200
2016-08-10,19.567487716674805,20.036886733923616,19.521467172530258,19.779176953226937,231800
2016-08-11,19.705549240112305,19.76997625753324,19.558286984434574,19.650326333109295,100100
2016-08-12,19.760766983032227,20.119720173507915,19.696339982448002,19.834398091629065,143200
2016-08-15,20.055294036865234,20.101312823406616,19.769971942695285,19.769971942695285,60900
2016-08-16,19.862014770507812,20.110520474822245,19.843606550446488,20.055297570142756,62000
2016-08-17,19.668733596801758,19.825199955283264,19.512267238320252,19.70554828117739,79400
2016-08-18,20.064498901367188,20.119723558734673,19.898830195777926,19.898830195777926,68100
2016-08-19,19.917236328125,20.009275666702244,19.83440109895592,19.990867447885922,25500
2016-08-22,19.595102310180664,19.779179241542508,19.52146943103057,19.779179241542508,56100
2016-08-23,19.6871395111084,19.880422304069004,19.65952893747433,19.723955949959723,180300
2016-08-24,19.521469116210938,19.825199471293473,19.42943152976652,19.797587142057488,59300
2016-08-25,19.42022705078125,19.51226639098014,19.32818771058236,19.42022705078125,58400
2016-08-26,19.438634872436523,19.935644490540536,19.374206106761672,19.429430763054402,176700
2016-08-29,19.401819229125977,19.549081474259406,19.392615119367083,19.484654461451587,84700
2016-08-30,19.466245651245117,19.54908088105715,19.401818640392285,19.466245651245117,198300
2016-08-31,19.245351791381836,19.32818701904667,19.116497773016246,19.32818701904667,67400
2016-09-01,19.162519454956055,19.300577603392863,19.06127599353358,19.272967027008264,232800
2016-09-02,19.447837829589844,19.484654268260382,19.3465961342547,19.3465961342547,123700
2016-09-06,19.595102310180664,19.668733433826294,19.447838307384938,19.512267076641272,121400
2016-09-07,19.411022186279297,19.54908031345609,19.36500339572181,19.54908031345609,51200
2016-09-08,19.512266159057617,19.576693169779745,19.300575152465004,19.420226819952706,39000
2016-09-09,19.04286766052246,19.42943149154361,19.04286766052246,19.42943149154361,71900
2016-09-12,19.070476531982422,19.11649707651077,18.50903993277079,18.85878729366485,109500
2016-09-13,18.463022232055664,18.904810750053997,18.38018699465001,18.895606639730644,89600
2016-09-14,18.067251205444336,18.45381499602639,18.02123241712676,18.45381499602639,95900
2016-09-15,18.223716735839844,18.288145494335208,18.03043572686625,18.11327094657041,80400
2016-09-16,18.094865798950195,18.140884593033736,17.984419990947913,18.140884593033736,53300
2016-09-19,17.938400268554688,18.18690598127589,17.90158558269111,18.039643726812482,71100
2016-09-20,17.993623733520508,18.067254863037295,17.855565585114608,17.975217267769764,81800
2016-09-21,18.104068756103516,18.15008754725684,17.90158361732279,17.993621199629438,62900
2016-09-22,18.481428146362305,18.545855155081252,18.140883128913735,18.17769956561275,61000
2016-09-23,18.453815460205078,18.564263012651345,18.113272204878978,18.242126219812715,87900
2016-09-26,18.352575302124023,18.417002314961508,18.251331850234013,18.352575302124023,52900
2016-09-27,18.628690719604492,18.637894828945974,18.27894334214989,18.31575802401147,55400
2016-09-28,18.821971893310547,18.821971893310547,18.36177699866241,18.63789323324961,68400
2016-09-29,18.65630340576172,18.960031997843735,18.610282858170873,18.80356564704364,79600
2016-09-30,18.693119049072266,18.72993548903714,18.50904211576133,18.637896144629433,119200
2016-10-03,18.527442932128906,18.803560881177184,18.453811830150155,18.674706891590354,175300
2016-10-04,18.315757751464844,18.582671651883008,18.242126633332994,18.582671651883008,63400
2016-10-05,19.052072525024414,19.088887209887336,18.53665289290752,18.555061113091227,88500
2016-10-06,19.0612735748291,19.199333461251953,18.88640076156775,19.18092524232832,69400
2016-10-07,18.591875076293945,19.061272339904995,18.56426274969742,19.061272339904995,58100
2016-10-10,18.886402130126953,18.941625035395067,18.693119328431802,18.70232343856057,106000
2016-10-11,18.6471004486084,18.95082905946042,18.555061103243197,18.87719793426916,56900
2016-10-12,18.545854568481445,18.72072912626188,18.499835779567565,18.656302119580737,57600
2016-10-13,18.628690719604492,18.69311772949052,18.26973923280841,18.39859325258047,53500
2016-10-14,18.6010799407959,18.77595452184004,18.536652925543976,18.6010799407959,41600
2016-10-17,18.5550594329834,18.76674867941471,18.50904064219549,18.619486442288203,224400
2016-10-18,18.757545471191406,18.80356601969429,18.637895556092758,18.77595369059256,91600
2016-10-19,19.079681396484375,19.190128952222093,18.775952812586084,18.785156921856256,150700
2016-10-20,19.070476531982422,19.11649707651077,18.79436028682944,19.024457742958347,217500
2016-10-21,18.94162368774414,19.07047770937025,18.877196676931085,19.015254808031116,70700
2016-10-24,18.51824378967285,18.914009934205243,18.407796239812107,18.739137133890086,57200
2016-10-25,18.306554794311523,18.637895724508653,18.278944220464723,18.518245808328825,101100
2016-10-26,18.196109771728516,18.38939081899963,18.177701551368074,18.25133267730533,150900
2016-10-27,17.993623733520508,18.38018760235979,17.975217267769764,18.361781136609046,125900
2016-10-28,17.800342559814453,18.01203183634527,17.772730228112987,18.00282772577811,123900
2016-10-31,17.579444885253906,17.892377546197487,17.579444885253906,17.892377546197487,131600
2016-11-01,17.487409591674805,17.717507086302106,17.312535004216777,17.67148828957847,100500
2016-11-02,17.441387176513672,17.597853510619487,17.349347846656567,17.46899774661786,65500
2016-11-03,16.953580856323242,17.48740689120295,16.87074563060878,17.459794564130032,172100
2016-11-04,16.852336883544922,17.064027873450144,16.769501660430755,16.879949209751057,96800
2016-11-07,17.16526985168457,17.59785419211396,17.14686163389943,17.34934851852741,138100
2016-11-08,17.358552932739258,17.441388158725097,17.082434927618365,17.146861935495284,91500
2016-11-09,16.392141342163086,16.54860767356965,15.582199115502398,15.747869555286309,461100
2016-11-10,16.263290405273438,16.54861079680329,15.99637647846798,16.438164986438927,349800
2016-11-11,16.162046432495117,16.254085775190745,16.01478418638389,16.171250542315125,135400
2016-11-14,16.171249389648438,16.263288725783617,16.05159948152573,16.070005944349308,155800
2016-11-15,16.300106048583984,16.373738933828776,16.17125201041482,16.309310159239583,107500
2016-11-16,16.24488067626953,16.4289593504528,16.125230766903442,16.346124122620765,86600
2016-11-17,16.088415145874023,16.18045448763392,15.959561120712825,16.00557991384056,164800
2016-11-18,15.94115161895752,16.162044968110006,15.931947509971463,16.051599171285908,83200
2016-11-21,15.738668441772461,15.968765928478184,15.692647891128612,15.968765928478184,156600
2016-11-22,15.987174034118652,15.996376388676941,15.738668328937004,15.867522358806973,106500
2016-11-23,16.263290405273438,16.318513310455618,15.941153573285801,16.070007603879056,83800
2016-11-25,16.45656967163086,16.54860900731815,16.38293855418189,16.428959099777693,56300
2016-11-28,16.43816375732422,16.7510964557988,16.410551429045505,16.631444788762085,122400
2016-11-29,16.106821060180664,16.502588944254345,16.106821060180664,16.502588944254345,81500
2016-11-30,16.134435653686523,16.235677349412285,16.12523154398338,16.162046227291537,101400
2016-12-01,15.968766212463379,16.30930951576148,15.941153881586018,16.300105405469026,72600
2016-12-02,15.904336929321289,16.04239505302373,15.849112275436884,15.92274339177847,74000
2016-12-05,16.235675811767578,16.309306926914886,15.904336671356821,15.913540780188267,222600
2016-12-06,16.447370529174805,16.493389328250927,16.23567948911252,16.37373939735021,136600
2016-12-07,16.76950454711914,16.870748005132025,16.300105453838324,16.55781527627815,744900
2016-12-08,17.02721405029297,17.192884521933298,16.870747688799824,17.01800994014578,369500
2016-12-09,16.898359298706055,17.027213324263386,16.76950351764429,16.87074696944187,190100
2016-12-12,16.567018508911133,16.89835944085078,16.502591495590522,16.879951221186477,309900
2016-12-13,16.50259017944336,16.677464741298394,16.38293851667254,16.622240086709873,103400
2016-12-14,16.143638610839844,16.428958969249685,16.116026283701743,16.401346642111584,177200
2016-12-15,16.189659118652344,16.244882023284635,16.051600979319367,16.11602799397446,134700
2016-12-16,16.24488067626953,16.373736450399555,16.088414329865053,16.189657776216286,166600
2016-12-19,16.594633102416992,16.613039569088045,16.19886510316202,16.4013502805811,143100
2016-12-20,16.48418426513672,16.686669427081764,16.419757247949864,16.677467072201832,196400
2016-12-21,16.263290405273438,16.530202576574393,16.244882185044546,16.530202576574393,80200
2016-12-22,16.263290405273438,16.327717420570064,16.19886338997681,16.300105090226722,120500
2016-12-23,16.190837860107422,16.422687342659387,16.161855983822463,16.306761680095455,155000
2016-12-27,16.316421508789062,16.374385258528594,16.190837069505026,16.190837069505026,329500
2016-12-28,16.103893280029297,16.461329032954655,16.0652507802208,16.442007783050407,209900
2016-12-29,16.13287353515625,16.297100457702474,16.103891663209637,16.21015668443826,179000
2016-12-30,16.00728988647461,16.181177461469716,15.89136606486182,16.181177461469716,222300
2017-01-03,16.384044647216797,16.45166902441542,16.16185579272037,16.16185579272037,185500
2017-01-04,16.760801315307617,16.838084473635902,16.528951840322758,16.528951840322758,137900
2017-01-05,16.867063522338867,16.886384771437655,16.73181846379881,16.809101617618232,127900
2017-01-06,16.809101104736328,16.97332803191365,16.7994404804817,16.90570550470693,74900
2017-01-09,16.867063522338867,16.944348518734017,16.79944099306884,16.8574047403652,66100
2017-01-10,16.97332763671875,17.0312895383213,16.876723238997414,16.876723238997414,69300
2017-01-11,17.098913192749023,17.176196339184845,16.915365028998117,17.060270698243336,106700
2017-01-12,16.91536521911621,17.040949642520076,16.751138300772343,17.031289018785074,89700
2017-01-13,17.069934844970703,17.17619988421806,16.925029145818083,16.925029145818083,125000
2017-01-17,17.195518493652344,17.350084811241178,17.06993405157736,17.09891592709121,101700
2017-01-18,17.127893447875977,17.35008226649944,17.108572200367263,17.340423485320663,73400
2017-01-19,17.040952682495117,17.243822131969342,16.982990772320726,17.031292057036737,61100
2017-01-20,17.089256286621094,17.243822613116205,17.060274409437277,17.243822613116205,61400
2017-01-23,17.011972427368164,17.16653874753955,16.94434989261517,17.13755687154146,83800
2017-01-24,16.92502784729004,17.02163225350538,16.905706597531815,17.02163225350538,92700
2017-01-25,17.18585777282715,17.214837802496767,17.050610878258247,17.098913998667012,88100
2017-01-26,17.079591751098633,17.27279869370135,17.060270504065702,17.23415804221102,43200
2017-01-27,16.95400619506836,17.098913711283537,16.69317671954738,17.08925308736415,57800
2017-01-30,16.596572875976562,16.867062984430465,16.56759100325264,16.857404202764826,85400
2017-01-31,16.702838897705078,16.712497679947628,16.451668180155853,16.538611960945037,60600
2017-02-01,16.780122756958008,16.818763415275036,16.683518347301646,16.799442164828594,134800
2017-02-02,16.73181915283203,16.809102309834053,16.683517870671697,16.74147977777926,44000
2017-02-03,16.876724243164062,16.905706116977576,16.751139808456983,16.789780464299263,103600
2017-02-06,16.818761825561523,16.915366226086814,16.741478673656427,16.905705601776717,213400
2017-02-07,16.702838897705078,16.81876271037347,16.63521452397677,16.81876271037347,50400
2017-02-08,16.77046012878418,16.799440158416807,16.596572580685855,16.596572580685855,61400
2017-02-09,16.82842254638672,16.915366323100553,16.770460642769393,16.770460642769393,67900
2017-02-10,17.18585777282715,17.19551655433326,16.876723329937974,16.915365826264985,232000
2017-02-13,17.46600914001465,17.533631668485736,17.21483843242511,17.253480930166134,240300
2017-02-14,17.562610626220703,17.64955438912876,17.388723100404594,17.475666863312647,706700
2017-02-15,17.94902992248535,17.968351172019133,17.649557925014836,17.649557925014836,590300
2017-02-16,17.813783645629883,18.11325562267018,17.746161119450683,18.006990600059645,273800
2017-02-17,17.900726318359375,17.929706346323716,17.398384951121457,17.678535662704757,139900
2017-02-21,18.316125869750977,18.39341087387359,17.95869193856346,18.180880797688232,1344200
2017-02-22,18.084274291992188,18.38374812057773,17.98767173317177,18.364426871783365,382000
2017-02-23,18.30646514892578,18.45137083116443,18.084274470745758,18.14223821770179,255300
2017-02-24,18.316125869750977,18.354768371812284,18.132579512687514,18.19054142320356,129500
2017-02-27,18.451370239257812,18.53831401432705,18.287143313302103,18.37408708837134,209100
2017-02-28,18.12291717529297,18.509332946525877,18.074614052279017,18.499672321923086,227700
2017-03-01,18.016653060913086,18.374088819039933,17.958691152932673,18.364428193947226,187200
2017-03-02,17.823444366455078,18.093934472639663,17.775141245653792,17.862085020520453,145800
2017-03-03,17.630237579345703,17.852426432648016,17.56261504508638,17.804125148913034,187100
2017-03-06,17.59159278869629,17.668877780734764,17.456347737780206,17.649556532725146,154900
2017-03-07,17.4273681640625,17.59159324871183,17.408046915547637,17.59159324871183,141600
2017-03-08,17.369407653808594,17.514313359509412,17.34042761821404,17.48533332391486,91800
2017-03-09,17.321104049682617,17.44668848647483,17.224499644609345,17.272800925858096,61900
2017-03-10,17.26314353942871,17.33076607567469,17.176199752090763,17.31144482458272,139100
2017-03-13,17.408048629760742,17.4370286628111,17.292122969831745,17.321104845457956,249600
2017-03-14,17.20517921447754,17.39838803382567,17.176199181378422,17.350084907700705,194200
2017-03-15,17.475671768188477,17.485332393731408,17.24382228288588,17.25348290842881,67000
2017-03-16,17.717180252075195,17.775142157434257,17.591593974125523,17.591593974125523,170900
2017-03-17,17.35008430480957,17.75582133728116,17.35008430480957,17.75582133728116,188600
2017-03-20,17.253482818603516,17.417709766826512,17.108575278789882,17.3887278903486,115500
2017-03-21,16.91536521911621,17.32110220310838,16.90570459538121,17.32110220310838,335400
2017-03-22,16.818761825561523,16.915366226086814,16.702838018991724,16.89604497746662,347200
2017-03-23,16.73181915283203,16.857405434570197,16.702839120566153,16.770461652620945,138200
2017-03-24,16.702838897705078,16.809102085555143,16.66419639843176,16.702838897705078,93200
2017-03-27,16.702838897705078,16.712497679947628,16.49996946167172,16.66419639843176,129100
2017-03-28,16.77046012878418,16.838082654694496,16.606233204755277,16.625552610318486,166600
2017-03-29,16.751140594482422,16.847745002484764,16.731819344366787,16.76080121954024,56900
2017-03-30,16.71249771118164,16.770461460199947,16.644875179902733,16.70283892892104,62500
2017-03-31,16.693178176879883,16.809101988881565,16.606234396590736,16.673856927354343,79000
2017-04-03,16.673858642578125,16.789782466504782,16.635216139551932,16.780123683324195,76600
2017-04-04,16.77046012878418,16.876723308396546,16.654534482526753,16.712496384367647,259500
2017-04-05,16.62555503845215,16.925028900614965,16.57725375362636,16.857406364828492,125700
2017-04-06,16.654537200927734,16.683519077866507,16.46133021573041,16.519292127032013,75200
2017-04-07,16.615894317626953,16.683516845526572,16.567591195858874,16.625553099404875,118400
2017-04-10,16.91536521911621,16.973327118950643,16.567590134958472,16.615893253633477,287500
2017-04-11,16.90570831298828,16.973330851428077,16.7414813585305,16.973330851428077,63300
2017-04-12,16.896045684814453,16.925027558958064,16.789780655530315,16.896045684814453,163400
2017-04-13,16.722156524658203,16.905704691515826,16.722156524658203,16.79943967240211,89500
2017-04-17,16.838085174560547,16.88638645956044,16.741480761984846,16.88638645956044,62200
2017-04-18,16.799440383911133,16.83808288070751,16.71249660869495,16.799440383911133,68600
2017-04-19,16.615894317626953,16.818761901325814,16.615894317626953,16.770460622133424,152100
2017-04-20,16.538610458374023,16.65453426051047,16.490307338670828,16.65453426051047,177200
2017-04-21,16.46133041381836,16.548272360529015,16.422687910768325,16.548272360529015,69400
2017-04-24,16.673858642578125,16.70284051984777,16.56759360183206,16.635216139551932,77500
2017-04-25,16.84774398803711,16.857404612513236,16.712497087947078,16.722157712423204,84200
2017-04-26,16.94434928894043,17.050612478662504,16.818763006665503,16.84774488163106,148500
2017-04-27,16.94434928894043,16.973329321330173,16.770461724298727,16.973329321330173,228000
2017-04-28,16.90570831298828,17.002312729006267,16.780123861968086,16.96367022556868,88800
2017-05-01,16.867063522338867,16.982989174355865,16.867063522338867,16.944348518734017,73100
2017-05-02,17.069934844970703,17.079595470591002,16.915368520197784,16.954009180103046,101100
2017-05-03,17.137556076049805,17.44668870204325,17.137556076049805,17.195517982779627,216200
2017-05-04,16.934690475463867,17.18586122430576,16.896047971376184,17.15687934624,241400
2017-05-05,17.26314353942871,17.26314353942871,16.934689641168895,17.031292211476906,137900
2017-05-08,17.234159469604492,17.272800124295177,17.147215693330846,17.195516972338122,90000
2017-05-09,17.408048629760742,17.446689288019837,17.224500435946435,17.263142936781385,135700
2017-05-10,17.581937789916992,17.620578451673914,17.214841369058107,17.35008644907137,101600
2017-05-11,17.562610626220703,17.64955438912876,17.388723100404594,17.562610626220703,92400
2017-05-12,17.523971557617188,17.562614056490688,17.321103966258587,17.562614056490688,148000
2017-05-15,17.717180252075195,17.765481532778455,17.494991412719006,17.533632068766465,178900
2017-05-16,17.581937789916992,17.746164748179964,17.485333371660655,17.72684349601349,90300
2017-05-17,17.214839935302734,17.466010664819798,17.156878026206755,17.408048755723822,232200
2017-05-18,17.156877517700195,17.195518175093635,16.905706795627488,17.079594360337502,85500
2017-05-19,17.475671768188477,17.581936806584803,17.195519155171223,17.195519155171223,54500
2017-05-22,17.562610626220703,17.581931871883693,17.41770496889908,17.485327486144143,50500
2017-05-23,17.581937789916992,17.717182869930255,17.514313407334342,17.56261653775052,47500
2017-05-24,17.842763900756836,17.86208514921656,17.65921756811646,17.717179470919966,96700
2017-05-25,17.92970848083496,18.016652260229602,17.8524253261037,17.87174657543045,103600
2017-05-26,17.775142669677734,17.93936960840755,17.746162637450933,17.929708983473347,139300
2017-05-30,17.93937110900879,18.04563614959811,17.77514415654164,17.81378665951083,300700
2017-05-31,17.881406784057617,18.055294338801158,17.726840478191292,18.04563371436255,142300
2017-06-01,17.920045852661133,18.04563211666839,17.79446143122942,17.968348970577594,149600
2017-06-02,17.920045852661133,17.94902772341101,17.823443301979296,17.94902772341101,68700
2017-06-05,17.78480339050293,17.939369705131924,17.755821515544064,17.939369705131924,67300
2017-06-06,17.987672805786133,18.045634713049825,17.77514274152625,17.77514274152625,279200
2017-06-07,17.862085342407227,18.006991022271073,17.82344468764552,17.96835036750937,363800
2017-06-08,18.180879592895508,18.2002008426458,17.775142561018342,17.833104467693428,1724100
2017-06-09,17.968351364135742,18.238841490197654,17.871746958009723,18.180879583552358,141200
2017-06-12,17.862085342407227,17.939368494506326,17.82344468764552,17.939368494506326,72000
2017-06-13,18.055294036865234,18.06495466114229,17.9490290123933,17.96835026094741,65400
2017-06-14,17.862085342407227,18.055294143942817,17.77514156597378,18.055294143942817,107400
2017-06-15,17.572275161743164,17.784803383631967,17.543293286795492,17.784803383631967,145100
2017-06-16,17.717180252075195,17.736501501386797,17.57227456738967,17.591593974125523,182100
2017-06-19,17.978010177612305,18.055293326211217,17.78480138482722,17.842763285632504,81200
2017-06-20,18.00699234008789,18.287144938559507,17.920048557291583,18.0746148728015,89800
2017-06-21,18.267824172973633,18.267824172973633,18.006992817666976,18.006992817666976,234900
2017-06-22,18.731523513793945,18.8957504620499,18.31612583040677,18.325786455901344,616000
2017-06-23,19.12759780883789,19.214541585997893,18.75084266952835,18.818465197858195,566700
2017-06-26,19.21454429626465,19.407753126667473,19.13726113261871,19.31114871146606,439200
2017-06-27,19.088956832885742,19.233862511524784,19.011673681439877,19.12759748732084,226900
2017-06-28,19.24352264404297,19.378767694973366,19.05031384907758,19.146918246560272,355300
2017-06-29,19.13726043701172,19.291826758685367,18.924732205354424,19.272507350408084,183400
2017-06-30,19.21454429626465,19.37877124933426,19.079299220528252,19.233865547820123,388100
2017-07-03,19.282163619995117,19.436731764098038,19.25318359006854,19.359448613334408,285200
2017-07-05,18.895750045776367,19.330468970575833,18.83778813666173,19.330468970575833,174600
2017-07-06,18.789485931396484,19.02133539906106,18.750843432164498,18.847447837668682,140600
2017-07-07,19.088956832885742,19.137258111573534,18.886087408730546,18.89574803298324,99700
2017-07-10,19.12759780883789,19.291824738742818,19.08895715375328,19.12759780883789,661100
2017-07-11,19.253183364868164,19.301484642564596,19.059974568931178,19.214540868650513,129500
2017-07-12,19.629941940307617,19.67824506906953,19.33046991228759,19.33046991228759,373500
2017-07-13,19.49469757080078,19.658924529385786,19.417414404559366,19.658924529385786,240300
2017-07-14,19.939069747924805,19.98737286494673,19.60095714164887,19.60095714164887,174700
2017-07-17,19.929412841796875,20.0646597521093,19.890772183547504,20.0646597521093,287600
2017-07-18,20.257863998413086,20.30616711793494,19.958392027680013,19.997034523297494,464200
2017-07-19,20.750547409057617,20.82783056757535,20.480057275533472,20.567001059187902,528400
2017-07-20,20.72156524658203,20.750545276437883,20.538017073000482,20.740884652294046,199600
2017-07-21,20.595979690551758,20.73122474811097,20.451074008513217,20.70224471724869,217400
2017-07-24,20.71190643310547,20.73122584050642,20.595980775820706,20.63462327577423,365900
2017-07-25,20.595979690551758,20.769867246028298,20.576658441593096,20.769867246028298,120200
2017-07-26,20.57666015625,20.682925191802017,20.51869824711975,20.682925191802017,134600
2017-07-27,20.489713668823242,20.711904335906304,20.296506716346368,20.615299938380055,204600
2017-07-28,20.866470336914062,20.94375348531622,20.576657148474272,20.885791584658502,154500
2017-07-31,20.905113220214844,20.96307696963237,20.67326375027212,20.96307696963237,229800
2017-08-01,21.00171661376953,21.10798164000078,20.87613218124,21.069339142252794,136800
2017-08-02,20.673261642456055,20.9727336136097,20.499374097084388,20.943753584431494,238300
2017-08-03,20.866470336914062,21.050018505335036,20.808508436256346,20.856809713041844,125800
2017-08-04,21.088661193847656,21.127303693066533,20.866472351066456,20.876132975871172,183300
2017-08-07,21.523378372192383,21.54269777767769,21.13696078127613,21.214243930944257,443400
2017-08-08,21.233566284179688,21.49439761885134,21.185265004088965,21.49439761885134,336500
2017-08-09,21.09832000732422,21.156281908600622,20.924432460919387,21.078998759373544,264000
2017-08-10,20.51869773864746,20.924434777656415,20.451075205908605,20.924434777656415,1518900
2017-08-11,20.740886688232422,20.760207938416677,20.344810272334367,20.46073593086406,116000
2017-08-14,20.982397079467773,21.021039580373422,20.70224631820526,20.818170135770487,169200
2017-08-15,21.185266494750977,21.22390715302729,20.98239705042881,21.098322710409455,146800
2017-08-16,21.00171661376953,21.2528873214043,20.963075958597255,21.204586041795032,153900
2017-08-17,20.51869773864746,20.992057310395268,20.51869773864746,20.88579412005242,152400
2017-08-18,20.89545249938965,20.98239628054102,20.721566779662687,20.75054681166262,101900
2017-08-21,20.412429809570312,20.76986551521659,20.344807286425883,20.76986551521659,219500
2017-08-22,20.53801727294922,20.605639800038748,20.480055370097574,20.557338521424988,103000
2017-08-23,20.586320877075195,20.6829252877912,20.383453272889877,20.460736432947506,78500
2017-08-24,20.769866943359375,20.866471344169206,20.58631876607826,20.66360191821099,163400
2017-08-25,20.750547409057617,20.91477435122978,20.711906751086673,20.866473068122136,70300
2017-08-28,20.71190643310547,20.789189590436706,20.61530202579747,20.769868340459944,86800
2017-08-29,20.750547409057617,20.8085111598778,20.441414774986686,20.480057275533472,56700
2017-08-30,20.769866943359375,20.895451374609173,20.769866943359375,20.808509440713582,141200
2017-08-31,20.963077545166016,21.00171820326277,20.827830635387755,20.856812510892208,264700
2017-09-01,21.17560577392578,21.185266399095205,20.992057580858454,21.030700081536143,154900
2017-09-05,21.078998565673828,21.165942338077297,20.914771644753454,21.146621090304173,354000
2017-09-06,21.127304077148438,21.165944734494,20.92443463771285,20.9823965450191,91500
2017-09-07,21.252885818481445,21.252885818481445,21.146620799764854,21.175602671026354,101700
2017-09-08,21.09832000732422,21.301187583079443,21.050018730023154,21.24322568180304,191600
2017-09-11,21.136960983276367,21.233565381928653,21.040358427199727,21.20458535213592,165800
2017-09-12,21.09832000732422,21.252886305778375,21.088659383348883,21.136960660649947,107600
2017-09-13,21.136960983276367,21.233565381928653,21.107980953483633,21.165942855644747,168500
2017-09-14,21.687606811523438,21.687606811523438,21.349492317125318,21.36881356653681,212700
2017-09-15,21.610322952270508,21.938774968684353,21.600662327879558,21.735907384201475,326900
2017-09-18,21.513715744018555,21.80352706763229,21.465412628365957,21.80352706763229,397100
2017-09-19,21.793869018554688,21.996738443105382,21.63930271536162,21.803529642826213,269600
2017-09-20,21.571680068969727,21.880812673649572,21.3977925181934,21.851832643570628,251000
2017-09-21,21.262550354003906,21.465417962430163,21.15628531573725,21.465417962430163,231200
2017-09-22,21.436433792114258,21.513716938875202,21.078998086735158,21.252885627591176,377800
2017-09-25,20.509035110473633,21.2528865831003,20.470394456643696,21.223904710796113,749000
2017-09-26,20.44141387939453,20.60564081437148,20.335148850122458,20.528357659239724,452300
2017-09-27,20.905113220214844,21.011378251571184,20.586319968721625,20.702245624980883,856100
2017-09-28,20.76020622253418,20.876131871482333,20.64428241616171,20.856810622895026,206700
2017-09-29,20.914772033691406,20.914772033691406,20.76020573378323,20.769866357849445,363100
2017-10-02,20.93409538269043,20.982396665293205,20.76986844223484,20.91477413261899,270200
2017-10-03,21.078998565673828,21.10798043733352,20.96307476418627,20.96307476418627,137800
2017-10-04,21.136960983276367,21.223904757805858,21.059677832869667,21.088659705238047,108300
2017-10-05,21.2045841217041,21.32050791929965,21.156281003893007,21.21424290269078,167900
2017-10-06,21.185266494750977,21.19492711996402,21.06934083477033,21.19492711996402,100700
2017-10-09,20.89545249938965,21.15628384284377,20.866472467389716,21.15628384284377,161300
2017-10-10,21.21424674987793,21.24322862582043,21.021039771322233,21.021039771322233,257600
2017-10-11,21.117643356323242,21.175605263366425,20.972735824851583,21.165944638429927,98300
2017-10-12,21.38813018798828,21.542696477999492,21.291527638662913,21.291527638662913,187200
2017-10-13,21.61998176574707,21.735907416032553,21.55235923748708,21.55235923748708,168500
2017-10-16,21.774551391601562,21.822852674329805,21.706927016175865,21.774551391601562,153900
2017-10-17,21.871150970458984,21.919454089167058,21.73590592322753,21.832510318068103,155600
2017-10-18,21.90013313293457,21.929115004544844,21.697263716813847,21.755227460034394,257000
2017-10-19,21.542699813842773,21.56202106372991,21.388133499897283,21.52338040653144,115500
2017-10-20,21.755229949951172,21.755229949951172,21.57168176056328,21.64896491779358,113800
2017-10-23,22.218929290771484,22.29621244938418,21.97741918978484,22.05470234839753,299100
2017-10-24,22.13198471069336,22.257570990530247,22.07402280446329,22.122324085892384,115200
2017-10-25,22.151304244995117,22.38315369453776,21.996737945300023,22.38315369453776,330500
2017-10-26,22.354171752929688,22.518398676167465,22.247908573829218,22.373493000975458,191000
2017-10-27,23.155982971191406,23.184964840569283,22.615000974165916,22.67296287034621,462900
2017-10-30,23.3105525970459,23.416817624086445,22.672966119954058,22.672966119954058,489300
2017-10-31,23.1656494140625,23.51342456366432,23.00142246481452,23.474782061452597,1042400
2017-11-01,23.271913528442383,23.358857312390302,23.165648494155842,23.204290994833077,340500
2017-11-02,23.320213317871094,23.436138969900995,23.194628883866454,23.300893911345884,444900
2017-11-03,23.51342010498047,23.523080728701522,23.22360876365111,23.34919318687368,330400
2017-11-06,23.948139190673828,24.054402367479835,23.6679866277862,23.67764725160049,340600
2017-11-07,23.63900375366211,23.89017443445312,23.60036310261954,23.89017443445312,207900
2017-11-08,23.822555541992188,23.86119804149653,23.54240479088888,23.667989229126405,214900
2017-11-09,23.523082733154297,23.696970289799477,23.378177050141893,23.629345917989674,393200
2017-11-10,23.83221435546875,23.90949750602763,23.658326806067354,23.658326806067354,197100
2017-11-13,24.015764236450195,24.122027424413822,23.822555425028686,23.822555425028686,500700
2017-11-14,24.266931533813477,24.353873459865223,24.1413452713183,24.189648388653183,313000
2017-11-15,23.610027313232422,23.870856814481776,23.561724188870844,23.793573658079044,245700
2017-11-16,23.880517959594727,24.04474490085022,23.841877301839464,23.919160459925823,152800
2017-11-17,23.716289520263672,23.716289520263672,23.53274318301245,23.696970113894295,255800
2017-11-20,24.170330047607422,24.170330047607422,23.832215555915365,23.919159334995488,137600
2017-11-21,24.122026443481445,24.276592749302836,24.05440391500655,24.257273343006943,480900
2017-11-22,24.179990768432617,24.237952673858043,24.025424458914312,24.170330143765753,191000
2017-11-24,24.537424087524414,24.63402848933105,24.392518406102315,24.479462183470716,244400
2017-11-27,24.102705001831055,24.266931918220095,23.986779360966505,24.160666900975553,295400
2017-11-28,24.257272720336914,24.32489524707598,24.102706418483148,24.199308975210005,186800
2017-11-29,23.62934684753418,24.247613944658298,23.581045565488516,24.247613944658298,511900
2017-11-30,23.735610961914062,23.81289411574616,23.590705278800844,23.600365903351822,377400
2017-12-01,23.387836456298828,23.658328423029904,22.94345877085754,23.658328423029904,784100
2017-12-04,22.537721633911133,23.687310183782664,22.4217959794181,23.57138452928963,1106400
2017-12-05,22.692285537719727,22.75024743752993,22.276887930166197,22.373492324900248,225100
2017-12-06,22.67296600341797,22.827532309641192,22.60534347476727,22.643985972610935,302500
2017-12-07,23.040061950683594,23.04972257497178,22.402475488268635,22.55704179172828,256400
2017-12-08,23.523082733154297,23.552062764211342,23.329873927420604,23.358855801053377,193800
2017-12-11,23.658327102661133,23.91915843003315,23.619686448185096,23.696969599712844,225100
2017-12-12,23.378177642822266,23.68731026577268,23.329874518876405,23.58104523566756,179300
2017-12-13,23.600366592407227,23.764593529417308,23.55206346824204,23.66798912366271,111300
2017-12-14,23.64866828918457,23.725951446629914,23.561724506736585,23.600367006747163,73000
2017-12-15,23.696971893310547,23.75493380192249,23.455461791088947,23.581046233510804,96000
2017-12-18,24.044742584228516,24.064063832532533,23.899836907099697,23.909497531251706,174400
2017-12-19,23.8708553314209,24.17032915612944,23.812893428363882,24.15100790758521,218200
2017-12-20,23.96746063232422,24.23795259438219,23.90949872708885,24.054404411465146,109900
2017-12-21,24.344219207763672,24.39252049150859,24.2186329219055,24.2186329219055,199200
2017-12-22,24.43115997314453,24.43115997314453,24.31523432687764,24.4021781009339,187200
2017-12-26,24.27874183654785,24.53441126943255,24.111573433337785,24.51474395715416,157700
2017-12-27,24.63274574279785,24.63274574279785,24.298408913804288,24.298408913804288,194400
2017-12-28,24.80974578857422,24.84908041257539,24.701579323727202,24.701579323727202,126900
2017-12-29,24.71141242980957,24.878580839626206,24.69174699233212,24.878580839626206,316300
2018-01-02,25.2620849609375,25.2620849609375,24.957247247146764,24.99658187173065,292500
2018-01-03,25.557085037231445,25.773419827883554,25.439084924358646,25.6357524043393,296800
2018-01-04,25.360422134399414,25.63575703118145,25.20308549620899,25.616089716960357,210100
2018-01-05,25.47842025756836,25.54725397633085,25.360420132712132,25.370251913468348,125200
2018-01-08,25.49808692932129,25.557086990266388,25.32108487090788,25.537419678091982,225800
2018-01-09,25.48825454711914,25.645589301221623,25.399753513489216,25.576755580749065,132800
2018-01-10,25.49808692932129,25.56692064635359,25.38991858794018,25.517754241495695,134200
2018-01-11,26.127426147460938,26.147093459810872,25.478419844538227,25.49808715688816,305800
2018-01-12,26.156925201416016,26.25525988038989,26.06842417789733,26.196257947658765,255600
2018-01-16,25.49808692932129,26.245427911745615,25.399752244027383,26.176594194713317,394100
2018-01-17,25.54725456237793,25.586589188617776,25.370252495455045,25.49808815515633,209900
2018-01-18,25.54725456237793,25.63575559583937,25.203084085092122,25.576755532057813,404300
2018-01-19,25.53742027282715,25.606255867040666,25.370251866607795,25.576754898092016,169500
2018-01-22,25.321086883544922,25.42925523352375,25.18341943853788,25.311253226676094,169100
2018-01-23,25.144084930419922,25.753758530133407,25.075251207589652,25.478421763234046,325300
2018-01-24,24.780248641967773,25.124417251112625,24.504911879073642,25.026084434544526,495100
2018-01-25,24.97691535949707,25.075250048528506,24.839247920199973,24.917915296309484,178500
2018-01-26,25.085084915161133,25.134251324259676,24.908082841481132,25.065417601290402,294200
2018-01-29,25.15391731262207,25.242418344798427,24.95724793543501,25.104750906114397,203400
2018-01-30,24.770414352416992,25.04574923269924,24.711412413289477,24.947416418643126,216600
2018-01-31,24.642578125,25.026083218173003,24.544243437633124,24.927748530806124,446300
2018-02-01,24.32790756225586,24.514743272526523,24.20990744303718,24.416408589458907,205600
2018-02-02,23.649402618408203,24.180408833407817,23.61990352351595,24.141074206113807,1068100
2018-02-05,22.803726196289062,23.77723560530404,22.774225229139013,23.541233494837808,672900
2018-02-06,23.03972816467285,23.108561878687095,22.20388618968984,22.28255355936012,412300
2018-02-07,22.803726196289062,23.079061054043976,22.774225229139013,22.84305894357774,177300
2018-02-08,22.125219345092773,22.911893060464838,22.125219345092773,22.764391973279835,265100
2018-02-09,22.026885986328125,22.272721771612094,21.377879663224697,22.05638695577035,847800
2018-02-12,22.636560440063477,22.76439422813181,22.361223674621638,22.361223674621638,173900
2018-02-13,23.128231048583984,23.15773014234461,22.774226918830923,22.774226918830923,180200
2018-02-14,23.57073211669922,23.60023308326138,23.000393225543522,23.000393225543522,113800
2018-02-15,24.20990753173828,24.25907393566319,23.806735142126087,23.97390354128009,160200
2018-02-16,24.426240921020508,24.544241033841644,24.160737853805987,24.200072475131684,145400
2018-02-20,24.495079040527344,24.613081050160318,24.12140944858317,24.219742268435947,179800
2018-02-21,24.63274574279785,25.05558360744137,24.613080304769838,24.750747748857215,145400
2018-02-22,24.485244750976562,24.721246888568302,24.38691005808544,24.711413231721362,172200
2018-02-23,24.495079040527344,24.642580145884825,24.26891055394065,24.554079107554674,116000
2018-02-26,24.65241050720215,24.65241050720215,24.327907368567224,24.377075647498614,98000
2018-02-27,24.21973991394043,24.662245062573536,24.209908133373588,24.60324500128183,131800
2018-02-28,23.865739822387695,24.337744106434293,23.865739822387695,24.337744106434293,126300
2018-03-01,23.9345703125,24.131239675405446,23.678900890954136,23.954237623906153,159600
2018-03-02,23.905071258544922,23.934572228015153,23.315064998187648,23.600235409665306,85500
2018-03-05,24.23940658569336,24.2689075533487,23.895236132026703,23.895236132026703,97400
2018-03-06,24.47540855407715,24.534410489035576,24.249240096804062,24.249240096804062,105500
2018-03-07,24.337743759155273,24.5344131458242,24.23940906582081,24.347577416046548,58900
2018-03-08,24.465576171875,24.49507714088997,24.298407765279848,24.386908796746585,82600
2018-03-09,24.82941436767578,24.85891533718216,24.622913207865718,24.760580647739094,124100
2018-03-12,24.98674774169922,25.026082365537107,24.790078373665967,24.819579341544383,113100
2018-03-13,24.770414352416992,25.124416609291057,24.731079726331984,25.104751171826756,206300
2018-03-14,24.858915328979492,24.927749048893467,24.691746919654896,24.898248079396822,51200
2018-03-15,24.74091339111328,24.947416426972115,24.701580640593345,24.927749113923046,82600
2018-03-16,24.799911499023438,24.878578869438005,24.632743102445225,24.66224406969246,34200
2018-03-19,24.83924674987793,25.026082462676918,24.672078349074226,24.819579437882645,60600
2018-03-20,25.193252563476562,25.222751657881933,24.8097474560027,24.8490820826475,86900
2018-03-21,25.399751663208008,25.537419094124544,25.016248462467317,25.124414925796852,188500
2018-03-22,24.465576171875,24.84908126675692,24.416409765761554,24.59341182869503,169900
2018-03-23,24.229576110839844,24.59341392404395,24.229576110839844,24.377079092903713,131600
2018-03-26,25.24241828918457,25.252251945580078,24.72124575369183,24.947416099632107,261400
2018-03-27,24.603246688842773,25.291585786001527,24.495078339406835,25.05558364906896,180600
2018-03-28,23.865739822387695,24.504912524814753,23.816571537229734,24.504912524814753,209100
2018-03-29,24.150907516479492,24.357410555654145,23.8559053183194,23.895238069470903,88700
2018-04-02,23.95423698425293,24.111571720144738,23.70840122497473,24.032904352198834,81600
2018-04-03,24.003406524658203,24.091907559617344,23.590402320041633,24.032907494837332,112700
2018-04-04,23.9345703125,23.954237623906153,23.157728392159328,23.364231410767854,143500
2018-04-05,24.5540771484375,24.60324543001917,24.121407523987777,24.121407523987777,200500
2018-04-06,23.97390365600586,24.534410791553736,23.855903535790166,24.229573083910655,83200
2018-04-09,24.200075149536133,24.504910996186467,24.200075149536133,24.239407899630603,42000
2018-04-10,24.642578125,24.908081218217117,24.632744468705496,24.75074646866138,92200
2018-04-11,24.5540771484375,24.711411898342522,24.485243429801326,24.583578117386505,52200
2018-04-12,24.51474380493164,24.632743926713015,24.40657546365028,24.53441111708791,51500
2018-04-13,24.27874183654785,24.544243049993618,24.19024080687322,24.53441126943255,69700
2018-04-16,24.121408462524414,24.34757693986557,24.032907427812095,24.308242313069766,107400
2018-04-17,24.377077102661133,24.436077165322683,24.003405662788918,24.003405662788918,103400
2018-04-18,24.91791343688965,25.006414462856014,24.622911267387128,24.622911267387128,177300
2018-04-19,24.868749618530273,25.04574981328122,24.740913956368857,25.035916156532014,72800
2018-04-20,24.87858009338379,24.93758203078096,24.721245344814292,24.819580031564765,71300
2018-04-23,24.721248626708984,24.976918095970614,24.64258124198067,24.947418998933994,66400
2018-04-24,24.465576171875,24.937582298223656,24.288575984519696,24.91791498554701,65200
2018-04-25,24.259075164794922,24.40657625962115,24.032906694356164,24.367243509603973,55700
2018-04-26,24.47540855407715,24.514743177382766,24.20007369325011,24.20007369325011,100500
2018-04-27,24.69174575805664,24.967080624759692,24.61307838534461,24.61307838534461,75900
2018-04-30,24.20990753173828,24.770412789025798,24.16073925223529,24.770412789025798,42400
2018-05-01,23.94440460205078,24.200074030364636,23.855903573958365,24.200074030364636,75600
2018-05-02,24.08207130432129,24.268907010805485,23.964071187494035,23.964071187494035,46500
2018-05-03,23.94440460205078,24.12140665823561,23.669067861810145,24.12140665823561,326800
2018-05-04,23.8460693359375,23.993570420631812,23.649399972626384,23.659233628349746,164300
2018-05-07,24.229576110839844,24.32791080702298,23.865740173214064,23.865740173214064,56400
2018-05-08,24.19024085998535,24.288575546015082,24.072238861634048,24.278741889854295,47400
2018-05-09,24.58357810974121,24.819580234525347,23.99357185999179,24.3377423286438,378500
2018-05-10,25.71442222595215,25.77342228802025,24.839247448892404,25.035914947645455,561400
2018-05-11,25.46858787536621,25.802924705148527,25.330920430954055,25.793091048322193,213900
2018-05-14,25.940589904785156,26.20609298938602,25.684922351737768,25.684922351737768,459600
2018-05-15,25.852092742919922,25.96025921582229,25.54725501094333,25.802924459256804,190000
2018-05-16,26.363428115844727,26.471596457563138,25.97009124902068,26.019257654031886,261300
2018-05-17,26.284761428833008,26.501098117918858,26.09792758444927,26.481430805169566,287600
2018-05-18,26.10776138305664,26.26509614605467,26.019260344422957,26.26509614605467,135300
2018-05-21,26.481430053710938,26.579764739088795,26.392929024428682,26.451929085424148,409000
2018-05-22,26.274927139282227,26.61909760178826,26.235594390309664,26.55026388440268,124300
2018-05-23,25.89142417907715,26.18642636375778,25.763590399203046,26.10775898947107,181300
2018-05-24,25.60625457763672,25.89142309413467,25.429252524014093,25.89142309413467,182300
2018-05-25,25.47842025756836,25.54725397633085,25.19325172618401,25.370251913468348,434400
2018-05-29,25.144084930419922,25.144084930419922,24.770415345522046,24.947417418844616,252300
2018-05-30,25.42925453186035,25.57675562966626,25.04574942687113,25.330919841463672,77200
2018-05-31,25.055583953857422,25.596423832037907,25.006417544740234,25.419421758290778,78700
2018-06-01,24.75074577331543,25.34075200536293,24.681912056765874,25.242417320758662,140200
2018-06-04,23.629735946655273,24.563910789176656,23.29539913442458,24.563910789176656,424700
2018-06-05,23.118396759033203,23.541234596752435,22.98072932371183,23.30523247523945,576300
2018-06-06,22.902063369750977,23.20689922782379,22.73489495553461,23.20689922782379,573800
2018-06-07,22.843059539794922,23.177396340576315,22.68572479537757,22.882394163688307,325400
2018-06-08,22.803726196289062,22.94139362516652,22.685724203266922,22.685724203266922,134200
2018-06-11,22.784061431884766,22.931562532968044,22.725061366567104,22.813562402332725,219900
2018-06-12,22.911893844604492,23.08889590551547,22.725060003045705,22.95122846950833,224800
2018-06-13,23.442899703979492,23.629735418539326,23.30523226987126,23.49206610885297,180900
2018-06-14,23.590402603149414,23.64940266863748,23.462568815328883,23.521568880816954,106700
2018-06-15,22.86272621154785,23.590399852996565,22.803726152937966,23.590399852996565,178600
2018-06-18,22.99056053161621,23.06922790349427,22.626724640021973,22.84305944379211,140500
2018-06-19,22.99056053161621,23.00039418754823,22.57755636036188,22.744724760050016,200000
2018-06-20,23.118396759033203,23.275731506708528,22.951228355180906,23.236396882000626,76300
2018-06-21,23.088895797729492,23.206897796311992,22.97089567472513,23.206897796311992,70000
2018-06-22,23.305233001708984,23.44290044014029,23.14789825047944,23.22656562609421,71500
2018-06-25,22.921728134155273,23.30523323525131,22.74472606835375,23.26589860926066,84000
2018-06-26,23.020063400268555,23.10856443538651,22.81356223537883,22.931562365150604,169600
2018-06-27,22.577556610107422,23.147897407004884,22.51855654944076,23.01022809801186,175700
2018-06-28,22.695558547973633,22.705392203988847,22.233387968727314,22.410390025844915,226300
2018-06-29,22.715225219726562,22.90206092759301,22.70539156398853,22.80372624579077,80000
2018-07-02,22.872562408447266,22.911895160031143,22.3710571655996,22.459558201136144,87300
2018-07-03,22.695558547973633,22.921727009589187,22.666057579927998,22.902061573136873,72600
2018-07-05,22.872562408447266,22.872562408447266,22.538225579882152,22.666059367002575,73900
2018-07-06,23.14789581298828,23.167561248137552,22.656224298274797,22.656224298274797,87400
2018-07-09,23.531402587890625,23.551069901621386,23.17739844305003,23.334733201739567,84100
2018-07-10,23.403566360473633,23.462568300244673,23.33473263965231,23.383900922794844,84600
2018-07-11,22.980730056762695,23.167563903350526,22.961062743781387,22.970896400272043,76400
2018-07-12,23.098730087280273,23.157730150400244,22.980729961040332,23.11839740017966,116000
2018-07-13,22.892229080200195,22.990561894192066,22.852894454140884,22.892229080200195,111500
2018-07-16,22.872562408447266,23.108564544685297,22.744726745748586,22.96106344398381,124900
2018-07-17,22.666059494018555,22.852895222929167,22.626726742214263,22.76439418689668,99500
2018-07-18,22.675891876220703,22.685725532513576,22.449723408219043,22.56772540815539,87800
2018-07-19,22.685728073120117,22.744728141906712,22.27272384045722,22.27272384045722,59300
2018-07-20,22.479223251342773,22.77422542304275,22.43988862814114,22.626724337192762,63300
2018-07-23,22.371055603027344,22.47922394458962,22.27272091756874,22.371055603027344,107300
2018-07-24,22.597225189208984,22.83322732068631,22.469391404667263,22.636559815577645,62800
2018-07-25,23.108564376831055,23.108564376831055,22.49889078929428,22.49889078929428,87700
2018-07-26,22.803726196289062,23.029894651038614,22.744724261988967,22.774225229139013,72400
2018-07-27,22.380889892578125,22.55789195629768,22.115386796998795,22.489058237201892,121400
2018-07-30,22.0760555267334,22.430057802321922,21.967887174859467,22.25305572673851,164400
2018-07-31,22.361223220825195,22.469391568549735,22.16455571428212,22.16455571428212,172200
2018-08-01,22.243221282958984,22.262886719109126,21.948217233769903,22.15472025576007,190700
2018-08-02,22.39072036743164,22.400554022416358,21.97771623596307,21.97771623596307,75600
2018-08-03,21.781051635742188,22.10555481866863,21.65321784422863,22.036721094347616,133800
2018-08-06,22.046554565429688,22.08588731803335,21.692550414105185,21.692550414105185,71200
2018-08-07,22.223554611206055,22.449723075859374,22.20388729891147,22.223554611206055,64700
2018-08-08,22.351388931274414,22.371056244045302,22.144887773914597,22.312056181310812,52600
2018-08-09,22.233388900756836,22.518557434839895,22.19405427504707,22.321889933025624,36600
2018-08-10,21.790884017944336,21.918719677556886,21.63354926425059,21.918719677556886,49800
2018-08-13,21.436880111694336,21.820385219021063,21.35821273401315,21.820385219021063,97600
2018-08-14,21.17137908935547,21.377880254427232,21.00421067571622,21.377880254427232,125900
2018-08-15,20.689542770385742,20.797709251917905,20.355205917115292,20.797709251917905,104100
2018-08-16,20.73870849609375,20.817375878049457,20.630540142562772,20.630540142562772,97900
2018-08-17,20.728872299194336,20.78787235953783,20.54203658659882,20.68953955082471,80800
2018-08-20,21.073043823242188,21.11237657360303,20.8272080378578,20.83704169434256,72600
2018-08-21,21.338546752929688,21.525380597928727,21.289378470894533,21.309045783708594,40100
2018-08-22,21.39754867553711,21.495883372575882,21.32871495028347,21.35821404649026,46500
2018-08-23,21.18121337890625,21.476215587987305,21.171379721859775,21.476215587987305,37200
2018-08-24,21.525379180908203,21.56471380394692,21.26970975789072,21.26970975789072,43000
2018-08-27,21.584381103515625,21.771214936111907,21.554880136252923,21.594212883691803,37800
2018-08-28,21.446714401245117,21.594215504302824,21.368047021242454,21.594215504302824,39000
2018-08-29,21.790884017944336,21.879385051344347,21.466380854003706,21.49588182366311,61400
2018-08-30,21.309045791625977,21.71221632657313,21.289378478804608,21.653216263687206,59000
2018-08-31,21.466381072998047,21.466381072998047,21.269711691085387,21.299212661045754,93700
2018-09-04,21.486047744750977,21.525380494612133,21.35821208765134,21.466380432031315,32500
2018-09-05,21.053377151489258,21.269711974008214,20.925543364450387,21.269711974008214,62000
2018-09-06,20.84687614440918,21.161545661587265,20.78787420325459,21.161545661587265,36800
2018-09-07,20.443702697753906,20.63053652490006,20.384700764949645,20.610869213965305,86500
2018-09-10,20.37487030029297,20.47320499478846,20.325703890834372,20.47320499478846,104600
2018-09-11,20.4830379486084,20.5322043563791,20.276536785277568,20.276536785277568,49400
2018-09-12,20.630538940429688,20.660039910285942,20.40437046493306,20.463370529067348,44700
2018-09-13,20.699373245239258,20.925543602695765,20.660040493232653,20.77804062483074,22100
2018-09-14,20.52237319946289,20.669874302839386,20.483038571587404,20.669874302839386,57500
2018-09-17,20.325702667236328,20.542037481640513,20.276536260737526,20.473203762310916,38500
2018-09-18,20.709205627441406,20.768207565187037,20.30603509740374,20.325702409985617,76900
2018-09-19,20.768205642700195,20.896039411492662,20.650203653710395,20.876372100731363,73300
2018-09-20,21.132043838500977,21.200877558159508,20.89604171013821,20.89604171013821,46600
2018-09-21,21.220544815063477,21.377879566889966,21.15171109558666,21.34837859758068,104200
2018-09-24,21.073043823242188,21.171378512511584,21.043542853787912,21.10254291711827,43000
2018-09-25,21.0140438079834,21.22054496790114,21.004210151476144,21.191043998379378,31600
2018-09-26,20.95504379272461,21.112378560128448,20.925544696072873,21.03371117642653,35100
2018-09-27,20.610872268676758,20.89604269276143,20.581373173480603,20.74854159004583,36500
2018-09-28,20.394535064697266,20.49286974689951,20.296200382495027,20.44370334358742,43600
2018-10-01,20.394535064697266,20.542036150211597,20.355202317163208,20.483036091121477,36300
2018-10-02,20.660037994384766,20.778038111710647,20.38470126132763,20.38470126132763,54500
2018-10-03,20.512537002563477,20.72887180235649,20.50270334681224,20.72887180235649,54500
2018-10-04,20.27653694152832,20.512539076687144,20.188035906396482,20.502705419941577,82800
2018-10-05,19.814363479614258,20.2077003522352,19.68652969935426,20.19786857155056,88500
2018-10-08,19.57836151123047,19.598028823911946,19.30302476042426,19.4701931670605,158800
2018-10-09,19.362028121948242,19.509529226747155,19.25385976982583,19.25385976982583,71400
2018-10-10,18.84085464477539,19.322692564249984,18.84085464477539,19.3030252510686,131000
2018-10-11,18.57535171508789,18.86052213211659,18.496684337214152,18.693353719687618,87600
2018-10-12,18.762187957763672,18.8015225855733,18.516352160688374,18.663853263817895,62900
2018-10-15,19.116191864013672,19.234191994793868,18.78185503417268,18.78185503417268,229500
2018-10-16,19.45052719116211,19.49969359592569,19.15552313584627,19.18502410405129,115200
2018-10-17,19.283361434936523,19.46036351729603,19.096525695159443,19.46036351729603,89100
2018-10-18,18.919523239135742,19.21452732910133,18.86052317137396,19.086691660776072,71800
2018-10-19,18.74251937866211,19.027689784296864,18.6245192543553,18.92935509698908,51900
2018-10-22,18.6048526763916,18.860522123255695,18.467185234071795,18.68352005422838,96700
2018-10-23,18.103347778320312,18.26068253693992,17.828011012946863,18.221349785074153,353100
2018-10-24,17.58217430114746,18.17218055298799,17.58217430114746,18.064014084314916,245300
2018-10-25,17.965679168701172,18.034512886687452,17.769009795387674,17.818178076505124,73900
2018-10-26,17.562511444091797,17.887014648939275,17.375675697186143,17.562511444091797,191100
2018-10-29,17.405174255371094,17.769010165324243,17.179003908678443,17.769010165324243,78700
2018-10-30,17.896848678588867,17.946015092995818,17.306842327813033,17.45434344661237,53700
2018-10-31,18.18201446533203,18.280349154619664,17.99517874324335,18.093513432530983,236500
2018-11-01,18.81135368347168,18.831020996661916,18.231182948985428,18.280349356382803,54900
2018-11-02,19.1358585357666,19.263694207194593,18.9490246707232,19.194860480538775,215400
2018-11-05,20.15853500366211,20.35520438807548,19.912699210934523,19.922532867713016,230400
2018-11-06,20.05036735534668,20.26670406087703,19.981533631070047,20.060201012468816,147500
2018-11-07,20.660037994384766,20.709204397340876,20.15853280680465,20.15853280680465,79800
2018-11-08,20.089702606201172,20.4043721415445,20.001201564938565,20.227370059019282,57000
2018-11-09,19.85369873046875,19.96186520161265,19.67669666331555,19.96186520161265,41300
2018-11-12,19.65703010559082,19.93236687347458,19.65703010559082,19.863533150398215,37400
2018-11-13,19.519363403320312,19.784866524371726,19.450529677620693,19.7356982377446,40100
2018-11-14,19.352191925048828,19.598027692642276,19.135855249196634,19.460360262974923,51000
2018-11-15,19.89303207397461,19.991366767054245,19.411194141020495,19.430861454752076,48000
2018-11-16,20.11920166015625,20.178203604591545,19.81436578288738,19.82419944029326,66500
2018-11-19,19.961864471435547,20.17820115696648,19.8930307535223,20.148700188327314,53300
2018-11-20,19.44069480895996,19.627528659766494,19.273526396000584,19.548861281643152,80900
2018-11-21,19.76519775390625,19.85369878773814,19.607862999444723,19.66686306347324,37000
2018-11-23,19.74553108215332,19.84386577578081,19.558695351818915,19.588196322580647,28000
2018-11-26,20.296199798583984,20.34536807605959,19.991363980547263,20.011031291537506,90200
2018-11-27,20.817373275756836,20.866539679991195,20.217533391091564,20.217533391091564,121300
2018-11-28,21.446714401245117,21.48604902903559,21.004211092071998,21.004211092071998,211400
2018-11-29,21.230379104614258,21.48604855285121,21.08287800482554,21.456547582662168,152100
2018-11-30,20.699373245239258,20.866541661318443,20.512539390945904,20.689541463921312,218100
2018-12-03,21.033708572387695,21.10254229015775,20.896041136847586,21.08287685335069,111700
2018-12-04,20.443702697753906,21.151709011203017,20.433869042286528,21.12220804480089,134700
2018-12-06,20.473203659057617,20.502704628155023,19.90286471888828,20.060199469584774,143500
2018-12-07,19.9323673248291,20.601041007989686,19.883199038962395,20.30603691952443,65700
2018-12-10,19.76519775390625,19.85369878773814,19.47019368260722,19.73569678410288,109300
2018-12-11,19.77503204345703,20.079867905536005,19.607863627043734,19.9520341167862,67700
2018-12-12,19.9520320892334,20.070032209075993,19.834030093812718,19.93236477740027,88100
2018-12-13,20.01103401184082,20.217535178576142,19.902865662268074,20.00120035500891,61800
2018-12-14,19.716028213500977,20.011032265985975,19.69636277713112,19.90286392585033,42800
2018-12-17,19.263690948486328,19.657027802537435,19.1555226102805,19.61769505492136,141000
2018-12-18,19.09652328491211,19.470192841725588,19.008022254902418,19.30302443788263,112900
2018-12-19,18.722854614257812,19.214526192881245,18.644185361122965,19.04735778112615,95800
2018-12-20,18.388519287109375,18.89985634504823,17.975515052434435,18.654020535731682,161200
2018-12-21,18.1623477935791,18.67368669546501,18.07384675765353,18.536019250948904,115700
2018-12-24,17.834571838378906,18.101942326951097,17.775156803841718,17.953401907453284,72200
2018-12-26,18.527751922607422,18.567363204052267,17.755350822131557,17.844474316612597,66500
2018-12-27,18.349506378173828,18.369310129646944,17.794959783990738,18.101941541446674,121000
2018-12-28,18.389118194580078,18.59707366701108,18.25048247213945,18.43863230171606,180800
2018-12-31,18.36931037902832,18.606974287630344,18.17125964021975,18.448531052305714,103300
2019-01-02,18.606975555419922,18.63668212944186,18.12174677366866,18.270287198858213,134900
2019-01-03,18.408924102783203,18.76541812422058,18.329703418993795,18.6663917972913,69800
2019-01-04,19.260547637939453,19.349671142224548,18.715903790778327,18.795124473612844,64400
2019-01-07,19.61703872680664,19.884409225494007,19.37937669089675,19.53781804817001,81900
2019-01-08,19.62693977355957,19.933919639430894,19.537816282053413,19.854698967955397,35900
2019-01-09,19.90421485900879,20.032947753450657,19.805188538561985,19.805188538561985,83400
2019-01-10,20.339929580688477,20.339929580688477,19.924020544908217,19.97353276085612,229200
2019-01-11,20.191389083862305,20.250806009313514,20.102265584455452,20.181486262953772,36700
2019-01-14,20.151779174804688,20.320123348414384,20.023044395048494,20.042850036360203,32900
2019-01-15,20.161680221557617,20.300315921002046,20.08245955205084,20.161680221557617,181400
2019-01-16,20.06265640258789,20.33002690364701,19.70616240117573,20.112168618886255,169200
2019-01-17,20.40924835205078,20.53798125253945,20.032948694431504,20.032948694431504,166500
2019-01-18,20.26070785522461,20.61720186893016,20.211195637218857,20.54788400821409,519400
2019-01-22,20.013141632080078,20.240902730281416,19.854700278669533,20.181485806175022,149100
2019-01-23,20.399343490600586,20.547882019008117,20.19138803981415,20.19138803981415,165100
2019-01-24,21.043012619018555,21.043012619018555,20.577591372813913,20.577591372813913,162700
2019-01-25,21.548046112060547,21.67677901101566,21.25096714030485,21.25096714030485,106400
2019-01-28,22.043174743652344,22.072883205977444,21.557947858295304,21.567850679070336,167100
2019-01-29,21.78570556640625,22.072881682754748,21.755997106131293,22.072881682754748,106200
2019-01-30,22.270933151245117,22.360056646233357,21.97385609379756,21.98375891421513,119400
2019-01-31,23.063142776489258,23.172070028222162,22.49869332105898,22.518498962744943,242100
2019-02-01,22.49869155883789,23.13245882175896,22.37986149556943,23.13245882175896,126000
2019-02-04,22.766061782836914,22.766061782836914,22.568011049987522,22.568011049987522,168900
2019-02-05,22.914600372314453,22.954211652263137,22.736353390084936,22.874990981135554,71300
2019-02-06,23.053239822387695,23.320608428522895,23.01362853924474,23.12255767911793,167200
2019-02-07,22.67694091796875,22.964117063694488,22.468987341080453,22.775967240245556,104000
2019-02-08,22.51849937438965,22.538305016437665,22.191713835677305,22.369960836569486,74900
2019-02-11,22.657133102416992,22.75615941519489,22.51849739778983,22.548205858254143,115400
2019-02-12,22.894798278808594,23.073043385174167,22.88489545810441,23.013628349718978,107100
2019-02-13,23.063142776489258,23.132460633620184,22.924505173457458,23.003725851431366,262900
2019-02-14,23.38992691040039,23.518659796120428,23.03343293645285,23.053238576954342,93100
2019-02-15,23.003725051879883,23.38992749625296,22.874992162935445,23.38992749625296,75300
2019-02-19,23.766225814819336,23.815738029758904,23.152264150211067,23.172069791694867,145000
2019-02-20,23.64739418029785,24.0137909977135,23.578076322920015,23.80583742557999,102000
2019-02-21,24.15242576599121,24.310867116294443,24.073205090839597,24.083107911329783,86700
2019-02-22,24.914926528930664,24.914926528930664,24.261355471414557,24.340576148423484,215400
2019-02-25,24.96443748474121,25.54869065650511,24.914925272396403,25.350639918356055,284700
2019-02-26,24.726776123046875,24.79609586645019,24.518822559146574,24.647555447927253,146300
2019-02-27,24.578237533569336,24.588140354031463,24.291063295247238,24.4197961837151,115800
2019-02-28,24.677265167236328,24.71687456243017,24.38018809258759,24.518823808921002,298200
2019-03-01,24.805997848510742,25.06346552574377,24.746582811847723,24.83570631122723,152900
2019-03-04,24.726776123046875,25.053561644011552,24.499016918174195,25.053561644011552,269700
2019-03-05,24.489112854003906,24.706971116096305,24.449503462840607,24.706971116096305,175900
2019-03-06,23.786029815673828,24.38018579781669,23.696906323913907,24.38018579781669,561400
2019-03-07,23.191875457763672,23.57807602325751,23.16216699550648,23.449343131016207,250000
2019-03-08,22.964115142822266,23.013627355434135,22.538303314788745,22.77596533511144,208200
2019-03-11,23.776126861572266,23.835541892820647,23.22158216279119,23.261191554033516,157100
2019-03-12,23.835542678833008,23.934568993359044,23.786030465954916,23.904860532370275,75200
2019-03-13,23.9345703125,23.94447313337538,23.75632331428312,23.88505809689307,88000
2019-03-14,23.875154495239258,24.093010881063233,23.84544603358467,23.944472350330074,66900
2019-03-15,23.786029815673828,24.003886190659298,23.756321355497253,23.894957058781664,91700
2019-03-18,24.271259307861328,24.30096777127166,23.91476530201734,23.96427940770123,233200
2019-03-19,24.419797897338867,24.558433615997416,24.221745251738078,24.27125935752328,89300
2019-03-20,24.52872657775879,24.637653830887736,24.241550435941626,24.370285219780346,59000
2019-03-21,23.944473266601562,24.221744697575033,23.776129088323398,24.13262308674068,89700
2019-03-22,23.043336868286133,23.766225782533407,22.964116191228484,23.736517320348067,232300
2019-03-25,22.894798278808594,23.03343399112735,22.7165512836731,22.954213314263786,99600
2019-03-26,22.845285415649414,23.172070961550343,22.65713558959433,22.983921135495255,128400
2019-03-27,22.78586769104004,22.914600574469393,22.508594395262463,22.855185542791983,152800
2019-03-28,22.914600372314453,22.914600372314453,22.587814867816935,22.75615903005928,74500
2019-03-29,22.934410095214844,23.0829486439266,22.835383766483634,23.04333924569619,354200
2019-04-01,23.3701229095459,23.409732304558045,23.08294676843548,23.08294676843548,158500
2019-04-02,23.508758544921875,23.71671400652752,23.429537866398288,23.568173581622077,317600
2019-04-03,23.835542678833008,23.993984026566725,23.65729569044011,23.6671985107697,100100
2019-04-04,24.0930118560791,24.102914677031386,23.805837603542706,23.894959214573333,75600
2019-04-05,24.558433532714844,24.62775328057905,24.281162096338033,24.281162096338033,117200
2019-04-08,24.726776123046875,24.736678943533065,24.499016918174195,24.588140413780007,87700
2019-04-09,24.261354446411133,24.62775124257893,24.2316459854992,24.598042781666997,129700
2019-04-10,24.62775230407715,24.68716733969206,24.300966775040248,24.340576169193547,198000
2019-04-11,24.19203758239746,24.499017469295474,24.15242629956163,24.499017469295474,59400
2019-04-12,24.370285034179688,24.49901792826802,24.350479392390724,24.49901792826802,33400
2019-04-15,24.479211807250977,24.58814094618781,24.31086763288038,24.548531552155275,55500
2019-04-16,24.687166213989258,24.73667842661567,24.52872486706093,24.55843143912884,113500
2019-04-17,24.914926528930664,24.994147205939587,24.845608672644094,24.875317134811166,78300
2019-04-18,24.845609664916992,25.013953846380453,24.79609744809774,25.0040510252626,62000
2019-04-22,25.073366165161133,25.073366165161133,24.76638629887912,24.786191938966937,110000
2019-04-23,25.36054229736328,25.42986014894797,25.0040483306194,25.07336618220409,159800
2019-04-24,25.330835342407227,25.53879079828811,25.241711845425407,25.320932521768146,87800
2019-04-25,25.25161361694336,25.33083428999474,25.103075091068245,25.301125829311786,100500
2019-04-26,25.30112648010254,25.30112648010254,24.934731566104244,25.093172916282406,113000
2019-04-29,25.122880935668945,25.3110288552137,25.06346401382022,25.281322283059183,70800
2019-04-30,24.845609664916992,25.122882989906806,24.716874879154933,24.914927523971947,154800
2019-05-01,25.122880935668945,25.459567382295816,25.122880935668945,25.14268468751534,137400
2019-05-02,25.20210075378418,25.271418604817924,24.88521618099169,25.132781013980654,304900
2019-05-03,25.954696655273438,25.99430793588048,25.400151948163536,25.400151948163536,261500
2019-05-06,25.30112648010254,25.370446223479128,24.934731566104244,25.192199232336225,179000
2019-05-07,25.895282745361328,25.934894027685015,25.548691580108674,25.548691580108674,119000
2019-05-08,25.509082794189453,25.835868326064404,25.429862116424918,25.835868326064404,103100
2019-05-09,24.578237533569336,25.19219918083191,24.39008772232873,25.19219918083191,1158700
2019-05-10,25.142684936523438,25.19219903855442,24.548530822310585,24.63765242842662,256100
2019-05-13,24.19203758239746,24.62775224974201,23.934569910274316,24.548531572840265,158100
2019-05-14,24.479211807250977,24.627752228990264,24.281161059548463,24.291063880249077,44700
2019-05-15,24.974340438842773,25.00404889967081,24.380186332440726,24.380186332440726,35500
2019-05-16,25.59820556640625,25.74674409690364,25.073367410627593,25.073367410627593,78800
2019-05-17,25.00404930114746,25.291225427453348,24.97434083984241,25.28132260701833,105400
2019-05-20,24.74658203125,24.855511169004476,24.48911436213844,24.855511169004476,69600
2019-05-21,25.509082794189453,25.608109113587606,24.93473240820409,24.93473240820409,70000
2019-05-22,25.677425384521484,25.71703477657223,25.44966618611266,25.44966618611266,48100
2019-05-23,24.835704803466797,25.320931665758536,24.63765217492044,25.241710992093964,114400
2019-05-24,25.25161361694336,25.311028649539438,25.033757238244515,25.152587303436672,38000
2019-05-28,25.53879165649414,25.57840105161159,25.29122679850767,25.29122679850767,51000
2019-05-29,25.370447158813477,25.439765015975734,25.17239451940421,25.39025091173844,46700
2019-05-30,25.7170352935791,25.816061608851506,25.390249775319077,25.390249775319077,133200
2019-05-31,25.419958114624023,25.578399462792078,25.251613946099237,25.489275968351315,108000
2019-06-03,25.825963973999023,25.89528182683682,25.429860608661734,25.429860608661734,90400
2019-06-04,26.043821334838867,26.13294483149678,25.74674427182576,25.806159306674402,255200
2019-06-05,26.55875587463379,26.55875587463379,26.142846865664968,26.38050888668003,348600
2019-06-06,26.380510330200195,26.459731008206774,26.043821976479748,26.301289652193617,91200
2019-06-07,26.746906280517578,26.964762665789976,26.479535792612893,26.52904989524518,529100
2019-06-10,27.143009185791016,27.360865567275546,26.905347163597934,27.024179119079403,447000
2019-06-11,27.182621002197266,27.390574567420312,27.034080582729498,27.350965173993494,202300
2019-06-12,26.647878646850586,27.10339892470237,26.578560795361568,27.10339892470237,144400
2019-06-13,27.390575408935547,27.440087624432696,26.9152513405911,26.92515416144452,165800
2019-06-14,27.03407859802246,27.31135188673373,26.87563725840738,27.31135188673373,125600
2019-06-17,26.548852920532227,26.836029041625988,26.459729427004497,26.796417760604847,268400
2019-06-18,27.539113998413086,27.836192958290688,26.796419431874018,26.816225073619847,227300
2019-06-19,27.766874313354492,27.786678065768644,27.25193897518854,27.638139534428053,165800
2019-06-20,27.846094131469727,28.262003139672462,27.75697063765701,28.15307400528584,228100
2019-06-21,27.727262496948242,27.82628881219132,27.47969765322549,27.796580350987437,85500
2019-06-24,27.80648422241211,27.925316182949356,27.687652261874863,27.80648422241211,178700
2019-06-25,27.043983459472656,27.71736014805677,27.034080638902903,27.71736014805677,156200
2019-06-26,27.251937866210938,27.4995027046276,27.232132225832846,27.40047639150697,164000
2019-06-27,27.86590003967285,27.89560850283269,27.35096656629223,27.35096656629223,289200
2019-06-28,27.9946346282959,28.044146844445127,27.776776344191354,27.955023344360537,222700
2019-07-01,28.529373168945312,28.63830230881709,28.26200456281358,28.4798609537872,443800
2019-07-02,28.786840438842773,28.786840438842773,28.39073705683004,28.618496265391123,260600
2019-07-03,28.925474166870117,29.09381832877803,28.826449744734695,28.9155732356724,145100
2019-07-05,28.97498893737793,28.984891757574644,28.370930126767124,28.598689324982082,370100
2019-07-08,28.905672073364258,28.955184287271358,28.68781379912529,28.955184287271358,121000
2019-07-09,28.747230529785156,28.94528127285687,28.60859293198809,28.737327709316087,236000
2019-07-10,28.776935577392578,29.064111689467037,28.539273565039462,29.064111689467037,139900
2019-07-11,28.083757400512695,28.84625570880643,28.024340476149604,28.84625570880643,272800
2019-07-12,28.469959259033203,28.608594977975134,28.29171225538214,28.29171225538214,233000
2019-07-15,28.499664306640625,28.717520680118888,28.380832355526255,28.717520680118888,128500
2019-07-16,28.489763259887695,28.697716826318892,28.35112566016366,28.489763259887695,80900
2019-07-17,28.618497848510742,28.826453316052312,28.559082810114585,28.598692206122017,316300
2019-07-18,28.648202896118164,28.747229207483997,28.410540882102044,28.67790946738906,111200
2019-07-19,28.75713348388672,28.95518422787876,28.697716560796206,28.846255090982712,300600
2019-07-22,28.71752166748047,28.96508650944151,28.509568106842725,28.856157374572298,169700
2019-07-23,28.390735626220703,28.91557376142217,28.073852936578238,28.91557376142217,210200
2019-07-24,28.331321716308594,28.47986024686588,28.123366262512477,28.30161325468918,120600
2019-07-25,27.984729766845703,28.222391786819166,27.95502130606033,28.222391786819166,169900
2019-07-26,28.232295989990234,28.31151666719521,28.044146173339698,28.153075312785262,95500
2019-07-29,28.460054397583008,28.509568499919805,27.994633168236383,28.232295193143376,206100
2019-07-30,28.608591079711914,28.608591079711914,28.182779270960783,28.30161122012589,117500
2019-07-31,29.22255516052246,29.57904914941522,28.92547620685519,29.21265233985656,271900
2019-08-01,30.074176788330078,31.054533301806078,29.80680631499032,29.88602698611657,712100
2019-08-02,30.08407974243164,30.361353054402546,29.71768482212464,30.361353054402546,192100
2019-08-05,28.36102867126465,29.16314014686661,28.004536570878138,29.08391947025073,538800
2019-08-06,29.06411361694336,29.20274932781762,28.697716809785792,28.875963803064074,386100
2019-08-07,30.737651824951172,30.757455576933463,29.341384372242253,29.60875485608672,1089400
2019-08-08,31.27239227294922,31.282295093758833,30.529697711157738,30.767359744278618,408600
2019-08-09,30.509889602661133,31.193169073118312,30.301936048783176,31.12385122182566,347400
2019-08-12,30.024662017822266,30.34154469524998,29.905831958171742,30.183103356536122,303900
2019-08-13,30.014760971069336,30.341546487566553,29.53943692684972,29.65826888228955,239200
2019-08-14,28.8066463470459,29.499828688568343,28.687814386956077,29.400802369955144,375500
2019-08-15,28.638301849365234,29.163140009962845,28.460054855623785,29.14333436870937,275000
2019-08-16,29.51963233947754,29.62856147845341,28.88586692457049,28.88586692457049,219900
2019-08-19,30.371253967285156,30.549500950300587,30.004857181223457,30.4108633586387,458100
2019-08-20,30.658428192138672,30.727747932352337,30.15339759197051,30.55940376937302,234400
2019-08-21,31.411026000976562,31.490246673675287,30.97531324551849,31.420928821160132,423900
2019-08-22,30.688138961791992,31.094145169750163,30.36135343127029,31.054535775416895,285600
2019-08-23,29.757295608520508,30.787166339376018,29.707783391708993,30.450477976501716,330600
2019-08-26,30.460378646850586,30.470281467267665,29.915734856530502,30.05437245359973,338100
2019-08-27,30.054372787475586,30.72774947315853,30.00485868484014,30.648528797711705,262500
2019-08-28,30.202911376953125,30.36135272815686,29.886028674545653,30.024664384656447,182000
2019-08-29,30.242521286010742,30.757454709657956,29.994956449899078,30.529695513739977,153400
2019-08-30,30.252424240112305,30.77726240771854,29.787002997059936,30.68813890965767,124800
2019-09-03,29.47011947631836,30.103884877281157,29.47011947631836,29.816710638258595,224300
2019-09-04,30.093982696533203,30.153399620713962,29.638464277100244,29.69787931251108,174200
2019-09-05,29.826614379882812,30.599015513967885,29.668171135979016,30.50989201560885,229800
2019-09-06,29.450313568115234,29.994957357299217,29.37109289371373,29.994957357299217,147200
2019-09-09,28.984891891479492,29.84641647610566,28.875962757582226,29.84641647610566,320200
2019-09-10,28.776935577392578,28.85615624817695,28.172878670950404,28.727423366441013,576800
2019-09-11,29.52953338623047,29.549339026448994,28.89576800939611,28.915573649614636,294000
2019-09-12,29.06411361694336,29.925638232761848,28.95518447910221,29.90583448032974,289800
2019-09-13,29.301774978637695,29.430507865983138,29.02450167442539,29.08391859668008,149000
2019-09-16,29.886028289794922,29.994957425633853,29.48002209646601,29.569145591466974,245200
2019-09-17,30.886188507080078,30.945603537015618,29.90583201367979,29.945441404046903,234200
2019-09-18,30.856483459472656,30.98521824213167,30.499989462903024,30.955509779494214,168500
2019-09-19,31.747716903686523,31.906158252491473,31.05453458608748,31.05453458608748,402700
2019-09-20,31.817035675048828,32.12401367234318,31.47044450625631,31.94576667760589,245600
2019-09-23,31.985380172729492,32.084408386399794,31.321906251298838,31.737815304863876,319600
2019-09-24,30.826772689819336,32.14381754786211,30.79706611817502,32.12401190758602,309500
2019-09-25,31.024826049804688,31.054534510922405,30.60891703800591,30.82677341989294,163800
2019-09-26,29.915735244750977,31.123852908534243,29.846417389701752,31.123852908534243,393200
2019-09-27,28.925474166870117,29.79690343631218,28.757131893731987,29.72758558530947,350900
2019-09-30,29.08391761779785,29.30177399242304,28.697715191220286,29.07401479775537,204900
2019-10-01,28.578887939453125,29.153238337025233,28.509570081107007,29.083920478679115,293900
2019-10-02,28.31151580810547,28.57888629384784,28.172880099396036,28.469957157707643,197700
2019-10-03,28.70762062072754,28.717523441670167,28.123367406502307,28.390737905643338,196100
2019-10-04,29.311677932739258,29.39089860733707,28.697716288028797,28.915574559750187,185800
2019-10-07,28.994794845581055,29.539436740042145,28.974989205004693,29.480021707082898,180000
2019-10-08,29.00469970703125,29.331485244458914,28.757134848714234,28.757134848714234,108600
2019-10-09,28.866060256958008,29.311677728953786,28.757133010624482,29.311677728953786,95200
2019-10-10,29.262163162231445,29.569144921959566,28.925474830688863,28.925474830688863,102100
2019-10-11,29.499828338623047,29.64836687039582,29.34138509745953,29.400802021184564,280100
2019-10-14,29.509727478027344,29.678071640816423,29.45031244668114,29.62855942948955,113400
2019-10-15,29.212650299072266,29.480020772063437,28.99479392595156,29.440409492167063,256400
2019-10-16,28.82645034790039,29.212650890864804,28.628397721945923,29.123527398062276,223500
2019-10-17,28.776935577392578,28.994793838626933,28.64820269565664,28.776935577392578,214600
2019-10-18,28.71752166748047,29.034404362987424,28.48976246618108,28.737327308142117,144100
2019-10-21,29.371091842651367,29.450312514217913,28.895767813252093,28.97498848481864,248600
2019-10-22,28.469959259033203,29.371095209695785,28.400641399562236,29.35128956734122,348600
2019-10-23,28.786840438842773,28.994795894880653,28.370931415536926,28.380834236183485,240300
2019-10-24,28.97498893737793,29.11362464259228,28.707618458376114,28.91557390496747,194600
2019-10-25,28.737327575683594,28.915574565758178,28.143171571691603,28.846254822797054,280900
2019-10-28,28.836355209350586,29.222555779653465,28.767035463220623,28.85615896233205,200300
2019-10-29,28.905672073364258,29.28196980985992,28.76703447463858,28.94528146673596,188900
2019-10-30,27.796579360961914,28.46005319405886,27.727261509391603,28.420443802634313,337400
2019-10-31,27.816387176513672,28.123367066948855,27.588627963893046,27.955022890496668,243400
2019-11-01,27.90550994873047,28.093659761930972,27.69755449439941,27.964924983352244,279500
2019-11-04,27.49950408935547,28.281808035984454,27.49950408935547,28.202587359252785,276000
2019-11-05,27.925315856933594,28.004536533443577,27.549016226933727,27.558919047593715,284400
2019-11-06,27.687650680541992,28.22239163926388,27.677749749101807,28.073853113653296,102900
2019-11-07,27.52920913696289,28.04414445156566,27.49950256531607,27.776773974125398,158400
2019-11-08,27.56882095336914,27.628235986587434,27.34106175205747,27.469794638825416,171400
2019-11-11,27.78667640686035,28.07385252057454,27.608429424385307,27.608429424385307,276300
2019-11-12,27.65794563293457,28.004536804306746,27.628237170667266,27.697555027187715,98400
2019-11-13,27.152912139892578,27.65794464782922,27.04398300422883,27.62823618662005,202400
2019-11-14,27.440086364746094,27.440086364746094,26.974665138621067,27.20242434148417,171500
2019-11-15,27.578723907470703,27.727262435621846,27.321256243916114,27.321256243916114,148500
2019-11-18,27.281646728515625,27.51931065546681,27.202426049121893,27.509407834446346,128400
2019-11-19,27.5094051361084,27.618332379109106,27.25193748114071,27.459891035862807,278300
2019-11-20,27.242036819458008,27.648043029790447,27.10340110532594,27.588627993558127,193900
2019-11-21,27.06378936767578,27.39057489462278,26.91525083520349,27.39057489462278,77400
2019-11-22,27.152912139892578,27.232132814347157,26.925152936931894,27.12320367868341,105600
2019-11-25,27.519309997558594,27.519309997558594,27.03408122300618,27.133107542073407,169700
2019-11-26,27.578723907470703,27.618333300218406,27.420282558940166,27.598529548229482,99700
2019-11-27,28.004535675048828,28.004535675048828,27.430185315763936,27.469794708419865,155800
2019-11-29,27.717361450195312,27.99463477286481,27.568822912210575,27.99463477286481,68000
2019-12-02,27.60843276977539,27.885706097086743,27.449991408103195,27.885706097086743,99500
2019-12-03,27.984729766845703,28.004535407369282,27.31135309920263,27.430185053574284,125000
2019-12-04,28.232295989990234,28.28180820495462,28.063951814833423,28.162978133532125,201700
2019-12-05,28.113462448120117,28.509567700629834,28.00453520357279,28.3214178945647,306900
2019-12-06,28.489763259887695,28.519469832937922,28.13326927312575,28.321419087113433,100300
2019-12-09,28.380834579467773,28.68781446814452,28.341225185172355,28.55908157572199,223000
2019-12-10,28.25210189819336,28.400640433258697,28.073854900606975,28.400640433258697,100800
2019-12-11,28.71752166748047,28.71752166748047,28.301612657435133,28.321418298096777,132800
2019-12-12,29.281970977783203,29.291873798713578,28.697717764280796,28.826452547605715,150300
2019-12-13,29.410703659057617,29.69787789043365,29.252262313035704,29.371092378167226,122700
2019-12-16,30.03456687927246,30.153398835770663,29.61865786468356,29.697878539425737,205000
2019-12-17,30.143497467041016,30.311841645071823,30.074179609399497,30.21281532468253,189200
2019-12-18,30.103885650634766,30.282132646427097,29.886029260649654,30.27222982568642,127100
2019-12-19,30.311840057373047,30.391060731781003,30.07417803414918,30.133593067762682,85200
2019-12-20,30.38115882873535,30.539600182335363,30.34154754595039,30.420768222750393,122100
2019-12-23,30.48147201538086,30.580792926956416,30.312627034019062,30.47153973478442,127100
2019-12-24,30.57086181640625,30.66025045080656,30.342423142722733,30.60065676494709,67500
2019-12-26,30.908552169799805,30.97807624309664,30.650318544419477,30.71984261771631,203500
2019-12-27,30.660249710083008,31.08732641542473,30.570861077842245,31.08732641542473,89200
2019-12-30,30.491403579711914,30.809228973776683,30.342421268653872,30.809228973776683,113100
2019-12-31,30.590723037719727,30.660249001268767,30.312626761078786,30.49140402142728,66100
2020-01-02,31.722978591918945,31.74284125867154,30.96814231804462,31.136987298968993,249200
2020-01-03,31.514404296875,31.713046118302305,31.335627036468185,31.464744788712576,151300
2020-01-06,31.236309051513672,31.236309051513672,30.719841814260846,31.117123575844225,292600
2020-01-07,31.514404296875,31.554133418915985,31.117122548409196,31.226375739633095,156100
2020-01-08,31.852094650268555,32.080531421660616,31.405153388117416,31.51440468630254,178300
2020-01-09,32.318904876708984,32.56720622864047,32.16992255003891,32.209651675654655,253200
2020-01-10,32.19971466064453,32.40829065734699,32.13019059133625,32.40829065734699,306700
2020-01-13,32.914825439453125,33.14326222048178,32.51754556370766,32.66652409632052,403000
2020-01-14,33.21278762817383,33.40149908135613,32.81550773646293,33.04394452667174,329500
2020-01-15,32.934688568115234,33.11346583049187,32.64665811331091,33.06380632178229,263200
2020-01-16,33.19292449951172,33.3518410095963,32.98435226319291,33.24258780330222,200600
2020-01-17,33.441219329833984,33.5703370746625,33.2922408139033,33.45115350416247,289100
2020-01-21,33.43129348754883,33.65973027404203,33.073738938680194,33.57034163682487,325500
2020-01-22,33.12339782714844,33.73918788917489,33.083672491515955,33.65972964035426,300800
2020-01-23,33.23265075683594,33.29224444297074,32.72611768541244,33.07373804925427,232300
2020-01-24,33.153194427490234,33.729251539190685,33.043941236794225,33.56040845449873,213200
2020-01-27,31.703113555908203,32.47781437931998,31.703113555908203,32.34869662822362,478000
2020-01-28,32.52747344970703,32.57713295676024,31.961346733989902,32.080530308673104,239100
2020-01-29,32.845298767089844,33.043940583630906,32.64665695054878,32.88502788815356,204500
2020-01-30,32.86516189575195,32.86516189575195,32.457947894534165,32.50760739931148,152900
2020-01-31,31.93155288696289,32.68638727098325,31.832230080659123,32.68638727098325,235200
2020-02-03,32.368560791015625,32.51754310112374,31.792499899960266,31.971277156578996,322700
2020-02-04,33.96762466430664,33.977555051018236,33.113467433551484,33.113467433551484,463800
2020-02-05,34.53375244140625,34.67280059212284,33.957691486977,34.58341195397961,518000
2020-02-06,34.90123748779297,35.16940340304335,34.533752547091915,34.68273108526793,347300
2020-02-07,34.55361557006836,34.89130554584077,34.4244978117142,34.89130554584077,153500
2020-02-10,34.95089340209961,34.95089340209961,34.503954044808886,34.55361355242146,201400
2020-02-11,36.34138488769531,36.44070390986153,35.59648085511515,35.74546317714232,594400
2020-02-12,38.07949447631836,38.0894248630706,36.90751182310592,37.12601821943369,1568900
2020-02-13,37.41404342651367,37.58289030487217,36.82805591177252,37.334588969292625,731500
2020-02-14,37.255130767822266,37.66234480710833,37.20547125840254,37.543161226745454,310500
2020-02-18,37.443843841552734,37.57296160269949,37.215407057233314,37.28493113120975,330700
2020-02-19,40.46318817138672,40.54264263029311,38.62575597585691,38.62575597585691,1138900
2020-02-20,41.57557678222656,41.57557678222656,40.06590418740234,41.26768175810014,1208700
2020-02-21,40.49298095703125,40.87040003581646,39.93678461928344,40.70155316289508,770100
2020-02-24,38.97338104248047,39.460049560264224,37.51336791157347,37.7914642074499,1458500
2020-02-25,37.563026428222656,39.65869034492672,37.46370740769113,39.57923209747928,1068800
2020-02-26,37.64248275756836,38.685347575120495,37.39418143011415,37.632548582754744,514800
2020-02-27,36.2420654296875,37.12601759818123,35.189266379008316,36.42083890968123,1674700
2020-02-28,36.222198486328125,36.251993432905266,33.98748656238191,34.255652447908766,1708400
2020-03-02,36.73866653442383,36.808190603874074,35.25878893731655,36.381112012235356,1036600
2020-03-03,36.87771224975586,38.25826695065001,36.55988687064831,37.513363007970945,715200
2020-03-04,38.25827407836914,38.31786776884594,37.294863587273646,37.87092456221514,433300
2020-03-05,38.06956481933594,38.67541693106044,37.12601893111632,37.38425066818103,488600
2020-03-06,36.629417419433594,37.404116444543305,35.983832372656806,37.04656188256096,419900
2020-03-09,31.71304702758789,33.888165373199584,31.136988002198343,32.30896872017863,1002300
2020-03-10,32.87509536743164,33.76898169244872,31.732911495218385,33.71932218300948,498500
2020-03-11,30.75956916809082,32.1897854099857,29.99480248433413,31.89182456118584,1230600
2020-03-12,26.369600296020508,27.958729175314147,26.02197995206557,27.37273788923469,1191400
2020-03-13,26.985389709472656,28.793023161737704,25.87299887263861,28.286488200764165,541900
2020-03-16,22.64508056640625,24.244141739799286,22.22793425571193,22.91324645779306,750500
2020-03-17,24.33353042602539,24.929453999009898,22.71460658223315,23.588626433391962,712200
2020-03-18,22.098819732666016,23.60849236680935,20.996361153281367,22.615286985565934,848600
2020-03-19,22.84372329711914,23.419782330575284,21.055954405534937,21.9101097275906,604900
2020-03-20,22.595420837402344,24.38318964040833,22.46630498043397,23.618422990262502,774500
2020-03-23,22.06902313232422,22.69474359025726,21.314186806938533,22.42657767971453,758300
2020-03-24,25.04863739013672,25.20755008916209,23.54889713549459,23.707811728908762,606200
2020-03-25,26.22062110900879,27.3628068934291,24.869863108423317,26.012048892843627,525600
2020-03-26,26.9754581451416,27.760091309764462,26.61790359980572,26.68742956814576,502100
2020-03-27,24.800336837768555,25.823339027371333,24.730812766566313,25.7240181137729,752200
2020-03-30,24.96918296813965,25.237348878842038,24.432853041123817,24.92945573751093,336000
2020-03-31,25.058570861816406,25.70415396909421,24.830134082906994,24.98904678948649,392800
2020-04-01,23.68794822692871,24.542103548778808,23.608491873863844,24.42291996637595,331300
2020-04-02,24.353395462036133,24.760609501065243,23.71774275440942,23.757471877431215,189200
2020-04-03,23.65814971923828,24.41298596742886,23.419780676818426,24.283870113180555,177900
2020-04-06,25.54524040222168,25.704153103449432,24.552035072353807,24.552035072353807,237700
2020-04-07,26.230552673339844,27.382670707206138,26.07163997172993,27.094642145933978,290000
2020-04-08,27.303213119506836,27.452193533718393,26.40932873984875,26.558309154060307,159600
2020-04-09,27.779951095581055,28.43546643109432,27.263485787932453,27.779951095581055,282900
2020-04-13,27.422399520874023,27.680633131678192,26.737087318908685,27.60117678176836,207700
2020-04-14,28.872478485107422,28.99166395759912,28.336148594866827,28.594382206608156,264500
2020-04-15,27.79981803894043,28.167304858842353,27.442263500050874,28.167304858842353,268900
2020-04-16,27.58131217956543,28.256692099986335,27.213825377787416,28.097779400403628,179700
2020-04-17,28.70363426208496,28.79302289521692,28.326217062274683,28.59438296167057,268400
2020-04-20,28.44540023803711,29.100915608734585,28.07791532430096,28.3063520970979,176400
2020-04-21,27.40253448486328,28.286486599088295,27.184029999995516,27.938864363861892,195500
2020-04-22,28.25669288635254,28.37587646716197,27.710428808744588,27.899138355146526,218200
2020-04-23,28.743364334106445,29.14064610870036,28.306353434858675,28.385809789777458,201500
2020-04-24,28.177236557006836,28.723498740665168,27.829614306320234,28.723498740665168,177400
2020-04-27,28.66390609741211,28.802954235794285,28.167303438174276,28.22689522685395,153100
2020-04-28,29.190303802490234,29.567722885644802,28.88241068315063,29.150576574699063,318700
2020-04-29,30.97807502746582,31.13698773001942,29.79616014463316,29.945140566478557,465400
2020-04-30,29.915346145629883,30.779433744185326,29.806092950304233,30.779433744185326,184600
2020-05-01,28.604312896728516,29.508129600232287,28.167303913189418,29.339286511857296,379100
2020-05-04,29.061187744140625,29.11084725213496,28.236827408468617,28.415604668270294,160300
2020-05-05,29.18037223815918,30.004732599739068,29.14064500939293,29.786228105552553,212200
2020-05-06,30.382152557373047,30.63045390099696,29.667045369716188,29.686908037470527,270100
2020-05-07,30.660249710083008,30.78936557088142,30.113985635901802,30.3424224096776,224900
2020-05-08,31.99114227294922,32.050735955783274,31.226375620466854,31.50447189613724,369100
2020-05-11,32.00107955932617,32.17985683643354,31.315767295210946,31.802437719342663,292800
2020-05-12,31.58392906188965,32.805571175732034,31.544201833362234,32.259308996355344,316300
2020-05-13,30.908552169799805,31.891825265831297,30.29276400244842,31.742842943750745,300400
2020-05-14,30.680112838745117,30.680112838745117,29.408811195552335,30.143782931620382,389400
2020-05-15,30.680112838745117,30.70990968140328,30.10405380807617,30.491405185076736,108900
2020-05-18,32.656593322753906,32.73604778145052,31.633591119187745,31.633591119187745,266600
2020-05-19,33.32203674316406,33.937822962502196,32.726115084292005,32.73604547013628,263800
2020-05-20,33.58027267456055,34.31524247741904,33.28230805249502,34.116600658967876,244900
2020-05-21,33.043941497802734,33.610068227901465,32.61686290649631,33.41142640586491,191900
2020-05-22,32.47781753540039,33.143263338836576,32.3784947215292,33.09360382628996,199500
2020-05-26,33.52067947387695,33.95768844972459,33.391561721712435,33.55047442100045,249900
2020-05-27,33.42136001586914,33.77891074295807,32.15005464959079,33.77891074295807,286800
2020-05-28,32.825435638427734,33.78884602797117,32.70625205881523,33.3816319912489,177100
2020-05-29,33.53061294555664,33.61007119690139,32.77577850167136,32.885031702881406,174100
2020-06-01,34.6330680847168,34.70259215328623,33.50081463798301,33.639862775121884,1321700
2020-06-02,34.43442916870117,35.12967370179913,34.315245582357434,34.980695166063924,685200
2020-06-03,34.89130401611328,35.04028254111851,34.32517728578265,34.563544441302064,532100
2020-06-04,34.33510971069336,35.050218797268684,34.12653749003484,34.86150735010139,339300
2020-06-05,35.31838607788086,35.755395098457484,35.10981006033525,35.30845190197117,272200
2020-06-08,36.152679443359375,36.152679443359375,35.288587984746094,35.61634759776039,251400
2020-06-09,35.37797546386719,35.596481865367636,35.159472851144685,35.586551478380315,260500
2020-06-10,34.98069381713867,35.616344638163845,34.54368103610055,35.616344638163845,276300
2020-06-11,32.845298767089844,34.10666994503144,32.74597975320807,33.500814109531085,569800
2020-06-12,33.828575134277344,34.24571955710661,33.14326102708972,33.99741822291461,211500
2020-06-15,34.55361557006836,34.71252827697433,32.92475937708772,33.09360247058503,524500
2020-06-16,35.2289924621582,35.86464323457911,34.8317088350064,35.57661279433293,272900
2020-06-17,33.77891159057617,35.38790695235007,33.70938752061062,35.31838288238452,442800
2020-06-18,34.70259475708008,34.97076066544495,34.01728440599953,34.01728440599953,245200
2020-06-19,34.92110061645508,35.78518822647799,34.87144110576922,35.159471572036125,253500
2020-06-22,35.11974334716797,35.238926933621116,34.66286977511598,35.16940285912529,157100
2020-06-23,35.765323638916016,35.94410090827973,35.52695647228294,35.626275493583755,267700
2020-06-24,35.765323638916016,36.013624980945856,35.01048922620753,35.70573374164665,366200
2020-06-25,35.6660041809082,35.67593456740558,35.02041918402426,35.39783828014615,211800
2020-06-26,34.65293502807617,35.51702264597516,34.61320590365424,35.51702264597516,319900
2020-06-29,35.785186767578125,35.81498550379704,34.83171056168111,35.10980684120666,196600
2020-06-30,35.854713439941406,35.97390081591288,35.5964817028924,35.66600577782013,180800
2020-07-01,36.530094146728516,36.71880560140604,35.8745787208726,35.9341724100515,422300
2020-07-02,37.08628845214844,37.59282152084691,36.91744157006375,37.08628845214844,294600
2020-07-06,38.97338104248047,38.99324181609061,37.96031109335907,37.96031109335907,733500
2020-07-07,39.43025588989258,39.966587725429875,38.864129104195875,39.10249628302712,464000
2020-07-08,41.29747772216797,41.347137228846755,39.728211547431236,39.758006493683006,443000
2020-07-09,41.1087646484375,41.794078695040525,40.40358983097924,41.68482551145005,615500
2020-07-10,41.08890151977539,41.1385610261976,40.56250393190051,41.09883569432632,445100
2020-07-13,40.74128723144531,42.777357607098374,40.69162771765437,41.53585081843455,677600
2020-07-14,42.71775817871094,42.75748729991783,40.036106906464255,40.45325131280395,751500
2020-07-15,43.53219223022461,43.77055939207711,42.76742365745719,43.32361622763151,1494600
2020-07-16,42.588645935058594,43.12497393786526,42.320480039266414,42.96606123540816,709800
2020-07-17,43.59177780151367,43.60171197572562,42.63830167114356,42.926332102852456,568400
2020-07-20,45.33982467651367,45.75696909508816,43.9592660899143,44.10824840442098,847200
2020-07-21,45.21070861816406,46.134389909668414,44.833289519034444,46.134389909668414,1075500
2020-07-22,45.41927719116211,45.57818988508073,44.89287960295244,45.01206317619704,326100
2020-07-23,45.83642578125,46.611124697276225,45.15111170435525,45.62784979027735,590300
2020-07-24,44.62471389770508,45.08158742092724,43.68116811624887,45.08158742092724,511200
2020-07-27,45.995338439941406,46.074792893143076,45.04185848007874,45.08158760106833,502400
2020-07-28,44.455867767333984,45.886085830791714,44.41614243462048,45.7966972018256,347100
2020-07-29,44.62471389770508,45.03192791427744,44.33668345484774,44.66444301853592,284900
2020-07-30,44.743896484375,44.843219284261046,44.217498905699884,44.56511923335752,234500
2020-07-31,44.70417022705078,45.111384260715994,44.23736629841552,45.02199941826091,775900
2020-08-03,45.73710632324219,45.866224081614185,44.40621098192914,44.81342503023056,1016000
2020-08-04,48.726654052734375,48.855768015591934,46.77996875846524,46.91902068495257,973300
2020-08-05,50.42503356933594,50.51442219794675,48.359164725342765,48.83590281500791,808600
2020-08-06,49.779449462890625,50.88190797175587,49.2828468040344,50.38530531289964,685200
2020-08-07,50.85211181640625,51.70626897554893,49.94829515031336,49.96815971084895,786500
2020-08-10,50.93156814575195,51.64667719626291,50.51442372547234,50.96136688204168,872100
2020-08-11,49.34244155883789,51.467900378705814,49.13386934689445,51.368581360288275,826700
2020-08-12,50.76272201538086,51.22952970523657,49.43182680047041,49.62053443803164,698800
2020-08-13,52.053890228271484,52.40151057181288,50.98123046193118,51.06068491669311,625200
2020-08-14,51.20967102050781,52.25253591712337,50.90177598716202,51.87511680992173,503200
2020-08-17,51.99429702758789,52.55049337118748,51.5572880504024,51.63674629467847,454500
2020-08-18,52.00423049926758,52.520697713745044,51.179868275550405,52.2922609477069,465800
2020-08-19,52.361785888671875,53.1066898816005,51.964502243598886,51.9843668047303,595200
2020-08-20,51.65660858154297,52.14328087005906,51.57715412371492,52.10355174675617,340200
2020-08-21,52.08368682861328,52.322057778021346,51.39837650582887,51.65660822797471,322800
2020-08-24,53.1364860534668,53.38478739016524,52.51076562412896,52.82859103200075,622100
2020-08-25,54.73554611206055,54.73554611206055,53.27553307069854,53.86152436448255,1102600
2020-08-26,54.546836853027344,55.34140417642599,54.39785832147344,54.76534324583975,757700
2020-08-27,54.68588638305664,55.29173844679018,54.308467299909466,54.884524416397404,632100
2020-08-28,56.473655700683594,56.801411489597264,54.894459073574595,55.122895844945376,1360200
2020-08-31,56.40412902832031,57.33774063199333,55.94725550665761,56.71202024176464,749800
2020-09-01,57.11923599243164,57.20862462232311,56.22535348229454,56.58290800186042,454300
2020-09-02,56.592838287353516,57.55624865349605,55.3215366989591,57.238423256397446,995900
2020-09-03,52.232669830322266,55.89759623047457,51.68640764220742,55.80820759687194,2644000
2020-09-04,51.15007400512695,52.40151104187956,47.65399082235622,52.03402613415677,1693400
2020-09-08,50.97129440307617,51.90490599749135,49.153730720233696,49.501351050926196,946600
2020-09-09,52.848453521728516,52.997435833417995,51.73606463778715,52.07375459400941,801200
2020-09-10,51.577152252197266,53.01730071505943,51.33878130980713,52.84845384153775,820300
2020-09-11,52.361785888671875,53.22587345961135,51.775794596016915,52.74913535879034,386400
2020-09-14,54.62629318237305,54.76534132245102,53.22587381779422,53.364921957872205,576100
2020-09-15,56.09623718261719,56.364403079233384,55.22221542202859,55.490381318644786,694800
2020-09-16,56.2750129699707,57.20862460167315,55.95718757242189,56.47365479063311,875500
2020-09-17,54.437583923339844,55.252011967230736,54.000571165989335,55.19241828519815,450800
2020-09-18,54.84479904174805,55.92739299326257,54.30846725906505,55.28180801905774,464100
2020-09-21,54.81500244140625,54.82493661671944,52.53063087170497,52.90804996927301,621200
2020-09-22,55.07323455810547,55.11296367935101,53.84165832093634,54.81499905878697,308300
2020-09-23,55.907527923583984,57.29801308716213,55.6989557173639,55.957187431430064,647100
2020-09-24,55.39105987548828,55.97705115234497,53.86152280860438,55.24207756540805,946700
2020-09-25,57.248355865478516,57.26822042716574,54.64615890489615,54.864665294677856,728200
2020-09-28,60.1286506652832,60.15844561231737,58.301152734561356,58.589183185150326,1478800
2020-09-29,62.09519958496094,62.37329587345554,60.77423463705603,60.913286570081105,1181000
2020-09-30,64.34977722167969,65.31318764882855,62.68119188686289,62.939423617566,1715100
2020-10-01,66.7235336303711,66.7235336303711,64.72718881755992,65.571411823159,1545200
2020-10-02,66.13754272460938,67.51810517640742,64.65766882771653,64.99536259779508,1618600
2020-10-05,70.07064056396484,70.07064056396484,67.56775883530322,67.88558424461124,2379300
2020-10-06,70.83541107177734,72.10671281169374,69.58397010636635,70.95459845147803,3155200
2020-10-07,74.66917419433594,75.00686035656443,72.30534832607144,72.31527492315696,2893500
2020-10-08,74.49040222167969,76.97341562906901,73.72563742632822,76.97341562906901,3998900
2020-10-09,75.14591217041016,75.8411528080802,72.78207884722275,73.42766376937615,2150000
2020-10-12,72.62317657470703,75.75176730721118,71.75908520829279,75.75176730721118,3027300
2020-10-13,73.53692626953125,74.64931900830285,71.86834095015165,72.11664229185959,1490700
2020-10-14,74.6195068359375,75.18563351874505,73.59650665275495,74.28182069209474,1467400
2020-10-15,73.06018829345703,73.387947900774,71.5107902625856,72.30535762985895,1856500
2020-10-16,73.01052856445312,74.46060748926966,72.45432840684616,74.07325800279736,1866000
2020-10-19,74.12291717529297,75.3246948145979,72.64304323301576,73.54686379523154,1747100
2020-10-20,77.20185089111328,77.82756749885412,74.78836172189139,75.27503019457872,2354100
2020-10-21,70.736083984375,77.15218943152585,70.71621563457734,77.00320711826424,3913700
2020-10-22,70.5970458984375,70.93473211752928,67.70681437330548,70.76588900798339,2677400
2020-10-23,70.63677215576172,72.58345386848214,69.7031566367063,71.75909155176537,1258400
2020-10-26,69.15689086914062,70.61690405322386,67.70681186100215,69.49458465325836,1836000
2020-10-27,67.8061294555664,69.77267948551035,67.27973180495299,69.06750455944749,1278800
2020-10-28,68.59075164794922,69.51443282692271,67.28965520460389,67.4684324514231,1506500
2020-10-29,70.299072265625,70.87513317744624,69.32573528260116,70.02097598476105,1481900
2020-10-30,68.30272674560547,69.76273978318811,66.99169602202099,69.62369164413789,1472400
2020-11-02,70.517578125,70.86519847348542,68.82913210232493,69.31580059020452,2250800
2020-11-03,68.6900863647461,69.6832917251787,68.13388621016605,69.08736244687469,2465900
2020-11-04,67.27972412109375,68.03456226206713,64.04188033643206,66.06801245671821,4511000
2020-11-05,74.947265625,75.1757061616537,71.0141738298823,71.02410800388147,4613800
2020-11-06,75.03666687011719,77.23164977397268,74.24209956283723,76.5761306088334,2505500
2020-11-09,73.65611267089844,80.31058550996255,73.49719617707272,80.31058550996255,3014000
2020-11-10,71.0141830444336,73.4971964375956,69.92165866695342,73.1694368510849,2633000
2020-11-11,74.32156372070312,74.72877400434642,72.24576044353893,72.44440607493715,1524000
2020-11-12,73.17936706542969,75.61271702799752,72.69269858842713,75.39421822637247,1627100
2020-11-13,73.13964080810547,74.37121331096552,72.61324318904252,74.21230439651039,952600
2020-11-16,73.75542449951172,74.3612803124284,72.59336858999076,73.65610548933212,1017900
2020-11-17,74.79829406738281,75.07639035886206,73.02045554393406,74.16264323612864,1291300
2020-11-18,74.2023696899414,75.96034737682936,73.96400253118816,75.46374470918614,954300
2020-11-19,75.69217681884766,75.74184011606064,74.26195872773233,74.89761710632658,899500
2020-11-20,77.48987579345703,78.20498483683048,76.08946023148006,76.30796661446142,1575300
2020-11-23,80.1318130493164,80.22119789928786,78.03614902101833,79.45643306516031,1797700
2020-11-24,82.46583557128906,83.19087878078487,79.7543893218921,82.02882281063103,2851900
2020-11-25,83.67755126953125,84.26353879253041,81.49250251666065,81.720935505182,1479800
2020-11-27,84.83959197998047,86.68695438044129,84.02516396518467,84.22380956486342,1292700
2020-11-30,84.00531005859375,87.74969088224573,82.4559045647072,87.20343248798935,1847800
2020-12-01,82.83332824707031,85.41566065844235,82.55523195966101,85.1176960204721,1346800
2020-12-02,81.56202697753906,82.41618419424853,79.12866929642747,81.1945382660297,1439700
2020-12-03,80.43970489501953,82.42611573627734,80.33045169254586,82.3764600117795,1554100
2020-12-04,80.86677551269531,81.97916820144873,80.32051713203343,80.87670968763251,938600
2020-12-07,81.99903106689453,83.12135795923393,81.25412705625034,81.25412705625034,920000
2020-12-08,83.65768432617188,84.00530465973148,82.02882069060479,82.12814728095464,971100
2020-12-09,79.66500091552734,83.77687049452192,78.67179555678362,83.66761729885566,1831700
2020-12-10,81.45276641845703,81.93943487966331,79.68486224800762,80.04240917431386,885800
2020-12-11,83.2306137084961,84.84953574673693,81.82025631277558,82.00896775941582,1157300
2020-12-14,85.45539093017578,85.87253536689443,83.86626385394597,85.16736046361606,1340600
2020-12-15,92.34822845458984,92.4972031816197,86.54790579299313,86.63729820676582,2860700
2020-12-16,91.49407958984375,91.79203664837536,88.88194466913943,91.18618077853898,1760400
2020-12-17,92.36809539794922,93.73871602109566,91.25570270394648,93.23218676023703,1326100
2020-12-18,95.34771728515625,97.57249523342762,93.36130650838217,94.11614472527194,2207800
2020-12-21,98.9982681274414,99.00820424763975,94.1467716123928,94.51461284999553,2335700
2020-12-22,102.52751159667969,103.78015279783058,99.94270231900887,100.18129811476308,3220300
2020-12-23,103.39244079589844,106.70298903789417,102.91524157797932,105.8281250691798,2541300
2020-12-24,102.19944763183594,103.79009894907985,101.0263408632141,103.37255440045777,1408800
2020-12-28,102.0403823852539,106.82228021329057,101.1158150886556,105.56964652227921,2154000
2020-12-29,98.6900634765625,102.39827623481567,97.06958863173256,102.36845270773655,2647600
2020-12-30,101.7520751953125,102.54740467154618,99.9924187790373,100.11171289109555,1385000
2020-12-31,102.15968322753906,103.27313538800689,100.976632722218,102.57722778771449,1220800
2021-01-04,104.3468246459961,106.82227598675455,102.39827584113966,105.1222666863669,2978200
2021-01-05,105.45034790039062,106.2655572276859,103.1140779147733,103.19361238202754,2112800
2021-01-06,114.59659576416016,118.57322798768692,111.04745180805547,112.2901493779076,7216500
2021-01-07,120.83991241455078,122.72880661673018,118.47381143253105,120.91943929303362,4922500
2021-01-08,118.43404388427734,122.93758615047699,116.12759754831524,122.75863740092717,3866100
2021-01-11,114.93460845947266,116.40595807082421,111.64394786445213,114.60653449491129,3374900
2021-01-12,114.9544906616211,117.03228489535684,112.78722584560249,116.53520587869959,2414800
2021-01-13,113.79133605957031,115.58082368676891,112.37963336746056,115.48140939299664,1810400
2021-01-14,114.55683135986328,116.5352036851698,113.63226410289086,115.08373389403033,2426200
2021-01-15,106.26555633544922,112.94629983222644,106.25561263091987,112.94629983222644,4281200
2021-01-19,113.33401489257812,113.34395859658252,110.30182988125945,111.08721563148336,2844200
2021-01-20,114.10945892333984,116.40596157474877,112.65798909123006,114.71589593615046,2671600
2021-01-21,120.72061157226562,120.92938385130246,113.26442624313324,115.98841715962557,4069400
2021-01-22,120.4024887084961,120.48202317725736,116.81357734250632,117.98668420984959,2713300
2021-01-25,118.3048095703125,125.24403619167528,115.97848334216646,122.28144182477678,3246300
2021-01-26,116.9129867553711,120.32294921670719,115.74982364138675,119.29896762483256,1950700
2021-01-27,109.85446166992188,113.48313997507861,108.16439606277567,111.60418191619799,3464200
2021-01-28,111.52465057373047,112.69775737845163,107.6573763583412,110.10300425601604,2555300
2021-01-29,108.05503845214844,113.03576470958917,106.18601650588393,111.34569909651798,2251100
2021-02-01,109.85446166992188,110.02346671367174,106.28543800389504,109.53633140558293,2202500
2021-02-02,115.21298217773438,115.4714654087764,112.7971776792738,114.44748377423322,2661200
2021-02-03,115.87906646728516,116.53521445829536,113.33402414177165,115.54105635178858,1558600
2021-02-04,114.3679428100586,116.654501770723,113.63226797791648,116.56503118707316,1503800
2021-02-05,116.00830841064453,116.46562021580037,112.73752742774545,114.924672162808,1536200
2021-02-08,118.29486846923828,119.84576024029019,116.6147464624331,116.6147464624331,1565400
2021-02-09,121.2276382446289,121.48611388337956,118.44399259720933,118.45393630172258,2632000
2021-02-10,119.01065826416016,124.31946615105508,117.60889936944295,122.61944922506828,2426800
2021-02-11,120.64108276367188,121.42646856533578,119.01066410205861,120.43231047484845,848000
2021-02-12,120.61125183105469,121.05861991038348,117.01239703386214,118.95100974220924,869400
2021-02-16,117.75801849365234,122.50015665999354,116.71415708756946,121.9732541048054,1919800
2021-02-17,115.02408599853516,116.96269879154985,112.49893116805977,116.96269879154985,2372600
2021-02-18,107.6573715209961,110.30182787631317,105.77841349397976,109.69539088507258,3398400
2021-02-19,109.99364471435547,112.53868686441827,109.61586739046298,110.6895523070058,2049500
2021-02-22,100.3602523803711,106.22578640792901,100.04212210691833,106.20590658419871,3808200
2021-02-23,99.9725341796875,100.52926786262479,90.97540809919954,95.60818081169232,4984300
2021-02-24,102.73628997802734,102.89535890787583,95.29999195856348,99.42574941241413,3464100
2021-02-25,97.07953643798828,103.58133108481329,95.87660609108127,102.05032675652507,2632800
2021-02-26,100.72809600830078,101.75207761353116,96.12514684460987,98.4415293984049,2529700
2021-03-01,106.44450378417969,106.623452539387,103.19361024687483,104.29712630651595,1804700
2021-03-02,100.40996551513672,105.03280207809547,100.40996551513672,104.69478438868842,1966200
2021-03-03,93.94793701171875,100.92692328098097,93.73916472853827,100.23101567037935,2899700
2021-03-04,88.61924743652344,94.64384275609791,85.6069497767362,93.02336787489351,3876700
2021-03-05,86.96894836425781,90.49820484269155,80.32797237750948,90.49820484269155,4731100
2021-03-08,80.6759262084961,86.9888282256191,80.52680098600169,84.38413143849826,4285000
2021-03-09,91.01516723632812,92.15844285970641,86.59115961934252,87.49584703312372,2906300
2021-03-10,89.81224060058594,96.30409947234438,89.12627665790686,95.65789517967828,2651100
2021-03-11,98.19298553466797,98.58071414538868,93.89822313757496,95.21051143710827,2520400
2021-03-12,96.73158264160156,97.41754654794269,92.47657975728832,93.43097817318085,1737300
2021-03-15,95.80701446533203,96.65204729489183,94.17659586235284,94.94209422717609,1782400
2021-03-16,93.80875396728516,97.17894914146673,92.33739671968772,95.56841037400758,1898600
2021-03-17,92.55611419677734,93.71927731073833,88.9970265090168,90.42861654762977,1607200
2021-03-18,86.46192932128906,91.05493479076439,85.91513934405428,90.57774316047241,2929900
2021-03-19,89.05668640136719,89.65317975768433,85.507542208732,87.67480721838308,2551000
2021-03-22,90.93563842773438,92.13856876309104,89.28533241711057,90.73680226600764,1711800
2021-03-23,88.07245635986328,91.39294812880442,87.13795296803967,90.54791531909021,1388300
2021-03-24,84.00635528564453,88.48006651387412,83.56892331618508,88.39059593002506,1734600
2021-03-25,84.69232177734375,84.92097386803421,80.59638811920045,81.371830139496,2176600
2021-03-26,87.50579071044922,87.59526888160052,84.25489713188668,85.59700902056251,2159800
2021-03-29,83.73793029785156,86.79993112294324,82.66423785518155,86.7303403674826,1496400
2021-03-30,88.74848937988281,88.92743813952197,83.60869387361409,83.69817204584581,2682400
2021-03-31,91.23388671875,92.08886330296019,89.30522513665967,90.00113278202869,2135300
2021-04-01,90.15025329589844,93.68945356674017,89.92159360449251,93.22219806438935,2868200
2021-04-05,87.64497375488281,92.50640581436596,86.65081574542084,92.48651840667546,2711700
2021-04-06,88.74848937988281,90.36897192128859,87.60521364394717,87.68474052670123,1784500
2021-04-07,85.97479248046875,88.58942545120954,85.54730421070722,88.50989098594599,1577400
2021-04-08,86.39234161376953,87.61515184634918,86.12391467551826,86.79994249635459,1061800
2021-04-09,85.95491027832031,86.41222210405057,84.48356050594026,85.10987739197473,1009000
2021-04-12,84.21512603759766,85.35840929213701,82.92272514601636,85.29876223732023,1912500
2021-04-13,85.20928192138672,85.3484634356651,83.34026759763152,84.14553315664554,1482600
2021-04-14,84.51337432861328,87.05841640028689,84.02623144393851,85.84554241774754,1495200
2021-04-15,82.75371551513672,85.23911068689571,81.91862637814127,85.13969639699017,1700300
2021-04-16,84.99057006835938,85.447881863858,83.0718447172325,83.25079347067317,1420200
2021-04-19,82.2665786743164,86.05431841936785,81.70985259321093,85.70636461867691,1721200
2021-04-20,81.80926513671875,83.48939463328578,80.50692054555192,82.29640044729794,1532400
2021-04-21,84.60284423828125,85.09992323801829,80.54667778006925,81.40165426640286,1803400
2021-04-22,87.5853271484375,89.24556935612983,86.63093628201271,87.13795903708426,3630000
2021-04-23,90.40873718261719,90.81633804662107,88.36076640368897,88.8876765512817,2161400
2021-04-26,91.3432388305664,91.4128295906179,88.65901513163816,90.54791694209551,1857200
2021-04-27,90.29937744140625,91.38300607446529,89.69294042452631,91.33330272289297,1808600
2021-04-28,87.60520935058594,88.28123712222258,86.25315380731266,88.03269761183887,1437000
2021-04-29,85.79584503173828,88.22158558060073,84.43384573646232,88.01281329472472,1449400
2021-04-30,82.66424560546875,84.37419871119006,82.52506408149833,84.26484071595272,1121400
2021-05-03,81.62037658691406,83.29056245930236,81.22271183923604,82.96248847360619,1663600
2021-05-04,76.74899291992188,79.34374585105428,75.80454587410827,79.3338097323404,2940200
2021-05-05,75.77472686767578,77.38525803490053,75.24782432112329,77.36537821146365,1698200
2021-05-06,74.01506805419922,75.50630521514205,72.74254689043325,75.21800603867193,2342100
2021-05-07,74.71097564697266,77.06712526624665,74.26359999350356,75.38700339425655,1811700
2021-05-10,71.67879486083984,74.69109257965007,71.21153935742655,74.69109257965007,1892900
2021-05-11,72.56359100341797,73.24956245724665,67.29455810296277,67.79163710780705,2652600
2021-05-12,68.73609161376953,71.13201631684484,68.50743949432407,70.16768172962612,2464500
2021-05-13,68.69631958007812,70.53551045138438,67.3840312604885,69.7401885641075,1180200
2021-05-14,72.11622619628906,72.36476570995777,69.78989240424153,70.11796638264198,1158200
2021-05-17,70.90335083007812,71.6390256530292,69.55129529421873,71.28112815325323,1216700
2021-05-18,71.9372787475586,73.34898139043874,70.73434838976713,71.70861905351433,1123500
2021-05-19,74.62149810791016,74.78056703087452,69.71036267615295,70.10801981391644,2502200
2021-05-20,77.7033920288086,78.42912311297718,76.05308612703605,76.26185839446086,2830800
2021-05-21,78.05135345458984,78.83673925269848,76.9677171967554,78.40925097233111,1760300
2021-05-24,77.34550476074219,78.67767300066816,76.9975433509239,78.46890070567191,1025700
2021-05-25,76.9975357055664,78.2302971128884,76.49052057584362,77.78292145246833,805900
2021-05-26,78.84667205810547,79.18468973724083,77.09695936139232,77.55427115154399,1124200
2021-05-27,78.85661315917969,79.20456694619756,77.88233497070595,78.85661315917969,1102000
2021-05-28,78.64784240722656,80.32797190607724,78.56830794442118,79.34374999471414,964500
2021-06-01,78.30982971191406,80.49698206918572,77.35543885203754,79.14492645482122,1193100
2021-06-02,77.21625518798828,78.18058972585646,76.42093328585486,78.08117543619281,1162600
2021-06-03,75.11858367919922,77.03730911738894,74.90981138818265,76.42093594909934,974100
2021-06-04,76.39110565185547,77.1069007057534,75.58584000863253,75.85426694625647,633300
2021-06-07,76.11273956298828,76.33145555239386,74.44255369868333,76.33145555239386,1191100
2021-06-08,76.5103988647461,77.5443240962077,74.5618500925074,76.88817617467829,1489700
2021-06-09,76.1624526977539,78.14082519430104,75.97356023148619,77.49462091191221,912500
2021-06-10,78.26012420654297,78.84667382504809,76.21216101674663,76.69929634556901,1281300
2021-06-11,79.35369873046875,79.53264749071583,78.42913139999621,79.03556844389885,925300
2021-06-14,80.30809020996094,81.37183907496583,79.70165316137808,80.88470372907652,1332200
2021-06-15,78.30982971191406,80.21861901649143,77.54433131700479,80.02972655152418,948300
2021-06-16,79.49288177490234,81.06365341319955,78.22036060432087,78.55837072189588,1634700
2021-06-17,82.61453247070312,83.01219720782517,78.83673643010368,79.04550871050735,3028700
2021-06-18,81.98821258544922,82.49523529607579,80.87475287981262,81.37183188655372,1643000
2021-06-21,81.52095794677734,81.9882134315075,79.91041921778006,81.59054870504627,948300
2021-06-22,81.93850708007812,82.77360381084488,80.94434900072316,81.23265575391501,1118200
2021-06-23,83.61863708496094,84.21513041863102,82.04786549126443,82.21687054525317,1320400
2021-06-24,84.44379425048828,85.46777591398303,83.61864117967858,84.63267913809169,2434400
2021-06-25,85.07009887695312,87.43619216195042,84.99056441741787,85.26892744096773,2453200
2021-06-28,90.41867065429688,90.62745051722699,86.45198220063115,86.49174943238812,2751700
2021-06-29,91.24382781982422,92.94383723484805,90.13037561900819,90.93564124064469,2652500
2021-06-30,88.80814361572266,90.0707210472359,88.3408881018729,89.68300000059979,1574000
2021-07-01,87.80403900146484,89.06661639237109,86.20344392818411,88.99702563200341,1021800
2021-07-02,87.66485595703125,88.87772997506484,87.11806600305745,87.55549796623649,659600
2021-07-06,88.66896057128906,89.2256866625972,87.04847806507924,87.69468232667569,1274800
2021-07-07,88.65901947021484,91.94968034697528,87.89352107218824,90.28943814391317,1938000
2021-07-08,86.47187042236328,87.24731248685919,83.55898703597228,85.00051317280963,1675100
2021-07-09,87.6946792602539,87.78415742741343,85.58706149784658,87.56544144638333,742200
2021-07-12,89.15608978271484,89.7525830660132,87.75432336138127,88.73854524288835,1391600
2021-07-13,88.03269958496094,90.23972411538334,87.69468189915449,89.11632823380634,1424700
2021-07-14,83.3700942993164,88.48006604621051,83.12155478795064,88.31106099883954,2399500
2021-07-15,81.74961853027344,84.73209263435774,80.67592603244536,83.16132111918228,2555100
2021-07-16,80.15896606445312,83.31045305278329,79.80106853634511,83.25079840821563,1884500
2021-07-19,80.626220703125,80.68587534703501,77.03730934153604,78.78702972801632,1881100
2021-07-20,82.4455337524414,82.9724363460321,79.83090060969961,80.99406379760636,1028400
2021-07-21,85.90520477294922,86.07420982902327,82.78354137140413,82.78354137140413,968700
2021-07-22,85.12975311279297,87.05842220274249,84.0759479819088,86.7104683939434,807600
2021-07-23,82.97242736816406,84.25489212304771,82.14727439191103,84.21512489210282,718200
2021-07-26,81.78937530517578,83.44962492928646,80.74551395629332,82.11744926546324,782300
2021-07-27,80.04960632324219,80.82505600715285,78.13088090006667,80.58645260372296,1140200
2021-07-28,83.38004302978516,84.33443390078278,79.98996024968184,80.25838718563942,1041500
2021-07-29,83.81746673583984,84.93092653508188,83.08179186776754,84.10577349416567,1121700
2021-07-30,85.16951751708984,86.66075457797663,82.38587955432885,82.91278210227036,1234800
2021-08-02,84.9508056640625,86.41221926834298,84.68238631737749,86.30286127177611,873700
2021-08-03,87.98298645019531,88.80813944291081,86.69057796558492,86.85959059667857,1539200
2021-08-04,87.88357543945312,89.40463608223202,87.40637622562828,88.4701250636048,845300
2021-08-05,86.53152465820312,88.18182321204607,86.3724557164799,88.18182321204607,680400
2021-08-06,85.7361831665039,86.9092899012802,84.71220164759698,86.31279662262627,1109200
2021-08-09,87.57537841796875,88.03269779265916,85.29876317282285,86.43210273571452,1074700
2021-08-10,87.04847717285156,88.2017041613971,86.60110908046782,87.77421589286027,935000
2021-08-11,85.36835479736328,87.48590872109868,83.42974204185361,87.29701626376172,1574900
2021-08-12,85.07009887695312,85.51746693839775,83.9964064276978,84.8315030831709,753100
2021-08-13,82.33617401123047,85.26893738913527,82.04786725039662,85.1794668003374,1533500
2021-08-16,80.10926055908203,81.93850780046185,79.74141933595001,81.7595590412117,1469700
2021-08-17,78.03146362304688,79.14492337532404,76.74899882175615,78.62795693915734,1673100
2021-08-18,78.70748901367188,80.10925546954432,78.50866044261458,79.31392601566755,1066700
2021-08-19,77.55426788330078,78.93614689971416,77.2361376259572,77.49461324548261,899500
2021-08-20,79.1846923828125,79.34375373108979,77.54433003811823,77.77298973324558,764400
2021-08-23,81.60049438476562,81.79932296039843,79.84083039263697,79.86071780109465,1035500
2021-08-24,81.87885284423828,82.99231252603686,81.53089906393357,81.82914191069894,589600
2021-08-25,82.96248626708984,83.38003841269962,82.09757361757987,82.3162896022269,649700
2021-08-26,82.51512145996094,84.0262384192544,82.18704746994302,82.63442316128317,556000
2021-08-27,83.61863708496094,84.06600518900744,82.31629242155174,82.5350008288655,498000
2021-08-30,85.60694885253906,86.22332956370934,84.5034328288122,84.5034328288122,779400
2021-08-31,85.12975311279297,86.39233811378077,84.21512950542844,85.59700862096211,661600
2021-09-01,85.52742004394531,86.66075967002661,85.01046116978472,85.49759651454701,669700
2021-09-02,86.50169372558594,87.70462405133651,86.22333068621542,86.81982399698424,701300
2021-09-03,85.53736114501953,86.61105367962219,85.1297526961184,86.27303599214025,683600
2021-09-07,84.72215270996094,85.51747462230405,84.29466443257773,85.1198174585446,708400
2021-09-08,83.25079345703125,86.71046682804288,82.96248671071162,86.00461551870474,935200
2021-09-09,83.88705444335938,84.59290575637871,82.96248714338283,83.67828216076133,512700
2021-09-10,82.84319305419922,85.83560335712279,82.63442077154112,84.9806344025904,669400
2021-09-13,84.50343322753906,84.87127443212496,81.50107929018901,83.4695079578703,1199200
2021-09-14,83.80752563476562,85.08004670979487,83.34027014334809,84.70226180107913,631700
2021-09-15,83.65840148925781,83.77769560106285,82.33616946137599,83.36015104009722,558700
2021-09-16,82.70401000976562,82.94260581629295,81.61043009479884,82.13734022874826,610100
2021-09-17,84.72215270996094,84.8215670009008,82.48529703210508,82.52506426544588,1361100
2021-09-20,80.39756774902344,81.52096366410174,79.03556843044011,81.07359555597237,1250100
2021-09-21,81.30224609375,81.93850665444616,80.39756619034496,81.71979066455232,485700
2021-09-22,82.76365661621094,83.50927514428491,81.71978764297782,82.10750867079037,740400
2021-09-23,82.58470916748047,83.51922016453652,82.04786290862852,83.28061677071965,635100
2021-09-24,80.06949615478516,81.52096610451588,79.89054738921153,81.34201733894226,998100
2021-09-27,81.58061218261719,81.73968112113407,78.66772861324078,79.83089936787823,806200
2021-09-28,79.23439025878906,80.626212987922,78.88643647271175,80.42738442011316,819500
2021-09-29,77.9022216796875,79.8607141581089,77.7133292320762,79.79112340132953,962000
2021-09-30,79.4829330444336,80.16890452591211,78.6577876275985,78.73731450711311,746400
2021-10-01,80.58645629882812,81.11335889878647,79.15487373672849,80.32798064383043,953500
2021-10-04,76.84841918945312,79.76130253729218,76.3115729400248,79.53264285177083,1495600
2021-10-05,77.25602722167969,78.24024164471223,76.74900445261613,77.12678939556821,651000
2021-10-06,77.23614501953125,77.8922854197523,75.11858341763413,75.60572634646759,1376500
2021-10-07,78.93614959716797,79.78118241103661,78.2899453566247,78.58819580143664,1489900
2021-10-08,78.07123565673828,79.24434253732426,77.42503136420098,78.88644500868281,652500
2021-10-11,80.9145278930664,82.30635076277478,78.53849061909739,78.77708644153114,1708500
2021-10-12,85.36835479736328,85.59700690220107,81.91862513762993,82.10751001014289,2800500
2021-10-13,87.51573181152344,87.76427132369285,85.91513674636647,86.7005225150007,1993000
2021-10-14,86.9590072631836,88.30111913557484,85.95490549258126,87.9829888577871,2339400
2021-10-15,86.64087677001953,87.9233415823951,86.1935010904518,87.27713732401335,1881700
2021-10-18,87.46602630615234,87.73444563536299,85.5572371352285,86.08413967448097,1339400
2021-10-19,90.97540283203125,92.15844572202732,88.01280858540187,88.48006406990463,2666900
2021-10-20,89.62335205078125,90.47832860275945,88.49001245114954,90.47832860275945,1589300
2021-10-21,89.63329315185547,90.65727472662074,88.49994600031809,88.49994600031809,888200
2021-10-22,87.92333984375,89.47422396533888,87.07829943844042,89.47422396533888,1148400
2021-10-25,90.4683837890625,90.71692330496651,88.60930547956377,88.92743575652796,2204900
2021-10-26,89.1660385131836,91.4824210203248,88.30111827350596,90.98534199208284,2211300
2021-10-27,93.6397476196289,96.54268725762192,93.09295766717439,93.60992409219027,4701100
2021-10-28,97.427490234375,97.52690452377179,94.007584068392,94.25612358429602,3827100
2021-10-29,98.52106475830078,98.74972445529359,97.08948227282907,97.19883268419822,1530800
2021-11-01,99.94271087646484,100.9865798976077,98.86901832640206,99.41580830601484,2082800
2021-11-02,96.73158264160156,99.39592655597666,95.83683886721738,99.39592655597666,2257700
2021-11-03,96.58245086669922,96.7812794320487,92.47657348730247,94.42512983488062,1530000
2021-11-04,96.79122924804688,96.91053094568451,94.99180558808415,96.6918149590942,1039700
2021-11-05,95.20057678222656,96.88069872534851,93.89822458191256,96.82105166962347,913700
2021-11-08,96.0356674194336,96.82105319979628,95.43917409828414,96.58245738830132,1593500
2021-11-09,95.27017211914062,96.83100002579764,93.51050804247438,96.64210756049494,1031200
2021-11-10,92.64559173583984,94.38536833515542,91.80055131974161,93.73916408130196,1458500
2021-11-11,98.04387664794922,98.58072294360173,93.94794245787337,94.36548704843935,2359000
2021-11-12,99.02808380126953,99.2269123770066,97.63626101663806,98.16316356868289,1507400
2021-11-15,97.427490234375,99.08773238025606,96.85087673711989,99.08773238025606,1365000
2021-11-16,96.94035339355469,97.92456773741864,95.67776842497182,97.6959080490341,1541200
2021-11-17,96.57251739501953,98.1830562503548,96.05555851944399,97.22866538287536,1059100
2021-11-18,94.4549560546875,97.10935616039653,93.56021231545304,97.10935616039653,1481400
2021-11-19,97.54679107666016,98.42164743442954,94.31577739825717,94.31577739825717,1778900
2021-11-22,95.46900177001953,100.76786629893245,95.10116812483899,98.15323320892519,3119700
2021-11-23,92.91400909423828,95.83683614595914,91.3034703460775,94.82279070217587,2046500
2021-11-24,93.15260314941406,93.59997880791241,90.28943079128433,92.6754115488043,1444600
2021-11-26,90.14031219482422,92.2479300760413,88.98709275459834,90.41867524643654,1086000
2021-11-29,91.79061126708984,92.06897429748084,89.47422127375602,91.40289024835613,939600
2021-11-30,88.96720123291016,92.14851152457237,87.73444738211332,90.87599044183706,2134200
2021-12-01,85.89525604248047,91.06487480869768,85.83560140249082,90.93563699423062,1576200
2021-12-02,85.82566833496094,87.3069617412317,84.51337998088516,85.89525909673677,1521800
2021-12-03,81.6800308227539,87.0484783428085,80.98411562157428,86.601110244412,2012100
2021-12-06,82.81336975097656,83.02214203420199,79.70165015690094,82.68412434839122,2250300
2021-12-07,85.82566833496094,86.74029194253589,85.1993438941543,85.43794729294929,1283200
2021-12-08,86.44204711914062,87.08825142620903,85.42800915507036,86.49175806000153,942000
2021-12-09,83.32038116455078,86.9291796286441,83.11160889069126,85.91513420152786,1302800
2021-12-10,83.15138244628906,85.29876757187613,82.42565128455175,84.24495483365685,1279700
2021-12-13,83.30050659179688,84.90110171042677,82.5449443258092,83.0619107758939,1300600
2021-12-14,80.08937072753906,81.50108093440417,78.59813364049805,81.10341619422843,1832700
2021-12-15,80.95429229736328,81.03382676366874,77.47473903715334,79.7513619375839,1468900
2021-12-16,78.30982971191406,83.00225712825855,77.57415484624714,82.51512178604357,2078000
2021-12-17,78.57825469970703,79.40340771750041,75.34724097480867,76.48058056691016,2063200
2021-12-20,73.3291015625,75.4168319981026,73.14020910155254,74.29343610654348,2953800
2021-12-21,77.48468017578125,77.62386169479478,74.68115480235669,74.75074556186345,1959300
2021-12-22,77.35543823242188,77.59404163409803,75.95367927548965,77.04725165295382,865300
2021-12-23,77.45486450195312,78.04141416515371,76.61976771837003,77.59404603507953,1056900
2021-12-27,76.72911834716797,77.44491335435885,75.83437458817937,77.10689567437473,895800
2021-12-28,75.5560073852539,76.77882505262708,75.20805360504968,76.41098386508345,679700
2021-12-29,75.0191650390625,75.8443180353793,74.09459775537808,75.21800119862169,1042000
2021-12-30,77.2261962890625,78.00163834105224,75.10864240979636,75.15834576054061,2014000
2021-12-31,76.52034759521484,78.23030068323683,76.49052406679048,76.8683014015393,643400
2022-01-03,78.03146362304688,78.39930483397995,76.64958453320841,77.23614172984092,735100
2022-01-04,75.8741455078125,78.25018274810178,74.57180083049246,78.04141045832847,1237800
2022-01-05,70.79399871826172,74.96946736744952,70.68464071842523,74.69109672297739,3333000
2022-01-06,70.2173843383789,71.37061138274665,68.44778412220892,70.58522556835644,1716500
2022-01-07,70.33668518066406,72.11622907986614,69.88931707210193,70.08814565705748,1024200
2022-01-10,70.28697204589844,70.33668298299627,67.66239536540365,69.58112073108896,1527000
2022-01-11,71.48991394042969,72.13611064958043,70.04838011774267,70.2869759424264,1623700
2022-01-12,71.80803680419922,73.2495628928915,71.03258718077832,72.28522840418651,1804300
2022-01-13,70.2173843383789,73.56769988814614,70.11797004468414,72.93143930671029,1116300
2022-01-14,70.0384292602539,71.22147972756895,68.76590821212869,69.44193596704818,1193700
2022-01-18,67.03607940673828,69.13375355509412,66.9466012357381,68.51737281708189,2158600
2022-01-19,66.54894256591797,68.1892972872577,66.45946439694409,67.20508293748905,1495700
2022-01-20,66.59864807128906,69.74019126442039,66.46941025061882,67.88111291267565,1662100
2022-01-21,63.36763381958008,66.30040073503156,63.2085686881867,65.66414020945805,1804300
2022-01-24,64.04365539550781,64.2027243133814,58.9933348177855,60.28573943621444,2575100
2022-01-25,62.005638122558594,63.17874495533479,61.10095442532394,61.767042308129724,948500
2022-01-26,62.12493896484375,65.26647828915841,61.349493097621064,64.69980849719494,1431500
2022-01-27,59.788665771484375,62.61207484426978,59.619660719805154,62.51266055415401,1196200
2022-01-28,60.15650177001953,60.31556690588195,57.71087388398035,59.410883234587196,1433300
2022-01-31,65.09747314453125,65.21676725751423,60.30562780348491,60.30562780348491,1381300
2022-02-01,64.82904815673828,65.2764238482572,63.119098820303314,64.92846244880106,1097800
2022-02-02,63.62611770629883,65.92262046511678,63.397461800881274,65.67408094282655,1085300
2022-02-03,61.08106994628906,63.317925585140046,60.57405100347747,62.13487885697164,1266700
2022-02-04,63.0395622253418,63.50681772557518,60.98165535131055,61.11089696056038,778700
2022-02-07,62.52259826660156,64.0138353203475,62.25417514183787,63.029620988625865,421700
2022-02-08,63.427284240722656,63.55652585196946,61.876400075409336,62.10505597690009,667800
2022-02-09,66.43958282470703,67.9109324584931,65.29629957566084,67.46356437986903,1261800
2022-02-10,64.66998291015625,67.1354905779976,64.16296019091172,64.16296019091172,768900
2022-02-11,62.214412689208984,65.2465901956811,61.7570971032419,64.44132460103236,967300
2022-02-14,61.3693733215332,62.95008470447591,60.91206154845842,61.737210722274945,441700
2022-02-15,65.16706848144531,65.20682813201554,63.07933413216448,63.15886481054184,459000
2022-02-16,65.27642822265625,65.52496776188082,63.32787535290222,64.21267171334328,738800
2022-02-17,63.58634948730469,65.48519504889573,63.44716796376467,64.37173527575143,507400
2022-02-18,62.114994049072266,63.944244999226775,61.916161682061826,63.2881008427807,834300
2022-02-22,59.798606872558594,61.46879266219258,59.43076567183799,60.71323043752334,800800
2022-02-23,59.31147003173828,61.32960969098527,59.023163282585266,60.872297891067284,642300
2022-02-24,64.42144775390625,64.72963433699691,55.75238792986838,55.75238792986838,1873800
2022-02-25,66.031982421875,66.06180595276656,63.576414373218945,64.60039984530688,1041700
2022-02-28,71.05247497558594,71.80803719530876,68.13959167061608,68.21912613265506,3012900
2022-03-01,72.41446685791016,73.18991648820838,70.63493066884642,71.28112731685925,3631900
2022-03-02,69.93901824951172,72.07645960297866,68.67644084620284,71.22148306159188,1252900
2022-03-03,67.93082427978516,70.38639598179236,67.34426706111098,70.16767998787401,1703000
2022-03-04,67.56298065185547,68.92497992064973,66.38987384105815,67.71210587738862,2286600
2022-03-07,69.58112335205078,71.37061096744135,69.4220620000296,70.38639657138873,2924400
2022-03-08,76.06303405761719,77.27590808466853,71.63902621165413,72.27528675292304,5132400
2022-03-09,76.37122344970703,77.20632018153502,73.68699966596724,76.34139992086035,2422200
2022-03-10,74.56185150146484,76.45075325646671,72.67294974646298,76.45075325646671,1251100
2022-03-11,73.1998519897461,77.35543280014409,72.97119989356051,75.9934411724703,1005900
2022-03-14,68.69631958007812,72.57353748312784,67.77175229231108,72.57353748312784,1259700
2022-03-15,70.91329956054688,71.04253738386154,66.67818390289438,67.91093783126514,889300
2022-03-16,75.16829681396484,75.21800775439328,71.88757195112758,72.54371995762487,1106300
2022-03-17,74.74080657958984,75.16829486780279,73.26944924800306,73.26944924800306,1020200
2022-03-18,75.59577941894531,75.99344415794465,73.75658853400036,73.87588264632335,1501900
2022-03-21,75.13846588134766,76.10280038599066,73.72676329621973,75.78467011913332,887700
2022-03-22,76.3016357421875,77.31567368769248,74.94958009163118,75.07881791674887,695600
2022-03-23,75.74490356445312,77.52444736786974,74.77062534703396,74.86010351482474,668000
2022-03-24,76.7987060546875,76.87824051561961,74.57179424235399,76.05308754930218,555100
2022-03-25,74.91975402832031,76.78876850097471,73.38874966446355,76.5501726838926,849900
2022-03-28,75.52619171142578,76.14256487620717,73.44839734819755,74.68115884740901,1689700
2022-03-29,76.60981750488281,76.93789148430584,74.51214339619479,75.54606868645811,679200
2022-03-30,75.33729553222656,77.69345283240612,75.03905266924208,76.947834297709,721300
2022-03-31,75.0191650390625,76.04314661011456,74.63144400895199,75.54606758845247,699000
2022-04-01,75.76478576660156,77.24607917031967,75.19811596888228,75.55601348163384,669100
2022-04-04,78.94609069824219,79.24433354839647,76.68934778280762,77.0174217443186,1393400
2022-04-05,76.89812469482422,80.04960393576407,76.58993812228267,79.4034072623478,2127600
2022-04-06,74.89986419677734,76.55017020821543,73.91564984642244,75.61565920969873,1180900
2022-04-07,74.11448669433594,75.52618932465256,72.65307312689691,74.29343544922284,812300
2022-04-08,72.28523254394531,74.79051513423866,72.19576195813264,74.57179914470878,778500
2022-04-11,71.798095703125,73.0010260354324,70.90335193968279,71.42031078921384,1157500
2022-04-12,71.29106903076172,73.30920855042254,71.17176734062527,72.75248249943296,851100
2022-04-13,72.57353973388672,72.7425447868818,70.73434880554073,71.08230261606712,609200
2022-04-14,71.61914825439453,73.50805010386921,71.57938102142596,72.67295338117735,867600
2022-04-18,71.24137115478516,71.8975115388832,70.75422823792199,71.0823022223831,1035300
2022-04-19,72.83202362060547,73.03085220419379,70.49575363173346,71.12207049637853,768100
2022-04-20,69.42205810546875,73.08056001460722,69.34252364150784,72.6828952796266,1177300
2022-04-21,64.63021850585938,70.48580895415142,64.44132604468086,70.22732573119518,2553300
2022-04-22,64.12319946289062,66.3699989631707,63.62612039728682,64.94835253215084,1948000
2022-04-25,63.59629440307617,63.71558851991165,61.98575556237845,62.63195983959309,2163500
2022-04-26,61.995697021484375,63.705650092549504,61.9559297890382,63.109152983093004,797200
2022-04-27,63.785186767578125,65.77350294983694,63.437229160235546,63.67582877076795,865500
2022-04-28,64.37173461914062,65.1471766951893,62.55242354236543,64.39161444309035,445900
2022-04-29,63.854774475097656,66.07174266473214,63.73547277933399,64.37173332042565,574200
2022-05-02,64.60039520263672,64.6699859646573,62.6418987843002,63.049503444311604,668800
2022-05-03,66.69806671142578,67.22497690272084,64.60039999080576,64.6699907579844,790700
2022-05-04,70.13784790039062,70.30685293513292,66.220863066814,66.33022105042923,1282100
2022-05-05,67.0460205078125,69.36240297181547,65.78343555208974,69.36240297181547,889000
2022-05-06,64.39160919189453,66.45945961593861,63.80505962291028,66.26063105335969,749100
2022-05-09,59.56000900268555,62.90038067872074,59.08281359073938,62.045404143496015,1179200
2022-05-10,59.967613220214844,62.19452891893052,58.1582458741886,61.09101287760872,1473300
2022-05-11,57.452396392822266,61.061187495163125,57.343038397161244,59.98749874008029,1802800
2022-05-12,57.25355911254883,58.814386862091084,55.21553598025592,56.23951750204928,1050400
2022-05-13,61.349491119384766,61.846570134370694,58.94363050721058,59.52024019254006,1389800
2022-05-16,60.385162353515625,61.697450691940375,59.98749761175756,60.75299977457401,604100
2022-05-17,63.61617660522461,63.64599634135814,61.677567609106646,62.77113996978238,1247600
2022-05-18,63.46704864501953,65.43548108492978,62.602132222728336,63.22844904969166,1647100
2022-05-19,66.3302230834961,67.23490292088708,64.08342387602202,64.17290204027859,1614600
2022-05-20,66.7974853515625,67.51328039912133,64.84893638033257,67.48344928478605,1917600
2022-05-23,67.37408447265625,67.65245508452774,65.70389872554537,67.27467018939967,502400
2022-05-24,65.92261505126953,66.58870668077151,64.7395721800051,66.58870668077151,791700
2022-05-25,67.01619720458984,67.56297957640919,65.07758447316507,65.43548197481815,891600
2022-05-26,69.31270599365234,69.68053964723364,66.77759972981423,67.40392420560872,1507000
2022-05-27,70.86358642578125,70.9530645967072,69.05421903131194,69.31270225475733,873900
2022-05-31,70.68463897705078,72.29517782010942,70.3068616318108,71.57938277875003,983900
2022-06-01,69.80977630615234,71.60919986758142,69.4220552910911,71.01270658170439,613900
2022-06-02,73.63729095458984,74.19401706942618,70.23727203642602,70.23727203642602,1214300
2022-06-03,73.2197494506836,74.53203790862813,72.30512577071539,72.58348883985138,1285900
2022-06-06,76.34140014648438,78.35953984253224,75.80455387118494,78.03146585460077,3101200
2022-06-07,77.10689544677734,77.20631731901237,75.21800123149507,75.76478360466795,1287000
2022-06-08,76.06303405761719,78.18058796045052,75.58583485925354,77.10689545275027,1065500
2022-06-09,74.19401550292969,76.44081490937691,74.1840793831063,75.66537281299162,825700
2022-06-10,73.01097106933594,74.56185523099695,72.61330632447246,73.03085089340826,1900600
2022-06-13,68.42790222167969,70.68463771787441,67.48344749816776,70.26709314612768,1815400
2022-06-14,67.74192810058594,69.17351810240841,66.99630957210738,68.78579707438547,880700
2022-06-15,69.77996063232422,70.57528257472121,67.30450146088016,68.54719910664845,1051100
2022-06-16,65.82320404052734,68.45772440841152,65.32612501205199,67.29456130213697,1417000
2022-06-17,69.72029876708984,70.27703241241677,66.89689364902497,67.02613146026358,1440300
2022-06-21,71.0325927734375,72.4343593265169,70.82382048390268,71.17177429979405,1480400
2022-06-22,70.694580078125,71.75832889629487,69.4121152737255,69.4121152737255,1132000
2022-06-23,72.60336303710938,72.95131684655476,70.45598553822916,70.98288810464992,855400
2022-06-24,73.33903503417969,74.45249476588319,71.94721985058017,74.41272753423408,1171400
2022-06-27,74.60161590576172,75.44664867379497,73.06066799918902,73.4185654796211,1293300
2022-06-28,71.78815460205078,75.33729867171778,71.75833107299191,75.33729867171778,878200
2022-06-29,68.9150390625,70.3863963851303,68.14954066422351,70.20744762406478,1726100
2022-06-30,70.97294616699219,71.51973615603579,68.2588988009287,68.42790385760605,1177100
2022-07-01,71.57938385009766,72.09634272947005,70.38639715319248,70.63493668044975,843600
2022-07-05,71.20160675048828,71.27119751497294,68.19924500312267,70.23727216775478,907900
2022-07-06,70.6448745727539,71.97705041638233,69.8495526164728,71.01271581285962,649100
2022-07-07,74.58173370361328,75.08875643374732,71.38055114828835,71.38055114828835,1667000
2022-07-08,76.23204040527344,76.56011438569408,73.31915698374655,74.12442258584805,3004000
2022-07-11,72.62324523925781,75.09869654591469,72.34487462683563,75.02910578901506,1308500
2022-07-12,70.19750213623047,72.93143683678241,69.6705995711505,72.67295361407037,2139300
2022-07-13,70.70452117919922,71.53961027606644,68.61678326738362,68.65655049839975,1026300
2022-07-14,70.72440338134766,70.93317566258722,68.60684945606867,69.9589050168026,1024300
2022-07-15,69.3027572631836,69.3027572631836,65.51501749207006,68.75597488257107,2604800
2022-07-18,70.95306396484375,72.46418088920177,70.18755800583297,70.18755800583297,1063000
2022-07-19,72.1858139038086,72.32499541879082,70.56533907375916,71.42030798658266,653500
2022-07-20,72.92149353027344,73.77647008444349,72.18581867604253,72.30512037598169,788600
2022-07-21,72.69284057617188,73.17003220074237,71.25130682839323,73.17003220074237,1393400
2022-07-22,71.61914825439453,73.92559467280307,71.2811305665737,72.97120383602962,873100
2022-07-25,72.78231048583984,72.93143571144286,70.81388177931704,71.78815242825183,607100
2022-07-26,72.20569610595703,73.21974155975369,72.07645829059328,73.12032727217974,491600
2022-07-27,76.63964080810547,76.83847696997101,73.1899187290086,73.83611539680552,2841400
2022-07-28,82.39582061767578,84.43384775710548,79.65194972207624,82.286462619863,6101900
2022-07-29,85.07009887695312,85.50753081957347,82.01803415190547,82.24669382686344,2728600
2022-08-01,82.86307525634766,84.15548380683774,82.21687098110262,83.93676781354026,1807000
2022-08-02,83.67828369140625,84.89115776139195,80.67592963006516,80.95429267862104,1943900
2022-08-03,81.29230499267578,82.65430432847242,79.3835232494578,82.57476985963223,1812400
2022-08-04,82.97242736816406,83.42973914679467,80.70574829807157,81.54083739344301,1212400
2022-08-05,84.27477264404297,86.01454919196546,82.71394484444261,84.40401804189017,2525300
2022-08-08,84.87127685546875,88.23152838922012,84.48355581637529,86.50169547750897,2115100
2022-08-09,85.34847259521484,85.59701212378846,82.81337395465866,83.40986730627043,1416100
2022-08-10,89.60346221923828,89.64322945137424,85.95490400003459,87.54555536135271,1848700
2022-08-11,87.41632080078125,90.58768752209843,87.2274283373074,90.58768752209843,1383900
2022-08-12,88.55960083007812,88.69878235015975,86.20344352328378,87.01865282011501,1074300
2022-08-15,88.37071228027344,89.19586531782397,87.00871296232222,88.32100134169355,1990000
2022-08-16,87.13795471191406,88.33094133952399,86.7402899744361,87.933276602046,773400
2022-08-17,86.12390899658203,86.7900006534316,84.62273580467193,85.69642073240573,1448500
2022-08-18,87.15782928466797,88.35082342522824,86.63092676280385,86.65081417013282,873500
2022-08-19,84.3244857788086,86.05431866782645,83.80752692840721,86.05431866782645,1571100
2022-08-22,82.84319305419922,83.45956619781151,81.53090471690251,82.08763080399079,1769300
2022-08-23,83.42974090576172,84.5233132329191,82.69406607983024,83.06190728520794,718300
2022-08-24,85.14964294433594,86.16368087094688,82.97243427404044,82.97243427404044,1280500
2022-08-25,86.9788818359375,86.98882553974981,85.38823054303252,86.66075157735649,1010600
2022-08-26,85.21923065185547,88.82802170177807,85.09992895336973,87.7841602831182,1262700
2022-08-29,84.21512603759766,86.06426058515638,83.78763778015508,83.88705206645766,1151800
2022-08-30,83.14143371582031,85.80577755235014,81.88880005310527,84.47360942649716,1241400
2022-08-31,83.83734893798828,84.63267081534137,82.71394550380153,84.05606491932814,841200
2022-09-01,82.30635070800781,83.07184911418462,80.28821096144453,82.05781118089756,1512200
2022-09-02,80.36772918701172,83.13149480196817,79.97007205433758,83.13149480196817,943900
2022-09-06,81.8689193725586,82.66424889964709,79.77124514006657,80.92447219586244,1377000
2022-09-07,86.90929412841797,87.32683868530212,82.0080946826381,82.29640142472208,3826400
2022-09-08,87.23737335205078,88.29117851183773,85.57713114394225,86.49175477639223,1782900
2022-09-09,87.27713775634766,87.9730453704681,85.87537123884545,87.91339831349325,1224700
2022-09-12,87.68473815917969,87.83386338565658,86.0244960136362,87.70462556794945,1487300
2022-09-13,86.15374755859375,87.61515364475257,84.00636234780389,84.46367417939996,2437500
2022-09-14,87.8338623046875,87.92334047340208,84.85138815115093,86.35256893218173,2075100
2022-09-15,84.51337432861328,86.84964412892212,83.9069373373436,86.0344348662877,2205900
2022-09-16,84.48355865478516,84.5034384794576,82.31629369391904,83.06191226873777,1360400
2022-09-19,83.7975845336914,84.33443080105023,82.77360293634598,82.82330628889409,1365300
2022-09-20,81.18295288085938,83.70810774270637,81.02388394650642,83.50927915958944,1376600
2022-09-21,80.75546264648438,83.12155610154176,80.18879285500817,81.60049548151744,1082300
2022-09-22,78.01158905029297,81.00400712139353,77.35544104902876,80.45721712034002,1849200
2022-09-23,75.25776672363281,76.45076101969364,74.32326324760002,75.8542676640755,1746800
2022-09-26,73.9156494140625,76.6495840483641,73.76652418977216,74.87004023076709,1059400
2022-09-27,75.47647857666016,77.01742661342671,74.76068355531889,75.88408702457775,828600
2022-09-28,76.87825012207031,77.25602748146815,73.94547908352455,75.32735827939447,2524900
2022-09-29,72.84195709228516,75.41683038964442,72.01681167404942,75.3571833337012,1041600
2022-09-30,73.17996978759766,74.73085381504002,72.09633364124674,72.57353281074936,733800
2022-10-03,74.92969512939453,75.53613214805922,73.07061684113116,73.7466446200611,1758900
2022-10-04,77.9022216796875,78.69755111558634,77.10689224378866,77.54432419201538,766700
2022-10-05,74.8203353881836,76.90806573217164,73.41856892654269,76.90806573217164,1358200
2022-10-06,72.71271514892578,75.94372863273851,72.62324457008935,74.72091854636597,1037300
2022-10-07,70.63493347167969,72.19576132855791,70.21738132038924,71.54955707007954,1141000
2022-10-10,69.68053436279297,70.23726803070251,68.52731496428383,70.03843186901194,1488200
2022-10-11,68.7162094116211,69.50159520718856,67.1752613493974,68.4179589528603,1028900
2022-10-12,66.49922943115234,68.63667069369292,66.42963867306143,68.39807489235605,1022600
2022-10-13,67.17526245117188,67.82146673253615,64.07348645151801,64.39161673982935,1235800
2022-10-14,65.61442565917969,69.4121087803029,65.55477860845117,68.62672307814302,1457000
2022-10-17,66.22087097167969,67.9208803951439,65.65420116385829,67.13549459398365,1873000
2022-10-18,68.06005859375,69.16357462632267,66.88695180168284,68.05011488958681,1727800
2022-10-19,65.7138442993164,66.95654183744578,65.12729470203479,66.95654183744578,1398500
2022-10-20,64.98812103271484,66.08169348136708,64.20273518359262,65.50507993368372,1416600
2022-10-21,66.16122436523438,66.34017312602231,63.83489047499119,64.62027628151468,2051900
2022-10-24,64.48108673095703,64.84892791147716,62.60212876890721,64.82904050451748,1860800
2022-10-25,67.59280395507812,67.93082163748345,65.33606851024241,65.33606851024241,1270400
2022-10-26,70.41621398925781,71.98698547256711,69.27293075558778,69.59106101684327,1988300
2022-10-27,71.1717758178711,72.01681628354879,70.00861264358521,70.90335646412223,1781300
2022-10-28,70.4659194946289,71.21153802833199,69.10392782735194,71.21153802833199,1401200
2022-10-31,70.86358642578125,71.33084193495492,69.22322408383138,69.6010090069033,1045500
2022-11-01,71.33084106445312,73.45833871380559,71.30101753611649,72.72266387048045,559600
2022-11-02,69.52146911621094,72.54371034086091,69.47175818237244,71.33083636950795,832200
2022-11-03,72.0963363647461,72.8021952344885,69.36240180626997,69.36240180626997,937900
2022-11-04,71.9372787475586,74.75074791366524,70.3764508768082,74.75074791366524,991700
2022-11-07,70.99282836914062,73.05073518222771,70.28696949512327,73.05073518222771,694000
2022-11-08,73.45834350585938,73.99518980541211,72.20570214023634,72.38465090675392,821200
2022-11-09,74.15424346923828,76.33145197187189,73.32909807267391,73.73669891895408,1972700
2022-11-10,81.0040054321289,81.74962400811202,76.37122503930475,77.8127512522757,3224700
2022-11-11,79.01568603515625,81.46131395533305,78.91626416118497,79.73147346791058,1467300
2022-11-14,78.78702545166016,79.80106332519809,77.22619761676786,78.79696915590951,1444000
2022-11-15,81.34201049804688,82.61453157518444,80.84493147823852,81.52095924857085,1120400
2022-11-16,81.06365203857422,82.11745719293765,80.40750405465592,80.67593098801316,825100
2022-11-17,82.13734436035156,82.23675865266995,78.33966074912468,78.56831286297452,1129000
2022-11-18,81.03382110595703,82.51511440955873,80.00983957444633,82.3759328956538,1403300
2022-11-21,80.3379135131836,80.76540179893445,79.25428482652697,80.46715892027706,591000
2022-11-22,81.0139389038086,81.17300783553424,79.08527740799207,80.51685986940217,558100
2022-11-23,81.8689193725586,81.96833366723853,80.77534696143029,81.13324449013766,516600
2022-11-25,82.00809478759766,82.5349973364578,80.82505187491176,81.1332384408887,279400
2022-11-28,79.98995208740234,81.19288236199947,79.6917092371124,80.72562688657256,885900
2022-11-29,79.02561950683594,80.76539605550278,78.95602874828222,80.158959051753,1423000
2022-11-30,83.4894027709961,83.68823136229531,80.28821239123664,80.50692839256052,2151200
2022-12-01,81.02388000488281,83.32038264290824,80.90457830992185,83.02213978274166,1883200
2022-12-02,83.27068328857422,83.65840433477635,79.88060057942438,80.1689073341329,1319100
2022-12-05,81.42154693603516,82.61453357857542,80.80516620598904,82.51511928916774,1510700
2022-12-06,78.62796020507812,81.52096390637365,77.87240551287307,81.43149331841161,1278900
2022-12-07,78.00164031982422,79.3536958854784,77.10689655066717,78.36948153181768,915400
2022-12-08,78.62796020507812,79.53264771353528,77.9916996301558,78.45895514904471,470400
2022-12-09,78.16071319580078,79.50282512488151,78.10105855162925,78.73731913407974,874900
2022-12-12,78.99579620361328,79.30398276596469,77.94199111829002,78.53848441970274,834100
2022-12-13,80.6759262084961,82.02798174541735,79.84082951342172,81.18294893104753,1165000
2022-12-14,82.2467041015625,82.9724352772192,80.56657446190127,80.56657446190127,1362100
2022-12-15,79.771240234375,82.79348163269823,79.6221150091136,80.92446721925089,1546300
2022-12-16,77.97181701660156,79.25428182528917,76.28175134707008,78.7472590905001,2063500
2022-12-19,76.94783782958984,78.78702878262959,76.59988401439168,78.34959679505228,685000
2022-12-20,76.36127471923828,77.79286468824868,75.05893014648915,76.05308816167444,1065800
2022-12-21,77.96187591552734,78.19053561448297,75.04899239654978,76.36128077731095,644100
2022-12-22,75.41683197021484,77.40514811478191,74.38290666486107,76.98760354478063,1075900
2022-12-23,74.42266845703125,75.75483653578331,73.76652053657826,75.75483653578331,499300
2022-12-27,72.65306854248047,75.14839966422805,72.59341390473298,75.14839966422805,1072600
2022-12-28,71.4103775024414,73.30921551229045,71.3308430347974,72.93143816821781,884900
2022-12-29,72.65306854248047,73.47822150377084,71.9173861605759,72.10627860793296,564900
2022-12-30,72.51388549804688,72.65306700847962,71.44019305914557,71.80803424233125,478900
2023-01-03,71.74838256835938,74.15424315926252,71.3208943158581,73.46827928232699,489000
2023-01-04,72.87178802490234,73.00102584073441,71.80803921587592,72.0864022560213,680400
2023-01-05,70.4957504272461,71.94722025897012,70.35656132327217,71.94722025897012,676600
2023-01-06,73.43846130371094,73.66711341835672,71.00276941689813,72.17587627391701,1200200
2023-01-09,74.27354431152344,75.60571999431576,74.21389725783042,74.55190734185575,978300
2023-01-10,76.5899429321289,76.59988663713912,74.01506944185125,74.17413838271646,651400
2023-01-11,79.74141693115234,79.90048586116615,77.11684026451707,77.24607808153525,1226100
2023-01-12,81.20283508300781,81.20283508300781,78.9659793257339,80.02972820468895,600400
2023-01-13,81.2624740600586,81.93850181396525,79.60223199459587,79.60223199459587,655500
2023-01-17,81.80926513671875,82.63441812134951,81.07359031882841,81.12329366939633,929400
2023-01-18,81.31218719482422,83.19114528809918,80.62621571845197,82.34611246905776,604800
2023-01-19,77.50455474853516,80.82504632604642,77.06712281279964,80.70574463862125,1332900
2023-01-20,79.00574493408203,79.35369874997458,77.7928708459786,78.49872218245328,1177100
2023-01-23,81.13323974609375,82.04786333938826,78.6180210721218,79.63205895428328,1045000
2023-01-24,80.20867919921875,80.93441798019497,79.43323706203779,80.21862290438958,609000
2023-01-25,78.73731994628906,78.97592335578761,76.81859447431246,78.41918965178216,1566500
2023-01-26,79.01568603515625,79.95018945492886,77.89228257180301,79.681770115749,629300
2023-01-27,79.68177032470703,80.41744516811448,77.88233907168025,78.55836685840778,968800
2023-01-30,77.76304626464844,79.48293549628728,77.57415380222338,78.9858564560733,781200
2023-01-31,80.32797241210938,80.35779593964331,77.84257731996271,78.47883785676635,797700
2023-02-01,82.14727783203125,83.07184513195317,79.95018942787787,80.50692309959719,787800
2023-02-02,81.22270965576172,83.4794526768935,80.7156945113057,83.31044762874149,906000
2023-02-03,79.26422119140625,80.45720776521416,78.82678924142564,79.73146908318485,760100
2023-02-06,78.69755554199219,79.24433792320617,77.74315713130325,78.1308781672851,677300
2023-02-07,78.45894622802734,78.7969638864849,77.04724371198473,78.7969638864849,1459700
2023-02-08,77.564208984375,80.30808737072361,77.35543670066058,80.29814366631128,1181500
2023-02-09,75.95367431640625,79.23439123459781,75.47647512903494,78.6279542350415,1364200
2023-02-10,75.43671417236328,76.2320436891913,74.36302918491718,74.959522530126,1065900
2023-02-13,76.62970733642578,77.35543849404522,75.05893573512105,75.47648031223012,827100
2023-02-14,76.08291625976562,76.311575954319,74.37296315733788,75.12852541802496,887400
2023-02-15,78.57825469970703,78.69755639854766,74.9396325257213,75.61566031616992,1021300
2023-02-16,75.78467559814453,78.21041621399674,75.78467559814453,77.41509428176586,725700
2023-02-17,75.25776672363281,75.44665919376129,74.49226830780735,75.03905830827162,989500
2023-02-21,73.65716552734375,75.1881698187996,73.55775124032951,74.56185298426834,718200
2023-02-22,73.65716552734375,74.00512690912946,72.79225288701353,73.42851342569338,803000
2023-02-23,74.21390533447266,75.22794328172934,73.10044550714268,74.66127345550437,1006400
2023-02-24,72.16593170166016,73.13026625704364,71.69868377327185,73.13026625704364,666900
2023-02-27,73.78641510009766,74.19401597535676,72.633188068,72.81213682867639,677300
2023-02-28,73.85600280761719,74.22384401846145,72.86184475273176,72.91154810458161,373900
2023-03-01,76.1028060913086,76.81859355678127,74.86010845810515,75.0688807503044,845900
2023-03-02,75.80455017089844,75.87414092995745,74.43261481309615,75.55601066214139,742400
2023-03-03,77.74315643310547,78.38936068221314,75.80455127060644,75.83437479851813,1207000
2023-03-06,79.25428771972656,79.97008279035359,77.93205558008634,77.93205558008634,1308300
2023-03-07,78.31977081298828,79.68177008676419,77.84257919132564,79.5326448606856,549900
2023-03-08,77.89228057861328,78.45895035555829,76.80865196043685,78.3893595964536,1070700
2023-03-09,76.57005310058594,79.05544833682032,76.42093545427134,77.5840986044712,584300
2023-03-10,74.62149810791016,76.7390595321369,73.66710732459511,76.10279900992688,1122800
2023-03-13,74.69109344482422,75.77472969069166,72.59341929977113,73.06067480859681,596600
2023-03-14,75.17823028564453,77.2361370311682,74.40278067856909,76.29168238536064,616700
2023-03-15,72.80219268798828,73.71681621520149,71.10217585644563,73.01096495497238,818700
2023-03-16,71.82791900634766,72.38464508638121,70.45598362991183,72.38464508638121,957900
2023-03-17,69.0045166015625,71.63902946968123,68.19924339175282,71.5793824114821,1416700
2023-03-20,70.09808349609375,70.82381459679573,68.55713554474643,69.20333976901543,594500
2023-03-21,73.64723205566406,74.09460015572316,71.698683137803,71.72850666649705,1151400
2023-03-22,72.06652069091797,74.21390589156873,71.96710639492294,73.49811082468514,573400
2023-03-23,73.15015411376953,75.73496363190756,72.42441537043717,72.69284230235331,716300
2023-03-24,72.55366516113281,72.96126605873073,71.44020530203099,72.1758802096533,698900
2023-03-27,72.49400329589844,73.45833781943693,71.50978894865226,73.45833781943693,486900
2023-03-28,72.13610076904297,72.6331797601964,71.74837976272917,72.21563522798515,274600
2023-03-29,73.76652526855469,74.10454295421098,71.629091500156,72.59341845037828,780200
2023-03-30,75.3074722290039,76.95777823143752,75.00922178030598,76.14256134963972,795600
2023-03-31,77.17648315429688,77.87239830830048,75.66536632486742,75.66536632486742,645700
2023-04-03,75.91390991210938,77.9121697323465,75.36711994630537,77.44491423153653,565600
2023-04-04,75.38700866699219,75.90396752880247,74.75074810561452,75.90396752880247,335600
2023-04-05,73.25951385498047,75.34724437762009,72.36477003532792,74.61156949693887,572300
2023-04-06,73.24956512451172,73.56769539580331,72.52382641369003,72.95131467681536,535200
2023-04-10,74.75074768066406,74.80045103324977,72.69284077997686,72.73260801293992,372100
2023-04-11,75.27764892578125,75.60572290336337,74.27354716931352,74.76068249113838,605100
2023-04-12,74.2039566040039,76.13262565747306,74.15424566733395,75.68524998191552,563100
2023-04-13,76.54022979736328,77.00748531672714,74.9595220631657,75.03905653131794,635300
2023-04-14,75.88408660888672,76.96771525455262,75.01916636536669,76.79871020455732,369000
2023-04-17,77.9022216796875,78.62795277398334,76.212156109432,76.24197963593407,1431000
2023-04-18,77.9419937133789,78.53848703465195,77.2858457506017,78.38936180812767,605700
2023-04-19,77.32560729980469,77.5443232713212,76.85835183062368,77.23613672136077,541400
2023-04-20,77.17648315429688,77.59403528062849,75.80454783870341,75.98349658289592,482400
2023-04-21,77.26596069335938,77.81274304048226,76.00337579043705,77.28584051596489,1004200
2023-04-24,77.2261962890625,77.33555427945325,75.80454999880668,77.30573075204192,514300
2023-04-25,75.17823028564453,76.37121684528995,75.11857564828577,76.26185885909304,436800
2023-04-26,71.0325927734375,73.03085266587702,70.5653448405687,72.46418285576125,1273900
2023-04-27,72.32499694824219,72.97120118708129,71.30101538715161,71.30101538715161,711000
2023-04-28,71.5694351196289,71.6290897596623,69.45188122662893,71.09224350830515,705200
2023-05-01,70.7144546508789,72.13610087097962,70.3565571699568,71.4401933163108,643400
2023-05-02,68.40801239013672,69.99867132396953,68.23900734348476,69.99867132396953,993100
2023-05-03,68.30860137939453,69.2928157636728,67.76181898138405,68.35831231777016,536900
2023-05-04,67.87117004394531,69.59106689158872,67.58287087003988,69.1138676670094,566000
2023-05-05,69.79983520507812,70.00860748367869,68.30859814236788,68.72614269956901,480100
2023-05-08,69.54135131835938,70.15773202885907,69.14369417333904,70.04837403853132,636100
2023-05-09,68.84545135498047,69.23317242369546,68.07995292272449,69.23317242369546,536200
2023-05-10,69.48170471191406,69.83960221260085,68.90509122916048,69.22322149812385,626900
2023-05-11,69.40217590332031,69.82966419814862,68.92498425340588,68.9647514883695,489500
2023-05-12,71.51972961425781,73.62733973962985,70.66475311949696,70.83375816071573,1412400
2023-05-15,72.2653579711914,73.21974888000109,71.56944271895068,72.31506132753557,533200
2023-05-16,70.57527923583984,72.31505585760748,70.5653431162174,71.98698945911192,572500
2023-05-17,71.24137115478516,71.51973420166458,70.08814414934278,70.57527948138177,474500
2023-05-18,70.3565673828125,71.24137509479093,69.68053955236438,71.24137509479093,328100
2023-05-19,69.70042419433594,71.2711957945872,69.32264685122742,70.19750323860602,324100
2023-05-22,70.92323303222656,71.23142719142943,69.72030267839845,69.80978084875545,600100
2023-05-23,70.72440338134766,72.00686818166841,70.41621681163555,71.11212441576741,279800
2023-05-24,70.4062728881836,70.87352838585656,69.55129635729776,70.37644936021707,315000
2023-05-25,70.20744323730469,70.44603904220912,69.39223395112599,70.31680122805753,467000
2023-05-26,70.3565673828125,70.73435232574869,69.49165466572087,70.19750602643772,274700
2023-05-30,70.39633178710938,71.84780168547177,69.60100986757035,70.47586625451056,770600
2023-05-31,69.57118225097656,70.15773184774406,68.4179552958879,69.69047636024516,718500
2023-06-01,71.06242370605469,71.65891704389172,69.06416381871755,69.26299240305512,666200
2023-06-02,71.64897155761719,72.80219855560725,71.04253453019554,72.62324980022342,925100
2023-06-05,71.39048767089844,71.90745410822001,70.69458006468561,71.3507204384257,454200
2023-06-06,70.82382202148438,71.728509547267,70.1279143745935,70.69458419701164,409000
2023-06-07,70.6051025390625,71.82792029806849,70.3565630224602,70.69458070914787,550800
2023-06-08,70.4062728881836,70.94311914605312,69.87937033457759,70.47586364838017,521800
2023-06-09,69.97879028320312,71.54956195163864,69.94896675282422,70.61505088070176,486200
2023-06-12,71.1220703125,71.25130813301585,69.39223736831623,70.15773575645885,706300
2023-06-13,71.8875732421875,73.0606801600157,71.29107987045657,71.60921017436804,665100
2023-06-14,71.20160675048828,72.15599762834556,70.73435122402364,72.07646315898467,910300
2023-06-15,72.77236938476562,72.92149461570322,70.90335490017742,70.95306583876473,680000
2023-06-16,72.3647689819336,73.84606242662507,71.83786640270387,73.20980184965056,687000
2023-06-20,70.08814239501953,71.9770442034813,69.7501322993619,71.5594996436134,767100
2023-06-21,69.23316192626953,69.95890059743925,68.9945661320429,69.6904736922137,521400
2023-06-22,68.52731323242188,69.1337502368098,67.55303502682072,69.03433595088899,806500
2023-06-23,67.64251708984375,68.0004146076332,67.00625652151233,67.75187508610298,949200
2023-06-26,68.0103530883789,69.39223211515905,67.68227912480052,67.68227912480052,562700
2023-06-27,68.79573822021484,68.89516009913531,67.95070534316206,68.37819363411693,738700
2023-06-28,69.22322845458984,69.83960923100894,68.39808296408523,68.57703173241177,442000
2023-06-29,68.51737213134766,69.86942770874181,68.13959479656732,68.9548041078058,831600
2023-06-30,71.00276184082031,71.12206353018261,69.21328200932686,69.6507063673416,822800
2023-07-03,71.00276184082031,72.35481731429903,70.77410975057197,71.00276184082031,304000
2023-07-05,69.38229370117188,70.34662825773363,69.05421971258038,70.34662825773363,666100
2023-07-06,66.96648406982422,68.54719166287119,66.34016725490774,68.54719166287119,929300
2023-07-07,67.6524658203125,68.52732227055465,66.98637408866155,67.17526656620099,557900
2023-07-10,68.9647445678711,69.19339666493642,67.04601928615818,67.32438231814575,728300
2023-07-11,68.95480346679688,69.14369592484313,68.24895215623458,68.82556564987388,312700
2023-07-12,70.90335083007812,71.17177016249815,69.98872725723909,70.35656087630268,476700
2023-07-13,71.69868469238281,71.87763345325128,71.1916619391181,71.1916619391181,587000
2023-07-14,70.3068618774414,71.74838808506442,70.16768035056019,71.45014520667226,565500
2023-07-17,73.12033081054688,73.68700062044653,69.96884388969866,70.25715064699136,1147900
2023-07-18,72.46417999267578,74.27354734864653,72.40453293654375,73.44839434297454,1369700
2023-07-19,72.58348083496094,73.59751870138358,72.3548211477743,73.13026320765465,623100
2023-07-20,71.02265930175781,71.67879972407182,70.68464159312818,71.57938542794238,939000
2023-07-21,70.7343521118164,71.34078917486181,70.32674363984427,71.02265887824984,431400
2023-07-24,70.50569152832031,71.02265799439664,69.79984017852235,70.47586799851292,906800
2023-07-25,70.62499237060547,71.32090000703465,70.49575454807558,70.64487219529299,263300
2023-07-26,69.6109390258789,70.16767265718633,68.4974869329111,68.59690121480844,742800
2023-07-27,67.73198699951172,69.61094515670335,67.16531719948289,69.59106533250242,902500
2023-07-28,67.8612289428711,68.15947179962018,66.56882047582032,67.82146171167312,808400
2023-07-31,68.13959503173828,69.03433881175248,67.60274876372976,67.74193028675151,527400
2023-08-01,66.6682357788086,67.40391818996241,66.56882149170843,66.70800301061344,412100
2023-08-02,63.00973892211914,64.47114869188354,62.67172502992908,64.44132516364714,1732200
2023-08-03,63.258277893066406,64.60039353834085,63.11909637261098,63.288101421046285,755400
2023-08-04,62.35359573364258,63.824945438464134,62.22435412190097,63.70565132364433,1348000
2023-08-07,61.8465690612793,62.43312244048197,61.59802955809871,62.42318252901596,983700
2023-08-08,61.67756652832031,61.72727367249598,60.79276646779247,61.04130598108285,614500
2023-08-09,63.029624938964844,63.556527517406515,62.13488113367505,62.32376980705304,1249200
2023-08-10,62.41324234008789,63.755354215882555,62.15476291088441,63.02962307322523,713600
2023-08-11,61.4588508605957,61.75709751960273,60.94188821519125,61.64773952640401,769800
2023-08-14,61.65768051147461,61.816745642090645,59.748895151670375,60.772880485397195,1022900
2023-08-15,59.231937408447266,61.02142110881955,59.11263571398703,60.723174457492824,1572400
2023-08-16,57.85005569458008,59.03310620388942,57.740701494459756,58.65532508216284,967500
2023-08-17,56.93543243408203,58.25766067910583,56.80619082467272,58.14830647835706,1160300
2023-08-18,56.67694854736328,57.034846050794854,55.74244134916794,56.09039514838643,1246800
2023-08-21,56.05063247680664,56.68689302833139,55.61320050332435,56.68689302833139,568400
2023-08-22,55.464080810546875,56.46817881385849,55.046532440246374,56.46817881385849,669800
2023-08-23,56.428409576416016,56.72666002707437,55.3746044644515,55.41437169686088,397400
2023-08-24,55.17577362060547,56.69683427441244,55.11612277034185,56.69683427441244,513900
2023-08-25,55.84185791015625,56.16993189912845,55.12606666656513,55.205597341447636,446200
2023-08-28,56.150047302246094,56.55765195898636,55.81203340696792,56.269345208693665,395800
2023-08-29,58.37696075439453,58.65532378931438,56.22957956058391,56.22957956058391,1321700
2023-08-30,57.93953323364258,58.545970285397665,57.700937411831795,58.28749084636728,519300
2023-08-31,57.88982391357422,58.42667018111321,57.77052600714735,57.95941467502423,554900
2023-09-01,58.06877136230469,59.11263655296972,57.869938994460874,58.25766002592972,359000
2023-09-05,57.68104934692383,58.188068273485534,57.521984213844476,57.85999809568958,469400
2023-09-06,56.478118896484375,57.66116558370943,56.08045416859748,57.34303531836468,553200
2023-09-07,55.23542022705078,55.364658037407565,54.40032734958222,55.24536013845829,664900
2023-09-08,55.245365142822266,55.414373991354125,54.748286094358924,55.32489961093424,658400
2023-09-11,55.40442657470703,56.11027786605617,55.225477825856274,55.67284969798317,270700
2023-09-12,56.45823669433594,56.62724174285133,55.00676684831004,55.16583198496477,620900
2023-09-13,55.29507064819336,56.66700984311252,55.036591219324684,56.338935860505124,432100
2023-09-14,56.766422271728516,56.8857239664445,55.29506883527213,55.53366843229217,586400
2023-09-15,55.59331512451172,56.6173004725438,55.275184858835324,56.07051431543823,529600
2023-09-18,53.92313766479492,55.22548236440137,53.85354310793405,55.22548236440137,979000
2023-09-19,54.28102493286133,54.986879990540736,53.92313124079607,53.92313124079607,468700
2023-09-20,54.22138214111328,55.28513097444748,54.07225691339231,54.678693943919896,614900
2023-09-21,53.27693176269531,53.74418727477754,52.928977950982244,53.644769191136575,899700
2023-09-22,52.51142883300781,53.783949946103746,52.501488920992024,53.684535656297655,737100
2023-09-25,52.26288604736328,53.088039012311555,51.765807044597864,51.865221328186216,691300
2023-09-26,51.437740325927734,52.1634752635674,51.358205859791404,51.427796621454654,652100
2023-09-27,51.378089904785156,52.42195513085114,51.079843239110886,51.80557818280271,659000
2023-09-28,51.54709243774414,51.805575649792296,50.364045745035504,51.606743284927234,956800
2023-09-29,51.48744583129883,53.217278698139914,51.16931556170938,52.21318074582548,836700
2023-10-02,49.1412353515625,51.030137264876196,48.952346677196005,50.90089564956639,939000
2023-10-03,47.31198501586914,48.60438981156665,46.89443663400278,48.60438981156665,1624300
2023-10-04,47.620174407958984,47.79912316897991,46.09910993928111,47.530700027448525,1440900
2023-10-05,46.387413024902344,47.620170637390885,46.03945923514164,47.321920197696706,671000
2023-10-06,47.45116424560547,47.75935461270108,45.56226618727269,45.73127123888469,866700
2023-10-09,46.814903259277344,47.18274068009055,46.13887547418646,46.54648012763137,425200
2023-10-10,49.469303131103516,49.67807920481475,46.92426093832361,47.15291683580543,3135700
2023-10-11,50.105567932128906,50.90089362468085,49.47924729006398,50.503228882198854,839500
2023-10-12,48.7137451171875,50.16521497988807,48.117251795982675,50.105567923214814,465900
2023-10-13,48.04766082763672,49.051758798895804,47.86871207356488,48.91257727737593,423400
2023-10-16,48.683921813964844,48.87281048165698,47.35174985086287,47.838885180536515,454000
2023-10-17,49.3897705078125,50.05585455776401,47.8985334847322,47.8985334847322,558000
2023-10-18,47.9482421875,48.84298594743246,47.709646379792666,48.84298594743246,331700
2023-10-19,46.476890563964844,47.789178935319114,46.34764895078858,47.58040664724278,1054600
2023-10-20,43.663421630859375,44.409040200723055,42.54002571613485,42.59967277458016,2242600
2023-10-23,43.42482376098633,44.041200687748976,42.30142410691591,42.937684649691796,786500
2023-10-24,44.001434326171875,44.896178102408044,43.65348052008673,43.69324775289991,639800
2023-10-25,42.39089584350586,43.13651433172628,41.794402569894224,42.96750929475396,1036000
2023-10-26,42.79850387573242,43.43476442959452,42.271601315642634,42.271601315642634,788000
2023-10-27,40.71077346801758,42.09265256980928,40.65112261892575,41.754638676446326,1843300
2023-10-30,41.10843276977539,42.3411903880269,40.58153023069974,41.386799595297155,1007000
2023-10-31,41.73475646972656,41.77452370379764,40.95931436740145,41.10843580654972,762400
2023-11-01,41.277442932128906,41.91370348105843,40.50200086217255,41.7745219600316,715800
2023-11-02,42.78856658935547,43.186227563714574,41.436510933227495,41.516041611134405,1509500
2023-11-03,44.438865661621094,45.32366572069185,43.87219587564517,44.160498828354115,1106800
2023-11-06,43.6236572265625,45.035359867322654,43.275699626191816,45.035359867322654,1087000
2023-11-07,43.653480529785156,43.87219651789416,42.80844769058374,43.01721997428121,1066600
2023-11-08,42.29148483276367,43.14646137216415,42.01311799679316,43.05698699496149,918900
2023-11-09,41.31721115112305,42.808448270439264,41.158146010092466,42.261658292760295,753900
2023-11-10,41.158145904541016,41.21779296201695,40.31310926364836,40.85989544751296,820800
2023-11-13,41.466331481933594,41.86399622011261,40.631238565687255,40.96925245541582,940000
2023-11-14,45.7610969543457,45.87045495410301,43.335352511886136,43.335352511886136,3167900
2023-11-15,46.37747573852539,47.80906200196115,45.83068576307678,46.08916898645469,2191000
2023-11-16,45.21430969238281,46.16870055312679,45.005537402672346,45.602030742534296,1278000
2023-11-17,45.36343002319336,45.641793046070624,44.28973757653233,45.641793046070624,1033600
2023-11-20,46.755252838134766,47.08332682173013,45.32366658200278,46.01957798977702,1005700
2023-11-21,45.77103805541992,46.526596513395965,45.65173635751946,46.27805699805473,772400
2023-11-22,45.79092025756836,46.4570043177543,45.631855124358886,46.33770641595017,806800
2023-11-24,45.21430969238281,45.542383683995396,45.07512816590917,45.343551306570696,1231700
2023-11-27,44.3692741394043,45.075125433685336,44.27979976460727,44.8265859250727,2158300
2023-11-28,45.025421142578125,45.22425352054565,43.7926634331092,44.200268101357146,801500
2023-11-29,45.572208404541016,46.3178269950653,45.28390163935935,45.492673934527204,1152100
2023-11-30,45.572208404541016,45.90027861231733,44.76693896150637,45.45291049193256,937800
2023-12-01,47.59034729003906,47.66988175857225,44.87629612614531,45.10495203455993,1417900
2023-12-04,47.46110534667969,48.34590537402526,47.11314776567525,47.46110534667969,3032400
2023-12-05,46.95408630371094,47.65993763995905,46.5663652540088,46.78508124816371,2409400
2023-12-06,46.307884216308594,47.9084755059397,46.27805689569344,47.18274057783798,1876900
2023-12-07,46.37747573852539,46.655838786090435,46.07922528194902,46.24823412683644,573700
2023-12-08,45.55232238769531,46.96402881678462,45.04530344150601,46.20846656109962,877000
2023-12-11,45.542381286621094,45.88039517272622,44.74705181878883,44.9458841857469,1037100
2023-12-12,44.20026397705078,45.204365685509046,43.38505471662168,45.00553332609448,1468500
2023-12-13,46.66577911376953,46.71549005191636,43.245876668899626,43.63359771500727,3305300
2023-12-14,50.463462829589844,51.45762091663183,48.614331973317945,48.614331973317945,4123600
2023-12-15,51.477500915527344,52.07399800127689,50.23480339406396,51.626626135067696,2487200
2023-12-18,50.351070404052734,51.52526566560193,49.50525352056612,50.530185192826735,1424000
2023-12-19,52.689510345458984,52.8686251293134,51.167034682696446,51.32625119806095,1629200
2023-12-20,50.390872955322266,52.94822938656221,50.311268493878124,52.94822938656221,1646200
2023-12-21,52.79896926879883,52.958181986625426,51.5352166603306,51.5352166603306,1153600
2023-12-22,52.33128356933594,53.10744514348859,51.92330071677738,52.83877295337478,849200
2023-12-26,53.396018981933594,53.64478910462168,52.182019568517866,52.231776629800144,1462200
2023-12-27,53.41592025756836,53.734345706227096,53.047741544293714,53.63483917699528,1078600
2023-12-28,53.95326614379883,54.35129606785669,53.32636436339238,53.32636436339238,672500
2023-12-29,53.08754348754883,54.12242812502319,53.00793902093667,53.58508374065025,617400
2024-01-02,51.813838958740234,53.1571960538548,51.47551145239521,52.14221733075041,2920300
2024-01-03,49.83363342285156,50.679450332208525,48.71914052618506,50.669497401455125,2319200
2024-01-04,48.53007507324219,49.734121533296396,48.50022387378108,49.734121533296396,1088000
2024-01-05,48.05243682861328,49.20673002248747,47.525041598046705,48.03253476369277,1768900
2024-01-08,48.05243682861328,48.510172933992706,47.21656908160572,48.042483898187655,1182600
2024-01-09,47.6743049621582,48.012632472349814,46.84839014947119,47.70415616143281,640900
2024-01-10,48.0225830078125,48.05243800388883,46.90809391652095,47.554897756499464,981200
2024-01-11,46.77873229980469,48.122093242743304,46.04237486079908,47.80366778869804,2865900
2024-01-12,46.22148895263672,47.94297772370564,46.09212742766311,47.56484607928396,770500
2024-01-16,44.05221176147461,45.44532210710005,43.98255643398987,45.30601145213057,2162000
2024-01-17,42.67900085449219,43.16659195618463,42.300869212114215,42.8282644437266,1597600
2024-01-18,43.057132720947266,43.584524159373544,42.71880520672852,43.584524159373544,738600
2024-01-19,42.6889533996582,42.85811525639511,41.50480521877699,42.78845992762924,1722800
2024-01-22,43.345706939697266,45.05724277870858,42.78846050610593,42.78846050610593,1152000
2024-01-23,44.66916275024414,45.5050305167033,43.98255857619694,44.82837547738251,1803700
2024-01-24,43.813392639160156,45.82345567892789,43.75369023932055,45.584638487707835,943600
2024-01-25,43.66413116455078,44.11191812578251,42.50983799555937,43.85319508332388,780400
2024-01-26,42.97752380371094,44.02236132595582,42.89791934060441,43.43526370131366,873200
2024-01-29,43.83329391479492,43.932804239286355,42.10185602388215,42.549639198336,1386500
2024-01-30,43.00737762451172,43.62432643148188,42.71880338727722,43.43526251532684,928800
2024-01-31,42.16156005859375,44.52985273035365,42.09190472671236,43.0670831689827,2152100
2024-02-01,43.206390380859375,44.29102819969724,42.44018179137876,43.39545809165873,1391500
2024-02-02,42.07200241088867,42.31082340158408,41.34559409992265,42.25111720492751,1705700
2024-02-05,40.897804260253906,41.15652729844324,39.95248088605691,41.13662523428017,2182000
2024-02-06,42.07200241088867,42.15161067309743,40.83810471409985,41.26598963364476,1300900
2024-02-07,43.942752838134766,44.83832676798745,42.90786825162293,44.291029479782644,2922700
2024-02-08,43.88304901123047,44.29103186885212,43.435265818081284,44.08206587259172,1433700
2024-02-09,45.266212463378906,45.52493171658603,43.78354088589695,44.10196633411992,1382300
2024-02-12,47.06730651855469,47.724059491523136,45.445324253522436,45.53488164965135,1166700
2024-02-13,44.27113342285156,45.46522699440468,43.53477217752498,44.360690820311135,1542600
2024-02-14,46.400604248046875,46.400604248046875,44.79852405399089,45.375668763516856,837100
2024-02-15,47.16681671142578,48.00268447427916,46.45035754442837,47.226519111388356,1457100
2024-02-16,46.62947082519531,47.25637257600391,46.37074778063844,46.97774746679415,1058800
2024-02-20,45.58463668823242,46.14187930970234,45.047292335303,45.9826665898637,915300
2024-02-21,44.539798736572266,44.878126237343935,43.91290079367555,44.191522101629644,920000
2024-02-22,42.440181732177734,44.559700308730356,42.420279668125005,44.48009584845003,1467800
2024-02-23,41.78343200683594,42.57949565034805,41.654070478536816,42.47998532245224,1325700
2024-02-26,41.77347946166992,42.519789846088365,41.23613507386522,41.54461139929331,836900
2024-02-27,42.35062789916992,42.649151293174306,41.823232647300244,42.29092170199668,581100
2024-02-28,41.80332946777344,42.64915015683598,41.693873803101845,42.31082264039712,935100
2024-02-29,42.93772506713867,44.06216329838145,42.38047862094402,42.95762333670736,774600
2024-03-01,43.96265411376953,44.271130416500334,42.75860769319001,43.18649258578118,1088100
2024-03-04,43.17654037475586,44.31093148714881,42.79840873864798,44.032310174190734,1118600
2024-03-05,42.78845977783203,43.50491892369356,42.14165596049252,42.61929792168735,1190100
2024-03-06,43.72383499145508,44.06216250700912,42.78846070536134,43.50491986675361,1153500
2024-03-07,44.74877166748047,44.87812940047342,44.09201868391996,44.141771950142704,622500
2024-03-08,45.54483413696289,46.370748963507204,45.13685129099818,45.77370219241326,1265200
2024-03-11,46.151832580566406,47.32602782151755,46.00256899389625,46.42050475901428,1477100
2024-03-12,44.400489807128906,45.87320845712112,44.092017288750135,45.87320845712112,1103700
2024-03-13,43.654178619384766,44.89802919159372,43.55467209198033,44.529850485080466,647400
2024-03-14,42.479984283447266,44.171621856992054,42.12175849957671,43.823345207702296,1553000
2024-03-15,42.34067153930664,42.808360556126445,42.08195229770392,42.310820341103025,887000
2024-03-18,42.58944320678711,43.10688550487605,41.89288612105467,42.340673090163435,1258900
2024-03-19,42.83821487426758,43.0670829343353,42.47998528601171,42.47998528601171,603800
2024-03-20,43.87309646606445,44.18157276699299,42.290918424918516,42.38047581577321,1221400
2024-03-21,44.17162322998047,44.917933612453936,43.972606368801365,44.01241050022337,757600
2024-03-22,43.813392639160156,44.30098374812489,43.574575447940106,44.03231156105422,569200
2024-03-25,43.23624801635742,44.03231164855761,43.146690620489224,43.42531194277659,781000
2024-03-26,42.8083610534668,43.684032904941986,42.77850985491638,43.33575247282098,717400
2024-03-27,45.16670227050781,45.196553470137694,43.02728152124557,43.02728152124557,2099600
2024-03-28,45.14680099487305,45.90306429678734,44.77862227458708,45.176655990955744,1223600
2024-04-01,44.8482780456543,45.67419668664815,44.53980172264498,45.057244040629534,1206900
2024-04-02,43.17654037475586,44.141769631690174,42.97752352438694,43.74373593095233,1573900
2024-04-03,43.66413116455078,43.77359062128861,42.46008093636532,42.55959125882275,762800
2024-04-04,43.504920959472656,45.236358915085034,43.30590409898376,44.2114272080739,1084500
2024-04-05,42.91781997680664,43.55467084418358,42.73870519586555,42.92776911088977,569400
2024-04-08,43.52482223510742,44.03231161400847,43.18649471719645,43.18649471719645,460900
2024-04-09,45.29606246948242,45.365717797200276,43.65417821114856,43.89299918898883,1078200
2024-04-10,43.75368881225586,43.94275273213282,43.01732760549432,43.57457402671739,1699700
2024-04-11,43.46511459350586,44.58955657091566,42.868067838666164,44.10196547758305,1201900
2024-04-12,41.78343200683594,43.61438028487923,41.6441175477818,43.037231770876154,1415100
2024-04-15,40.400264739990234,41.922740409284536,40.26095408437927,41.54460877553287,1198800
2024-04-16,39.544498443603516,40.13159605634417,39.385285724687265,39.912677144360345,2256000
2024-04-17,39.90272521972656,40.64903557018976,39.6539551029055,39.90272521972656,2488300
2024-04-18,39.504695892333984,40.330610718462886,39.41513849712186,40.022138198456176,2738900
2024-04-19,39.39523696899414,39.663909158292974,39.17631804528454,39.365385768826776,1193600
2024-04-22,39.75346374511719,39.942527659366334,38.91759603612897,39.524595702837516,1131900
2024-04-23,40.300758361816406,40.927660110305254,39.48479269372075,39.76341400596882,1518700
2024-04-24,40.1116943359375,41.0868727221528,39.683809438444065,40.13159640046402,1425900
2024-04-25,39.59425354003906,39.683810935822294,38.638977182305105,39.31562842208521,1211900
2024-04-26,40.56943130493164,40.88785675234412,39.80321888586701,39.87287421524282,832100
2024-04-29,41.41524887084961,41.813282584644426,41.08687428351008,41.09682341818608,640800
2024-04-30,40.131595611572266,40.848050940789705,40.091791483301684,40.58933169889214,882900
2024-05-01,40.101741790771484,41.51475801827679,39.922627004243616,39.922627004243616,996100
2024-05-02,41.285888671875,41.33564193414184,40.032085205539296,40.668936072788284,724700
2024-05-03,42.69890213012695,43.37555714253447,42.14165570934115,42.42028081769939,1338900
2024-05-06,43.0372314453125,43.28600156927384,42.83821458695726,42.83821458695726,569500
2024-05-07,42.848167419433594,43.46511626258311,42.81831242339368,43.02728221194972,464700
2024-05-08,42.271018981933594,42.41032964391711,41.683921337909624,42.40038050917436,553400
2024-05-09,42.98747634887695,43.007378413457936,41.92274056734379,42.24116600877816,581300
2024-05-10,41.853084564208984,43.63427566227452,41.76352717300441,43.285999027551526,1078500
2024-05-13,42.559593200683594,43.41536303321017,42.3207722118198,42.479984939085384,511300
2024-05-14,43.55467224121094,44.33083378623085,42.98747668201474,43.91290181458342,1602500
2024-05-15,43.514869689941406,44.977639235620664,43.116839768593415,44.75872031152422,724200
2024-05-16,43.11684036254883,43.95270434767329,42.82826610334296,43.644231818667144,509000
2024-05-17,42.4003791809082,42.977523876178516,42.3406729865296,42.89791941293777,1003600
2024-05-20,42.06205368041992,42.45013447259107,41.84313475317224,42.40038120619775,1040200
2024-05-21,42.69890213012695,42.73870625931109,41.71377081043843,41.7933790688067,1349200
2024-05-22,46.52996063232422,47.12701118579197,42.9576216296295,43.086983152270456,3984700
2024-05-23,44.917930603027344,46.440402466572245,44.619407229224706,46.440402466572245,2820300
2024-05-24,47.26632308959961,47.32602928530051,44.98758786541446,44.98758786541446,2238900
2024-05-28,47.3857307434082,48.41066620495309,47.047403233021384,48.012632500051865,3388200
2024-05-29,47.36582946777344,47.96288003507325,46.37074898487121,46.58966790580756,1875200
2024-05-30,48.758941650390625,48.918154369248555,47.59469935547903,47.76386120854592,1423100
2024-05-31,48.042484283447266,49.24653454724355,46.848390746087205,48.75894344260792,1919700
2024-06-03,47.89322280883789,49.15697542760307,47.63449976780499,49.15697542760307,1134900
2024-06-04,47.17676544189453,47.9031737373515,47.0374547819344,47.73401187766585,1723400
2024-06-05,48.291255950927734,48.719140874038004,47.12701357590509,47.36583077265957,1006100
2024-06-06,47.27627182006836,47.923075648873855,47.08720789586143,47.923075648873855,806300
2024-06-07,45.71399688720703,47.04740491148689,45.534882093204445,46.10208147149987,1495400
2024-06-10,47.02750015258789,47.326027322782245,44.997538930036306,45.27616023989168,837400
2024-06-11,47.59469985961914,47.7240575853591,46.20158570790793,46.7687812620929,629300
2024-06-12,48.05243682861328,49.684368192787396,47.793713780577434,49.34604068100027,1483300
2024-06-13,46.88819122314453,48.151943890099915,46.539914573008744,48.112139759818454,686800
2024-06-14,45.574684143066406,47.037453628644386,45.49507968043988,46.56976459944747,902700
2024-06-17,44.70896530151367,45.63439043154002,44.00245908704259,45.42542444629038,1607300
2024-06-18,44.88808059692383,45.05724245473137,44.20147264341362,44.3208850328515,634000
2024-06-20,43.55467224121094,43.922850948985676,43.08698320976011,43.88304681951524,1515500
2024-06-21,43.017330169677734,43.524823357597676,42.58944524493383,42.58944524493383,1044600
2024-06-24,42.7486572265625,43.45516346818542,42.11180631603306,42.84816755378951,1595300
2024-06-25,41.44510269165039,42.231213370413876,41.18637964624006,42.141655977145795,971700
2024-06-26,41.04706954956055,41.41524826205357,40.6987929020578,41.12667780952161,652400
2024-06-27,41.853084564208984,42.04214848078281,40.79829793401408,40.94756151799858,1598800
2024-06-28,40.012184143066406,41.81328113128518,39.81316729308649,41.41524743132534,2409000
2024-07-01,39.046958923339844,40.042039383409424,38.94744859977446,39.813167537174394,1031900
2024-07-02,38.78823471069336,39.66390655206241,38.4897113408425,38.81808590889927,1241100
2024-07-03,40.3405647277832,40.400267128900644,38.887748096318475,38.897697231194414,1579200
2024-07-05,39.813167572021484,40.45002225560523,39.71366104429971,40.380366927013846,1213300
2024-07-08,40.251007080078125,40.5097263404849,39.803220094825164,39.803220094825164,1344400
2024-07-09,40.52962875366211,40.88785834493697,39.87287576830183,40.10174383029835,679400
2024-07-10,41.186378479003906,41.26598673562195,40.2609533734375,40.53957847567004,924300
2024-07-11,43.057132720947266,43.22629458009125,42.261069098059274,42.38047769250978,1716200
2024-07-12,44.28108215332031,44.51990314300847,43.37555905213459,43.37555905213459,1349800
2024-07-15,41.683921813964844,42.559593722630126,41.425202552459425,42.489938390842866,2084200
2024-07-16,43.25614929199219,43.325804621292434,41.81328184975849,41.99239663822506,958600
2024-07-17,42.03219985961914,42.93772291688141,41.64411529570902,42.60934454647993,1091100
2024-07-18,41.52470779418945,43.13673710191393,41.36549506991952,42.26106901639465,1104400
2024-07-19,41.19633483886719,41.7336754320531,40.47987565337808,41.55456063568082,1245600
2024-07-22,41.41524887084961,42.29092076363972,41.17643167931737,42.29092076363972,1305000
2024-07-23,41.23613357543945,41.68392054900516,40.87790779251766,41.02716758641905,874200
2024-07-24,41.594364166259766,42.51978933550038,41.295840775263315,41.295840775263315,1168300
2024-07-25,41.872989654541016,42.69890450339864,41.44510473185579,41.58441539581267,553000
2024-07-26,42.479984283447266,42.947673323291326,42.042150239207174,42.30086949354659,1281800
2024-07-29,41.45505142211914,42.44018273846922,40.94756206249863,42.11180436770897,2141900
2024-07-30,40.77839660644531,41.60431520646726,40.549528557216874,41.32569009772468,858200
2024-07-31,41.9227409362793,42.92777053291414,41.504805168262024,41.61426462645537,1260200
2024-08-01,41.20628356933594,42.9576235883141,40.95751344303086,42.271019406247206,1354600
2024-08-02,39.99228286743164,40.55947843370893,39.435040231611566,40.04203992785622,1879300
2024-08-05,38.927547454833984,39.64400661771027,37.23590987355987,37.67374771573129,869700
2024-08-06,38.98725128173828,39.653953343185805,38.68872791398669,39.09671073563099,789200
2024-08-07,39.265872955322266,40.81819979655316,39.226068826999025,40.40026404102035,577900
2024-08-08,40.002235412597656,40.3306099918387,39.325580393392855,39.34548245818485,525600
2024-08-09,39.19622039794922,39.83307131239238,38.71858221211685,39.83307131239238,947800
2024-08-12,39.066856384277344,39.345481488568154,38.89769453161028,39.23602203287505,1252600
2024-08-13,40.4599723815918,40.61918510740702,39.23602384015028,39.31562830509249,1155500
2024-08-14,39.87287521362305,40.977415172711446,39.75346661683618,40.788351244804666,899100
2024-08-15,40.90776062011719,41.32569261479043,40.36046709550326,40.4400715628992,1201000
2024-08-16,40.49977493286133,40.867953635215976,40.14154536476247,40.658987652468525,870200
2024-08-19,41.395347595214844,41.45505379220225,40.479875350326566,40.559479817045556,411200
2024-08-20,40.539581298828125,41.44510440330024,40.33061150861851,41.34559407559784,587600
2024-08-21,40.92766189575195,40.97741516140518,40.440070782116244,40.63908764066002,416700
2024-08-22,39.88282775878906,40.768448785265,39.7932703630819,40.58933399385067,643400
2024-08-23,41.96254348754883,42.03220261584207,40.0917948527737,40.171399320074535,702800
2024-08-26,41.474952697753906,42.6590970449654,41.445101499500105,42.360573674635596,705400
2024-08-27,41.32569122314453,41.534661009375,40.83810391244529,41.3555462188522,258500
2024-08-28,40.718692779541016,41.365496631516315,40.340564917581865,40.9774158387035,440900
2024-08-29,40.57938003540039,41.19633265505856,40.55947797064393,41.09682233127626,365500
2024-08-30,41.07691955566406,41.29583846826593,40.62913639215028,40.93760890071038,662900
2024-09-03,39.62410354614258,41.09682216892645,39.405184630617036,41.03711977082364,875300
2024-09-04,40.08184051513672,40.20125290579328,39.35543222033115,39.39523635055001,345900
2024-09-05,39.793270111083984,40.43012101166603,39.78331718055132,40.23110415625144,279300
2024-09-06,38.77828598022461,39.86292381218563,38.619073261584944,39.673856099098714,697100
2024-09-09,37.98221969604492,38.79818917323271,37.82300697277357,38.52951699097528,1165000
2024-09-10,37.91256332397461,38.02202277994971,37.14635472401019,37.763303535224544,1141100
2024-09-11,40.290809631347656,40.39031615931061,38.88774632985802,38.997201992244975,2707000
2024-09-12,39.843021392822266,40.14154476312015,39.49474096419923,40.12164269897622,898800
2024-09-13,40.380367279052734,40.49977587254601,39.843022914436865,40.30075901943672,774200
2024-09-16,40.37041473388672,40.7186913832035,39.604202309459026,40.22115114364765,521400
2024-09-17,41.25603485107422,41.445102567368046,40.3007585230331,40.3007585230331,781500
2024-09-18,41.24608612060547,42.927770743474476,41.007265138291224,41.116724597021474,3627300
2024-09-19,40.9376106262207,42.59939701332935,40.808249100055164,42.55959288282752,867600
2024-09-20,40.4599723815918,40.86795522873897,40.032087469226376,40.86795522873897,723700
2024-09-23,40.73859405517578,40.818202316737406,40.141547277186945,40.529628062472774,427000
2024-09-24,41.305789947509766,41.59436420397135,40.93761122481136,41.216232550536546,881100
2024-09-25,40.380367279052734,41.16647796514179,40.32066108434072,41.10677556636052,638400
2024-09-26,41.733673095703125,42.390426046991244,41.19633253259881,41.71377103100582,937100
2024-09-27,42.78845977783203,43.50491892369356,42.68895325020936,42.78845977783203,1025900
2024-09-30,42.897918701171875,43.58452284344542,42.69890185247601,43.176540011787694,569200
2024-10-01,42.4600830078125,42.95762325658048,41.7734788310478,42.95762325658048,630200
2024-10-02,42.24116516113281,42.69890124951807,41.79337820687305,42.61929678872223,587600
2024-10-03,41.435150146484375,41.843132987180084,41.24608622379686,41.35554568280096,586200
2024-10-04,41.9227409362793,42.34067290836585,41.61426462645537,42.13170692232257,703500
2024-10-07,42.67900085449219,43.206392290173824,42.11180528889061,42.22126474820508,715900
2024-10-08,40.3405647277832,41.13662837543984,40.10174373552076,41.04707097783279,987500
2024-10-09,39.85297393798828,40.23110559722662,39.325582478790984,39.803220671335296,675100
2024-10-10,38.380252838134766,39.4947418846552,38.29069544536513,39.24597177095408,1100600
2024-10-11,39.126564025878906,39.335530014886196,38.121534414988524,38.121534414988524,894500
2024-10-14,38.68872833251953,39.13651528695633,38.400154095667965,38.84794105010477,371800
2024-10-15,37.32546615600586,38.161333889128635,37.166253435217264,38.14143562046941,1012400
2024-10-16,37.56428909301758,37.663795625222754,37.29561690094654,37.424978429557974,485900
2024-10-17,36.8378791809082,37.61404072703721,36.81797711614455,37.61404072703721,760400
2024-10-18,37.15630340576172,37.46477970557784,37.0368948170296,37.454826775557315,921000
2024-10-21,36.71847152709961,37.36527156676802,36.45974847448759,37.056799044870914,900200
2024-10-22,37.09659957885742,37.32546763682527,36.75827205926781,36.917484786372874,771400
2024-10-23,36.85778045654297,37.65384405039182,36.678665673435646,37.106550566866396,1268700
2024-10-24,37.02694320678711,37.166253864595234,36.628913298182574,36.83787928489476,488300
2024-10-25,38.758384704589844,39.18626960637787,38.03197642376919,38.03197642376919,1862200
2024-10-28,39.68381118774414,39.97238164627241,38.907645820718564,39.00715614773765,1556900
2024-10-29,38.26084518432617,38.99720261321101,38.11158159407425,38.90764521824601,1370300
2024-10-30,38.68872833251953,39.086758228517326,37.852860616214365,38.07177573043744,1376100
2024-10-31,39.634056091308594,39.79326881125348,39.0071543458059,39.1663670657508,707000
2024-11-01,39.59425354003906,40.12164498413432,39.33553048736269,39.63405767059401,954400
2024-11-04,40.877906799316406,41.504804751146025,40.20125178813116,40.20125178813116,3056000
2024-11-05,41.584415435791016,41.67397283355381,40.38036892937082,40.58933492550703,1515500
2024-11-06,37.06674575805664,37.61403923153982,36.121418596987205,37.32546499783631,5905300
2024-11-07,37.39512634277344,37.58419026785459,36.88763317113494,37.036896761835855,1510200
2024-11-08,35.862701416015625,36.85778189617634,35.56417803115357,36.71847123630277,2176500
2024-11-11,35.96220779418945,36.07166725389502,35.49451875578593,35.852748334483884,1375900
2024-11-12,34.5491943359375,35.41491326200199,34.25066716508088,35.335305004192044,2060800
2024-11-13,34.668601989746094,35.116388937998195,34.310372431144415,34.708406117575294,1205900
2024-11-14,35.39501190185547,35.892552135275906,34.13125925345587,34.330276106010196,2179200
2024-11-15,34.141212463378906,35.70348850543586,34.11135746789634,35.225850332953236,1692900
2024-11-18,34.35017776489258,34.60889701300402,33.72327601533123,33.99194819371467,1140500
2024-11-19,33.84268569946289,34.320327673738014,33.80288536488231,34.02180049083336,609000
2024-11-20,34.47953796386719,34.50938916167633,33.623768197986536,33.66357232568576,954700
2024-11-21,34.16111373901367,34.63875190045929,34.06160341625583,34.141211674462106,858500
2024-11-22,34.46958541870117,34.559142809058734,33.69342389955603,33.69342389955603,1156400
2024-11-25,35.872650146484375,36.18112645839414,35.06663739603003,35.06663739603003,1395600
2024-11-26,35.79304504394531,36.00201102767152,35.28555188811804,35.94230483406517,2937700
2024-11-27,36.3602409362793,36.668713449626644,35.972160164048304,35.972160164048304,557100
2024-11-29,36.6488151550293,37.1065512554958,36.60901102561551,36.60901102561551,572800
2024-12-02,37.285667419433594,37.484680481993614,36.618961512878805,36.618961512878805,1125500
2024-12-03,36.68861770629883,37.14635763036591,36.599060307669504,37.007043168996226,529400
2024-12-04,35.84280014038086,36.59905965175097,35.71343861225001,36.50950225472667,1065800
2024-12-05,35.25570297241211,36.10151989232444,35.146243508343964,35.8228985626462,799300
2024-12-06,35.146240234375,35.69353370780291,34.94722339060197,35.69353370780291,641000
2024-12-09,36.609012603759766,37.47473157821037,35.61393210110317,35.61393210110317,1512100
2024-12-10,35.613929748535156,35.92240225458601,35.3353046449636,35.92240225458601,850800
2024-12-11,35.3751106262207,35.85274880544868,34.9074253776044,35.81294847079446,807900
2024-12-12,34.70840835571289,35.36516132352252,34.68850629051493,35.13629326764213,567500
2024-12-13,34.8974723815918,34.8974723815918,34.44968540317638,34.638753125135565,693300
2024-12-16,33.991947174072266,34.64870010288786,33.81283239385614,34.579044776796096,901600
2024-12-17,34.45963668823242,34.89747071514711,33.93224147398062,33.93224147398062,1122800
2024-12-18,33.365047454833984,35.066637969472964,33.195885594392834,34.42978327034828,944100
2024-12-19,32.39982223510742,33.33519653246845,32.379920169725594,33.325247397742956,1413300
2024-12-20,33.375,33.643672183419376,31.99183874886122,32.09134527786213,1157300
2024-12-23,34.060001373291016,34.06999969482422,33.2400016784668,33.279998779296875,868800
2024-12-24,34.43000030517578,34.66999816894531,34.029998779296875,34.20000076293945,695000
2024-12-26,34.38999938964844,34.66999816894531,34.040000915527344,34.04999923706055,430300
2024-12-27,33.95000076293945,34.25,33.650001525878906,34.02000045776367,722300
2024-12-30,33.619998931884766,33.720001220703125,33.119998931884766,33.400001525878906,772100
2024-12-31,33.119998931884766,33.97999954223633,33.11000061035156,33.52000045776367,649400
2025-01-02,34.72999954223633,35.02000045776367,33.599998474121094,33.599998474121094,1176700
2025-01-03,35.150001525878906,35.27000045776367,34.79999923706055,35.0,839000
2025-01-06,35.54999923706055,36.63999938964844,35.5099983215332,35.84000015258789,977000
2025-01-07,36.599998474121094,37.119998931884766,35.72999954223633,35.72999954223633,3811200
2025-01-08,35.29999923706055,35.959999084472656,35.130001068115234,35.939998626708984,1419700
2025-01-10,34.13999938964844,34.79999923706055,33.970001220703125,34.599998474121094,812400
2025-01-13,33.720001220703125,33.84000015258789,32.91999816894531,33.84000015258789,884400
2025-01-14,33.939998626708984,34.689998626708984,33.83000183105469,33.97999954223633,779700
2025-01-15,34.349998474121094,35.41999816894531,34.310001373291016,35.0,457100
2025-01-16,34.68000030517578,34.81999969482422,34.11000061035156,34.2599983215332,467900
2025-01-17,34.38999938964844,35.08000183105469,34.31999969482422,35.02000045776367,669600
2025-01-21,33.66999816894531,34.2400016784668,33.27000045776367,34.09000015258789,1223600
2025-01-22,32.56999969482422,33.66999816894531,32.5099983215332,33.66999816894531,1576100
2025-01-23,33.529998779296875,33.560001373291016,32.119998931884766,32.40999984741211,746100
2025-01-24,33.650001525878906,33.91999816894531,33.34000015258789,33.41999816894531,563600
2025-01-27,33.31999969482422,33.81999969482422,32.959999084472656,33.150001525878906,626300
2025-01-28,32.650001525878906,33.459999084472656,32.45000076293945,33.2599983215332,968500
2025-01-29,33.61000061035156,34.290000915527344,33.34000015258789,33.90999984741211,1152700
2025-01-30,34.18000030517578,34.45000076293945,33.7599983215332,34.09000015258789,370300
2025-01-31,33.79999923706055,34.560001373291016,33.689998626708984,34.40999984741211,285300
2025-02-03,33.220001220703125,33.75,32.599998474121094,32.689998626708984,491000
2025-02-04,33.959999084472656,34.33000183105469,33.2400016784668,33.619998931884766,389700
2025-02-05,33.56999969482422,34.45000076293945,33.439998626708984,34.29999923706055,800700
2025-02-06,34.27000045776367,34.58000183105469,33.86000061035156,33.86000061035156,685700
2025-02-07,34.36000061035156,34.91999816894531,34.099998474121094,34.63999938964844,487500
2025-02-10,34.2599983215332,34.40999984741211,34.04999923706055,34.380001068115234,284600
2025-02-11,33.290000915527344,33.88999938964844,33.2400016784668,33.560001373291016,337800
2025-02-12,33.189998626708984,33.5,32.720001220703125,33.0099983215332,350500
2025-02-13,33.7599983215332,33.83000183105469,33.09000015258789,33.18000030517578,273400
2025-02-14,34.310001373291016,34.529998779296875,33.869998931884766,34.08000183105469,449000
2025-02-18,34.900001525878906,34.95000076293945,34.04999923706055,34.36000061035156,932800
2025-02-19,35.5,36.400001525878906,35.5,35.7599983215332,1657400
2025-02-20,35.380001068115234,35.470001220703125,34.72999954223633,35.380001068115234,521500
2025-02-21,34.439998626708984,35.540000915527344,34.209999084472656,35.47999954223633,448500
2025-02-24,34.279998779296875,34.650001525878906,34.04999923706055,34.43000030517578,664400
2025-02-25,34.2599983215332,34.86000061035156,34.130001068115234,34.369998931884766,548000
2025-02-26,34.959999084472656,35.86000061035156,34.959999084472656,35.09000015258789,628000
2025-02-27,33.68000030517578,35.0099983215332,33.61000061035156,35.0099983215332,849000
2025-02-28,32.349998474121094,33.22999954223633,32.029998779296875,33.22999954223633,1806500
2025-03-03,31.309999465942383,32.61000061035156,31.09000015258789,32.470001220703125,1379100
2025-03-04,32.08000183105469,32.54999923706055,30.6200008392334,30.8799991607666,1311600
2025-03-05,32.38999938964844,32.58000183105469,31.75,32.209999084472656,617000
2025-03-06,32.150001525878906,32.38999938964844,31.75,31.940000534057617,568600
2025-03-07,32.83000183105469,32.959999084472656,31.989999771118164,31.989999771118164,1150000
2025-03-10,32.54999923706055,33.34000015258789,32.400001525878906,32.4900016784668,1039800
2025-03-11,32.630001068115234,33.09000015258789,32.040000915527344,32.65999984741211,523300
2025-03-12,32.279998779296875,32.869998931884766,31.959999084472656,32.869998931884766,988600
2025-03-13,32.09000015258789,32.5,31.799999237060547,31.959999084472656,202800
2025-03-14,32.38999938964844,32.81999969482422,32.279998779296875,32.279998779296875,339700
2025-03-17,33.540000915527344,33.689998626708984,32.459999084472656,32.459999084472656,679900
2025-03-18,32.869998931884766,33.349998474121094,32.630001068115234,33.349998474121094,370800
2025-03-19,33.09000015258789,33.279998779296875,32.77000045776367,32.849998474121094,183800
2025-03-20,32.59000015258789,33.060001373291016,32.36000061035156,32.5099983215332,270900
2025-03-21,32.15999984741211,32.45000076293945,31.8799991607666,32.13999938964844,603600
2025-03-24,31.829999923706055,32.599998474121094,31.81999969482422,32.2400016784668,418800
2025-03-25,32.130001068115234,32.59000015258789,31.940000534057617,31.940000534057617,336100
2025-03-26,31.360000610351562,32.400001525878906,31.209999084472656,32.099998474121094,314800
2025-03-27,31.270000457763672,31.670000076293945,31.010000228881836,31.219999313354492,200300
2025-03-28,31.010000228881836,31.190000534057617,30.760000228881836,31.040000915527344,400900
2025-03-31,30.459999084472656,30.56999969482422,29.760000228881836,30.510000228881836,574400
2025-04-01,30.799999237060547,30.84000015258789,29.90999984741211,30.56999969482422,707100
2025-04-02,31.079999923706055,31.170000076293945,30.440000534057617,30.440000534057617,206200
2025-04-03,30.350000381469727,30.860000610351562,29.979999542236328,30.239999771118164,832300
2025-04-04,28.8799991607666,29.229999542236328,28.200000762939453,29.229999542236328,1045400
2025-04-07,27.670000076293945,29.15999984741211,27.030000686645508,27.049999237060547,1156500
2025-04-08,26.030000686645508,28.5,25.6299991607666,28.329999923706055,1462500
2025-04-09,27.969999313354492,28.059999465942383,25.530000686645508,25.8799991607666,1090800
2025-04-10,26.700000762939453,27.600000381469727,25.950000762939453,27.270000457763672,827300
2025-04-11,27.719999313354492,27.790000915527344,26.6299991607666,27.0,721000
2025-04-14,28.649999618530273,28.850000381469727,28.059999465942383,28.229999542236328,1219200
2025-04-15,28.290000915527344,28.8799991607666,28.190000534057617,28.799999237060547,324400
2025-04-16,27.829999923706055,28.31999969482422,27.440000534057617,27.899999618530273,465600
2025-04-17,28.15999984741211,28.239999771118164,27.600000381469727,27.790000915527344,780900
2025-04-21,27.610000610351562,28.079999923706055,27.229999542236328,28.079999923706055,608600
2025-04-22,28.850000381469727,29.309999465942383,28.149999618530273,28.219999313354492,883500
2025-04-23,28.290000915527344,29.170000076293945,28.1299991607666,28.93000030517578,861200
2025-04-24,29.0,29.18000030517578,28.389999389648438,28.40999984741211,810700
2025-04-25,29.8799991607666,30.010000228881836,28.860000610351562,28.969999313354492,559200
2025-04-28,29.790000915527344,30.030000686645508,29.479999542236328,29.81999969482422,456200
2025-04-29,29.610000610351562,29.850000381469727,29.3700008392334,29.540000915527344,350900
2025-04-30,28.3799991607666,28.719999313354492,27.81999969482422,28.6299991607666,1604800
2025-05-01,28.799999237060547,29.149999618530273,28.56999969482422,28.649999618530273,690600
2025-05-02,29.350000381469727,29.549999237060547,29.1200008392334,29.25,780100
2025-05-05,28.850000381469727,29.139999389648438,28.610000610351562,29.1200008392334,1998900
2025-05-06,29.299999237060547,29.920000076293945,29.09000015258789,29.200000762939453,1121600
2025-05-07,29.600000381469727,29.75,29.209999084472656,29.270000457763672,283300
2025-05-08,30.729999542236328,30.979999542236328,29.75,30.1299991607666,1340500
2025-05-09,31.709999084472656,31.850000381469727,30.799999237060547,30.799999237060547,1474300
2025-05-12,33.029998779296875,33.72999954223633,32.349998474121094,33.20000076293945,5843400
2025-05-13,34.720001220703125,35.54999923706055,34.0,34.130001068115234,2287100
2025-05-14,35.2599983215332,35.59000015258789,34.619998931884766,34.79999923706055,1529300
2025-05-15,35.65999984741211,35.709999084472656,34.45000076293945,34.63999938964844,1406500
2025-05-16,35.13999938964844,35.93000030517578,34.900001525878906,35.43000030517578,956100
2025-05-19,34.27000045776367,34.58000183105469,33.83000183105469,34.36000061035156,3033500
2025-05-20,34.47999954223633,35.119998931884766,34.209999084472656,34.22999954223633,550600
2025-05-21,33.970001220703125,34.439998626708984,33.77000045776367,34.220001220703125,704800
2025-05-22,31.440000534057617,31.6200008392334,30.56999969482422,31.209999084472656,3756400
2025-05-23,31.729999542236328,32.040000915527344,30.75,30.959999084472656,880200
2025-05-27,31.93000030517578,32.06999969482422,31.549999237060547,31.979999542236328,724400
2025-05-28,31.68000030517578,31.899999618530273,31.540000915527344,31.790000915527344,455500
2025-05-29,31.93000030517578,32.400001525878906,31.770000457763672,32.25,727300
2025-05-30,32.349998474121094,32.65999984741211,31.540000915527344,31.8799991607666,677900
2025-06-02,31.81999969482422,32.40999984741211,31.459999084472656,32.22999954223633,620300
2025-06-03,33.09000015258789,33.16999816894531,31.579999923706055,31.8700008392334,1019000
2025-06-04,33.119998931884766,33.529998779296875,32.95000076293945,33.459999084472656,698400
2025-06-05,33.33000183105469,33.70000076293945,32.7400016784668,33.2599983215332,756200
2025-06-06,33.59000015258789,33.75,33.2599983215332,33.540000915527344,494300
2025-06-09,33.779998779296875,34.439998626708984,33.70000076293945,33.9900016784668,452900
2025-06-10,34.31999969482422,34.599998474121094,33.849998474121094,34.38999938964844,548400
2025-06-11,34.540000915527344,34.91999816894531,34.27000045776367,34.599998474121094,812300
2025-06-12,34.22999954223633,34.56999969482422,34.11000061035156,34.27000045776367,307700
2025-06-13,34.970001220703125,35.2599983215332,33.45000076293945,33.5,1205700
2025-06-16,35.380001068115234,35.63999938964844,34.75,35.36000061035156,911900
2025-06-17,32.13999938964844,32.5,31.399999618530273,31.68000030517578,2879500
2025-06-18,32.4900016784668,32.79999923706055,32.04999923706055,32.08000183105469,668900
2025-06-20,32.04999923706055,33.0099983215332,32.040000915527344,32.650001525878906,1432600
2025-06-23,32.060001373291016,32.31999969482422,31.59000015258789,31.989999771118164,556900
2025-06-24,33.40999984741211,33.65999984741211,31.93000030517578,32.310001373291016,1142800
2025-06-25,33.470001220703125,33.56999969482422,33.0099983215332,33.540000915527344,312700
2025-06-26,34.310001373291016,34.560001373291016,33.83000183105469,33.83000183105469,572300
2025-06-27,34.13999938964844,34.619998931884766,33.75,34.619998931884766,269900
2025-06-30,34.2599983215332,34.689998626708984,33.720001220703125,33.95000076293945,589300
2025-07-01,35.2400016784668,36.11000061035156,33.970001220703125,34.560001373291016,1228000
2025-07-02,37.040000915527344,37.619998931884766,36.279998779296875,36.369998931884766,1478600
2025-07-03,38.72999954223633,38.91999816894531,37.54999923706055,37.75,1963100
2025-07-07,38.54999923706055,38.93000030517578,38.15999984741211,38.4900016784668,890300
2025-07-08,38.08000183105469,38.52000045776367,37.81999969482422,38.099998474121094,856800
2025-07-09,38.58000183105469,38.68000030517578,37.81999969482422,38.0099983215332,1145800
2025-07-10,38.91999816894531,39.099998474121094,38.630001068115234,38.880001068115234,321400
2025-07-11,38.099998474121094,38.619998931884766,37.86000061035156,38.54999923706055,378100
2025-07-14,38.29999923706055,38.779998779296875,37.88999938964844,38.11000061035156,690900
2025-07-15,38.31999969482422,38.84000015258789,38.130001068115234,38.13999938964844,455100
2025-07-16,37.869998931884766,38.5099983215332,37.599998474121094,38.380001068115234,362500
2025-07-17,37.970001220703125,38.36000061035156,37.810001373291016,37.810001373291016,833600
2025-07-18,37.9900016784668,38.20000076293945,37.68000030517578,37.9900016784668,481000
2025-07-21,38.36000061035156,38.880001068115234,38.0099983215332,38.09000015258789,516800
2025-07-22,40.119998931884766,40.349998474121094,39.02000045776367,39.099998474121094,1015400
2025-07-23,39.27000045776367,39.869998931884766,38.95000076293945,39.869998931884766,949200
2025-07-24,39.130001068115234,39.790000915527344,38.939998626708984,39.63999938964844,428900
2025-07-25,39.11000061035156,39.16999816894531,38.65999984741211,39.099998474121094,187800
2025-07-28,38.68000030517578,38.959999084472656,38.41999816894531,38.959999084472656,393900
2025-07-29,38.41999816894531,39.02000045776367,38.310001373291016,38.970001220703125,360700
2025-07-30,37.560001373291016,38.13999938964844,37.310001373291016,38.11000061035156,535400
2025-07-31,36.79999923706055,37.34000015258789,36.540000915527344,37.09000015258789,885000
2025-08-01,36.459999084472656,37.25,36.349998474121094,37.13999938964844,531600
2025-08-04,36.689998626708984,36.88999938964844,36.4900016784668,36.619998931884766,301400
2025-08-05,36.459999084472656,36.709999084472656,36.279998779296875,36.70000076293945,313600
2025-08-06,36.06999969482422,36.540000915527344,35.97999954223633,36.45000076293945,485500
2025-08-07,36.47999954223633,37.15999984741211,36.47999954223633,36.83000183105469,528900
2025-08-08,36.75,37.130001068115234,36.56999969482422,36.97999954223633,508400
2025-08-11,36.599998474121094,37.650001525878906,36.4900016784668,37.209999084472656,597200
2025-08-12,36.880001068115234,36.970001220703125,36.4900016784668,36.7599983215332,331100
2025-08-13,37.25,37.790000915527344,36.959999084472656,36.959999084472656,497000
2025-08-14,36.619998931884766,36.849998474121094,36.11000061035156,36.75,469800
2025-08-15,39.84000015258789,40.63999938964844,37.150001525878906,37.15999984741211,2175400
2025-08-18,41.689998626708984,41.970001220703125,40.869998931884766,40.91999816894531,1600100
2025-08-19,41.0,41.650001525878906,40.7599983215332,41.279998779296875,1321100
2025-08-20,41.029998779296875,41.619998931884766,40.7400016784668,41.0,897500
2025-08-21,39.619998931884766,40.459999084472656,39.36000061035156,40.459999084472656,1038700
2025-08-22,41.88999938964844,42.040000915527344,39.77000045776367,39.79999923706055,1523900
2025-08-25,41.66999816894531,41.9900016784668,41.150001525878906,41.52000045776367,1037200
2025-08-26,41.810001373291016,42.630001068115234,41.4900016784668,41.689998626708984,1732800
2025-08-27,40.959999084472656,41.70000076293945,40.849998474121094,41.70000076293945,989600
2025-08-28,41.459999084472656,41.709999084472656,41.08000183105469,41.529998779296875,321100
2025-08-29,41.54999923706055,42.040000915527344,41.439998626708984,41.61000061035156,390800
2025-09-02,40.97999954223633,41.02000045776367,39.75,40.15999984741211,799800
2025-09-03,41.56999969482422,42.040000915527344,41.0,41.0,1071100
2025-09-04,42.02000045776367,42.15999984741211,41.41999816894531,41.81999969482422,611200
2025-09-05,44.040000915527344,44.4900016784668,42.93000030517578,43.439998626708984,1550800
2025-09-08,43.33000183105469,44.130001068115234,42.90999984741211,44.119998931884766,1142000
2025-09-09,41.970001220703125,43.18000030517578,41.650001525878906,43.02000045776367,898200
2025-09-10,41.90999984741211,42.36000061035156,41.61000061035156,42.0,699500
2025-09-11,41.86000061035156,42.599998474121094,41.599998474121094,42.08000183105469,443800
2025-09-12,41.779998779296875,41.95000076293945,41.400001525878906,41.599998474121094,537400
2025-09-15,42.349998474121094,42.54999923706055,41.33000183105469,41.77000045776367,523700
2025-09-16,42.66999816894531,42.93000030517578,42.31999969482422,42.529998779296875,364100
2025-09-17,42.86000061035156,43.779998779296875,42.33000183105469,42.720001220703125,668600
2025-09-18,42.810001373291016,43.060001373291016,42.11000061035156,43.060001373291016,1070200
2025-09-19,43.16999816894531,43.369998931884766,42.66999816894531,42.720001220703125,1562200
2025-09-22,43.88999938964844,43.91999816894531,42.56999969482422,42.61000061035156,505300
2025-09-23,42.369998931884766,43.97999954223633,42.220001220703125,43.97999954223633,877600
2025-09-24,43.349998474121094,44.08000183105469,42.79999923706055,42.95000076293945,743900
2025-09-25,43.709999084472656,43.77000045776367,42.29999923706055,42.84000015258789,402200
2025-09-26,43.41999816894531,43.58000183105469,42.7599983215332,43.43000030517578,534000
2025-09-29,43.81999969482422,44.209999084472656,43.560001373291016,43.900001525878906,874400
2025-09-30,43.630001068115234,44.33000183105469,43.18000030517578,44.2400016784668,288500
2025-10-01,45.08000183105469,45.31999969482422,44.060001373291016,44.060001373291016,839300
2025-10-02,46.18000030517578,46.41999816894531,45.83000183105469,46.09000015258789,872500
2025-10-03,45.97999954223633,46.959999084472656,45.599998474121094,46.52000045776367,869000
2025-10-06,46.2400016784668,46.709999084472656,46.150001525878906,46.5,491600
2025-10-07,45.68000030517578,46.52000045776367,45.36000061035156,46.29999923706055,866600
2025-10-08,46.13999938964844,46.400001525878906,45.95000076293945,46.310001373291016,400700
2025-10-09,47.540000915527344,48.56999969482422,46.599998474121094,46.72999954223633,1295100
2025-10-10,44.95000076293945,47.66999816894531,44.619998931884766,47.650001525878906,1875500
2025-10-13,46.31999969482422,47.0,45.880001068115234,45.95000076293945,882700
2025-10-14,46.88999938964844,47.61000061035156,45.369998931884766,45.810001373291016,905600
2025-10-15,48.93000030517578,49.31999969482422,47.5099983215332,48.2599983215332,2165500
2025-10-16,48.029998779296875,49.599998474121094,47.79999923706055,49.5,1364300
2025-10-17,46.560001373291016,47.310001373291016,46.279998779296875,46.959999084472656,1277900
2025-10-20,47.2400016784668,47.529998779296875,46.91999816894531,47.0099983215332,562900
2025-10-21,46.810001373291016,47.70000076293945,46.47999954223633,47.70000076293945,385800
2025-10-22,45.95000076293945,46.65999984741211,45.029998779296875,46.40999984741211,670400
2025-10-23,46.529998779296875,46.7599983215332,45.66999816894531,45.86000061035156,254400
2025-10-24,48.099998474121094,48.619998931884766,47.810001373291016,47.95000076293945,583800
2025-10-27,48.90999984741211,49.15999984741211,48.369998931884766,49.150001525878906,807600
2025-10-28,48.45000076293945,49.34000015258789,48.279998779296875,49.34000015258789,560400
2025-10-29,48.599998474121094,49.81999969482422,48.34000015258789,48.52000045776367,980000
2025-10-30,47.72999954223633,48.529998779296875,47.709999084472656,48.529998779296875,314400
2025-10-31,49.119998931884766,49.33000183105469,48.02000045776367,48.02000045776367,684300
2025-11-03,49.13999938964844,49.95000076293945,48.970001220703125,49.95000076293945,950100
2025-11-04,47.93000030517578,48.689998626708984,47.25,47.65999984741211,666000
2025-11-05,51.279998779296875,51.72999954223633,48.33000183105469,48.56999969482422,1999200
2025-11-06,50.2400016784668,51.790000915527344,50.029998779296875,51.599998474121094,1282800
2025-11-07,50.38999938964844,50.470001220703125,48.349998474121094,49.689998626708984,1790600
2025-11-10,52.86000061035156,53.68000030517578,51.54999923706055,51.959999084472656,2155200
2025-11-11,51.849998474121094,52.41999816894531,51.18000030517578,52.189998626708984,902700
2025-11-12,50.56999969482422,52.08000183105469,50.060001373291016,51.959999084472656,1074400
2025-11-13,48.47999954223633,50.66999816894531,48.2400016784668,50.540000915527344,829800
2025-11-14,49.5099983215332,49.95000076293945,46.869998931884766,47.09000015258789,1736500
2025-11-17,48.7599983215332,49.72999954223633,48.38999938964844,49.27000045776367,1206500
2025-11-18,48.220001220703125,49.0099983215332,47.2599983215332,47.810001373291016,1143600
2025-11-19,47.619998931884766,48.58000183105469,47.5,47.84000015258789,524100
2025-11-20,45.65999984741211,48.68000030517578,45.59000015258789,48.36000061035156,1381000
2025-11-21,45.939998626708984,46.33000183105469,44.45000076293945,45.20000076293945,1332400
2025-11-24,46.459999084472656,46.75,45.52000045776367,45.75,441000
2025-11-25,47.08000183105469,47.310001373291016,45.5099983215332,46.380001068115234,385500
2025-11-26,47.900001525878906,48.16999816894531,46.91999816894531,47.31999969482422,718900
2025-11-28,48.90999984741211,49.029998779296875,48.220001220703125,48.61000061035156,573800
2025-12-01,47.63999938964844,48.45000076293945,47.56999969482422,48.45000076293945,470800
2025-12-02,47.630001068115234,48.27000045776367,47.209999084472656,48.27000045776367,241100
2025-12-03,47.380001068115234,47.79999923706055,46.720001220703125,47.79999923706055,351400
2025-12-04,48.040000915527344,48.209999084472656,47.189998626708984,47.310001373291016,434300
2025-12-05,47.689998626708984,48.27000045776367,47.540000915527344,48.0,312400
2025-12-08,47.59000015258789,48.119998931884766,47.11000061035156,47.849998474121094,319200
2025-12-09,47.470001220703125,48.400001525878906,47.31999969482422,47.470001220703125,646000
2025-12-10,48.779998779296875,49.279998779296875,47.15999984741211,47.31999969482422,1254900
2025-12-11,49.2400016784668,49.40999984741211,47.33000183105469,48.029998779296875,1931900
2025-12-12,47.84000015258789,49.880001068115234,47.130001068115234,49.869998931884766,1367500
2025-12-15,47.56999969482422,48.2400016784668,47.2400016784668,48.2400016784668,522400
2025-12-16,47.790000915527344,48.18000030517578,47.13999938964844,47.29999923706055,616200
2025-12-17,47.25,48.689998626708984,47.130001068115234,47.959999084472656,431200
2025-12-18,48.33000183105469,49.38999938964844,48.13999938964844,48.13999938964844,829200
2025-12-19,48.9900016784668,49.349998474121094,48.5099983215332,48.77000045776367,996800
2025-12-22,51.400001525878906,51.779998779296875,49.720001220703125,49.79999923706055,2540300
2025-12-23,50.400001525878906,51.220001220703125,49.869998931884766,51.220001220703125,955800
2025-12-24,50.86000061035156,51.040000915527344,50.11000061035156,50.380001068115234,678200
2025-12-26,50.83000183105469,51.08000183105469,50.189998626708984,51.08000183105469,460800
2025-12-29,50.130001068115234,51.08000183105469,50.04999923706055,50.380001068115234,924600
2025-12-30,49.529998779296875,50.63999938964844,49.5,50.38999938964844,951800
2025-12-31,49.119998931884766,49.63999938964844,49.0099983215332,49.33000183105469,836600
