Price,Close,High,Low,Open,Volume
Ticker,IQQH.DE,IQQH.DE,IQQH.DE,IQQH.DE,IQQH.DE
Date,,,,,
2013-01-02,2.6697838306427,2.6697838306427,2.632863166400982,2.6386063764916177,8119
2013-01-03,2.7304980754852295,2.7403434944698564,2.6911158127064656,2.695218217326791,14683
2013-01-04,2.7592146396636963,2.7813672766383277,2.7592146396636963,2.7772648712533554,31300
2013-01-07,2.726396322250366,2.756753380362633,2.726396322250366,2.756753380362633,3438
2013-01-08,2.6894752979278564,2.7116277375534548,2.6894752979278564,2.691116103462529,2944
2013-01-09,2.7469077110290527,2.7469077110290527,2.723934672090132,2.723934672090132,500
2013-01-10,2.7510101795196533,2.77316281774253,2.7510101795196533,2.7567533908914656,1712
2013-01-11,2.7304980754852295,2.75675272172432,2.7304980754852295,2.75675272172432,1000
2013-01-14,2.708345890045166,2.7444461542385064,2.708345890045166,2.7362415398485003,19623
2013-01-15,2.7140893936157227,2.719832604747517,2.701782372895121,2.7116279894716024,9767
2013-01-16,2.7017822265625,2.7075254373832336,2.7017822265625,2.7067050345841137,10000
2013-01-17,2.7017822265625,2.703423227774187,2.684552594100299,2.6952186129426465,4085
2013-01-18,2.708345890045166,2.708345890045166,2.700141080041723,2.700141080041723,400
2013-01-21,2.695218563079834,2.7009617737943157,2.694397964682448,2.7009617737943157,1413
2013-01-22,2.6976795196533203,2.6976795196533203,2.6804496947538805,2.6886543080729526,12000
2013-01-23,2.711627244949341,2.711627244949341,2.7075248406310375,2.7075248406310375,245
2013-01-24,2.693578004837036,2.707525832524884,2.691937003385858,2.707525832524884,10965
2013-01-25,2.6361448764801025,2.6500926998496834,2.6361448764801025,2.6500926998496834,6025
2013-01-28,2.607429027557373,2.629581467780911,2.607429027557373,2.629581467780911,2724
2013-01-29,2.615633010864258,2.62547862441502,2.615633010864258,2.62547862441502,700
2013-01-30,2.591019630432129,2.593481034254748,2.591019630432129,2.593481034254748,1325
2013-01-31,2.558201313018799,2.564764926494498,2.558201313018799,2.5614831197566486,1440
2013-02-01,2.5499963760375977,2.5639441996204786,2.5499963760375977,2.5639441996204786,3351
2013-02-04,2.5385098457336426,2.559841683712511,2.5385098457336426,2.559841683712511,1400
2013-02-05,2.5253827571868896,2.5368691781338604,2.5188189483504524,2.5368691781338604,15994
2013-02-06,2.5499963760375977,2.5499963760375977,2.5434325677781473,2.5434325677781473,11000
2013-02-07,2.5787124633789062,2.5787124633789062,2.576251255310919,2.576251255310919,650
2013-02-08,2.5787124633789062,2.5844558690444743,2.5787124633789062,2.5844558690444743,1080
2013-02-11,2.5992250442504883,2.5992250442504883,2.5992250442504883,2.5992250442504883,0
2013-02-12,2.6033267974853516,2.6033267974853516,2.5762515495113614,2.5762515495113614,19165
2013-02-13,2.6066088676452637,2.6066088676452637,2.600865656356871,2.600865656356871,2126
2013-02-14,2.644350051879883,2.645990857558252,2.6148133979212096,2.6148133979212096,270
2013-02-15,2.693578004837036,2.7132690441837934,2.693578004837036,2.703423622317153,13274
2013-02-18,2.668964385986328,2.6730665965463962,2.658298364671261,2.658298364671261,1323
2013-02-19,2.6730659008026123,2.6730659008026123,2.6607590767121265,2.6607590767121265,9800
2013-02-20,2.693578004837036,2.707525832524884,2.693578004837036,2.695219006288214,50788
2013-02-21,2.656656503677368,2.656656503677368,2.656656503677368,2.656656503677368,0
2013-02-22,2.677168130874634,2.677168130874634,2.677168130874634,2.677168130874634,0
2013-02-25,2.6648614406585693,2.6755274598156897,2.658297826845012,2.658297826845012,6068
2013-02-26,2.640247344970703,2.6435291515661534,2.640247344970703,2.6435291515661534,2000
2013-02-27,2.640247344970703,2.640247344970703,2.6345041345253066,2.6345041345253066,1333
2013-02-28,2.668964385986328,2.668964385986328,2.668964385986328,2.668964385986328,0
2013-03-01,2.6730659008026123,2.6861933232823207,2.66732269014526,2.6861933232823207,2896
2013-03-04,2.6648614406585693,2.6648614406585693,2.6550160199382336,2.6550160199382336,260
2013-03-05,2.7009615898132324,2.7009615898132324,2.681270359432379,2.681270359432379,511
2013-03-06,2.709986925125122,2.709986925125122,2.7017823100400817,2.7017823100400817,600
2013-03-07,2.693578004837036,2.693578004837036,2.6911166004670073,2.6911166004670073,800
2013-03-08,2.7140893936157227,2.7140893936157227,2.7140893936157227,2.7140893936157227,0
2013-03-11,2.7017822265625,2.7149096494156546,2.7017822265625,2.7149096494156546,6000
2013-03-12,2.660759210586548,2.671425229662125,2.660759210586548,2.667322824349925,8285
2013-03-13,2.6648614406585693,2.6648614406585693,2.658297826845012,2.658297826845012,500
2013-03-14,2.6812705993652344,2.6812705993652344,2.6812705993652344,2.6812705993652344,800
2013-03-15,2.680450677871704,2.691116698659851,2.6747074660032375,2.691116698659851,1570
2013-03-18,2.6730659008026123,2.677988708684183,2.659118075547122,2.666502287369479,3157
2013-03-19,2.6730659008026123,2.682091113789973,2.66732269014526,2.66732269014526,6100
2013-03-20,2.7009615898132324,2.707525202864563,2.6911159746228055,2.707525202864563,965
2013-03-21,2.737882137298584,2.737882137298584,2.7075250859238276,2.7075250859238276,542
2013-03-22,2.742804765701294,2.7559321859937786,2.7419843630622043,2.7419843630622043,5570
2013-03-25,2.7017822265625,2.732139281877856,2.7017822265625,2.731318879078736,57133
2013-03-26,2.718191146850586,2.718191146850586,2.699320515324487,2.699320515324487,190
2013-03-27,2.734600782394409,2.734600782394409,2.7050641288358066,2.728037168542922,3950
2013-03-28,2.742804765701294,2.748547975401742,2.7321387489394886,2.7321387489394886,31611
2013-04-02,2.7140893936157227,2.719832604747517,2.7140893936157227,2.717371200603397,8846
2013-04-03,2.7009615898132324,2.7009615898132324,2.7009615898132324,2.7009615898132324,185
2013-04-04,2.687013626098633,2.687013626098633,2.683731624129646,2.683731624129646,3800
2013-04-05,2.644350051879883,2.659118281052491,2.6262998201236223,2.659118281052491,42097
2013-04-08,2.6640405654907227,2.6640405654907227,2.655015549193888,2.6591177581966603,965
2013-04-09,2.6845524311065674,2.6902956415785995,2.6714250090504494,2.6714250090504494,4300
2013-04-10,2.8412606716156006,2.8412606716156006,2.7895715823030676,2.7895715823030676,55392
2013-04-11,2.861771821975708,2.861771821975708,2.843721789815106,2.843721789815106,1280
2013-04-12,2.9479217529296875,2.9618695827730814,2.9479217529296875,2.9618695827730814,3400
2013-04-15,2.99960994720459,3.034889810389629,2.99960994720459,3.006994159205211,16751
2013-04-16,2.968432664871216,2.9815600884446085,2.964330259423643,2.9700734705594787,5750
2013-04-17,2.9027955532073975,2.9372548177739106,2.9003341492221546,2.9372548177739106,5838
2013-04-18,2.8658745288848877,2.8658745288848877,2.8658745288848877,2.8658745288848877,0
2013-04-19,2.923306703567505,2.923306703567505,2.9052564746628025,2.9052564746628025,33400
2013-04-22,2.9192049503326416,2.9331527766409966,2.9192049503326416,2.9331527766409966,1683
2013-04-23,2.980739116668701,2.980739116668701,2.9372546415605583,2.9372546415605583,813
2013-04-24,2.980739116668701,2.980739116668701,2.980739116668701,2.980739116668701,0
2013-04-25,3.023402690887451,3.023402690887451,2.9807386255501926,2.9807386255501926,72372
2013-04-26,2.980739116668701,3.0151985747813494,2.980739116668701,3.0151985747813494,84915
2013-04-29,3.0151984691619873,3.0365305045981286,2.9946870320519166,2.9946870320519166,438764
2013-04-30,3.02750563621521,3.043094462199582,3.0201214245994383,3.0357102505838105,2544
2013-05-02,3.0832974910736084,3.0832974910736084,3.044735816156378,3.075913473741183,1790
2013-05-03,3.101346969604492,3.101346969604492,3.0808355327855224,3.0923219530532196,34571
2013-05-06,3.1161160469055176,3.240826281888921,3.092322603054356,3.240826281888921,5611
2013-05-07,3.109551429748535,3.1341652700826828,3.109551429748535,3.130063061167032,4251
2013-05-08,3.13826847076416,3.13826847076416,3.13826847076416,3.13826847076416,0
2013-05-09,3.146472930908203,3.146472930908203,3.134165910419991,3.134165910419991,8100
2013-05-10,3.191598415374756,3.191598415374756,3.1423705289814636,3.1423705289814636,41086
2013-05-13,3.2121098041534424,3.2121098041534424,3.1751889388507974,3.1751889388507974,11937
2013-05-14,3.281848430633545,3.285130432425092,3.2572345908774025,3.2572345908774025,15519
2013-05-15,3.3228724002838135,3.3228724002838135,3.293335551548959,3.3023607649779816,6160
2013-05-16,3.321230888366699,3.326153696022188,3.2974376440542255,3.3064628566270993,122434
2013-05-17,3.3269739151000977,3.3269739151000977,3.299078267410173,3.299078267410173,3696
2013-05-20,3.4065592288970947,3.4065592288970947,3.3753815756928547,3.384406788785369,1691
2013-05-21,3.436096429824829,3.4377372355642137,3.3934323507854014,3.417225598914192,4883
2013-05-22,3.3950729370117188,3.3950729370117188,3.363895282617674,3.363895282617674,18300
2013-05-23,3.2285189628601074,3.231800769664586,3.200623311601867,3.2203143480421867,12743
2013-05-24,3.27364444732666,3.27364444732666,3.2539534108552957,3.2539534108552957,310
2013-05-27,3.27364444732666,3.2900538726018196,3.2613374272736526,3.2900538726018196,9938
2013-05-28,3.310565233230591,3.3269744634720877,3.2736445629939492,3.2736445629939492,7325
2013-05-29,3.3269739151000977,3.3401015318656673,3.3195898996379203,3.3195898996379203,11250
2013-05-30,3.335179567337036,3.3548708018482696,3.322872741380987,3.3269747558817078,27600
2013-05-31,3.2982583045959473,3.2982583045959473,3.2695420547699876,3.2695420547699876,3175
2013-06-03,3.2203140258789062,3.2851307307536337,3.2203140258789062,3.2613370958645214,6856
2013-06-04,3.2613370418548584,3.281848674314695,3.2613370418548584,3.273644060453445,30498
2013-06-05,3.179291009902954,3.2244164854604342,3.179291009902954,3.2244164854604342,5949
2013-06-06,3.109551429748535,3.1497540943116675,3.109551429748535,3.1349858683565444,17375
2013-06-07,3.1587798595428467,3.1587798595428467,3.114474975556861,3.1382684188733374,1750
2013-06-10,3.185854911804199,3.1957005279060025,3.184214106196198,3.1957005279060025,3203
2013-06-11,3.130063056945801,3.154676897246754,3.130063056945801,3.1472926864724435,4689
2013-06-12,3.1341660022735596,3.1341660022735596,3.1341660022735596,3.1341660022735596,0
2013-06-13,3.121858835220337,3.1333452563459985,3.0759129551042528,3.0759129551042528,1001
2013-06-14,3.121858835220337,3.154677293072763,3.121858835220337,3.142370273571384,4400
2013-06-17,3.2268776893615723,3.232620899339996,3.183393217570575,3.183393217570575,20742
2013-06-18,3.2203140258789062,3.2318004463521928,3.2170322194027428,3.2285186398760293,4964
2013-06-19,3.199802875518799,3.199802875518799,3.199802875518799,3.199802875518799,0
2013-06-20,3.109551429748535,3.1669837238615464,3.109551429748535,3.1669837238615464,70605
2013-06-21,3.084937810897827,3.13006328589026,3.084937810897827,3.1177562670328953,2100
2013-06-24,3.0069942474365234,3.0069942474365234,3.0069942474365234,3.0069942474365234,0
2013-06-25,3.0562222003936768,3.0562222003936768,3.043915374586995,3.043915374586995,14630
2013-06-26,3.136626720428467,3.136626720428467,3.089040039985207,3.089040039985207,2529
2013-06-27,3.203904628753662,3.203904628753662,3.1423699292168825,3.1423699292168825,3610
2013-06-28,3.200623035430908,3.216211860923884,3.1300633149624635,3.19980263270394,372831
2013-07-01,3.199802875518799,3.2121096998109366,3.190777662383556,3.2121096998109366,3857
2013-07-02,3.224416494369507,3.224416494369507,3.224416494369507,3.224416494369507,0
2013-07-03,3.171086311340332,3.1743681177848733,3.171086311340332,3.1743681177848733,2511
2013-07-04,3.232621669769287,3.232621669769287,3.1760097635581372,3.1760097635581372,3395
2013-07-05,3.2194936275482178,3.257234891109073,3.2112890135399197,3.257234891109073,9684
2013-07-08,3.2777469158172607,3.2777469158172607,3.249851262311795,3.261337684859521,1548
2013-07-09,3.3146674633026123,3.3146674633026123,3.305642250217666,3.305642250217666,22606
2013-07-10,3.2900540828704834,3.2941560971279014,3.2900540828704834,3.2941560971279014,1250
2013-07-11,3.310565233230591,3.3179496411367553,3.286771986309838,3.286771986309838,11000
2013-07-12,3.2982583045959473,3.3187699395592682,3.294976302160133,3.2990787073981767,40510
2013-07-15,3.367997884750366,3.37210029030025,3.3310770172552617,3.3310770172552617,12135
2013-07-16,3.3556904792785645,3.3967133540056027,3.3556904792785645,3.3967133540056027,7183
2013-07-17,3.37620210647583,3.37620210647583,3.3474860517658227,3.359792876466268,4000
2013-07-18,3.3967130184173584,3.3967130184173584,3.356510550385021,3.3762013874669163,1843
2013-07-19,3.3967130184173584,3.4131222449323477,3.3852265989795476,3.4008154228528107,6141
2013-07-22,3.4213273525238037,3.4213273525238037,3.38932929934176,3.4090205293697418,2630
2013-07-23,3.4131228923797607,3.4295321220074753,3.4131228923797607,3.4295321220074753,2128
2013-07-24,3.429532527923584,3.4623509910633743,3.4221485106465606,3.4221485106465606,1810
2013-07-25,3.3720998764038086,3.377843086977946,3.364715469075005,3.377843086977946,4170
2013-07-26,3.347486734390259,3.3597935616003305,3.3277958890995403,3.3565119496653693,209738
2013-07-29,3.335179567337036,3.3474863932930856,3.335179567337036,3.346665990392941,4280
2013-07-30,3.363894462585449,3.3794832859823116,3.3606128521188308,3.3606128521188308,1295
2013-07-31,3.335179567337036,3.335179567337036,3.335179567337036,3.335179567337036,0
2013-08-01,3.4213273525238037,3.4410181913249316,3.4098409320830987,3.4336341756778657,25713
2013-08-02,3.4336342811584473,3.4541459145299,3.4262502652845455,3.4533255117913404,6800
2013-08-05,3.462350606918335,3.4746578226504856,3.4467621711993583,3.450043782413081,6005
2013-08-06,3.4336342811584473,3.495169181272805,3.4336342811584473,3.495169181272805,3770
2013-08-07,3.343383550643921,3.38194561172686,3.339281536679261,3.339281536679261,45081
2013-08-08,3.347486734390259,3.36717797090796,3.335179907180187,3.335179907180187,3901
2013-08-09,3.3720998764038086,3.3753814874593853,3.363074663547217,3.3753814874593853,8873
2013-08-12,3.4213273525238037,3.429531770884227,3.408199735429531,3.408199735429531,3600
2013-08-13,3.4090209007263184,3.433634549715693,3.4090209007263184,3.433634549715693,24036
2013-08-14,3.417224884033203,3.417224884033203,3.4049180611085403,3.4049180611085403,2284
2013-08-15,3.3556904792785645,3.3967133540056027,3.3556904792785645,3.3967133540056027,2610
2013-08-16,3.347486734390259,3.3548711436978884,3.3277958890995403,3.3277958890995403,1229
2013-08-19,3.27364444732666,3.3277951399464465,3.266260235294856,3.3277951399464465,9139
2013-08-20,3.24082612991333,3.244928339701663,3.1915984387726004,3.244928339701663,5611
2013-08-21,3.2203140258789062,3.2531324818673983,3.2203140258789062,3.2531324818673983,2513
2013-08-22,3.2613370418548584,3.2687212530140104,3.2244163772859467,3.2244163772859467,11061
2013-08-23,3.2777469158172607,3.2851313240457456,3.261337684859521,3.281849321363427,202401
2013-08-26,3.2613370418548584,3.2687212530140104,3.2531324279936085,3.2687212530140104,3563
2013-08-27,3.183393955230713,3.2367238583652163,3.183393955230713,3.2285192428357954,5270
2013-08-28,3.183393955230713,3.183393955230713,3.1464730875415867,3.158779913028986,30690
2013-08-29,3.224416494369507,3.224416494369507,3.1751886138010432,3.1751886138010432,4055
2013-08-30,3.224416494369507,3.238364318878756,3.221134687828524,3.221134687828524,4400
2013-09-02,3.265439748764038,3.265439748764038,3.24492811440613,3.2613373436470794,3106
2013-09-03,3.275285482406616,3.3015403283822247,3.275285482406616,3.297437923117652,21013
2013-09-04,3.293335437774658,3.293335437774658,3.293335437774658,3.293335437774658,0
2013-09-05,3.37620210647583,3.37620210647583,3.334358824248935,3.3392816323744934,3038
2013-09-06,3.4008162021636963,3.4008162021636963,3.3794841636832045,3.3794841636832045,1993
2013-09-09,3.388509511947632,3.388509511947632,3.359793064404397,3.359793064404397,3323
2013-09-10,3.4401984214782715,3.451684844032045,3.4131231708223986,3.4131231708223986,6220
2013-09-11,3.437736988067627,3.4582486232409333,3.4131229476142795,3.4131229476142795,4797
2013-09-12,3.4090209007263184,3.425430130461534,3.4090209007263184,3.4180457227832037,4091
2013-09-13,3.4254300594329834,3.4254300594329834,3.4049184248825624,3.405738827668277,41000
2013-09-16,3.4582481384277344,3.4582481384277344,3.4533253310271954,3.4582481384277344,10068
2013-09-17,3.4336342811584473,3.4336342811584473,3.4336342811584473,3.4336342811584473,0
2013-09-18,3.4500434398651123,3.4582482495385736,3.4451206323064074,3.4451206323064074,2038
2013-09-19,3.4566075801849365,3.4705556022668955,3.450864369028111,3.4705556022668955,4585
2013-09-20,3.4500434398651123,3.462350263148446,3.4459410350283814,3.462350263148446,7117
2013-09-23,3.437736988067627,3.445941407400809,3.4254301634544038,3.4254301634544038,1255
2013-09-24,3.4582481384277344,3.4582481384277344,3.4254296832420374,3.4254296832420374,7020
2013-09-25,3.462350606918335,3.4623506069183345,3.450043782413081,3.450043782413081,5066
2013-09-26,3.5509605407714844,3.5731129800006505,3.5148600810665718,3.5148600810665718,11838
2013-09-27,3.560805559158325,3.601008025885103,3.542755136719243,3.601008025885103,8317
2013-09-30,3.5936243534088135,3.6092131782606427,3.5739331238640086,3.5739331238640086,5930
2013-10-01,3.651057243347168,3.651057243347168,3.6100343612312136,3.6100343612312136,6649
2013-10-02,3.6551594734191895,3.6879779340268994,3.6494162623741855,3.6879779340268994,11310
2013-10-04,3.6879777908325195,3.6961826012793315,3.6838753856091135,3.6838753856091135,7325
2013-10-07,3.6797738075256348,3.6797738075256348,3.6510573587868835,3.6715689961068656,23147
2013-10-08,3.667466640472412,3.704387509907102,3.664185028841651,3.704387509907102,13926
2013-10-09,3.651057243347168,3.6764916884688326,3.6477756318649717,3.6764916884688326,9963
2013-10-10,3.739666223526001,3.7495118373179617,3.692899753627591,3.692899753627591,6800
2013-10-11,3.743769645690918,3.749512856759929,3.724898815587802,3.749512856759929,15926
2013-10-14,3.741307497024536,3.741307497024536,3.6970026206421616,3.7322822847144765,11580
2013-10-15,3.805304527282715,3.805304527282715,3.76592244885155,3.778229275006236,10035
2013-10-16,3.817610502243042,3.8192516989308336,3.7847920456632878,3.7856124483937523,164878
2013-10-17,3.817610502243042,3.823353712583156,3.7847920456632878,3.8028424706409565,18398
2013-10-18,3.846327543258667,3.8479683489747347,3.823354307099105,3.8479683489747347,27465
2013-10-21,3.895554780960083,3.9095024103720575,3.864377128633386,3.8807863575589825,39077
2013-10-22,3.8397631645202637,3.880786433247791,3.839763164520264,3.8701204146767845,25783
2013-10-23,3.756075620651245,3.81925131934041,3.756075620651245,3.81925131934041,22567
2013-10-24,3.735565423965454,3.760999871983013,3.7331042150735807,3.7331042150735807,6289
2013-10-25,3.6797738075256348,3.716694676456214,3.6797738075256348,3.716694676456214,15110
2013-10-28,3.62644362449646,3.675671318208506,3.610854796136939,3.670748509714608,8452
2013-10-29,3.6551594734191895,3.6551594734191895,3.614136593273007,3.614136593273007,7500
2013-10-30,3.6387507915496826,3.6838760838798636,3.6387507915496826,3.6674668511028004,4130
2013-10-31,3.6781322956085205,3.687977911977351,3.647775434902686,3.687977911977351,1902
2013-11-01,3.7084903717041016,3.745411245678937,3.6543398608682085,3.675671903999136,14082
2013-11-04,3.772484540939331,3.7823301543805057,3.7125908489367774,3.7454092995894976,30316
2013-11-05,3.7806897163391113,3.806944560372976,3.7806897163391113,3.798740141677508,9627
2013-11-06,3.792997360229492,3.792997360229492,3.792997360229492,3.792997360229492,0
2013-11-07,3.7248988151550293,3.8077653698422247,3.7248988151550293,3.776588105997035,14568
2013-11-08,3.7290005683898926,3.741307391208731,3.7019253234523406,3.728180165698882,7847
2013-11-11,3.739666223526001,3.739666223526001,3.720795398553609,3.728179804510982,6960
2013-11-12,3.723257303237915,3.774125790369501,3.717514093258975,3.7495121450959985,12290
2013-11-13,3.7248988151550293,3.7257192179895195,3.701105568047164,3.7166943955832146,5681
2013-11-14,3.7946372032165527,3.806944025142936,3.7823303812901696,3.7823303812901696,18178
2013-11-15,3.82663631439209,3.8479683536344935,3.7970994641055658,3.823354311729057,23193
2013-11-18,3.829918384552002,3.8315591902989734,3.8110475535541086,3.8274567847046144,9153
2013-11-19,3.760178565979004,3.8020218456806325,3.760178565979004,3.8020218456806325,7220
2013-11-20,3.7478725910186768,3.7478725910186768,3.7134133160432414,3.724899741035053,18968
2013-11-21,3.7314627170562744,3.7314627170562744,3.7314627170562744,3.7314627170562744,0
2013-11-22,3.6961827278137207,3.729001188270678,3.6961827278137207,3.729001188270678,1090
2013-11-25,3.6879777908325195,3.7084894257226537,3.6838753856091135,3.6879777908325195,11399
2013-11-26,3.6551594734191895,3.6551594734191895,3.6551594734191895,3.6551594734191895,0
2013-11-27,3.6756696701049805,3.6789516713716335,3.646953626122106,3.646953626122106,18874
2013-11-28,3.659261703491211,3.67156852782277,3.6510568931189105,3.6674661226366196,2912
2013-11-29,3.6658260822296143,3.6658260822296143,3.651878449403029,3.651878449403029,1250
2013-12-02,3.6797738075256348,3.6953626362397434,3.67567140181625,3.6920806334268472,3189
2013-12-03,3.5813183784484863,3.6510577174511534,3.581318378448486,3.6510577174511534,17211
2013-12-04,3.605931043624878,3.605931043624878,3.5854194121413214,3.5977266257675535,3212
2013-12-05,3.5772151947021484,3.610033650423804,3.5772151947021484,3.605931245651884,1625
2013-12-06,3.5936243534088135,3.593624353408813,3.5772151258637575,3.5772151258637575,1325
2013-12-09,3.54849910736084,3.581317566364206,3.54849910736084,3.581317566364206,16466
2013-12-10,3.5443975925445557,3.5443975925445557,3.5181427433991512,3.5402951867846917,28988
2013-12-11,3.499272346496582,3.503374752766254,3.4918883281927675,3.503374752766254,8185
2013-12-12,3.499272346496582,3.499272346496582,3.478760706375215,3.48696551891456,11280
2013-12-13,3.503373622894287,3.511578432787501,3.4918872020252825,3.511578432787501,7000
2013-12-16,3.5197830200195312,3.519783020019531,3.4746577371263685,3.4746577371263685,1911
2013-12-17,3.5074758529663086,3.5156802712236006,3.491066625224875,3.4918870279279193,11623
2013-12-18,3.503373622894287,3.5361920800134055,3.503373622894287,3.5156804465072393,6200
2013-12-19,3.573112726211548,3.573112726211548,3.555883095948959,3.556703498643343,9816
2013-12-20,3.527987003326416,3.5608054543244183,3.527987003326416,3.5608054543244183,5297
2013-12-23,3.54849910736084,3.54849910736084,3.5255262643038616,3.5443970934055873,4987
2013-12-27,3.5977275371551514,3.5977275371551514,3.5608066693772056,3.5608066693772056,15691
2013-12-30,3.6198794841766357,3.6223406924524357,3.6018290585799337,3.6223406924524357,11339
2014-01-02,3.7043871879577637,3.7043871879577637,3.6510570913233615,3.6920803629581056,12029
2014-01-03,3.73720645904541,3.749513677940332,3.714233609738086,3.7248996313774865,10561
2014-01-06,3.7207963466644287,3.7659220228384327,3.7207963466644287,3.72489875199423,4021
2014-01-07,3.776588201522827,3.776588201522827,3.7527945625862085,3.7527945625862085,3200
2014-01-08,3.7790493965148926,3.7831518020032875,3.7782289936625975,3.7831518020032875,1545
2014-01-09,3.7618186473846436,3.8069439206945224,3.7618186473846436,3.7946370991057927,6032
2014-01-10,3.7577171325683594,3.7741263623130155,3.753614727325471,3.7741263623130155,24665
2014-01-13,3.7806897163391113,3.7806897163391113,3.733103227206281,3.7741261031373625,502
2014-01-14,3.7478725910186768,3.756897806895247,3.705208503205085,3.716695319423906,12440
2014-01-15,3.805304527282715,3.815150144697243,3.758538040177179,3.7741268692123575,4633
2014-01-16,3.817610502243042,3.817610502243042,3.8151492940516487,3.8151492940516487,320
2014-01-17,3.862734794616699,3.862734794616699,3.8528891829118947,3.856170792662348,5417
2014-01-20,3.850428342819214,3.8684787649091197,3.8487875376207863,3.8684787649091197,16671
2014-01-21,3.80940580368042,3.8512490784462288,3.80940580368042,3.8512490784462288,3179
2014-01-22,3.838123083114624,3.840584683140694,3.8274570625312263,3.840584683140694,6652
2014-01-23,3.7519736289978027,3.8069445247923404,3.7519736289978027,3.8069445247923404,10900
2014-01-24,3.614135503768921,3.6879768222628795,3.614135503768921,3.6879768222628795,7959
2014-01-27,3.54849910736084,3.57311314722681,3.54849910736084,3.57311314722681,7124
2014-01-28,3.642852306365967,3.642852306365967,3.6092134460864194,3.6100338488405246,98167
2014-01-29,3.6387507915496826,3.691260492927072,3.582139075398255,3.691260492927072,1901
2014-01-30,3.6838748455047607,3.6838748455047607,3.6198791330459574,3.6198791330459574,900
2014-01-31,3.6879777908325195,3.6879777908325195,3.634647696608929,3.634647696608929,4330
2014-02-03,3.5878818035125732,3.683875587139587,3.5878818035125732,3.6469551117898447,86340
2014-02-04,3.5936243534088135,3.593624353408813,3.545217073466872,3.5526010889327515,7475
2014-02-05,3.5443975925445557,3.5804976677959086,3.5443975925445557,3.5731136504097103,3951
2014-02-06,3.6346476078033447,3.6346476078033447,3.577215500986486,3.577215500986486,6798
2014-02-07,3.6961827278137207,3.7043871473145056,3.669927881202773,3.669927881202773,10700
2014-02-10,3.7084903717041016,3.7199767962781403,3.706029162678377,3.7199767962781403,4104
2014-02-11,3.7314627170562744,3.7322831199540842,3.7314627170562744,3.7322831199540842,3638
2014-02-12,3.7642807960510254,3.7659219929060446,3.7331035329822932,3.7331035329822932,4950
2014-02-13,3.743769645690918,3.743769645690918,3.7134123934497794,3.7134123934497794,2000
2014-02-14,3.7642807960510254,3.7823312228679202,3.7568967794975974,3.763460393236967,16312
2014-02-17,3.772484540939331,3.7970981833154753,3.772484540939331,3.7970981833154753,2558
2014-02-18,3.7782299518585205,3.7823323583873263,3.7659231234991237,3.7823323583873263,110516
2014-02-19,3.7700233459472656,3.7905349776098634,3.7700233459472656,3.774125750525152,2208
2014-02-20,3.7642807960510254,3.7642807960510254,3.7207963170907097,3.7207963170907097,4449
2014-02-21,3.798741102218628,3.798741102218628,3.7946386962201335,3.7946386962201335,1600
2014-02-24,3.8602755069732666,3.860275506973267,3.791356575009071,3.794638577950969,11575
2014-02-25,3.838123083114624,3.8471482978319487,3.8192526419738977,3.8192526419738977,185310
2014-02-26,3.8709421157836914,3.8725829218905217,3.835662437124739,3.835662437124739,1675
2014-02-27,3.8996567726135254,3.901297969355574,3.864377106676046,3.89227275656837,15938
2014-02-28,3.911963701248169,3.9382185437031025,3.9103225046262784,3.9382185437031025,11200
2014-03-03,3.8799657821655273,3.9045794288453495,3.8799657821655273,3.8848885897468635,1808
2014-03-04,4.0104193687438965,4.0104193687438965,3.93083443269428,3.93083443269428,14849
2014-03-05,3.9833428859710693,4.003034110992409,3.980060884725261,3.995649705996029,11598
2014-03-06,4.039135456085205,4.04487866667602,4.020265018780206,4.04487866667602,3266
2014-03-07,4.002214431762695,4.061287732050177,3.9882668028441945,4.061287732050177,13104
2014-03-10,3.9652955532073975,4.015343661066677,3.9472451209230184,3.9997548291969953,8029
2014-03-11,3.9817028045654297,3.9915480276385393,3.9817028045654297,3.9915480276385393,3161
2014-03-12,3.9160661697387695,3.9415006124513785,3.897195731822693,3.9415006124513785,4575
2014-03-13,3.834019422531128,3.8610946665957084,3.834019422531128,3.8610946665957084,2999
2014-03-14,3.788895606994629,3.7987412252190214,3.77412717965804,3.77412717965804,10788
2014-03-17,3.8258161544799805,3.8266365573911045,3.7700244530270814,3.7700244530270814,7765
2014-03-18,3.846327543258667,3.8520707544918267,3.7979202535923644,3.7979202535923644,5324
2014-03-19,3.884888172149658,3.8881697826998933,3.8364808954923295,3.8364808954923295,4162
2014-03-20,3.913604497909546,3.913604497909546,3.8725812333102265,3.8725812333102265,5921
2014-03-21,3.8889899253845215,3.888989925384521,3.872580700049739,3.872580700049739,1995
2014-03-24,3.7946372032165527,3.88899015669685,3.7946372032165527,3.88899015669685,13237
2014-03-25,3.80940580368042,3.826635433434204,3.7995601891848767,3.7995601891848767,650
2014-03-26,3.8258161544799805,3.835661771867371,3.8151501341814646,3.815970537092589,3637
2014-03-27,3.838123083114624,3.838123083114624,3.8225342537060456,3.8225342537060456,150
2014-03-28,3.9037582874298096,3.9037582874298096,3.869299032107877,3.869299032107877,8593
2014-03-31,3.8807871341705322,3.8848895400296124,3.8807871341705322,3.8840691371031872,3300
2014-04-01,3.8971967697143555,3.8971967697143555,3.8569942835701543,3.8848899420903953,4078
2014-04-02,3.920168161392212,3.920168161392212,3.8971953207084256,3.8971953207084256,3650
2014-04-03,3.8889899253845215,3.9259107801944793,3.888989925384521,3.9062199445288157,9419
2014-04-04,3.8996567726135254,3.90622077712797,3.89227275656837,3.89227275656837,248537
2014-04-07,3.8217127323150635,3.852069979314868,3.815969522237647,3.852069979314868,9366
2014-04-08,3.772484540939331,3.7823301543805057,3.733922880983725,3.7823301543805057,14823
2014-04-09,3.801201581954956,3.827456427591496,3.798740373564137,3.798740373564137,13117
2014-04-10,3.756075620651245,3.8233533325850386,3.756075620651245,3.8233533325850386,7200
2014-04-11,3.7207963466644287,3.740487579265951,3.687977886479829,3.740487579265951,10837
2014-04-14,3.6879777908325195,3.6920801960559255,3.674850563589895,3.674850563589895,2650
2014-04-15,3.614135503768921,3.683874418116884,3.597726278411731,3.683874418116884,34855
2014-04-16,3.694413661956787,3.6944136619567876,3.6622882984417946,3.6622882984417946,1205
2014-04-17,3.7232449054718018,3.7232449054718018,3.70677038613366,3.70677038613366,220
2014-04-22,3.836918354034424,3.8418607480158355,3.7767863521745912,3.7767863521745912,6898
2014-04-23,3.8286807537078857,3.8286807537078857,3.822091026245269,3.822091026245269,200
2014-04-24,3.7998502254486084,3.8023216185903115,3.799026558662507,3.799026558662507,2865
2014-04-25,3.750427484512329,3.7949086427324166,3.747956483626094,3.794084975770338,112897
2014-04-28,3.702650547027588,3.7603115438001797,3.702650547027588,3.7603115438001797,8572
2014-04-29,3.6779379844665527,3.6779379844665527,3.661463474494678,3.662287141075777,2000
2014-04-30,3.661464214324951,3.661464214324951,3.6573454878039335,3.6573454878039335,780
2014-05-02,3.7232449054718018,3.7306583016997323,3.70677038613366,3.729834634650354,6530
2014-05-05,3.7067694664001465,3.727362708659055,3.691118617994713,3.727362708659055,4139
2014-05-06,3.7067694664001465,3.7183015877971126,3.7067694664001465,3.7183015877971126,2700
2014-05-07,3.6243960857391357,3.6853517393587545,3.6243960857391353,3.657345108927218,5450
2014-05-08,3.655698299407959,3.6556982994079594,3.5996846377356544,3.5996846377356544,3276
2014-05-09,3.6532280445098877,3.6655838356296364,3.6482856495052847,3.6532280445098877,5421
2014-05-12,3.7438366413116455,3.747131308178978,3.69853143683554,3.69853143683554,5249
2014-05-13,3.750427484512329,3.750427484512329,3.747956483626094,3.747956483626094,2000
2014-05-14,3.7874932289123535,3.792435620834475,3.7874932289123535,3.792435620834475,900
2014-05-15,3.6655824184417725,3.772666947501278,3.6655824184417725,3.772666947501278,3797
2014-05-16,3.657345771789551,3.657345771789551,3.6499323777027874,3.6499323777027874,2000
2014-05-19,3.66970157623291,3.6853524240725735,3.6614645152971685,3.6614645152971685,2832
2014-05-20,3.686176061630249,3.697708182518803,3.6746439407416944,3.694413515284021,7675
2014-05-21,3.7232449054718018,3.7232449054718018,3.695238261875313,3.695238261875313,1002
2014-05-22,3.8122055530548096,3.8122055530548096,3.7776091955104767,3.780904255040897,9494
2014-05-23,3.841036796569824,3.841036796569824,3.8064400412631914,3.8064400412631914,7145
2014-05-26,3.8822219371795654,3.8822219371795654,3.8468019165106475,3.8468019165106475,2506
2014-05-27,3.8822219371795654,3.89952050699537,3.8822219371795654,3.89952050699537,4220
2014-05-28,3.8822219371795654,3.8822219371795654,3.8591577011362412,3.8797509373677714,2450
2014-05-29,3.9234094619750977,3.9234094619750977,3.871514524175105,3.871514524175105,940
2014-05-30,3.9192893505096436,3.9365875260709515,3.9192893505096436,3.9217607428945604,3205
2014-06-02,3.9192893505096436,3.948943702428981,3.912699625455328,3.912699625455328,4870
2014-06-03,3.890460252761841,3.932470401158262,3.890460252761841,3.920938280575597,2565
2014-06-04,3.896226406097412,3.896226406097412,3.839389075830227,3.8550399235042807,3801
2014-06-05,3.9324698448181152,3.9374122376233824,3.8855173095597473,3.9209377258669393,111700
2014-06-06,3.9604763984680176,3.9604763984680176,3.956357672413208,3.956357672413208,7792
2014-06-09,3.9893078804016113,3.9893078804016113,3.9530637873621384,3.9530637873621384,2000
2014-06-10,3.9810712337493896,3.9810712337493896,3.9547119263160493,3.9547119263160493,3310
2014-06-11,3.997544527053833,3.9975445270538335,3.954710714695756,3.978598621072358,830
2014-06-12,4.022256374359131,4.031317494601302,4.011547920539619,4.023904100719871,6000
2014-06-13,4.040378093719482,4.040378093719482,4.0197848555252245,4.0197848555252245,3123
2014-06-16,4.026373863220215,4.065088939868975,4.008252021090638,4.065088939868975,4144
2014-06-17,4.110394477844238,4.110394477844238,4.102157418231098,4.102157418231098,200
2014-06-18,4.13346004486084,4.1515818943399205,4.118632862859718,4.118632862859718,32540
2014-06-19,4.145815849304199,4.18453094180213,4.145815849304199,4.18453094180213,3001
2014-06-20,4.158171653747559,4.163937714661336,4.130988682930196,4.130988682930196,4025
2014-06-23,4.145815849304199,4.176293880292339,4.130988667246447,4.176293880292339,5162
2014-06-24,4.154054164886475,4.154054164886475,4.135108251753919,4.139226979754499,1690
2014-06-25,4.1005096435546875,4.110394035469994,4.090624858856073,4.110394035469994,24900
2014-06-26,4.154054164886475,4.154054164886475,4.154054164886475,4.154054164886475,0
2014-06-27,4.166409015655518,4.180412137799752,4.151581833870359,4.180412137799752,15852
2014-06-30,4.168056488037109,4.184531004085341,4.168056488037109,4.184531004085341,1800
2014-07-01,4.168056488037109,4.176293942452948,4.168056488037109,4.176293942452948,2508
2014-07-02,4.182883262634277,4.196886383879577,4.168056081800954,4.172174808607445,2121
2014-07-03,4.232306957244873,4.232306957244873,4.184530745818686,4.184530745818686,10080
2014-07-04,4.211712837219238,4.229835074924162,4.211712837219238,4.225716348829103,3592
2014-07-07,4.1968865394592285,4.233954296524945,4.1968865394592285,4.233954296524945,2999
2014-07-08,4.048614978790283,4.151580772539341,4.048614978790283,4.151580772539341,22067
2014-07-09,4.051087379455566,4.060971774461322,4.023904409427019,4.028846410538183,9360
2014-07-10,3.997544527053833,4.05685285241245,3.9497683215172565,4.05685285241245,14903
2014-07-11,4.030493259429932,4.030493259429932,3.99919156917425,3.99919156917425,2750
2014-07-14,4.042850971221924,4.048617033460009,4.020610389334517,4.048617033460009,7006
2014-07-15,4.019785404205322,4.048615705942463,4.019785404205322,4.048615705942463,1014
2014-07-16,4.05850076675415,4.077446282663847,4.049439645832792,4.049439645832792,13236
2014-07-17,4.026373863220215,4.038729646818413,4.019784138153394,4.019784138153394,2510
2014-07-18,4.063443183898926,4.063443183898926,3.9917790613185526,3.9917790613185526,1290
2014-07-21,4.051087379455566,4.060971774461322,4.024728076278881,4.060971774461322,6398
2014-07-22,4.149933338165283,4.149933338165283,4.086506294496894,4.086506294496894,55750
2014-07-23,4.137578010559082,4.147462797679117,4.137578010559082,4.147462797679117,2570
2014-07-24,4.141695976257324,4.141695976257324,4.118631739071059,4.118631739071059,5629
2014-07-25,4.137578010559082,4.163937311951375,4.126869949426347,4.163937311951375,7009
2014-07-28,4.154054164886475,4.154054164886475,4.143345707755079,4.143345707755079,3500
2014-07-29,4.125222682952881,4.13922619839802,4.125222682952881,4.13922619839802,200
2014-07-30,4.137578010559082,4.143344463698605,4.137578010559082,4.13922573693469,4496
2014-07-31,4.046969413757324,4.098863970238177,4.046969413757324,4.098863970238177,3458
2014-08-01,3.9645955562591553,4.036259669170247,3.9538871030205223,4.036259669170247,7677
2014-08-04,4.013194561004639,4.013194561004639,3.986835266982528,3.986835266982528,1000
2014-08-05,4.059323310852051,4.059323310852051,4.052733585087975,4.052733585087975,569
2014-08-06,4.051087379455566,4.059324440757601,4.00825356089138,4.059324440757601,4196
2014-08-07,4.088153839111328,4.088153839111328,4.044496363363837,4.044496363363837,3500
2014-08-08,4.056853771209717,4.074151954860474,4.034612800477643,4.0354368601801704,8950
2014-08-11,4.145815849304199,4.145815849304199,4.099687362169112,4.099687362169112,15668
2014-08-12,4.137578010559082,4.172174765479205,4.137578010559082,4.1680560387152905,1307
2014-08-13,4.187001705169678,4.188649038667068,4.168055798816171,4.168055798816171,17600
2014-08-14,4.191120147705078,4.2051236611465335,4.17217463364317,4.184530420761083,9540
2014-08-15,4.162289619445801,4.217479217859707,4.162289619445801,4.217479217859707,7885
2014-08-18,4.248781204223633,4.248781204223633,4.217479509803682,4.217479509803682,11672
2014-08-19,4.281729698181152,4.2957332100803916,4.266902519602549,4.283377031539882,12395
2014-08-20,4.306443214416504,4.306443214416504,4.283378575165624,4.295734758159003,3677
2014-08-21,4.281729698181152,4.312207722017724,4.281729698181152,4.312207722017724,6200
2014-08-22,4.283377647399902,4.2916151009446155,4.266903133093879,4.2916151009446155,11250
2014-08-25,4.347627639770508,4.361631151327811,4.336919187633552,4.361631151327811,2100
2014-08-26,4.339391231536865,4.341038565102559,4.332801504490695,4.332801504490695,2846
2014-08-27,4.335272789001465,4.34927630357793,4.335272789001465,4.336920122675135,6846
2014-08-28,4.302323341369629,4.320445188371893,4.302323341369629,4.320445188371893,2700
2014-08-29,4.31220817565918,4.324563962716162,4.31220817565918,4.324563962716162,888
2014-09-01,4.310560703277588,4.310560703277588,4.303970975977891,4.303970975977891,2144
2014-09-02,4.306443214416504,4.34515831178205,4.306443214416504,4.34515831178205,5752
2014-09-03,4.347627639770508,4.36574987740741,4.347627639770508,4.349275365872351,6000
2014-09-04,4.458831787109375,4.472834908709475,4.448123332811219,4.448123332811219,1300
2014-09-05,4.425882339477539,4.456359973059779,4.425882339477539,4.456359973059779,3716
2014-09-08,4.483542442321777,4.493427227764627,4.4563594787456084,4.468715656940839,4427
2014-09-09,4.402817249298096,4.481071473953054,4.402817249298096,4.481071473953054,6434
2014-09-10,4.351747035980225,4.365750549693943,4.341038582194264,4.365750549693943,5327
2014-09-11,4.351747035980225,4.3616318229800966,4.349276035621956,4.35751309626625,3600
2014-09-12,4.343509674072266,4.357513188081044,4.343509674072266,4.357513188081044,378
2014-09-15,4.252900123596191,4.324564243069283,4.252900123596191,4.3204455161888164,6477
2014-09-16,4.219951629638672,4.242192207718779,4.192768657231489,4.242192207718779,17464
2014-09-17,4.244661808013916,4.244661808013916,4.238072082013173,4.242190808057388,1401
2014-09-18,4.266902923583984,4.287496163651212,4.266902923583984,4.287496163651212,14068
2014-09-19,4.244661808013916,4.287495616193745,4.244661808013916,4.287495616193745,4230
2014-09-22,4.209242343902588,4.275140398222385,4.209242343902588,4.250428431460768,11760
2014-09-23,4.170526027679443,4.196884927413346,4.143343068643494,4.196884927413346,6873
2014-09-24,4.228187561035156,4.228187561035156,4.1680555710492015,4.1680555710492015,967
2014-09-25,4.17464542388916,4.2380724753940715,4.163936970850236,4.2380724753940715,3943
2014-09-26,4.195239067077637,4.201005127516462,4.192768066653887,4.192768066653887,1905
2014-09-29,4.145815849304199,4.196886730458537,4.11863287859004,4.11863287859004,17411
2014-09-30,4.158171653747559,4.1721751689858415,4.147463198795766,4.147463198795766,11530
2014-10-01,4.066736221313477,4.139224374478117,4.066736221313477,4.114512414812155,6414
2014-10-02,3.94976806640625,4.028845566587965,3.9456493402262955,4.028021899908644,51998
2014-10-06,3.982717990875244,4.130988631831317,3.9538876866629775,4.130988631831317,563643
2014-10-07,3.9547104835510254,3.954710483551025,3.9514154240301576,3.9514154240301576,810
2014-10-08,3.8657476902008057,3.9316457364059896,3.8657476902008057,3.9127002248745013,32903
2014-10-09,3.8616297245025635,3.933293836933492,3.8616297245025635,3.933293836933492,3
2014-10-10,3.7545454502105713,3.813030113268367,3.7496030566575604,3.7850230855401703,12604
2014-10-13,3.7438366413116455,3.7841990599200224,3.7150063423056623,3.7191246758898275,9462
2014-10-14,3.7191247940063477,3.724067187247678,3.665582527878086,3.6944132205830744,15287
2014-10-15,3.6120409965515137,3.7471317819948076,3.6070986028421963,3.7471317819948076,26160
2014-10-16,3.66805362701416,3.6738196865365187,3.579915008041434,3.6738196865365187,8731
2014-10-17,3.7874932289123535,3.7874932289123535,3.673819000270096,3.673819000270096,3912
2014-10-20,3.7545454502105713,3.7932605390563228,3.7281861488556465,3.7932605390563228,2597
2014-10-21,3.8533935546875,3.8533935546875,3.7561937770806426,3.7561937770806426,10705
2014-10-22,3.8986976146698,3.9127011294784713,3.8385656139660767,3.8385656139660767,13788
2014-10-23,3.8739852905273438,3.8789276834600863,3.8599817784206807,3.867395564211471,1736
2014-10-24,3.8533935546875,3.8533935546875,3.8509225536492693,3.8509225536492693,15
2014-10-27,3.7685482501983643,3.8756327800839734,3.7685482501983643,3.8756327800839734,67944
2014-10-28,3.8698666095733643,3.8698666095733643,3.8385649182274695,3.8385649182274695,160
2014-10-29,3.8698666095733643,3.9102294201992174,3.863276883180375,3.876456335966353,664
2014-10-30,3.911041259765625,3.911041259765625,3.911041259765625,3.911041259765625,0
2014-10-31,4.013038635253906,4.028923225210891,4.004677947072757,4.004677947072757,3000
2014-11-03,4.032266616821289,4.04229928077783,3.9829396845845135,3.9829396845845135,26362
2014-11-04,3.952842950820923,4.013874538056965,3.952842950820923,4.013874538056965,7779
2014-11-05,3.961202383041382,3.99046398739568,3.9586944163793536,3.9586944163793536,15038
2014-11-06,3.9444825649261475,3.9829408556272123,3.926089608037665,3.926089608037665,115394
2014-11-07,3.9779224395751953,3.9779224395751953,3.9779224395751953,3.9779224395751953,0
2014-11-10,3.9570231437683105,3.9570231437683105,3.9252535638897674,3.9252535638897674,1447
2014-11-11,3.9444825649261475,3.984612833891735,3.9444825649261475,3.9837768447594737,3757
2014-11-12,3.919400453567505,3.930269107269071,3.901007101974398,3.921072431472518,3256
2014-11-13,3.890138864517212,3.9762521143913436,3.890138864517212,3.9628750937414274,43276
2014-11-14,3.9068591594696045,3.909367524817224,3.891810562021744,3.909367524817224,60000
2014-11-17,3.890138864517212,3.894319208386532,3.875090264442915,3.875926253484872,10161
2014-11-18,3.9018428325653076,3.9018428325653076,3.8667289069281674,3.8867942350976556,3017
2014-11-19,3.9235801696777344,3.936957188116746,3.9127115166095545,3.9210722029663705,1800
2014-11-20,3.9444825649261475,3.949498898379293,3.891811661657484,3.891811661657484,1880
2014-11-21,4.047316551208496,4.062365550632723,3.9252533749731673,3.9252533749731673,40193
2014-11-24,4.0448079109191895,4.0790862515033925,4.034775643976485,4.047316276649509,4580
2014-11-25,4.036447525024414,4.0615287897677375,4.0339391593543725,4.0339391593543725,5445
2014-11-26,4.077414035797119,4.077414035797119,4.050660392687958,4.054840736630539,7548
2014-11-27,4.051495552062988,4.088281451358159,4.051495552062988,4.088281451358159,16358
2014-11-28,3.975414752960205,4.032265974782503,3.975414752960205,4.0088566950508975,27989
2014-12-01,3.845827341079712,3.939464868714255,3.8249260253651522,3.939464868714255,10320
2014-12-02,3.8834500312805176,3.8834500312805176,3.8592047576860975,3.8792696879733652,11398
2014-12-03,3.948662281036377,3.948662281036377,3.9202366617639646,3.9202366617639646,106
2014-12-04,3.894319534301758,3.9662197805013406,3.894319534301758,3.9545151356153116,226
2014-12-05,3.952842950820923,3.952842950820923,3.9043519969274736,3.9043519969274736,71
2014-12-08,3.9227445125579834,3.9745798155717265,3.9227445125579834,3.937793510077409,3255
2014-12-09,3.7898123264312744,3.875089572025755,3.7789436735088198,3.875089572025755,40245
2014-12-10,3.869236707687378,3.8959903445462114,3.869236707687378,3.891810400239712,61000
2014-12-11,3.873417377471924,3.873417377471924,3.873417377471924,3.873417377471924,0
2014-12-12,3.774763584136963,3.833287195805722,3.774763584136963,3.833287195805722,13584
2014-12-15,3.718748092651367,3.819909924650609,3.718748092651367,3.762222704395693,15478
2014-12-16,3.7438299655914307,3.7438299655914307,3.633471452169564,3.712059993870715,31782
2014-12-17,3.707880735397339,3.707880735397339,3.6660784854923505,3.6786191205978866,9863
2014-12-18,3.8399760723114014,3.839976072311401,3.753026830264952,3.7747641407765644,10636
2014-12-19,3.8583686351776123,3.862548978771966,3.817402384199569,3.862548978771966,5885
2014-12-22,3.855025291442871,3.8709102806964895,3.8550252914428715,3.8667299364382592,8140
2014-12-23,3.890138864517212,3.8984995522558514,3.8458282560172106,3.8717459096155524,5275
2014-12-29,3.9394659996032715,3.9394659996032715,3.900171722082734,3.900171722082734,8075
2014-12-30,3.91521954536438,3.9210718658472032,3.891810263433087,3.895990207592651,103775
2015-01-02,3.93612003326416,3.9795946326589298,3.93612003326416,3.970397960122544,3280
2015-01-05,3.9294326305389404,4.013037902445308,3.9294326305389404,4.004677215790878,4942
2015-01-06,3.911041259765625,3.911041259765625,3.911041259765625,3.911041259765625,0
2015-01-07,3.9653842449188232,3.9879575481607166,3.9244175844727116,3.9244175844727116,887
2015-01-08,4.067380905151367,4.0757415920814255,4.0364473202929405,4.0364473202929405,76550
2015-01-09,4.019726276397705,4.0815938437167745,4.019726276397705,4.063200890908265,8081
2015-01-12,3.986283302307129,4.036446214162563,3.986283302307129,4.0339378493071285,25105
2015-01-13,4.065709590911865,4.065709590911865,3.9754163898210315,3.9754163898210315,3300
2015-01-14,4.007185459136963,4.022234056801177,4.007185459136963,4.013037780152929,1001
2015-01-15,4.074069023132324,4.088281630728301,4.038118712403594,4.075741000811983,3186
2015-01-16,4.059856414794922,4.059856414794922,4.048987761492996,4.0523321158395404,600
2015-01-19,4.053169250488281,4.053169250488281,4.018055313891393,4.018055313891393,848
2015-01-20,4.0448079109191895,4.064037253100049,4.0448079109191895,4.063201264076451,1125
2015-01-21,4.079922199249268,4.079922199249268,4.029759270405161,4.0305952594203,1991
2015-01-22,4.1468048095703125,4.159345438200755,4.0673798980389195,4.0673798980389195,6229
2015-01-23,4.237098693847656,4.255492044202428,4.205329122493845,4.205329122493845,5284
2015-01-26,4.345785617828369,4.359998626332071,4.276393350573003,4.276393350573003,10390
2015-01-27,4.349966049194336,4.431062961015416,4.326556762865614,4.431062961015416,5800
2015-01-28,4.349966049194336,4.364178659325556,4.334917051414654,4.364178659325556,4241
2015-01-29,4.320703983306885,4.339096935092803,4.320703983306885,4.322375961107569,300
2015-01-30,4.316524505615234,4.343278149087648,4.309836194412017,4.343278149087648,5165
2015-02-02,4.395946979522705,4.395946979522705,4.339095763060866,4.347456048465556,7110
2015-02-03,4.437751293182373,4.437751293182373,4.380899656402305,4.401800975865881,3075
2015-02-04,4.508815765380859,4.510487743450419,4.472865446268628,4.506307399616991,14104
2015-02-05,4.487914562225342,4.487914562225342,4.456144586115801,4.477045907169948,1648
2015-02-06,4.517176628112793,4.523028950759081,4.481226703094107,4.510488316325547,5922
2015-02-09,4.500455379486084,4.500455379486084,4.468685402076986,4.489586723986106,2955
2015-02-10,4.529717445373535,4.535569767740971,4.529717445373535,4.535569767740971,1150
2015-02-11,4.521356582641602,4.548110226143443,4.518848615434966,4.531389248787235,10009
2015-02-12,4.542258262634277,4.543930240904045,4.527209262227638,4.527209262227638,2962
2015-02-13,4.5815510749816895,4.5815510749816895,4.5815510749816895,4.5815510749816895,0
2015-02-16,4.56901216506958,4.57319211097895,4.5648318205006095,4.56901216506958,2033
2015-02-17,4.56901216506958,4.585733144685862,4.543930496315356,4.57319211097895,470810
2015-02-18,4.598272800445557,4.598272800445557,4.53974918492246,4.53974918492246,2283
2015-02-19,4.550617218017578,4.564830225120881,4.543928908240508,4.564830225120881,210525
2015-02-20,4.554797172546387,4.560649492934482,4.54810886333991,4.560649492934482,5575
2015-02-23,4.579878807067871,4.598271756956857,4.5606494697053375,4.5606494697053375,5293
2015-02-24,4.684386253356934,4.690238575301858,4.669337254644473,4.690238575301858,2520
2015-02-25,4.673516750335693,4.686057380990377,4.648435090366865,4.65261543347158,13426
2015-02-26,4.7571210861206055,4.7613014287569335,4.706958170462919,4.706958170462919,7311
2015-02-27,4.776352405548096,4.778024782632007,4.748762768249132,4.76548374847094,2580
2015-03-02,4.840726852416992,4.857447827435413,4.80728490238015,4.82818622081805,9530
2015-03-03,4.878349781036377,4.945233689818371,4.878349781036377,4.941053345854611,5600
2015-03-04,5.066460132598877,5.070640475950782,5.037198526454511,5.070640475950782,1699
2015-03-05,5.311423301696777,5.321455568506653,5.242031031083061,5.2712926398191975,70947
2015-03-06,5.273800849914551,5.3214554114988655,5.262932195753303,5.279653171489107,16864
2015-03-09,5.200228214263916,5.242030852744391,5.196048269343473,5.242030852744391,7161
2015-03-10,5.1776556968688965,5.216949975655762,5.15424640715069,5.216949975655762,11388
2015-03-11,5.252899169921875,5.254571147782807,5.175146618155808,5.175146618155808,6161
2015-03-12,5.265439510345459,5.296373491020853,5.2253092532834415,5.2253092532834415,6297
2015-03-13,5.2445387840271,5.271292424633504,5.242030817091892,5.271292424633504,2012
2015-03-16,5.271292686462402,5.3256359593528835,5.271292686462402,5.27547303022156,59211
2015-03-17,5.261260032653809,5.262932010570706,5.200228054773121,5.262932010570706,10460
2015-03-18,5.298882484436035,5.30891515031043,5.271292852611218,5.279653540393059,3901
2015-03-19,5.319784164428711,5.359078442873669,5.319784164428711,5.350718153186868,7800
2015-03-20,5.32563591003418,5.388339869862298,5.308914933811918,5.388339869862298,52208
2015-03-23,5.286342144012451,5.325636421979085,5.258752510660597,5.325636421979085,31992
2015-03-24,5.311423301696777,5.350717575902308,5.246211374805229,5.2545716635900455,55452
2015-03-25,5.240359306335449,5.338177201400513,5.2336709952524325,5.338177201400513,1409
2015-03-26,5.206916809082031,5.225309762306483,5.162606204622604,5.225309762306483,14947
2015-03-27,5.236178398132324,5.262932038240813,5.236178398132324,5.254571351293381,35161
2015-03-30,5.346536159515381,5.346536159515381,5.279652268017554,5.279652268017554,90662
2015-03-31,5.403387546539307,5.421780896304,5.329815343458886,5.367437633198226,34573
2015-04-01,5.474452018737793,5.476124395208064,5.434321760662259,5.434321760662259,1352
2015-04-02,5.480304718017578,5.488665404967629,5.455223454486415,5.488665404967629,2145
2015-04-07,5.578958034515381,5.634973276045714,5.4426822793073795,5.4426822793073795,58211
2015-04-08,5.65169620513916,5.65169620513916,5.555550281625387,5.568090915593421,50097
2015-04-09,5.793822765350342,5.793822765350342,5.680956292610382,5.69349692321272,21961
2015-04-10,5.798003196716309,5.835625487755608,5.7520206180346465,5.7520206180346465,40374
2015-04-13,5.833954811096191,5.877429432779056,5.833954811096191,5.860708455105613,29835
2015-04-14,5.7545294761657715,5.8398067355531085,5.735300532547947,5.8398067355531085,42393
2015-04-15,5.813052654266357,5.843986239255715,5.768742049864186,5.768742049864186,3475
2015-04-16,5.785462379455566,5.856526616092824,5.785462379455566,5.848165930060464,7952
2015-04-17,5.687645435333252,5.768742349001561,5.559729947941066,5.768742349001561,63553
2015-04-20,5.68931770324707,5.701858734984578,5.634974428363151,5.693498047159573,8580
2015-04-21,5.7085466384887695,5.731119935881316,5.706038272856537,5.706038272856537,2793
2015-04-22,5.7670698165893555,5.768742193219702,5.693497603298819,5.768742193219702,1140
2015-04-23,5.758709907531738,5.877429121793221,5.735300619759458,5.877429121793221,6825
2015-04-24,5.7353010177612305,5.760382285355039,5.722759985304766,5.722759985304766,6071
2015-04-27,5.741988658905029,5.756201667899345,5.710218684912688,5.735300348238093,25173
2015-04-28,5.683465957641602,5.706039258935111,5.655876322876248,5.685138334571935,15027
2015-04-29,5.538827896118164,5.6976773477705,5.534647552971124,5.6976773477705,7709
2015-04-30,5.521643161773682,5.585110162219733,5.458175757814281,5.521643161773682,184199
2015-05-04,5.532644748687744,5.538568325280768,5.479332155837138,5.504719200888235,32757
2015-05-05,5.456485271453857,5.6274236713930135,5.456485271453857,5.6274236713930135,3430
2015-05-06,5.365091323852539,5.445482891338068,5.343935520773174,5.445482891338068,16741
2015-05-07,5.393017292022705,5.398940868925837,5.27623768570086,5.288931007134226,22859
2015-05-08,5.549569606781006,5.551261942036848,5.4624078848904976,5.513181574186496,7057
2015-05-11,5.59611177444458,5.614729075381058,5.580879547363841,5.59357327168782,3978
2015-05-12,5.5241827964782715,5.559724662963909,5.504719729663996,5.559724662963909,28351
2015-05-13,5.481870651245117,5.572417032033228,5.481870651245117,5.572417032033228,2000
2015-05-14,5.490333557128906,5.490333557128906,5.466639248962848,5.475101328944974,1040
2015-05-15,5.487794399261475,5.525874763419991,5.487794399261475,5.525874763419991,1268
2015-05-18,5.503027439117432,5.52164474329768,5.492026451561272,5.500488935918378,2270
2015-05-19,5.600344181060791,5.644348132773646,5.563956142716131,5.563956142716131,21747
2015-05-20,5.42855978012085,5.58511211911846,5.420097698736013,5.58511211911846,8466
2015-05-21,5.437020778656006,5.437020778656006,5.352397566860857,5.373553369809644,6437
2015-05-22,5.494565010070801,5.494565010070801,5.4751015393909785,5.4751015393909785,717
2015-05-26,5.530106544494629,5.597804801874256,5.530106544494629,5.597804801874256,45483
2015-05-27,5.511488437652588,5.517412013700262,5.492024970986407,5.517412013700262,922
2015-05-28,5.452252388000488,5.504718809538266,5.432789324439506,5.437020565566106,11547
2015-05-29,5.3735551834106445,5.458178020253034,5.3735551834106445,5.449715938325553,30007
2015-06-01,5.339704513549805,5.415865246569089,5.339704513549805,5.390478201058195,190708
2015-06-02,5.276237487792969,5.348166979073044,5.259312925345505,5.348166979073044,81331
2015-06-03,5.257619380950928,5.322779117969459,5.246618396870224,5.314317039799175,3296
2015-06-04,5.1645355224609375,5.238157352175153,5.140840811179896,5.238157352175153,34027
2015-06-05,5.149302959442139,5.191614566428111,5.0773734696740185,5.16622752153385,461982
2015-06-08,5.096837043762207,5.200077165296523,5.096837043762207,5.200077165296523,19186
2015-06-09,4.996981143951416,5.018136540727568,4.958900784133018,5.018136540727568,13182
2015-06-10,5.047755718231201,5.047755718231201,4.937745860015999,4.984288306100861,16292
2015-06-11,5.092606067657471,5.098529644645491,5.043524712961427,5.073142597901532,8955
2015-06-12,5.077373027801514,5.119684631105201,5.077373027801514,5.119684631105201,11000
2015-06-15,5.0054450035095215,5.073143265720527,4.996982922489882,5.073143265720527,618
2015-06-16,5.035061836242676,5.035061836242676,4.925052384981044,4.95043902622858,5902
2015-06-17,5.073143005371094,5.085836731519329,5.073143005371094,5.085836731519329,28
2015-06-18,5.050294399261475,5.050294399261475,5.0350621713910195,5.0350621713910195,1903
2015-06-19,5.029138565063477,5.08583623455306,5.029138565063477,5.068911268009248,5315
2015-06-22,5.073143005371094,5.098530054154114,5.068911763321681,5.073143005371094,5839
2015-06-23,5.18738317489624,5.229694377144274,5.145071569134829,5.183151933617424,11820
2015-06-24,5.189921855926514,5.221232477547135,5.170458790996441,5.170458790996441,10089
2015-06-25,5.106992721557617,5.161997663979953,5.09853063999991,5.161997663979953,8041
2015-06-26,5.077373027801514,5.077373027801514,5.068910545735434,5.077373027801514,2200
2015-06-29,4.908128261566162,5.030831447929645,4.908128261566162,4.992751079142112,4540
2015-06-30,4.950439929962158,5.00121362523967,4.950439929962158,5.00121362523967,5891
2015-07-01,5.013907432556152,5.064681128652519,4.992751624970967,4.992751624970967,3981
2015-07-02,4.975826740264893,5.030831675050861,4.975826740264893,5.026600433102685,3542
2015-07-03,4.944516658782959,4.950440236756766,4.944516658782959,4.950440236756766,250
2015-07-06,4.787963390350342,4.992750883311144,4.787963390350342,4.992750883311144,5568
2015-07-07,4.610254287719727,4.70503190001837,4.610254287719727,4.70503190001837,15106
2015-07-08,4.584869861602783,4.650029224064278,4.561175144466906,4.5696376299111865,21645
2015-07-09,4.749883651733398,4.785425520884823,4.6415665158509425,4.6415665158509425,78392
2015-07-10,4.831966400146484,4.844659718952241,4.815041840567699,4.840428478179212,77574
2015-07-13,4.952978610992432,4.967364268733222,4.844661076524767,4.844661076524767,15214
2015-07-14,4.9741339683532715,4.9927512713962665,4.912359288968421,4.9250530147286735,47633
2015-07-15,4.914897441864014,4.971594702953361,4.914897441864014,4.9208210182384216,6071
2015-07-16,4.971594333648682,4.9842876530061755,4.933513972062855,4.933513972062855,2600
2015-07-17,4.957208633422852,5.018137135653005,4.937745569238149,4.992750495106577,244246
2015-07-20,4.9825968742370605,5.009676259900505,4.853123927217799,4.954671320820613,49656
2015-07-21,4.929283618927002,5.013906839254173,4.929283618927002,5.013906839254173,1000
2015-07-22,4.906435489654541,4.9504394351998515,4.906435489654541,4.933514871798842,1808
2015-07-23,4.855661869049072,4.899665815225104,4.836198802439981,4.8785100097922545,5813
2015-07-24,4.798118591308594,4.861585606182933,4.798118591308594,4.861585606182933,17500
2015-07-27,4.650028705596924,4.747345259788008,4.607717493633667,4.747345259788008,19208
2015-07-28,4.7075724601745605,4.721958118629195,4.658491100152976,4.658491100152976,13787
2015-07-29,4.8175811767578125,4.8175811767578125,4.743113182424789,4.747344423930167,257
2015-07-30,4.762576103210449,4.86158497245958,4.762576103210449,4.86158497245958,5046
2015-07-31,4.747344970703125,4.77273161563249,4.747344970703125,4.77273161563249,204
2015-08-03,4.7456512451171875,4.781193105547522,4.721956940505873,4.7346502603314535,10912
2015-08-04,4.7202653884887695,4.743113529370332,4.696571079946917,4.743113529370332,15672
2015-08-05,4.844659805297852,4.844659805297852,4.747343686863719,4.747343686863719,7830
2015-08-06,4.728726863861084,4.8235044894210715,4.728726863861084,4.8235044894210715,1210
2015-08-07,4.673721790313721,4.721956970879909,4.673721790313721,4.721956970879909,25
2015-08-10,4.7202653884887695,4.730420207439115,4.692339838132035,4.692339838132035,11205
2015-08-11,4.60179328918457,4.696570923712574,4.60179328918457,4.696570923712574,23669
2015-08-12,4.457934379577637,4.506169163574081,4.457934379577637,4.497707083588893,22516
2015-08-13,4.5721755027771,4.6119482104467675,4.565405757463563,4.573868241740579,528
2015-08-14,4.576406478881836,4.576406478881836,4.531556363955859,4.556943411797656,876
2015-08-17,4.584869861602783,4.603486764661279,4.5696376299111865,4.595024279216998,2712
2015-08-18,4.584869861602783,4.584869861602783,4.5527130625361405,4.5823309545640925,7825
2015-08-19,4.470627784729004,4.573867906365918,4.470627784729004,4.523093811453711,4070
2015-08-20,4.280227184295654,4.434240624158048,4.277688277293173,4.434240624158048,17449
2015-08-21,4.087285995483398,4.211681922885247,4.087285995483398,4.197295862058697,8434
2015-08-24,3.8351104259490967,3.911271175858147,3.7234082079563504,3.89265387051703,15608
2015-08-25,4.0576677322387695,4.0576677322387695,3.867266306116163,3.867266306116163,16799
2015-08-26,3.941734790802002,4.029742686849974,3.941734790802002,3.994200819246439,13472
2015-08-27,4.216757297515869,4.248067910047409,4.087284414220297,4.087284414220297,59741
2015-08-28,4.286149501800537,4.286149501800537,4.252300377490265,4.252300377490265,10
2015-08-31,4.184602737426758,4.214220624627159,4.180371495394286,4.214220624627159,9472
2015-09-01,4.066129684448242,4.12959709351329,4.06189884665461,4.12959709351329,11846
2015-09-02,4.032280921936035,4.067822787177453,4.032280921936035,4.049205485165571,153
2015-09-03,4.159214973449707,4.159214973449707,4.086439317763536,4.104210047027593,12940
2015-09-04,4.0619001388549805,4.125367164597226,4.0619001388549805,4.125367164597226,1000
2015-09-07,4.072900295257568,4.121135079698966,4.072900295257568,4.121135079698966,1287
2015-09-08,4.146522045135498,4.154984125031853,4.10421043511347,4.10421043511347,2000
2015-09-09,4.184602737426758,4.2523009958925035,4.184602737426758,4.239607673308538,2001
2015-09-10,4.138060092926025,4.168524552895811,4.138060092926025,4.168524552895811,1238
2015-09-11,4.087285995483398,4.104210559301642,4.087285995483398,4.104210559301642,975
2015-09-14,4.070361137390137,4.078823620444162,4.070361137390137,4.078823620444162,3940
2015-09-15,4.123673439025879,4.123673439025879,4.0728997548430375,4.0728997548430375,1495
2015-09-16,4.193064212799072,4.193064212799072,4.154983847029815,4.185448301050577,28028
2015-09-17,4.167677879333496,4.167677879333496,4.138059590705287,4.138059590705287,850
2015-09-18,4.107595443725586,4.150753220698189,4.0915170483139605,4.150753220698189,3358
2015-09-21,4.159214973449707,4.159214973449707,4.125365850038157,4.125365850038157,1417
2015-09-22,4.0644378662109375,4.104210571122692,4.061899363211934,4.104210571122692,3610
2015-09-23,4.0365118980407715,4.10421014650473,4.0365118980407715,4.053436460156761,2050
2015-09-24,3.867267370223999,3.9857393385299944,3.867267370223999,3.9730460142327284,22396
2015-09-25,4.005201816558838,4.044974926231666,4.002663313480204,4.01112539392243,9268
2015-09-28,3.882498264312744,4.020433673316466,3.882498264312744,4.020433673316466,4151
2015-09-29,3.8799591064453125,3.8799591064453125,3.8799591064453125,3.8799591064453125,0
2015-09-30,4.011124134063721,4.018740447934296,3.9688129381152755,3.9688129381152755,6
2015-10-01,4.028050899505615,4.083055438505805,4.019588414420356,4.083055438505805,25331
2015-10-02,4.070361137390137,4.070361137390137,4.019587449606193,4.044974495254865,4877
2015-10-05,4.2556843757629395,4.2556843757629395,4.180370227295749,4.193063546029247,9861
2015-10-06,4.288687705993652,4.294611282159922,4.252300081474193,4.281917962305539,3718
2015-10-07,4.335231781005859,4.336924116529579,4.328461631884028,4.328461631884028,1487
2015-10-08,4.356386184692383,4.356386184692383,4.3199985582117835,4.33692312010091,1010
2015-10-09,4.390235424041748,4.408852319844747,4.366540716140327,4.366540716140327,33071
2015-10-12,4.3394622802734375,4.41308451898333,4.336923777186485,4.41308451898333,9048
2015-10-13,4.318306922912598,4.33269258091737,4.2988434516534415,4.2988434516534415,900
2015-10-14,4.326768398284912,4.326768398284912,4.294611608927928,4.294611608927928,1
2015-10-15,4.40716028213501,4.413083858631639,4.40716028213501,4.413083858631639,1029
2015-10-16,4.415622234344482,4.446932854578586,4.415622234344482,4.446932854578586,392140
2015-10-19,4.390235424041748,4.421545639550729,4.3623098785805725,4.3623098785805725,8520
2015-10-20,4.394466400146484,4.394466400146484,4.33692297238605,4.387696656324087,3400
2015-10-21,4.386005401611328,4.417315625819791,4.3623110906398495,4.404622302586994,9198
2015-10-22,4.470627784729004,4.470627784729004,4.358079415286043,4.358079415286043,2050
2015-10-23,4.5214009284973145,4.573867352380737,4.48501330231649,4.48501330231649,6631
2015-10-26,4.491783142089844,4.531555842874013,4.491783142089844,4.501937960058863,4042
2015-10-27,4.364848613739014,4.468088722452983,4.364848613739014,4.468088722452983,8287
2015-10-28,4.424086093902588,4.424086093902588,4.3834668110064925,4.3834668110064925,500
2015-10-29,4.462164878845215,4.462164878845215,4.404621448074269,4.408852689502148,900
2015-10-30,4.379234790802002,4.451164280763984,4.379234790802002,4.451164280763984,2476
2015-11-02,4.415622234344482,4.4300082931444855,4.396159170276285,4.413083731710385,2925
2015-11-03,4.487552165985107,4.487552165985107,4.4553953750199184,4.4553953750199184,2050
2015-11-04,4.491783142089844,4.531555842874013,4.491783142089844,4.531555842874013,1242
2015-11-05,4.491783142089844,4.523093360062034,4.491783142089844,4.523093360062034,40047
2015-11-06,4.538326263427734,4.561174405506722,4.44270245307515,4.493476146974396,11855
2015-11-09,4.474859237670898,4.565405638094818,4.468089492534366,4.565405638094818,8714
2015-11-10,4.40716028213501,4.506168747439645,4.40039013455596,4.480782106315056,8600
2015-11-11,4.3733110427856445,4.421545821053743,4.358078816405173,4.417314579806939,2886
2015-11-12,4.344282627105713,4.427267254801477,4.344282627105713,4.405879409485973,2685
2015-11-13,4.264720916748047,4.290386009079529,4.251887962643019,4.277553462913788,5783
2015-11-16,4.280117988586426,4.328882214391242,4.247608912655663,4.247608912655663,12370
2015-11-17,4.365671634674072,4.393048035013506,4.345994681204752,4.345994681204752,15200
2015-11-18,4.305785655975342,4.305785655975342,4.268998503948083,4.27498746110961,2592
2015-11-19,4.314340591430664,4.380214627256539,4.314340591430664,4.380214627256539,6704
2015-11-20,4.344282627105713,4.345993524190403,4.3117731348612836,4.345993524190403,5890
2015-11-23,4.387058734893799,4.405880238122124,4.358826887990608,4.405880238122124,5325
2015-11-24,4.348560333251953,4.354548881064012,4.316050840592645,4.354548881064012,11560
2015-11-25,4.384491920471191,4.422989963579756,4.354549179359754,4.354549179359754,5603
2015-11-26,4.408446311950684,4.427267814016526,4.401602314808228,4.401602314808228,5176
2015-11-27,4.378503799438477,4.422990395109672,4.375937045413211,4.375937045413211,109510
2015-11-30,4.401601791381836,4.414434335490339,4.380213945908183,4.393046897955908,9063
2015-12-01,4.412723064422607,4.422989262015057,4.380213574692914,4.422989262015057,11206
2015-12-02,4.476886749267578,4.495708249862026,4.4743204035170105,4.478598054373862,1345
2015-12-03,4.387058734893799,4.525651623300052,4.380214737328633,4.4700433781969044,10703
2015-12-04,4.378503799438477,4.393047651076864,4.358826847688851,4.3631044991047645,4560
2015-12-07,4.361392974853516,4.393047019666645,4.361392974853516,4.393047019666645,9335
2015-12-08,4.2672858238220215,4.3288825957613595,4.2672858238220215,4.32032770384878,9607
2015-12-09,4.277554035186768,4.277554035186768,4.234778331659163,4.2647214873042225,12515
2015-12-10,4.198846817016602,4.247611067560576,4.179170271811411,4.228789563172031,3588
2015-12-11,4.104740619659424,4.196280573763508,4.089341725795357,4.196280573763508,5165
2015-12-14,4.11329460144043,4.196279225227861,4.11329460144043,4.166336080020701,13014
2015-12-15,4.292952537536621,4.324606176945075,4.20483480049894,4.20483480049894,10758
2015-12-16,4.4212799072265625,4.448655899769723,4.307496653484485,4.320329608920837,6782
2015-12-17,4.541050910949707,4.59409240185404,4.541050910949707,4.555594354742193,10435
2015-12-18,4.485442161560059,4.508540905641568,4.478598164783916,4.478598164783916,35320
2015-12-21,4.4700422286987305,4.512817916374757,4.4700422286987305,4.491430072536743,14793
2015-12-22,4.3956146240234375,4.4785992783937445,4.3956146240234375,4.4785992783937445,13410
2015-12-23,4.517096042633057,4.525650936306056,4.431544658267659,4.431544658267659,53600
2015-12-25,4.517096042633057,4.517096042633057,4.517096042633057,4.517096042633057,0
2015-12-28,4.459777355194092,4.594092597485069,4.459777355194092,4.594092597485069,8771
2015-12-29,4.472609519958496,4.517096109950928,4.472609519958496,4.517096109950928,5781
2015-12-30,4.468332290649414,4.491431036410986,4.452932990828607,4.491431036410986,30522
2016-01-04,4.397325038909912,4.41443523719597,4.358826990781456,4.397325038909912,16636
2016-01-05,4.498273849487305,4.517095346959845,4.440099276064766,4.499985154309735,2311
2016-01-06,4.4212799072265625,4.465766099078863,4.40160295365442,4.448655899769723,5155
2016-01-07,4.2715654373168945,4.3032194902043335,4.2715654373168945,4.29038653452764,6855
2016-01-08,4.140671253204346,4.2604426177361,4.140671253204346,4.256164967018017,13831
2016-01-11,4.105595111846924,4.157781554475953,4.105595111846924,4.140671359105239,11090
2016-01-12,4.103029251098633,4.149226743266256,4.080785953693587,4.080785953693587,9376
2016-01-13,4.050842761993408,4.127838437773044,4.050842761993408,4.10645099935268,14410
2016-01-14,3.9045510292053223,3.99523511965417,3.875463733317486,3.99523511965417,10580
2016-01-15,3.743713855743408,3.931070536243047,3.725748213712899,3.931070536243047,16932
2016-01-18,3.7574031352996826,3.781357330283599,3.7454256298684365,3.7454256298684365,7339
2016-01-19,3.8189990520477295,3.871185081417464,3.81899905204773,3.849797237399627,2165
2016-01-20,3.6051220893859863,3.700083416280193,3.601699886856955,3.700083416280193,10798
2016-01-21,3.724893093109131,3.724893093109131,3.6444752171666503,3.66072955571609,17850
2016-01-22,3.8224222660064697,3.824133163622938,3.7411489180733737,3.7411489180733737,9149
2016-01-25,3.7967560291290283,3.841242209365144,3.7967560291290283,3.841242209365144,2487
2016-01-26,3.830120325088501,3.830120325088501,3.7129153265954664,3.7214702186054818,20046
2016-01-27,3.871185064315796,3.871185064315796,3.824131726096583,3.832687026841601,3703
2016-01-28,3.771946668624878,3.8326880141562847,3.771946668624878,3.8326880141562847,2719
2016-01-29,3.961014747619629,3.9866798408780317,3.8840186519658175,3.8840186519658175,9983
2016-02-01,3.949892997741699,3.9909573906719995,3.949892997741699,3.9909573906719995,5835
2016-02-02,3.8617746829986572,3.9353485630706477,3.861774682998657,3.9353485630706477,70
2016-02-03,3.7873454093933105,3.8497976431082326,3.7514141213729673,3.841242341423825,1112
2016-02-04,3.8095884323120117,3.841242067230671,3.8095884323120117,3.8309762770571,1189
2016-02-05,3.734304189682007,3.785635193142729,3.734304189682007,3.785635193142729,3909
2016-02-08,3.578601360321045,3.748847889744207,3.5674797113460928,3.748847889744207,19382
2016-02-09,3.533259153366089,3.6016999414703452,3.5161489563400243,3.5768902985612985,27299
2016-02-10,3.535825252532959,3.567479298394276,3.507593409013682,3.507593409013682,8192
2016-02-11,3.389533042907715,3.49219422115432,3.389533042907715,3.49219422115432,5569
2016-02-12,3.43744158744812,3.43744158744812,3.3920993459878943,3.4134871918848004,26102
2016-02-15,3.554647207260132,3.554647207260132,3.4348754132099355,3.4348754132099355,2126
2016-02-16,3.578601360321045,3.578601360321045,3.5546471649717,3.5546471649717,92
2016-02-17,3.699228286743164,3.699228286743164,3.6401982455849047,3.6401982455849047,16046
2016-02-18,3.689816951751709,3.7556909729247887,3.6701400046914943,3.73858077927813,14081
2016-02-19,3.661585807800293,3.708638747287222,3.661585807800293,3.708638747287222,2616
2016-02-22,3.7599685192108154,3.7599685192108154,3.7103488366276745,3.7103488366276745,2060
2016-02-23,3.700939178466797,3.7770794093573903,3.700939178466797,3.759969213027203,1268
2016-02-24,3.681262254714966,3.7086386506274045,3.6701406066236393,3.7086386506274045,32219
2016-02-25,3.7479915618896484,3.7556910063203905,3.7385808125215876,3.7385808125215876,904
2016-02-26,3.8395321369171143,3.8626308845171144,3.824132835870677,3.8626308845171144,205
2016-02-29,3.8797402381896973,3.8797402381896973,3.7728014187649386,3.7728014187649386,7375
2016-03-01,3.9062612056732178,3.9182383013024156,3.8669077166318995,3.8840179115220717,6361
2016-03-02,3.949892997741699,3.9652922980677965,3.922516599808402,3.9652922980677965,11691
2016-03-03,3.9678587913513184,3.9866798871552414,3.9661478938980452,3.9866798871552414,1528
2016-03-04,4.063676834106445,4.063676834106445,4.012346228312565,4.0380113272398095,18274
2016-03-07,4.05511999130249,4.067097495257485,3.9995121620691108,4.067097495257485,9316
2016-03-08,3.990957498550415,4.016622999787667,3.990957498550415,4.016622999787667,2460
2016-03-09,4.016623020172119,4.020900263783949,3.9866798672534793,4.020900263783949,1210
2016-03-10,3.916527032852173,4.0893402704151915,3.916527032852173,4.063674776543778,25402
2016-03-11,4.0414323806762695,4.050843131839122,4.008067435214456,4.008067435214456,661
2016-03-14,4.072231769561768,4.090197418768665,4.072231769561768,4.090197418768665,3503
2016-03-15,3.9952335357666016,4.0465641095611815,3.9952335357666016,4.0465641095611815,11147
2016-03-16,4.02346658706665,4.029455135421277,4.012344938988163,4.029455135421277,900
2016-03-17,4.063676834106445,4.067954486574117,4.012346228312565,4.067954486574117,11521
2016-03-18,4.129549026489258,4.162058106741824,4.115005179264797,4.136393021914052,7738
2016-03-21,4.1124396324157715,4.1235612801175945,4.089340888410332,4.089340888410332,8814
2016-03-22,4.098751068115234,4.136393660673283,4.098751068115234,4.136393660673283,8712
2016-03-23,4.042287349700928,4.106450887024604,4.042287349700928,4.106450887024604,500
2016-03-24,3.96529221534729,4.015766950807835,3.96529221534729,4.015766950807835,3612
2016-03-29,4.0080671310424805,4.11928360747498,3.9781243904411325,4.11928360747498,7697
2016-03-30,4.083352565765381,4.083352565765381,4.059398369442158,4.059398369442158,1
2016-03-31,4.065386772155762,4.072231177663957,4.046565676856466,4.046565676856466,3350
2016-04-01,4.029454708099365,4.050842553357401,3.9926675653028374,4.050842553357401,4089
2016-04-04,4.002078533172607,4.057686770697595,4.002078533172607,4.057686770697595,2706
2016-04-05,3.920804977416992,3.9610139142173,3.905405679938401,3.9610139142173,8046
2016-04-06,3.922515630722046,3.922515630722046,3.922515630722046,3.922515630722046,0
2016-04-07,3.889150619506836,3.935348100268583,3.8711849778705103,3.898561368528371,11873
2016-04-08,3.9293603897094727,3.9567367861964104,3.892573650136501,3.9267940437603555,2638
2016-04-11,3.956735849380493,3.96871294351916,3.9233709123059883,3.94390330679466,1730
2016-04-12,4.0063557624816895,4.0063557624816895,3.9747017204707618,3.982401572818932,2200
2016-04-13,4.104740619659424,4.104740619659424,4.072231526438027,4.072231526438027,2601
2016-04-14,4.100461006164551,4.123559741551483,4.100461006164551,4.106449552081937,7744
2016-04-15,4.070518493652344,4.085062340507207,4.0593968483924945,4.085062340507207,3173
2016-04-18,4.064530372619629,4.064530372619629,4.008066691991228,4.0208992354233555,51593
2016-04-19,4.0893402099609375,4.0893402099609375,4.080784909483881,4.080784909483881,500
2016-04-20,4.11329460144043,4.11329460144043,4.063674916868382,4.085062761176582,5526
2016-04-21,4.1175737380981445,4.1175737380981445,4.066242730055232,4.093619131698336,3996
2016-04-22,4.109018325805664,4.109018325805664,4.089341779857304,4.089341779857304,39
2016-04-25,4.053409576416016,4.106451474155872,4.053409576416016,4.106451474155872,891
2016-04-26,4.050842761993408,4.059397655773706,4.042287460273871,4.059397655773706,2821
2016-04-27,4.087629795074463,4.093618343536578,4.042287753315909,4.042287753315909,6011
2016-04-28,4.0927629470825195,4.0927629470825195,4.032877461697697,4.032877461697697,241
2016-04-29,3.9866795539855957,4.068808743968706,3.9866795539855957,4.068808743968706,3273
2016-05-02,3.922515630722046,4.055119528274675,3.922515630722046,4.055119528274675,2636
2016-05-03,3.8284101486206055,3.9952348753425766,3.8284101486206055,3.9952348753425766,8259
2016-05-04,3.818143844604492,3.8540755428848983,3.8027449532807247,3.804455850552418,1508
2016-05-05,3.8309762477874756,3.8455196883867897,3.830976247787475,3.8455196883867897,151
2016-05-06,3.8070218563079834,3.8070218563079834,3.772801466296077,3.8070218563079834,1005
2016-05-09,3.746281147003174,3.841242469646692,3.746281147003174,3.8369652266009484,10922
2016-05-10,3.7813570499420166,3.807022140396519,3.7642468536592624,3.7642468536592624,32474
2016-05-11,3.8523640632629395,3.8523640632629395,3.7984671301913426,3.7984671301913426,6825
2016-05-12,3.786958694458008,3.830287907727249,3.782625690487483,3.830287907727249,4764
2016-05-13,3.8172879219055176,3.819887475412404,3.773958724381264,3.819887475412404,2299
2016-05-17,3.812955617904663,3.8389528106066764,3.7826250087950775,3.8389528106066764,9718
2016-05-18,3.794757604598999,3.804289716016519,3.7826251126911687,3.804289716016519,2504
2016-05-19,3.7002999782562256,3.8129555807826354,3.7002999782562256,3.8129555807826354,6049
2016-05-20,3.7912912368774414,3.791291236877441,3.7566280357691406,3.76529362943724,3241
2016-05-23,3.799957752227783,3.816422423722069,3.769627137286081,3.769627137286081,26505
2016-05-24,3.864950656890869,3.864950656890869,3.789558214861218,3.812955855035318,1250
2016-05-25,3.8736164569854736,3.8822824643654514,3.8432862575915014,3.8432862575915014,8295
2016-05-26,3.851952075958252,3.8900813495488413,3.851952075958252,3.8900813495488413,85
2016-05-27,3.8779494762420654,3.8779494762420654,3.873616472534683,3.873616472534683,400
2016-05-30,3.876216411590576,3.876216411590576,3.860617846289297,3.860617846289297,5990
2016-05-31,3.882281541824341,3.882281541824341,3.869282947061187,3.882281541824341,4367
2016-06-01,3.9290771484375,3.9377431544968267,3.903946474657694,3.903946474657694,7072
2016-06-02,3.9377429485321045,3.942942469252156,3.927343907092002,3.936876430615078,1823
2016-06-03,3.8952813148498535,3.977606737427042,3.8909483108788434,3.9524756449695837,6565
2016-06-06,3.9386091232299805,3.9386091232299805,3.9039459302621933,3.9126115218952124,4881
2016-06-07,3.985405445098877,3.990604966739205,3.9602747681855943,3.990604966739205,3073
2016-06-08,3.9585423469543457,3.9585423469543457,3.9559427920679973,3.9585423469543457,7000
2016-06-09,3.9368770122528076,3.962007688430975,3.9368770122528076,3.9516086454545087,2672
2016-06-10,3.8216209411621094,3.899613340195752,3.8216209411621094,3.899613340195752,1390
2016-06-13,3.7332301139831543,3.76442682733943,3.7332301139831543,3.7592273062437305,8866
2016-06-14,3.689901113510132,3.7306303533327143,3.689901113510132,3.6968336709488376,8001
2016-06-15,3.725430965423584,3.7349634905045495,3.7245644473649433,3.7245644473649433,1447
2016-06-16,3.7002999782562256,3.7002999782562256,3.674302372589391,3.674302372589391,4516
2016-06-17,3.74796199798584,3.754028037468888,3.7219648039779045,3.7219648039779045,130236
2016-06-20,3.8493518829345703,3.856284440161202,3.810355680360111,3.810355680360111,2423
2016-06-21,3.8172879219055176,3.8320195515469107,3.8112214706204126,3.8146879551807795,1528
2016-06-22,3.8779494762420654,3.8822824799494478,3.8545518347273693,3.8545518347273693,951
2016-06-23,3.882281541824341,3.890947133927151,3.867549498066323,3.867549498066323,957
2016-06-24,3.7895586490631104,3.8129562919180775,3.7306308696339343,3.7306308696339343,4287
2016-06-27,3.713298797607422,3.7973572455602262,3.713298797607422,3.7973572455602262,994
2016-06-28,3.819021701812744,3.820754737821729,3.782625053098536,3.782625053098536,6005
2016-06-29,3.9256112575531006,3.9256112575531006,3.8675500060020602,3.871883009231469,5878
2016-06-30,3.985405445098877,3.985405445098877,3.9429431671238224,3.9490092068345444,265
2016-07-01,3.9958038330078125,4.003602907580158,3.9793387527169544,3.9975368688643567,1227
2016-07-04,3.986271381378174,4.005336429016179,3.986271381378174,4.005336429016179,11
2016-07-05,3.9429433345794678,3.9776065381751478,3.9368772946111226,3.9776065381751478,1257
2016-07-06,3.9559412002563477,3.9576742361498987,3.934276598715339,3.9576742361498987,1966
2016-07-07,3.9897384643554688,4.02006866302833,3.9862719788422996,3.9992705763852445,19051
2016-07-08,4.056465148925781,4.066863778604519,3.963740694111947,3.963740694111947,451
2016-07-11,4.131857395172119,4.131857395172119,4.0807291143571,4.083328668349659,4097
2016-07-12,4.152654647827148,4.152654647827148,4.126657457652562,4.126657457652562,10819
2016-07-13,4.0815958976745605,4.127524660272085,4.0815958976745605,4.127524660272085,8581
2016-07-14,4.118858337402344,4.118858337402344,4.0980606660512295,4.114525747465398,1920
2016-07-15,4.089395523071289,4.099794567551195,4.089395523071289,4.099794567551195,1246
2016-07-18,4.110193729400635,4.110193729400635,4.081596562873286,4.100661202818844,4518
2016-07-19,4.137923240661621,4.137923240661621,4.117991674780022,4.118858192736976,1903
2016-07-20,4.188185214996338,4.188185214996338,4.150922048419066,4.166520612094524,4280
2016-07-21,4.202049732208252,4.210715737424438,4.181251650263702,4.210715737424438,3727
2016-07-22,4.189918041229248,4.195117562194085,4.181252035215216,4.181252035215216,14
2016-07-25,4.185585021972656,4.204650069842346,4.185585021972656,4.194251027953044,1981
2016-07-26,4.228048801422119,4.228048801422119,4.208983748619661,4.208983748619661,12
2016-07-27,4.216782569885254,4.247112767417889,4.216782569885254,4.225448163515456,3927
2016-07-28,4.12492561340332,4.185586016812306,4.12492561340332,4.185586016812306,65
2016-07-29,4.1093268394470215,4.1162593975984185,4.106726871879006,4.107593389995683,21127
2016-08-01,4.143989086151123,4.172586243485363,4.129257041916803,4.16825324068493,148630
2016-08-02,4.072929859161377,4.098927466665246,4.055598258564782,4.098927466665246,460
2016-08-03,4.111926078796387,4.12405815793643,4.081595880946279,4.100660517706639,12682
2016-08-04,4.187317848205566,4.189917815156655,4.172586217281651,4.176919220054875,4163
2016-08-05,4.21245002746582,4.21245002746582,4.195984943226774,4.198584497634942,254
2016-08-08,4.227180480957031,4.227180480957031,4.215914921900401,4.215914921900401,129
2016-08-09,4.237581253051758,4.23844777129962,4.237581253051758,4.23844777129962,150
2016-08-10,4.137923240661621,4.155254839454446,4.137923240661621,4.155254839454446,478
2016-08-11,4.149188995361328,4.159588037768888,4.13965647095141,4.142256438162264,2048
2016-08-12,4.15525484085083,4.169986472559832,4.15525484085083,4.169986472559832,1534
2016-08-15,4.176052570343018,4.1812520913776945,4.139656336318195,4.139656336318195,2746
2016-08-16,4.146588325500488,4.181251518839968,4.146588325500488,4.17605199851726,52043
2016-08-17,4.103260517120361,4.146589312499189,4.103260517120361,4.146589312499189,5395
2016-08-18,4.198584079742432,4.198584079742432,4.166520845809701,4.16825388190932,1624
2016-08-19,4.171719074249268,4.174318627592932,4.159586998876513,4.163919587782622,986
2016-08-22,4.15092134475708,4.181251535747304,4.15092134475708,4.181251535747304,1592
2016-08-23,4.187317848205566,4.189917815156655,4.187317848205566,4.189917815156655,420
2016-08-24,4.202049732208252,4.202049732208252,4.1899176554798885,4.1899176554798885,750
2016-08-25,4.169120788574219,4.171720756183952,4.159588675919843,4.171720756183952,7939
2016-08-26,4.223714351654053,4.223714351654053,4.16825307502283,4.16825307502283,100
2016-08-29,4.189050674438477,4.189050674438477,4.163919592664457,4.163919592664457,901
2016-08-30,4.201184272766113,4.201184272766113,4.189052192981223,4.195118232873669,42
2016-08-31,4.1630539894104,4.202916708675042,4.1630539894104,4.202916708675042,7597
2016-09-01,4.148322582244873,4.185585336393152,4.145722614968284,4.176919742979714,1351
2016-09-02,4.215915203094482,4.215915203094482,4.171719895032007,4.171719895032007,4
2016-09-05,4.259244441986084,4.268776965970283,4.246245846166112,4.261844409080825,55828
2016-09-06,4.285242557525635,4.29737463683247,4.272243546938632,4.272243546938632,5264
2016-09-07,4.306906700134277,4.319905710574596,4.293908102911914,4.312106221666814,1633
2016-09-08,4.306906700134277,4.3311712716920985,4.289575099431808,4.3311712716920985,25652
2016-09-09,4.25491189956665,4.310373187121805,4.25491189956665,4.310373187121805,2333
2016-09-12,4.172586917877197,4.172586917877197,4.145722792034076,4.155255317092141,12539
2016-09-13,4.103260517120361,4.194251524599244,4.103260517120361,4.194251524599244,43520
2016-09-14,4.052999019622803,4.103260789227143,4.052999019622803,4.103260789227143,120381
2016-09-15,4.084194183349609,4.084194183349609,4.055597030364714,4.072928625712595,3770
2016-09-16,4.089395523071289,4.111926648371749,4.0746638877397645,4.111926648371749,1617
2016-09-19,4.145723342895508,4.145723342895508,4.108460582204444,4.108460582204444,795
2016-09-20,4.149188995361328,4.1552550345627495,4.138789952953768,4.1552550345627495,13
2016-09-21,4.1682538986206055,4.189918502824523,4.1682538986206055,4.175186456264831,351
2016-09-22,4.227180480957031,4.227180480957031,4.194250734898935,4.194250734898935,20
2016-09-23,4.214182376861572,4.220248416043245,4.198583813301017,4.220248416043245,21595
2016-09-26,4.131857395172119,4.165654076382959,4.131857395172119,4.165654076382959,2151
2016-09-27,4.167386531829834,4.167386531829834,4.142255860530939,4.142255860530939,51442
2016-09-28,4.1682538986206055,4.176919905589354,4.163054377082947,4.17258690210498,26086
2016-09-29,4.211583137512207,4.220248731325723,4.181252526120005,4.181252526120005,1595
2016-09-30,4.105859756469727,4.120591801964064,4.093727678165179,4.093727678165179,1787
2016-10-04,4.119724750518799,4.155254462841153,4.119724750518799,4.155254462841153,2376
2016-10-05,4.124058246612549,4.124058246612549,4.090261562616604,4.092861530041349,26
2016-10-06,4.136190414428711,4.162188023142072,4.136190414428711,4.15785501948685,1019
2016-10-07,4.098060607910156,4.155254926445647,4.098060607910156,4.155254926445647,1456
2016-10-10,4.136190414428711,4.136190414428711,4.072930048647167,4.090261650050083,207
2016-10-11,4.0876617431640625,4.116258903672829,4.085928707138663,4.116258903672829,3391
2016-10-12,4.097194194793701,4.109326273191369,4.08332866718356,4.095460745581228,3015
2016-10-13,4.088528633117676,4.088528633117676,4.053865430148702,4.0729300678162454,1994
2016-10-14,4.154387950897217,4.168253063407449,4.104126194916349,4.104126194916349,2285
2016-10-17,4.130123138427734,4.146588216815103,4.111925024384173,4.1214575469289265,24481
2016-10-18,4.177785396575928,4.178651914416187,4.150921277438627,4.16391987147822,1540
2016-10-19,4.224581241607666,4.224581241607666,4.174319481060033,4.17518599901842,4148
2016-10-20,4.189918041229248,4.2176486819690755,4.163920436405062,4.2176486819690755,927
2016-10-21,4.220249176025391,4.220249176025391,4.20291757335412,4.20291757335412,893
2016-10-24,4.195984840393066,4.23411452997102,4.194251804163428,4.228915008064118,6661
2016-10-25,4.15525484085083,4.18558503544399,4.15525484085083,4.170853403734988,31704
2016-10-26,4.157855033874512,4.1595884832733825,4.157855033874512,4.1595884832733825,25
2016-10-27,4.126657962799072,4.15265515615599,4.126657962799072,4.15265515615599,271
2016-10-28,4.090260982513428,4.098926988409567,4.062530755368753,4.062530755368753,1472
2016-10-31,4.078995704650879,4.081595671886548,4.059931068867011,4.066863626132242,2636
2016-11-01,3.975006341934204,4.0729299071188825,3.9750063419342037,4.068597316832184,56986
2016-11-02,3.8909473419189453,3.9394760652295826,3.8909473419189453,3.9394760652295826,391
2016-11-03,3.815556287765503,3.8996147560690337,3.815556287765503,3.8736171425459656,7840
2016-11-04,3.828554153442383,3.828554153442383,3.7930240234087895,3.828554153442383,8034
2016-11-07,3.9325432777404785,3.9325432777404785,3.8822815215099715,3.9169447161755886,1856
2016-11-08,3.9377429485321045,3.955941064443339,3.9039462704607164,3.955941064443339,209
2016-11-09,3.819021701812744,3.819021701812744,3.7592274141055118,3.760960863332429,114692
2016-11-10,3.700174331665039,3.8136605887515116,3.6808202586196117,3.8136605887515116,3814
2016-11-11,3.6421124935150146,3.710732066882138,3.6280368772049947,3.710732066882138,19933
2016-11-14,3.675541877746582,3.7098516576264293,3.6597064979194127,3.7098516576264293,19982
2016-11-15,3.734485149383545,3.747681512371692,3.6931375521335714,3.7195298586183845,11894
2016-11-16,3.7459211349487305,3.7503199218943526,3.721288599239507,3.7503199218943526,5129
2016-11-17,3.772313117980957,3.772313117980957,3.728326091229009,3.7388830112087867,17417
2016-11-18,3.756478786468506,3.7696747303806117,3.756478786468506,3.7582381337923882,12450
2016-11-21,3.7503204345703125,3.756478569339447,3.7432826261900827,3.756478569339447,13389
2016-11-22,3.7767128944396973,3.8004657608741903,3.7767128944396973,3.782871029460066,4170
2016-11-23,3.806623697280884,3.833015583279309,3.8004655625818202,3.8092627180841405,3060
2016-11-24,3.851490020751953,3.860287595821974,3.822458694207233,3.8532497874608382,40829
2016-11-25,3.8426923751831055,3.844451722176184,3.8180598393143454,3.844451722176184,79620
2016-11-28,3.862046718597412,3.8752430804355398,3.8426926418561793,3.8426926418561793,11200
2016-11-29,3.83829402923584,3.8752432567759265,3.83829402923584,3.8576485263492297,4373
2016-11-30,3.848850965499878,3.866445695991076,3.8180602920131474,3.8268574475130146,61129
2016-12-01,3.7943077087402344,3.8444524636455797,3.7828711120966476,3.8356553074920874,29227
2016-12-02,3.7538399696350098,3.7652765668452117,3.7476818341750175,3.761757452514566,7217
2016-12-05,3.7547190189361572,3.7775922095527568,3.747681210936768,3.7617568269355464,29898
2016-12-06,3.737123727798462,3.7547184548995647,3.737123727798462,3.7547184548995647,1091
2016-12-07,3.8031046390533447,3.8031046390533447,3.7591176024234865,3.7819907943523776,12100
2016-12-08,3.8646862506866455,3.8646862506866455,3.800465465049406,3.8268573503705285,7359
2016-12-09,3.873483419418335,3.884040341380037,3.826857363663699,3.8514899019133657,2342
2016-12-12,3.8400533199310303,3.870844412343306,3.82685737717803,3.870844412343306,3384
2016-12-13,3.8532493114471436,3.8743627339222906,3.852369637947106,3.8532493114471436,4324
2016-12-14,3.8180599212646484,3.8576481658985373,3.8180599212646484,3.8576481658985373,5123
2016-12-15,3.831256151199341,3.845331767487807,3.8092626336935886,3.8206992292372632,4298
2016-12-16,3.8294966220855713,3.8294966220855713,3.7960665106245073,3.8048636655139565,10278
2016-12-19,3.851490020751953,3.85237011385213,3.83829407763839,3.840053424855807,8958
2016-12-20,3.866445302963257,3.8893184922258794,3.8514895947948413,3.8514895947948413,11403
2016-12-21,3.833895206451416,3.8558887241551223,3.8268573982438383,3.847091568768515,7945
2016-12-22,3.813661575317383,3.825977844940724,3.80046563207687,3.8180603628947107,22176
2016-12-23,3.8154211044311523,3.8268577009825,3.8119024097947327,3.8154211044311523,13320
2016-12-27,3.848850965499878,3.848850965499878,3.848850965499878,3.848850965499878,0
2016-12-28,3.884920120239258,3.9069136383402308,3.8752432910883448,3.8752432910883448,11110
2016-12-29,3.869964838027954,3.877882319984556,3.8620469365798846,3.8726038588496654,15442
2016-12-30,3.8638062477111816,3.8717237287342474,3.8488505396771493,3.8655655947182144,6824
2017-01-02,3.913949966430664,3.9271463239953044,3.8849186509745484,3.8849186509745484,7036
2017-01-03,3.93066668510437,3.958818339234211,3.923628876444781,3.923628876444781,10199
2017-01-04,3.9676148891448975,3.9676148891448975,3.9508998357166325,3.9632161025603274,15348
2017-01-05,3.9438626766204834,3.988729389043304,3.9429830029637993,3.950900904856939,12880
2017-01-06,3.959697723388672,3.9667355315337303,3.9447424335168555,3.9535395888253144,12789
2017-01-09,3.9702537059783936,3.9852094118031016,3.9640955728720684,3.9702537059783936,12107
2017-01-10,3.9764130115509033,3.9843304937388737,3.953539819128455,3.967615855729989,3002
2017-01-11,4.007203102111816,4.007203102111816,3.9667351844542558,3.9667351844542558,22634
2017-01-12,3.965855360031128,3.994007008568321,3.9544187659219996,3.9887285482493846,1547
2017-01-13,4.005444049835205,4.016000971651626,3.9852102992632723,3.991368433740943,10891
2017-01-16,4.0045647621154785,4.008083876223844,3.9772927813772427,3.9772927813772427,90
2017-01-17,4.008963584899902,4.020400181487637,3.982571277585326,3.984330624909133,20833
2017-01-18,4.0265583992004395,4.044153131273875,4.020400263949312,4.044153131273875,3223
2017-01-19,3.998406410217285,4.028317410296152,3.998406410217285,4.004564544954362,13464
2017-01-20,3.9878487586975098,3.992247545417148,3.9878487586975098,3.992247545417148,25
2017-01-23,3.965855360031128,3.986969201306873,3.965855360031128,3.97201349382132,4303
2017-01-24,3.9649763107299805,3.9781722538589372,3.9588181759703693,3.9588181759703693,13900
2017-01-25,4.000165939331055,4.000165939331055,3.976413072909143,3.976413072909143,200
2017-01-26,4.01863956451416,4.020399330957176,4.001924509999642,4.0151208706109385,3840
2017-01-27,3.9878487586975098,4.008082925913012,3.9878487586975098,4.008082925913012,13989
2017-01-30,3.93066668510437,3.9931281283776277,3.93066668510437,3.980811858350476,17535
2017-01-31,3.906034469604492,3.92011008809322,3.89459787227308,3.9148316262870666,4229
2017-02-01,3.9746530055999756,3.9755326790871384,3.96321641128404,3.9755326790871384,1316
2017-02-02,3.969374895095825,3.969374895095825,3.957058626207017,3.963216760651421,3543
2017-02-03,4.0036845207214355,4.008083307860253,4.0036845207214355,4.008083307860253,3859
2017-02-06,3.9896082878112793,4.014241242871512,3.9896082878112797,4.014241242871512,826
2017-02-07,3.9834506511688232,4.010722630090871,3.9834506511688232,4.010722630090871,2764
2017-02-08,4.001045227050781,4.019519630320127,3.9852102639578826,4.011602148773678,9365
2017-02-09,4.040633201599121,4.045031988602611,4.029196607084898,4.029196607084898,750
2017-02-10,4.080221176147461,4.080221176147461,4.060867101898435,4.0679049089443176,59462
2017-02-13,4.141802787780762,4.14532148143578,4.103973894549693,4.103973894549693,11027
2017-02-14,4.168196201324463,4.168196201324463,4.15060146810347,4.15324090880696,17294
2017-02-15,4.206023216247559,4.222738268211398,4.177871571860638,4.186668724767671,5549
2017-02-16,4.185789585113525,4.2095424463297455,4.185789585113525,4.204263986115986,8784
2017-02-17,4.196347236633301,4.196347236633301,4.154999640664724,4.184910640759559,3265
2017-02-20,4.218339920043945,4.234175300310558,4.211302113089245,4.216580573178116,17968
2017-02-21,4.29047966003418,4.29047966003418,4.2183413796772475,4.2183413796772475,1195
2017-02-22,4.284320831298828,4.343263157077994,4.284320831298828,4.343263157077994,13597
2017-02-23,4.251770496368408,4.275523359642325,4.251770496368408,4.270244898971296,2681
2017-02-24,4.2077836990356445,4.245612599376343,4.174353586081809,4.245612599376343,19909
2017-02-27,4.185789585113525,4.2095424463297455,4.178751777992311,4.2095424463297455,1653
2017-02-28,4.185789585113525,4.197226178994772,4.185789585113525,4.1875493515123745,2645
2017-03-01,4.231535911560059,4.254409099057262,4.2227387576334205,4.2227387576334205,10395
2017-03-02,4.218339920043945,4.230656187087516,4.218339920043945,4.226257400431559,3838
2017-03-03,4.191948413848877,4.205144776317064,4.191948413848877,4.205144776317064,1882
2017-03-06,4.176992893218994,4.201625430614236,4.1699546658276905,4.190188835467668,3327
2017-03-07,4.190187454223633,4.190187454223633,4.161156139151504,4.161156139151504,4856
2017-03-08,4.187550067901611,4.219220415110809,4.187550067901611,4.192828109526922,125955
2017-03-09,4.1462016105651855,4.1813910679313455,4.131246321904849,4.1813910679313455,75013
2017-03-10,4.099575519561768,4.131246282584731,4.099575519561768,4.131246282584731,456
2017-03-13,4.1462016105651855,4.1462016105651855,4.11453126673221,4.117170287263533,10392
2017-03-14,4.1462016105651855,4.169954473312773,4.1462016105651855,4.160277645206502,493
2017-03-15,4.141802787780762,4.141802787780762,4.122448294712663,4.132125541246713,3337
2017-03-16,4.18139123916626,4.187549792974391,4.1611574891232515,4.163796509762646,1082
2017-03-17,4.165555953979492,4.18315068202147,4.1567583802128,4.169954321371432,17561
2017-03-20,4.149720668792725,4.170834510727593,4.14796132179529,4.170834510727593,46835
2017-03-21,4.045031547546387,4.14708121354484,4.045031547546387,4.14708121354484,6135
2017-03-22,4.0256781578063965,4.033595639300868,3.9852102377952607,4.033595639300868,84490
2017-03-23,4.037993907928467,4.039753254814278,4.011601607184339,4.020399180596177,2637
2017-03-24,4.036235332489014,4.054710158206808,4.026558502270397,4.026558502270397,430
2017-03-27,3.9878487586975098,3.9878487586975098,3.9588174375341216,3.9834499719778713,7816
2017-03-28,4.040633201599121,4.040633201599121,4.040633201599121,4.040633201599121,0
2017-03-29,4.089019775390625,4.089019775390625,4.047672172453486,4.059988444009949,2757
2017-03-30,4.080221176147461,4.089018330081968,4.080221176147461,4.089018330081968,9559
2017-03-31,4.097815990447998,4.097815990447998,4.073183455519103,4.08901841683545,7346
2017-04-03,4.112772464752197,4.1303671957670005,4.112772464752197,4.1268480817674495,16887
2017-04-04,4.119811058044434,4.119811058044434,4.099576882802681,4.101336649883414,102608
2017-04-05,4.108372688293457,4.108372688293457,4.093416981759354,4.093416981759354,1325
2017-04-06,4.097815990447998,4.097815990447998,4.073183455519103,4.081980609640251,1759
2017-04-07,4.125088214874268,4.125088214874268,4.101335351971015,4.101335351971015,6511
2017-04-10,4.126846790313721,4.138283382868955,4.112771177703285,4.125967116961987,2517
2017-04-11,4.124208450317383,4.145321872714521,4.11541087636668,4.12332835732918,7396
2017-04-12,4.103974342346191,4.156758528353272,4.103974342346191,4.156758528353272,37072
2017-04-13,4.124208450317383,4.128606817801319,4.11101208939133,4.12332835732918,5705
2017-04-18,4.075822353363037,4.104853674225342,4.06438575970542,4.09605652036869,8651
2017-04-19,4.075822353363037,4.081980486910108,4.052949166047804,4.052949166047804,3255
2017-04-20,4.040633201599121,4.045031988602611,4.030076280587313,4.045031988602611,7096
2017-04-21,4.051190376281738,4.053829396954228,4.051190376281738,4.053829396954228,50
2017-04-24,4.01863956451416,4.046791213196958,4.016000544086744,4.046791213196958,2006
2017-04-25,4.014242172241211,4.030956811324504,4.011602731681239,4.0186405406886525,1679
2017-04-26,4.03183650970459,4.042393012436255,4.011602338861677,4.011602338861677,20144
2017-04-27,3.9808108806610107,4.002804394375656,3.9808108806610107,4.000164954594379,9023
2017-04-28,3.992248058319092,4.002804980005963,3.992248058319092,4.001045213397187,5738
2017-05-02,4.03183650970459,4.045032452737771,4.019519820783293,4.03623487772134,8387
2017-05-03,4.069664478302002,4.090778320085234,4.0379941351185655,4.0379941351185655,4020
2017-05-04,4.023037910461426,4.068784282120765,4.023037910461426,4.068784282120765,5051
2017-05-05,4.042392730712891,4.042392730712891,4.003684577914354,4.011602059284183,20520
2017-05-08,4.040633201599121,4.048551102103686,4.030076280587313,4.045031988602611,17271
2017-05-09,4.084620952606201,4.084620952606201,4.051190836673556,4.051190836673556,3175
2017-05-10,4.103974342346191,4.103974342346191,4.072303998538511,4.074943019067725,71233
2017-05-11,4.062650203704834,4.091172596745275,4.062650203704834,4.089389654981805,3139
2017-05-12,4.067107677459717,4.076911946411709,4.0555204664124584,4.076020687872073,4194
2017-05-15,4.084933280944824,4.091172514451676,4.063541380340811,4.071563130559363,5319
2017-05-16,4.04660701751709,4.084934109705852,4.042150299817747,4.084934109705852,14324
2017-05-17,3.976191282272339,4.036801094471581,3.976191282272339,4.036801094471581,43583
2017-05-18,3.9004290103912354,3.988669958551801,3.886168027361924,3.988669958551801,37664
2017-05-19,3.9262778759002686,3.9262778759002686,3.910233950211373,3.920929900670637,3667
2017-05-22,3.9137988090515137,3.961038900625457,3.9084512590764047,3.961038900625457,12082
2017-05-23,3.946779489517212,3.961040478496788,3.9218225462949223,3.9351922765902825,9891
2017-05-24,3.982431650161743,3.982431650161743,3.9565834530376125,3.9574747115569298,4099
2017-05-25,4.000256538391113,4.010952486491208,4.000256538391113,4.0091699701464645,13249
2017-05-26,3.9913442134857178,3.997583446773973,3.975300288594822,3.997583446773973,1163
2017-05-29,3.9779744148254395,3.991344565923055,3.9779744148254395,3.991344565923055,6866
2017-05-30,3.995800018310547,3.995800018310547,3.9663863721019075,3.9931262436624158,1330
2017-05-31,3.9512343406677246,3.996691912208745,3.948560140862796,3.996691912208745,14514
2017-06-01,3.9735171794891357,3.979756411847114,3.9476685668496603,3.9646037475401226,11628
2017-06-02,3.946779489517212,3.975301892492427,3.9432140297642864,3.975301892492427,5754
2017-06-05,3.946779489517212,3.946779489517212,3.946779489517212,3.946779489517212,0
2017-06-06,3.946779489517212,3.948562006885643,3.9218225462949223,3.931626816837357,23679
2017-06-07,3.9378650188446045,3.96638698623756,3.935190818766574,3.9405387939067293,8545
2017-06-08,3.9200379848480225,3.9307339346730723,3.9039944851263355,3.9307339346730723,2986
2017-06-09,3.946779489517212,3.953018725322784,3.9351922765902825,3.953018725322784,5498
2017-06-12,3.9129080772399902,3.920930253313898,3.8995383504714116,3.8995383504714116,15079
2017-06-13,3.9066689014434814,3.912908135696425,3.893299174475167,3.912908135696425,16240
2017-06-14,3.89953875541687,3.93251787155441,3.89953875541687,3.9111259664904927,4136
2017-06-15,3.897756338119507,3.897756338119507,3.8861691267492415,3.8861691267492415,2300
2017-06-16,3.881711959838867,3.9066688968211127,3.8727985251932324,3.9039951214369966,18980
2017-06-19,3.9289517402648926,3.9342997156160195,3.912907814211512,3.9209299897461634,5985
2017-06-20,3.902212142944336,3.932517480442843,3.902212142944336,3.9307345385208436,4521
2017-06-21,3.9048850536346436,3.9129068020784246,3.8763626674783582,3.895080363857723,1422
2017-06-22,3.964603900909424,3.964603900909424,3.8950806590746208,3.9129070986464285,1430
2017-06-23,3.9601480960845947,3.969061530429609,3.9334086430814366,3.9396478771165695,6443
2017-06-26,3.9717350006103516,3.988670184552145,3.9717350006103516,3.984213467722008,9796
2017-06-27,3.9378650188446045,3.9753004198097877,3.926277810210252,3.9753004198097877,4299
2017-06-28,3.9441041946411133,3.9441041946411133,3.9039945941846566,3.917364319331509,943
2017-06-29,3.8710145950317383,3.928950624029076,3.8710145950317383,3.928950624029076,615
2017-06-30,3.9066689014434814,3.9191473699493686,3.903995126056201,3.913799394158852,5032
2017-07-03,3.966386556625366,3.966386556625366,3.9111247195172223,3.929842417972439,6839
2017-07-04,3.930734872817993,3.9351915904780927,3.9209306039849614,3.9334090734204485,555
2017-07-05,3.919147253036499,3.9271694289909425,3.9039950095953415,3.926278170555103,795
2017-07-06,3.881711959838867,3.9173648483894916,3.87725524251605,3.9173648483894916,14828
2017-07-07,3.897756338119507,3.897756338119507,3.8834949260397926,3.8897341610071656,45800
2017-07-10,3.9111251831054688,3.9111251831054688,3.879929015315738,3.9039946911843746,1791
2017-07-11,3.8861687183380127,3.9129081725263233,3.8861687183380127,3.9129081725263233,4350
2017-07-12,3.9494521617889404,3.9494521617889404,3.886168144529605,3.8995378696496665,9004
2017-07-13,3.966386556625366,3.985104680096443,3.957473549034441,3.957473549034441,3396
2017-07-14,3.9931259155273438,3.9931259155273438,3.966386046164184,3.975299477623839,8544
2017-07-17,3.995800018310547,4.002039250838692,3.9735172878619363,3.9993654761905613,5998
2017-07-18,3.9842138290405273,3.9904534881781246,3.9663873851192526,3.975300819587864,4183
2017-07-19,4.062650203704834,4.067998178963411,4.012735909630085,4.012735909630085,4798
2017-07-20,4.026997089385986,4.069780464002869,4.026997089385986,4.064432489048772,5967
2017-07-21,4.019866943359375,4.037693386400209,4.010953509330994,4.037693386400209,8299
2017-07-24,4.013628005981445,4.01986766593245,4.008280454622304,4.010954230301875,6627
2017-07-25,4.0314531326293945,4.0314531326293945,4.002039484701939,4.013626692219296,7205
2017-07-26,4.0314531326293945,4.0385840488061255,4.024322641468528,4.036801107254011,7072
2017-07-27,4.0047149658203125,4.017193435598249,3.989562295366532,4.009171683602719,113135
2017-07-28,3.9868874549865723,4.009170612931762,3.9842132550248883,4.009170612931762,4335
2017-07-31,3.9690608978271484,4.01808350386351,3.9690608978271484,4.010953012533546,4124
2017-08-01,3.9842138290405273,3.995801038840154,3.97975753682217,3.9904534881781246,3477
2017-08-02,3.946779489517212,4.002041353083148,3.946779489517212,4.001150094398932,4799
2017-08-03,3.9779744148254395,3.9931270827296985,3.977083156422118,3.977083156422118,900
2017-08-04,4.028780460357666,4.028780460357666,3.9833228761162527,3.9833228761162527,13535
2017-08-07,4.04482364654541,4.053736655046488,4.019866712723308,4.053736655046488,5865
2017-08-08,4.076019763946533,4.076019763946533,4.055519547133774,4.055519547133774,22
2017-08-09,4.033236503601074,4.055519662740156,4.033236503601074,4.055519662740156,765
2017-08-10,3.9690608978271484,4.019866445457907,3.96638669794349,4.019866445457907,1967
2017-08-11,3.946779489517212,3.9503449492701375,3.922713804979138,3.9503449492701375,7391
2017-08-14,3.946779489517212,3.946779489517212,3.946779489517212,3.946779489517212,0
2017-08-15,4.022540092468262,4.028779325310649,4.01095288504442,4.028779325310649,2674
2017-08-16,4.054627895355225,4.0555195787156775,4.023431728216395,4.023431728216395,6272
2017-08-17,4.000256538391113,4.024322209108416,4.000256538391113,4.018974235058368,318
2017-08-18,3.9913442134857178,3.9913442134857178,3.9574738470546795,3.973517771945575,2852
2017-08-21,3.9592580795288086,3.9913459432165275,3.9592580795288086,3.9913459432165275,1945
2017-08-22,3.982431650161743,3.982431650161743,3.9565834530376125,3.9565834530376125,2810
2017-08-23,3.9815402030944824,3.9815402030944824,3.9396480795585163,3.973518451784519,80593
2017-08-24,3.9628219604492188,3.9637132188049757,3.9628219604492188,3.9637132188049757,405
2017-08-25,3.967277765274048,3.997582667483047,3.967277765274048,3.981538745719762,472
2017-08-28,3.9369730949401855,3.957473735894253,3.9280600869284155,3.95123450278125,4131
2017-08-29,3.9146907329559326,3.9146907329559326,3.8781461641024215,3.912907791172107,8422
2017-08-30,3.964603900909424,3.9735173332032496,3.9503429192583153,3.966386417361851,7927
2017-08-31,3.9833221435546875,4.001148585564834,3.9637131848482974,3.9637131848482974,1826
2017-09-01,3.9949090480804443,3.9993657644977794,3.9619303666302557,3.986887298541938,2870
2017-09-04,3.967277765274048,3.969951539726691,3.9476683858914297,3.965494823956477,423
2017-09-05,3.964603900909424,3.9842128569336586,3.9619301262307824,3.9726256499611914,7053
2017-09-06,3.9726269245147705,3.9726269245147705,3.9530179621993145,3.968170631953972,2870
2017-09-07,3.9512343406677246,3.957473573524741,3.944103849547686,3.9539081154567906,4090
2017-09-08,3.9378650188446045,3.954799777603207,3.932517043704449,3.9530172608951237,364
2017-09-11,3.977083206176758,3.977083206176758,3.9539087873367533,3.9663872551712274,11218
2017-09-12,3.995800018310547,4.008278908382677,3.995800018310547,3.997582959758474,1377
2017-09-13,3.9868874549865723,3.9868874549865723,3.967278497003066,3.967278497003066,15032
2017-09-14,4.024322032928467,4.0332354642935995,3.9931258731821053,3.9931258731821053,5012
2017-09-15,4.019866943359375,4.033236669386019,4.010953509330994,4.033236669386019,2661
2017-09-18,4.01540994644165,4.028779671536326,4.01540994644165,4.019866663145175,4379
2017-09-19,3.9868874549865723,4.0011484380625975,3.9753002468563445,3.9984746631168004,4420
2017-09-20,3.9779744148254395,3.9931270827296985,3.9779744148254395,3.9931270827296985,148
2017-09-21,3.9886701107025146,4.010953269424721,3.9842133939548927,4.004714035984412,7180
2017-09-22,3.9779744148254395,3.9851053320838727,3.961930913533788,3.9851053320838727,40183
2017-09-25,3.953908681869507,3.969061349559146,3.9485607065093946,3.969061349559146,305
2017-09-26,3.9494521617889404,3.954799711824246,3.935190753313763,3.936973269992198,45584
2017-09-27,3.9690608978271484,3.9842131387763375,3.9690608978271484,3.9842131387763375,386
2017-09-28,3.9565842151641846,3.969062686870224,3.9530187553841447,3.9646059683991908,40727
2017-09-29,3.9690608978271484,3.973517614289329,3.958364948324265,3.958364948324265,2842
2017-10-02,3.982431650161743,3.9868883677743123,3.963713946208133,3.9868883677743123,7000
2017-10-03,3.982431650161743,3.982431650161743,3.982431650161743,3.982431650161743,0
2017-10-04,4.035909652709961,4.042148885299273,4.019866154632211,4.042148885299273,6942
2017-10-05,4.070672035217285,4.070672035217285,4.025214457121321,4.040367124825284,15916
2017-10-06,4.04482364654541,4.064432605260504,4.037693154741367,4.053736655046488,7613
2017-10-09,4.030563831329346,4.058194976136359,4.026998796525906,4.042151044472667,9824
2017-10-10,4.028780460357666,4.030562977381727,4.019867450221378,4.026997943333605,6094
2017-10-11,4.0314531326293945,4.049279998055357,4.028779357825019,4.049279998055357,25269
2017-10-12,4.055519104003906,4.055519104003906,4.030561748198282,4.045714413329701,4294
2017-10-13,4.073346138000488,4.073346138000488,4.055519695548194,4.073346138000488,1360
2017-10-16,4.053736686706543,4.078694045739467,4.047497453202288,4.078694045739467,17986
2017-10-17,4.073346138000488,4.076019913111171,4.04660626181409,4.060867670785473,2933
2017-10-18,4.071563720703125,4.089390165451648,4.071563720703125,4.078694638615309,304
2017-10-19,4.006496906280518,4.0430410518013264,4.000257672289549,4.0430410518013264,499926
2017-10-20,4.039475917816162,4.053736902294061,4.035910459188723,4.0510631270854285,1634
2017-10-23,4.07512903213501,4.0920642177854285,4.064433080669907,4.064433080669907,530
2017-10-24,4.0403666496276855,4.044823366077146,4.026105667008457,4.037692874767533,2811
2017-10-25,4.001148700714111,4.051062994788548,3.9931269503342532,4.040367044271461,21072
2017-10-26,4.084933280944824,4.084933280944824,4.021649262504542,4.021649262504542,90117
2017-10-27,4.17406702041626,4.17406702041626,4.0920652714243255,4.0920652714243255,2118
2017-10-30,4.1642608642578125,4.174065556355682,4.147325680186907,4.149999880311741,4246
2017-10-31,4.1642608642578125,4.1642608642578125,4.1642608642578125,4.1642608642578125,0
2017-11-01,4.177631378173828,4.188327330659717,4.165152908612289,4.174066344022528,14251
2017-11-02,4.1696085929870605,4.182087059456133,4.164260618069474,4.165151876386424,2672
2017-11-03,4.1384124755859375,4.144651708894004,4.106324625702262,4.144651708894004,23966
2017-11-06,4.187435150146484,4.187435150146484,4.1321733078247505,4.15178226638745,6551
2017-11-07,4.142868518829346,4.187434832657091,4.14197726055533,4.187434832657091,7321
2017-11-08,4.154455661773682,4.15802111983013,4.117911523012498,4.117911523012498,60
2017-11-09,4.07512903213501,4.1473260670005185,4.0671072810441595,4.1473260670005185,9593
2017-11-10,4.0403666496276855,4.089389255524141,4.0403666496276855,4.089389255524141,61890
2017-11-13,4.038584232330322,4.073345856462056,4.018974849477005,4.073345856462056,49374
2017-11-14,3.9868874549865723,4.047497270583509,3.9868874549865723,4.047497270583509,4719
2017-11-15,3.9628219604492188,3.9628219604492188,3.928951592835007,3.950343493436805,165048
2017-11-16,4.018338203430176,4.018338203430176,3.9640114870300165,3.9640114870300165,13849
2017-11-17,3.9522414207458496,3.965823317954153,3.932321909286141,3.965823317954153,17086
2017-11-20,3.9631073474884033,3.9676346472223205,3.9477151328389772,3.9658239000275803,7189
2017-11-21,3.9703495502471924,3.98755250494425,3.965822252394178,3.965822252394178,107290
2017-11-22,3.959484815597534,3.975782399573885,3.959484815597534,3.965822860865438,8937
2017-11-23,3.9395642280578613,3.941375406227804,3.938658854846331,3.941375406227804,2352
2017-11-24,3.9341318607330322,3.952240621602174,3.9341318607330322,3.9386591588870465,237
2017-11-27,3.877995491027832,3.9015369273357012,3.875279370721688,3.898820807029557,2927
2017-11-28,3.956768035888672,3.956768035888672,3.888860288573005,3.888860288573005,2845
2017-11-29,3.9277944564819336,3.973971955339363,3.9277944564819336,3.9468090254799235,20471
2017-11-30,3.8888604640960693,3.9259833618808773,3.8888604640960693,3.9060638529651883,7240
2017-12-01,3.8417770862579346,3.8897653213559007,3.8417770862579346,3.8888599481271675,12374
2017-12-04,3.8241214752197266,3.88886063764195,3.8182363323160518,3.877995293476894,18454
2017-12-05,3.825479030609131,3.825479030609131,3.8028429731534903,3.81733023989373,1682
2017-12-06,3.8399665355682373,3.8399665355682373,3.7946944178484237,3.8028432090693487,3386
2017-12-07,3.871203899383545,3.871203899383545,3.8272904887089947,3.839060773160132,20102
2017-12-08,3.9305107593536377,3.9305107593536377,3.9124019966796317,3.915118116794601,20611
2017-12-11,3.946808099746704,3.9649168593212063,3.9386588773027036,3.961294934707552,34835
2017-12-12,3.9531469345092773,3.9612957268358833,3.9440923370379637,3.9612957268358833,9808
2017-12-13,3.97261381149292,3.9766886396796943,3.961295995632769,3.9703505937184898,6461
2017-12-14,3.980309009552002,3.9957016492523354,3.948618788694702,3.961294877037622,57045
2017-12-15,3.995248794555664,3.995248794555664,3.9676329686573526,3.9721602664759303,50155
2017-12-18,4.037352085113525,4.0382574583722635,4.000229191023845,4.000229191023845,119159
2017-12-19,4.01652717590332,4.043690535123591,4.011094504059266,4.043690535123591,3539
2017-12-20,4.002039432525635,4.022864310089437,3.992079464442553,4.022864310089437,5856
2017-12-21,4.059082508087158,4.061799059723731,4.028297657269851,4.028297657269851,2945
2017-12-22,4.06632661819458,4.068137364903566,4.0482178558638715,4.058177394510244,19017
2017-12-27,4.086246013641357,4.088962133629331,4.074475296866262,4.074475296866262,13113
2017-12-28,4.07900333404541,4.085341380245562,4.069948735618327,4.085341380245562,4475
2017-12-29,4.081718444824219,4.0853403696484945,4.074475026922578,4.08262381809356,11247
2018-01-02,4.101637363433838,4.112049801061481,4.05772353269275,4.083528607310927,10700
2018-01-03,4.12382173538208,4.149173915112741,4.1206527129157475,4.1206527129157475,6332
2018-01-04,4.064063549041748,4.113862544622798,4.064063549041748,4.113862544622798,10582
2018-01-05,4.107976913452148,4.120200101651974,4.09892231619572,4.101185965509828,46574
2018-01-08,4.175431728363037,4.178148280216003,4.128349290963521,4.146458053577783,31584
2018-01-09,4.18629789352417,4.217082752832911,4.184487146431609,4.202143009951681,6390
2018-01-10,4.164566993713379,4.182675757099556,4.153701649332278,4.178600929146412,1250
2018-01-11,4.213912487030029,4.221156336758429,4.183127636798531,4.199878553580176,10763
2018-01-12,4.19489860534668,4.237454174263916,4.17950639517818,4.237454174263916,20677
2018-01-15,4.133781909942627,4.13785673809544,4.125180646278677,4.132424065638685,30864
2018-01-16,4.141477584838867,4.175884361106948,4.140572211528696,4.140572211528696,17356
2018-01-17,4.117936611175537,4.127896582192394,4.108882445316831,4.127896582192394,10450
2018-01-18,4.110239505767822,4.1369495246127705,4.107070052145568,4.130611480861961,24268
2018-01-19,4.120200157165527,4.124274553287032,4.110693088966361,4.119294783777078,19977
2018-01-22,4.129708290100098,4.131519469090927,4.110241677862075,4.124728519306242,13718
2018-01-23,4.1093339920043945,4.144193666850341,4.1039013210121285,4.139213466588417,49710
2018-01-24,4.039616584777832,4.082172159128003,4.039616584777832,4.082172159128003,19120
2018-01-25,4.030562877655029,4.050029922234091,4.021961180364146,4.050029922234091,2927
2018-01-26,4.040521144866943,4.045500913709639,4.033277726982956,4.0341831002500905,43121
2018-01-29,4.0685906410217285,4.087151875860453,4.0581777671216015,4.063610439494323,20046
2018-01-30,4.051838397979736,4.088961287279829,4.047764002967641,4.088961287279829,28150
2018-01-31,4.0572710037231445,4.068136344746283,4.05636563059569,4.060440025542657,4735
2018-02-01,4.0029449462890625,4.060893147040528,4.0029449462890625,4.060893147040528,32234
2018-02-02,3.9440927505493164,4.002493442422505,3.9440927505493164,4.002493442422505,17015
2018-02-05,3.9191927909851074,3.9296056648655537,3.895651354663471,3.9296056648655537,21850
2018-02-06,3.8218579292297363,3.8390608856414628,3.7575716748993755,3.792883824528154,106770
2018-02-07,3.9042532444000244,3.9042532444000244,3.8349872080122624,3.8367983867212896,126973
2018-02-08,3.822763442993164,3.877542200198424,3.821858069648433,3.8761843560548006,6697
2018-02-09,3.771153688430786,3.799222423917278,3.761646619652521,3.799222423917278,8245
2018-02-12,3.8300063610076904,3.833628285660261,3.8150666234045323,3.816877369857373,42767
2018-02-13,3.847209930419922,3.868487713366309,3.8381553342315478,3.868487713366309,7309
2018-02-14,3.8757312297821045,3.890218497702358,3.8757312297821045,3.877541976367041,3561
2018-02-15,3.9223620891571045,3.943640309255772,3.9178352216598533,3.9241732679030243,16300
2018-02-16,4.005661487579346,4.005661487579346,3.9735187935756695,3.984383704582043,30529
2018-02-19,3.9929864406585693,4.022413454276261,3.9929864406585693,4.022413454276261,57274
2018-02-20,4.038257122039795,4.038257122039795,3.9929850088982217,4.013810319102343,2410
2018-02-21,4.0771918296813965,4.0771918296813965,4.052745020326572,4.052745020326572,2508
2018-02-22,4.0572710037231445,4.064967322926771,4.03689859724147,4.043689543317643,10532
2018-02-23,4.020601749420166,4.058177551439853,4.020601749420166,4.045048989671599,4933
2018-02-26,4.05636739730835,4.05636739730835,4.029204032919756,4.029204032919756,4211
2018-02-27,4.063610553741455,4.079003197854757,4.057725410357959,4.062705180278379,47809
2018-02-28,4.032372951507568,4.059083412568806,4.032372951507568,4.059083412568806,628
2018-03-01,4.029202461242676,4.05727118820424,4.029202461242676,4.05727118820424,7696
2018-03-02,3.935490369796753,3.9966076032577975,3.9268886754930445,3.9966076032577975,19306
2018-03-05,3.9916276931762695,3.9916276931762695,3.9359431334377852,3.9359431334377852,4085
2018-03-06,3.99072265625,4.013811622785165,3.99072265625,4.000230157130192,11814
2018-03-07,4.001134872436523,4.001134872436523,3.9753297897140025,3.9753297897140025,14197
2018-03-08,4.020601749420166,4.02648732407239,3.9934388207471887,4.0110946812099275,2806
2018-03-09,4.069042205810547,4.069042205810547,4.02920276119733,4.02920276119733,31675
2018-03-12,4.087151050567627,4.087151050567627,4.058629850180189,4.058629850180189,5742
2018-03-13,4.050933837890625,4.104354749707925,4.050933837890625,4.092584033006707,5712
2018-03-14,4.070854187011719,4.079003412101441,4.065421514200913,4.07809803859081,11325
2018-03-15,4.075380802154541,4.092131288656764,4.071306406167184,4.092131288656764,4132
2018-03-16,4.090320587158203,4.095753259117054,4.063610129921749,4.063610129921749,28104
2018-03-19,4.05636739730835,4.087605158418475,4.045502051552912,4.084888606106101,68803
2018-03-20,4.131516933441162,4.133327679573599,4.095751890971266,4.095751890971266,6558
2018-03-21,4.152342319488525,4.152342319488525,4.119746726364919,4.1215574727198785,962
2018-03-22,4.08669900894165,4.117483861572149,4.060893925608941,4.117483861572149,2524
2018-03-23,4.035540580749512,4.0482171005882055,4.015621075426198,4.039615407704915,16230
2018-03-26,4.054102897644043,4.093942346478867,4.039616060838801,4.093942346478867,7133
2018-03-27,4.110692501068115,4.137855857571607,4.1057127322703515,4.137855857571607,445
2018-03-28,4.041880130767822,4.059083089359628,4.0350891824508315,4.04550162447263,994
2018-03-29,4.052742958068848,4.052742958068848,4.008376660787165,4.022863491645374,4505
2018-04-03,4.080360412597656,4.096205956871112,4.047764814221232,4.047764814221232,8751
2018-04-04,4.086246013641357,4.092584058693568,4.041426795737755,4.092584058693568,178389
2018-04-05,4.194446086883545,4.194446086883545,4.121558137504167,4.141930548397452,84151
2018-04-06,4.146457195281982,4.185843735021513,4.146457195281982,4.170903998163523,4923
2018-04-09,4.171357154846191,4.175884453243867,4.145552072075766,4.164113736458074,4269
2018-04-10,4.175884246826172,4.200783955035635,4.169546202081496,4.200783955035635,28832
2018-04-11,4.156417369842529,4.163208317364394,4.132423465743088,4.163208317364394,5376
2018-04-12,4.19082498550415,4.19082498550415,4.158681851593956,4.158681851593956,2537
2018-04-13,4.1641130447387695,4.187654474399785,4.152795232371571,4.172261835103403,9240
2018-04-16,4.097564220428467,4.144194621204888,4.097564220428467,4.144194621204888,12710
2018-04-17,4.132876396179199,4.134234672184023,4.083077404054456,4.092584472594262,67085
2018-04-18,4.174979209899902,4.1776953299749096,4.123821945304836,4.123821945304836,8527
2018-04-19,4.19082498550415,4.202142801892844,4.185845215372649,4.197615934385579,42470
2018-04-20,4.175431728363037,4.195351669461595,4.166377562929385,4.195351669461595,726
2018-04-23,4.17905330657959,4.193087671996025,4.162755292055962,4.193087671996025,95321
2018-04-24,4.1867499351501465,4.205311168399312,4.184033383322933,4.205311168399312,7798
2018-04-25,4.146457195281982,4.153700612478945,4.134233577967779,4.151889434369553,20324
2018-04-26,4.20485782623291,4.20485782623291,4.165018384416218,4.165018384416218,5951
2018-04-27,4.297213554382324,4.307626428112463,4.2428872632889645,4.2428872632889645,8543
2018-04-30,4.308530807495117,4.340673931198528,4.306719629320315,4.306719629320315,73555
2018-05-02,4.306267261505127,4.324828923949001,4.279556808193984,4.279556808193984,11361
2018-05-03,4.263712406158447,4.31305892555226,4.263712406158447,4.297666282746991,64740
2018-05-04,4.3071722984313965,4.3071722984313965,4.239717032557107,4.270049408189144,2652
2018-05-07,4.341579437255859,4.344295556980845,4.308983410074656,4.312605334788199,3393
2018-05-08,4.3049092292785645,4.329356035010062,4.3049092292785645,4.329356035010062,7158
2018-05-09,4.313059329986572,4.340675163714702,4.310795680435479,4.340675163714702,12437
2018-05-10,4.407223224639893,4.407223224639893,4.34157913583445,4.34610643347534,8335
2018-05-11,4.371459484100342,4.408582382339994,4.371459484100342,4.408582382339994,6621
2018-05-14,4.390926837921143,4.400433906504081,4.360594453575349,4.374175918444264,9997
2018-05-15,4.401339054107666,4.411299024765575,4.390926612633966,4.407677099504437,3702
2018-05-16,4.438913822174072,4.449779163680781,4.401338029357895,4.428048480667363,93081
2018-05-17,4.452287673950195,4.457776458068502,4.416153214855202,4.430332537476968,43057
2018-05-18,4.4102067947387695,4.445426089048198,4.4102067947387695,4.445426089048198,11758
2018-05-21,4.4102067947387695,4.4102067947387695,4.4102067947387695,4.4102067947387695,0
2018-05-22,4.4897942543029785,4.4897942543029785,4.453660229383117,4.460978463216796,21362
2018-05-23,4.456403732299805,4.478358866700453,4.456403732299805,4.474699532231585,11346
2018-05-24,4.405633926391602,4.477902419847064,4.402889752000002,4.47195649056207,9670
2018-05-25,4.392826080322266,4.396942559238358,4.377732033492389,4.391911355697168,12389
2018-05-28,4.387337684631348,4.396028223648321,4.382763624894763,4.393741193780028,17374
2018-05-29,4.365383148193359,4.383678953453605,4.336567353054915,4.383678953453605,84242
2018-05-30,4.35943603515625,4.3667542680322695,4.354404831842666,4.364467238469834,30139
2018-05-31,4.374987602233887,4.390081649680717,4.367669368727674,4.381848691512018,33057
2018-06-01,4.367669582366943,4.387795270751356,4.366297277202928,4.385508240880112,19009
2018-06-04,4.2336530685424805,4.294486848499432,4.227707139181633,4.294486848499432,12003
2018-06-05,4.218101501464844,4.249661903715811,4.218101501464844,4.248746742781456,5914
2018-06-06,4.143087863922119,4.204836355193186,4.131653152000647,4.204836355193186,5214
2018-06-07,4.116559982299805,4.150864561577691,4.116559982299805,4.150864561577691,42417
2018-06-08,4.1078691482543945,4.111985627680002,4.085456865443362,4.1055821183054215,10526
2018-06-11,4.11107063293457,4.121133476807873,4.104667123980559,4.121133476807873,15746
2018-06-12,4.1202192306518555,4.125708015565094,4.107411775050044,4.116559895307569,10518
2018-06-13,4.135313987731934,4.149035734259855,4.125708721541742,4.149035734259855,4004
2018-06-14,4.175563812255859,4.175563812255859,4.094604779570699,4.101008289305816,6482
2018-06-15,4.1193037033081055,4.189742739924806,4.115644804495608,4.185168680202841,15516
2018-06-18,4.139245510101318,4.148576398482088,4.1220476415911875,4.148576398482088,97904
2018-06-19,4.109973430633545,4.119761465215062,4.0753940436118175,4.081797553022071,20104
2018-06-20,4.113358974456787,4.149493009904996,4.109242493988823,4.148578284935056,6989
2018-06-21,4.093232154846191,4.143087918235436,4.0813398623611885,4.133025511198643,7730
2018-06-22,4.108142852783203,4.108142852783203,4.101922551093473,4.107410898629251,48645
2018-06-25,4.037429332733154,4.071276758781896,4.037429332733154,4.071276758781896,53086
2018-06-26,4.022792816162109,4.037429281387913,4.006326465628376,4.037429281387913,8798
2018-06-27,4.028738975524902,4.043375877798696,3.990317924942998,4.020048437482858,3100
2018-06-28,3.9722976684570312,4.002668976995153,3.9473239782202727,4.002668976995153,26498
2018-06-29,3.9971790313720703,4.011815497503992,3.991232667114147,4.011815497503992,36058
2018-07-02,3.9724807739257812,3.979799008929366,3.956929142862551,3.9724807739257812,100370
2018-07-03,4.020048141479492,4.022335170922822,3.9958064145514802,4.000837617603046,19739
2018-07-04,3.994892120361328,3.9958068449959447,3.979340492953912,3.9843721327537702,8703
2018-07-05,3.9871163368225098,3.9935198455195833,3.9729370143628993,3.9729370143628993,540
2018-07-06,4.013920783996582,4.013920783996582,3.9871172087271876,4.002668839653099,4974
2018-07-09,4.0724663734436035,4.077223203495293,4.070362550303824,4.070362550303824,2959
2018-07-10,4.071552276611328,4.0781389932419225,4.059843188232849,4.0772238322160295,2376
2018-07-11,4.035600185394287,4.049779507688478,4.032398431083102,4.043833143278388,13213
2018-07-12,4.069904327392578,4.09185946103467,4.064415543982055,4.087285402158191,3830
2018-07-13,4.0689897537231445,4.097348396361247,4.058469766882205,4.087743134088266,6710
2018-07-16,4.035600185394287,4.060299495252897,4.033770736132555,4.052523681581075,3185
2018-07-17,4.049322605133057,4.049322605133057,4.026453176914107,4.041089645870746,182964
2018-07-18,4.062586307525635,4.069904540387237,4.0465775368264145,4.0465775368264145,1637
2018-07-19,4.06395959854126,4.068533658766924,4.05069499836939,4.062587293232283,5059
2018-07-20,4.082712173461914,4.086371508548441,4.073564490055125,4.0744792147751685,10883
2018-07-23,4.074479579925537,4.0859142942603786,4.070820244511065,4.084542425160544,2172
2018-07-24,4.1202192306518555,4.127079884638617,4.100093540567854,4.100093540567854,5611
2018-07-25,4.158182144165039,4.158182144165039,4.121133396285392,4.125707455793552,9467
2018-07-26,4.168703556060791,4.171447730692132,4.139430178961019,4.139430178961019,1233
2018-07-27,4.165958404541016,4.194774197359138,4.152236660752344,4.194774197359138,7333
2018-07-30,4.132568836212158,4.147205741973206,4.132568836212158,4.143546406481344,7098
2018-07-31,4.154979705810547,4.154979705810547,4.102836919102118,4.123419747294426,14687
2018-08-01,4.137599468231201,4.144918138202096,4.125707610992762,4.144918138202096,5058
2018-08-02,4.152692794799805,4.152692794799805,4.109240112363358,4.1275359097777224,3824
2018-08-03,4.118846893310547,4.145375656679379,4.118846893310547,4.137599841762286,21230
2018-08-06,4.113358974456787,4.117933035512957,4.091861410940556,4.117933035512957,488
2018-08-07,4.129365921020508,4.136227009562613,4.1261641669421145,4.130280645584866,2685
2018-08-08,4.101464748382568,4.114271764351111,4.090944761866447,4.111527590731965,677
2018-08-09,4.110156059265137,4.110156059265137,4.090487951238204,4.096434316174733,4396
2018-08-10,4.1055827140808105,4.129367305553965,4.087286908040418,4.129367305553965,7809
2018-08-13,4.066704273223877,4.079968875027509,4.065331967746084,4.078596569549716,7952
2018-08-14,3.9921481609344482,4.0044980360304665,3.9830004768909832,4.0008387006892505,6520
2018-08-15,3.9473235607147217,3.98574461855366,3.920337216887931,3.9852874742687456,6244
2018-08-16,3.963789463043213,3.9697353915133218,3.938632571639198,3.951897169896666,4953
2018-08-17,3.965161085128784,3.967905695179782,3.9610446062585885,3.9669909705648836,34191
2018-08-20,4.010901927947998,4.018220163121449,4.008157317128939,4.010444347409346,11700
2018-08-21,4.050694942474365,4.059385482300651,4.03102683274052,4.03102683274052,17267
2018-08-22,4.00312614440918,4.022336675471294,3.9999243892321608,4.022336675471294,8834
2018-08-23,3.977968215942383,4.002210381859023,3.976138766660253,4.000380932576894,10685
2018-08-24,3.9898602962493896,3.9944343554174844,3.983914368295899,3.9907754570480414,973
2018-08-27,4.009986400604248,4.009986400604248,3.9967218021149438,4.006784646093692,1094
2018-08-28,3.9711079597473145,4.019591860217853,3.9711079597473145,4.019591860217853,10056
2018-08-29,4.001753330230713,4.001753330230713,3.98528741210309,3.9912333411588707,367
2018-08-30,3.966076135635376,3.976596560086928,3.966076135635376,3.9752242549486674,6242
2018-08-31,3.979341506958008,3.9884896280478936,3.9528127409688993,3.9610457009846587,51185
2018-09-03,4.000838756561279,4.006785122047998,3.9912334918886305,3.9912334918886305,7668
2018-09-04,3.971564769744873,4.020506246565669,3.971564769744873,4.015932187082052,31908
2018-09-05,3.9148483276367188,3.942749395495747,3.9061577881849194,3.941834670743931,12147
2018-09-06,3.917135238647461,3.9313145623858636,3.9107317293728734,3.9134759035449735,3455
2018-09-07,3.9299423694610596,3.9299423694610596,3.9052430563811704,3.9052430563811704,15762
2018-09-10,3.901125907897949,3.918049403389685,3.899753602904857,3.914390068810203,923
2018-09-11,3.905700206756592,3.9139336019336652,3.887861983584605,3.9139336019336652,11876
2018-09-12,3.9015839099884033,3.9153060905240347,3.9015839099884033,3.9134762047287848,9150
2018-09-13,3.8791708946228027,3.9175919459853086,3.8791708946228027,3.9175919459853086,3501
2018-09-14,3.8970096111297607,3.8979243357657793,3.8741397504040456,3.8924355517433553,40385
2018-09-17,3.878713607788086,3.8860322777307745,3.8677364752867303,3.871395374051736,242032
2018-09-18,3.9294843673706055,3.9294843673706055,3.893807488703952,3.896094518437159,103886
2018-09-19,3.944122314453125,3.9564717548338253,3.9377188039876283,3.943664733902832,608
2018-09-20,3.9450366497039795,3.953727189649726,3.9441219249001733,3.953727189649726,2649
2018-09-21,3.988030433654785,3.988945158152323,3.9322283134487543,3.9322283134487543,7944
2018-09-24,3.943206548690796,3.9752240925667714,3.943206548690796,3.9752240925667714,7527
2018-09-25,3.9262824058532715,3.953726324997624,3.922623507438222,3.945035786952437,18693
2018-09-26,3.9262824058532715,3.93634524890725,3.925367681249509,3.929941740474617,25983
2018-09-27,3.937260627746582,3.937260627746582,3.9134760392714054,3.9203371292491416,30169
2018-09-28,3.9436652660369873,3.9509835023841138,3.9271993433075756,3.9317729683954714,2970
2018-10-01,3.9445791244506836,3.9569289999910318,3.9395479198560817,3.942292530512336,12272
2018-10-02,3.9738519191741943,3.977511254112567,3.9354308652497867,3.954184247973653,2259
2018-10-04,3.9368033409118652,3.9894037202172994,3.933601586279471,3.9894037202172994,7430
2018-10-05,3.910731792449951,3.933601655745075,3.9098170677111637,3.933601655745075,2118
2018-10-08,3.919421672821045,3.940461646894866,3.8883188558996693,3.8883188558996693,14958
2018-10-09,3.9454939365386963,3.9454939365386963,3.924911103262704,3.939090427182286,7898
2018-10-10,3.856301784515381,3.9496106934157478,3.856301784515381,3.9496106934157478,5481
2018-10-11,3.76528000831604,3.7817459256695884,3.7392083908977862,3.763450122671817,91433
2018-10-12,3.808274984359741,3.8160507984960206,3.78128864320889,3.801871475354884,5606
2018-10-15,3.809647798538208,3.816051308398705,3.8041590134854397,3.816051308398705,16229
2018-10-16,3.8681931495666504,3.871852484093407,3.811018719349574,3.811018719349574,1049
2018-10-17,3.8796284198760986,3.901583119111246,3.8700231571720405,3.901583119111246,2809
2018-10-18,3.874596357345581,3.903412578519066,3.874596357345581,3.8878609532442883,21808
2018-10-19,3.8540141582489014,3.8864892827599364,3.8540141582489014,3.8864892827599364,33407
2018-10-22,3.883744955062866,3.904327785786251,3.883744955062866,3.904327785786251,67
2018-10-23,3.759333848953247,3.828400585383608,3.759333848953247,3.828400585383608,2666
2018-10-24,3.7867774963378906,3.8238262459088252,3.7867774963378906,3.7995845145803218,9075
2018-10-25,3.7963826656341553,3.7963826656341553,3.7506429420143585,3.756589306739845,7665
2018-10-26,3.764364719390869,3.778544042568113,3.738293539065466,3.7753422880575314,36433
2018-10-29,3.7442402839660645,3.796383528397914,3.741953253644692,3.7611637848965005,18988
2018-10-30,3.7291452884674072,3.7410375814031624,3.69072423569327,3.7410375814031624,16354
2018-10-31,3.808274984359741,3.830229685430822,3.808274984359741,3.8201672776839524,6324
2018-11-01,3.8942646980285645,3.8942646980285645,3.8338885146856803,3.8338885146856803,147261
2018-11-02,3.890148401260376,3.960129850115457,3.890148401260376,3.960129850115457,25323
2018-11-05,3.9541842937469482,3.95875791721494,3.9239961978265065,3.9239961978265065,843
2018-11-06,3.9916911125183105,3.9948928674413806,3.974310032591247,3.9788840928260307,4235
2018-11-07,4.067617893218994,4.07081964765983,3.9976364397514064,3.9976364397514064,34441
2018-11-08,4.102837562561035,4.1197610591620615,4.091402413879542,4.106954041603845,4692
2018-11-09,4.07173490524292,4.097348941377969,4.059842611865028,4.0854566480000765,35612
2018-11-12,4.108326435089111,4.140801560113235,4.108326435089111,4.140343979673601,2146
2018-11-13,4.098721981048584,4.1119861457348295,4.079968594828146,4.108327246320589,5824
2018-11-14,4.052981376647949,4.0776806872052385,4.048864897589454,4.073106627715213,24060
2018-11-15,4.053420066833496,4.06225005957231,4.012523235032355,4.06225005957231,4445
2018-11-16,4.053883075714111,4.070149172482462,4.053883075714111,4.055742324125414,8540
2018-11-19,4.035294055938721,4.082232658836242,4.035294055938721,4.082232658836242,26587
2018-11-20,3.9878921508789062,4.027394653150363,3.9688378410846252,4.027394653150363,24168
2018-11-21,4.041337013244629,4.042266416200951,3.9953282428617967,3.998116451730762,4872
2018-11-22,4.0111284255981445,4.026000200463477,4.0111284255981445,4.013917077287987,6439
2018-11-23,4.0599260330200195,4.064573490585252,4.030182925090862,4.030647848129764,423
2018-11-26,4.097568988800049,4.097568988800049,4.06085470116572,4.06085470116572,66523
2018-11-27,4.140325546264648,4.140325546264648,4.089204397217386,4.10407617343705,18103
2018-11-28,4.2142181396484375,4.217936194473933,4.186334279678093,4.186334279678093,29049
2018-11-29,4.205387115478516,4.227694552546576,4.205387115478516,4.219793964984484,1546
2018-11-30,4.2002763748168945,4.219795166204801,4.1928407080794985,4.219795166204801,6608
2018-12-03,4.230018615722656,4.2727742446840695,4.230018615722656,4.25790247105938,39613
2018-12-04,4.250466823577881,4.2667324797931245,4.247213692334832,4.254649357575245,7730
2018-12-05,4.198881149291992,4.214217402555063,4.195628018090913,4.207711140152905,51759
2018-12-06,4.0859503746032715,4.147295385520803,4.0859503746032715,4.147295385520803,70190
2018-12-07,4.112440586090088,4.164491129737367,4.112440586090088,4.118482368866117,6223
2018-12-10,4.041800022125244,4.061319249928017,4.037617488741017,4.060389847309947,1680
2018-12-11,4.109187126159668,4.120340844849574,4.065502097295752,4.065502097295752,24680
2018-12-12,4.1189470291137695,4.136607012024682,4.104540177622977,4.104540177622977,45490
2018-12-13,4.157520294189453,4.166814765819609,4.12591838151743,4.154267162638009,57866
2018-12-14,4.162167549133301,4.16356143172616,4.130100714997034,4.130100714997034,10185
2018-12-17,4.095245361328125,4.131029803934469,4.0813029908115235,4.131029803934469,20509
2018-12-18,4.006480693817139,4.045053785107285,4.006480693817139,4.034364546485447,10069
2018-12-19,3.9758076667785645,3.9902145141505816,3.9706952880043005,3.9902145141505816,12802
2018-12-20,3.910280466079712,3.938164763812384,3.9051685294978373,3.927475967683975,51219
2018-12-21,3.867990493774414,3.8958747967873073,3.8573016956219552,3.8958747967873073,20652
2018-12-27,3.834993600845337,3.9497830387092985,3.8126866054356,3.9497830387092985,3446
2018-12-28,3.8921566009521484,3.8921566009521484,3.851724695452965,3.852654098318725,14956
2019-01-02,3.9641902446746826,3.9641902446746826,3.842429610523868,3.84568274201319,54235
2019-01-03,3.916787624359131,3.916787624359131,3.8935507807632352,3.910745841149471,14663
2019-01-04,3.9804556369781494,3.993003682290222,3.906563020470496,3.9223637538493,10346
2019-01-07,4.003228187561035,4.03111204458033,3.9809207473808663,4.021352650302985,158245
2019-01-08,4.024140357971191,4.0576010671865275,4.024140357971191,4.03343482706208,58517
2019-01-09,4.075262546539307,4.083163136259419,4.061785096028879,4.061785096028879,35310
2019-01-10,4.133818626403809,4.133818626403809,4.070614363114707,4.081303159721768,8698
2019-01-11,4.151478290557861,4.158914399314422,4.114299519598699,4.139860090835339,105908
2019-01-14,4.128242015838623,4.148225284508639,4.124988884361557,4.128242015838623,17638
2019-01-15,4.152872085571289,4.162631478460277,4.144042095356607,4.16216699872605,5403
2019-01-16,4.175179958343506,4.181221297959955,4.154731324551139,4.181221297959955,7367
2019-01-17,4.209106922149658,4.209106922149658,4.161703820243339,4.16588635563383,112049
2019-01-18,4.245355129241943,4.259297057764558,4.210964566133184,4.213288294754605,8022
2019-01-21,4.244425296783447,4.248142907636666,4.236059785951962,4.243030971110555,16345
2019-01-22,4.2323431968688965,4.247679453355573,4.228625141912195,4.2411731895858304,7240
2019-01-23,4.210964202880859,4.234201043884671,4.202134212163529,4.2142173340290405,4995
2019-01-24,4.320641040802002,4.320641040802002,4.247677841020713,4.247677841020713,5939
2019-01-25,4.354102611541748,4.3596790275870525,4.33923083913671,4.33923083913671,21590
2019-01-28,4.302052021026611,4.325288860425095,4.29368695385373,4.325288860425095,99729
2019-01-29,4.358750343322754,4.362003474821623,4.290899061657241,4.290899061657241,11431
2019-01-30,4.38198709487915,4.392211412177873,4.355032640626413,4.355032640626413,3886
2019-01-31,4.441008567810059,4.441008567810059,4.391746671301138,4.41312470959305,16785
2019-02-01,4.44797945022583,4.492593886249996,4.44751452723139,4.467963161280474,117482
2019-02-04,4.45448637008667,4.472610835043375,4.425208183676929,4.472610835043375,49331
2019-02-05,4.488410949707031,4.498635265814894,4.456809041889661,4.461456498593768,8944
2019-02-06,4.502818584442139,4.514901708055479,4.490270537795001,4.500494855685041,6744
2019-02-07,4.434966564178467,4.500959031667851,4.434966564178467,4.487946064146757,70750
2019-02-08,4.4419379234313965,4.461457155822903,4.432643451859854,4.442867769473888,24708
2019-02-11,4.499565124511719,4.501423930099391,4.47354007346066,4.478652010429715,13449
2019-02-12,4.542784690856934,4.562768399750256,4.528842764208366,4.5353490261914216,119794
2019-02-13,4.534420967102051,4.556263487832439,4.534420967102051,4.551151549961281,23484
2019-02-14,4.571135520935059,4.576711938994641,4.528844359938131,4.569741194817157,65990
2019-02-15,4.5767107009887695,4.612030665048106,4.56973995869688,4.57903442948803,53423
2019-02-18,4.575316429138184,4.591117161100415,4.570668972535116,4.579963442535395,21122
2019-02-19,4.583681106567383,4.583681106567383,4.554402930229022,4.565556647845298,47247
2019-02-20,4.585076332092285,4.597623934469246,4.582752603532277,4.582752603532277,18135
2019-02-21,4.582752704620361,4.600412687501255,4.576710921589886,4.592977021868751,18039
2019-02-22,4.638055801391602,4.638055801391602,4.5990182255719505,4.5990182255719505,11049
2019-02-25,4.654787540435791,4.6919663199646795,4.654787540435791,4.659434998678405,22876
2019-02-26,4.634802341461182,4.645026657682039,4.613424749515419,4.630619807663608,40215
2019-02-27,4.584146499633789,4.586934707720916,4.568345324189147,4.586934707720916,35388
2019-02-28,4.5943708419799805,4.601342027718961,4.584146968076567,4.593906362187594,7650
2019-03-01,4.57206392288208,4.641309528829569,4.568345868450422,4.641309528829569,87797
2019-03-04,4.629225730895996,4.647350190993355,4.629225730895996,4.647350190993355,19627
2019-03-05,4.666868686676025,4.666868686676025,4.641773043297646,4.647349902182378,17067
2019-03-06,4.6087775230407715,4.6510686724992505,4.601341857784015,4.6510686724992505,21450
2019-03-07,4.608313083648682,4.608313083648682,4.564163128290596,4.564163128290596,30181
2019-03-08,4.530237674713135,4.551615268787177,4.513507094651332,4.551615268787177,38717
2019-03-11,4.6450276374816895,4.64735136634958,4.582288287666539,4.595765737817918,22209
2019-03-12,4.665939807891846,4.683599789141816,4.645491618489399,4.665010405174353,13092
2019-03-13,4.680811882019043,4.687318588487782,4.653857426102598,4.682671130955517,10435
2019-03-14,4.687317848205566,4.70033037267605,4.670587269655284,4.70033037267605,5490
2019-03-15,4.685459613800049,4.693825126488966,4.670588280673483,4.681742002121393,55218
2019-03-18,4.692893981933594,4.703118297632976,4.6780226529216264,4.690105773946042,74531
2019-03-19,4.724496841430664,4.732861909501691,4.693824334229039,4.699401194011688,56664
2019-03-20,4.6724467277526855,4.704048640624657,4.6724467277526855,4.704048640624657,12274
2019-03-21,4.665939807891846,4.6826703864243235,4.650138632076859,4.680811137783466,42798
2019-03-22,4.602736473083496,4.67523521111108,4.602736473083496,4.661292839270908,52590
2019-03-25,4.572994232177734,4.572994232177734,4.545109926427673,4.553939919648025,26531
2019-03-26,4.590653419494629,4.603201022493414,4.569275381606657,4.571134630470346,37352
2019-03-27,4.608313083648682,4.631085002599628,4.5994830925770644,4.621790088542811,83114
2019-03-28,4.632479667663574,4.656645914134321,4.621790427074103,4.622719829906681,49491
2019-03-29,4.6826701164245605,4.6919645862694415,4.65199761248651,4.65199761248651,47330
2019-04-01,4.707767009735107,4.720779536892543,4.689177621909346,4.710555218466287,51943
2019-04-02,4.738438606262207,4.75609858776537,4.73100294120979,4.73100294120979,28136
2019-04-03,4.771899223327637,4.771899223327637,4.720778528527736,4.733791052905679,18858
2019-04-04,4.78398323059082,4.792348742958006,4.756099371249412,4.771900106687956,40247
2019-04-05,4.837891578674316,4.8471864919887055,4.791418341719953,4.807219073866209,35710
2019-04-08,4.82116174697876,4.829527258897917,4.810008469763099,4.824879801521266,37384
2019-04-09,4.805359840393066,4.838820550291076,4.802571189364836,4.823019819552451,31994
2019-04-10,4.829526424407959,4.845327156270075,4.7830527450834595,4.7830527450834595,29216
2019-04-11,4.7904887199401855,4.835103596807121,4.7904887199401855,4.835103596807121,5018
2019-04-12,4.770040512084961,4.796065561354693,4.766322457958193,4.7895592990372595,115517
2019-04-15,4.7904887199401855,4.792347968613562,4.766322476039223,4.776546792522209,26744
2019-04-16,4.813726425170898,4.816515077078585,4.787701371130946,4.787701371130946,3967
2019-04-17,4.811867713928223,4.832315907760592,4.811867713928223,4.832315907760592,10191
2019-04-18,4.838822364807129,4.840681613925091,4.798855378463741,4.811867906259541,58675
2019-04-23,4.875999927520752,4.877859176175519,4.823020426580389,4.843468616135803,12291
2019-04-24,4.886224746704102,4.898307869777015,4.863917306198439,4.874141623631188,50948
2019-04-25,4.875071048736572,4.8806479088884815,4.861129119959762,4.866705980111671,34398
2019-04-26,4.888084411621094,4.89087306377748,4.849046827079687,4.876001286424087,36940
2019-04-29,4.87971830368042,4.904813951720219,4.87971830368042,4.898307689013824,30659
2019-04-30,4.866704940795898,4.906671912942466,4.849044961287242,4.906671912942466,54012
2019-05-02,4.838822364807129,4.90016739196218,4.838822364807129,4.90016739196218,39693
2019-05-03,4.90574312210083,4.912249384498997,4.862058090797166,4.866705547711825,5997
2019-05-06,4.810937404632568,4.81465501560753,4.765393124542201,4.801642490783393,80318
2019-05-07,4.86949348449707,4.88529465984375,4.833244120353976,4.845327241735007,61867
2019-05-08,4.854623317718506,4.900167162874587,4.854623317718506,4.8704240536435695,29153
2019-05-09,4.7468037605285645,4.820231896071474,4.72728497320815,4.820231896071474,48000
2019-05-10,4.7876996994018555,4.8165133952885695,4.779334633011561,4.786770296825801,8440
2019-05-13,4.677093982696533,4.788630297370528,4.666869665396012,4.788630297370528,111283
2019-05-14,4.760746002197266,4.760746002197266,4.699400990451252,4.703118601341389,10044
2019-05-15,4.7904887199401855,4.792347968613562,4.745874286279132,4.785841706271448,11955
2019-05-16,4.845680236816406,4.849423695063332,4.786723335273663,4.804503981036806,21431
2019-05-17,4.798888683319092,4.817605080784867,4.783915743840118,4.817605080784867,47181
2019-05-20,4.733382225036621,4.794210637479626,4.7258957541746005,4.794210637479626,35889
2019-05-21,4.8344502449035645,4.8344502449035645,4.784851766511572,4.793274435898151,36460
2019-05-22,4.8475518226623535,4.8625252096625236,4.830707375859123,4.842873057569319,31967
2019-05-23,4.772686004638672,4.836322115523275,4.770814498688402,4.836322115523275,4203
2019-05-24,4.769877910614014,4.800759984557352,4.767070205946045,4.774557120904593,26299
2019-05-27,4.794210433959961,4.801696904504172,4.773622082170677,4.773622082170677,9141
2019-05-28,4.826028347015381,4.83257906462748,4.7998254765669826,4.823220641619241,38825
2019-05-29,4.80169677734375,4.831643104961707,4.789531095693772,4.831643104961707,28184
2019-05-30,4.842873573303223,4.861589974370993,4.81947796040996,4.81947796040996,1752
2019-05-31,4.826028347015381,4.83632252307761,4.787659794396774,4.83632252307761,21535
2019-06-03,4.886856555938721,4.886856555938721,4.820413183275043,4.829771159662436,23189
2019-06-04,4.900893688201904,4.900893688201904,4.846615997819689,4.846615997819689,34012
2019-06-05,4.912123680114746,4.923353608784829,4.888728069757765,4.917738644449788,34837
2019-06-06,4.881241798400879,4.927096821733416,4.881241798400879,4.923353809513551,24453
2019-06-07,4.932711601257324,4.954235705650798,4.913059449137731,4.913059449137731,4212
2019-06-11,4.966401100158691,4.987924757073248,4.945812749975754,4.953299666169983,199082
2019-06-12,4.960785865783691,4.974823051973167,4.950491691253221,4.968272335335805,51686
2019-06-13,4.999155521392822,5.001027027637383,4.943006317948193,4.963594225340963,68164
2019-06-14,5.008513450622559,5.015064168066007,4.988860852058053,5.009449203652457,25213
2019-06-17,4.956106662750244,5.0113201009141095,4.952363204851264,5.0113201009141095,179216
2019-06-18,5.086185455322266,5.100222640888784,4.953299176408787,4.973887078321952,52229
2019-06-19,5.042201995849609,5.0908647156048,5.042201995849609,5.089928962722444,160475
2019-06-20,5.103030204772949,5.124553858964754,5.075891141028761,5.094607536678446,158312
2019-06-21,5.082444190979004,5.114262030776772,5.065599294768102,5.114262030776772,73340
2019-06-24,5.050625324249268,5.082443606622953,5.041267347141972,5.041267347141972,32183
2019-06-25,5.0281662940979,5.059984132658758,5.025358588388114,5.0571764269489705,48265
2019-06-26,5.0159993171691895,5.052496358345941,5.0159993171691895,5.038458725885118,51981
2019-06-27,4.999155521392822,5.044074794901686,4.999155521392822,5.031909111843639,34097
2019-06-28,5.059048175811768,5.072149611972026,5.044074787175613,5.060919682053461,28781
2019-07-01,5.123619079589844,5.147014690155563,5.103031174333771,5.147014690155563,114858
2019-07-02,5.132976531982422,5.165730112842267,5.128297321506995,5.165730112842267,139890
2019-07-03,5.220943927764893,5.220943927764893,5.184446886616131,5.186318392449164,35531
2019-07-04,5.223751068115234,5.225623020139943,5.207842376426828,5.223751068115234,73778
2019-07-05,5.212522506713867,5.227495448148445,5.184447683731318,5.227495448148445,39858
2019-07-08,5.227494716644287,5.250890324816875,5.221879752833502,5.238724644265858,42880
2019-07-09,5.209714889526367,5.22655978360117,5.197549207066929,5.22655978360117,30073
2019-07-10,5.225622177124023,5.26118345881338,5.2012908208348865,5.235915903545873,40367
2019-07-11,5.229366302490234,5.257441121973587,5.229366302490234,5.246211194180246,42710
2019-07-12,5.200356960296631,5.21532990212231,5.199421207211799,5.204099972635959,56082
2019-07-15,5.178832054138184,5.207842626455971,5.1750890423772535,5.2003561566999945,54362
2019-07-16,5.2246880531311035,5.232174523653752,5.198484736950591,5.210650418887706,39719
2019-07-17,5.211585521697998,5.230302365020647,5.197548335440118,5.228430412947919,119251
2019-07-18,5.196613311767578,5.229366899710351,5.189126841128397,5.229366899710351,9959
2019-07-19,5.238724708557129,5.2499546363165175,5.219072558095258,5.219072558095258,57950
2019-07-22,5.220008373260498,5.25463346365822,5.220008373260498,5.243403981999088,73249
2019-07-23,5.220943927764893,5.263991685563373,5.220943927764893,5.230302349398264,47957
2019-07-24,5.243403911590576,5.2471469233486525,5.220944056105662,5.241531959477424,32764
2019-07-25,5.2162652015686035,5.275222103127602,5.20316376705197,5.263992174617874,61122
2019-07-26,5.220943927764893,5.238724571881015,5.212521705282142,5.238724571881015,16870
2019-07-29,5.236853122711182,5.243403839431779,5.21813672547603,5.236853122711182,91802
2019-07-30,5.1582441329956055,5.233109722765904,5.136720030507882,5.233109722765904,59271
2019-07-31,5.2611846923828125,5.2611846923828125,5.188190606400765,5.198484335236145,40333
2019-08-01,5.380970478057861,5.380970478057861,5.261185599594326,5.264928612094754,58321
2019-08-02,5.235917091369629,5.290194778961486,5.213457681708054,5.260248453178595,43917
2019-08-05,5.0188069343566895,5.198484448086944,5.002898241159328,5.198484448086944,368723
2019-08-06,5.04313850402832,5.123619065007381,5.00757721176837,5.00757721176837,64983
2019-08-07,5.176960468292236,5.199420323447356,5.088993445991533,5.125490487501548,142044
2019-08-08,5.290194511413574,5.290194511413574,5.224687345420971,5.224687345420971,189480
2019-08-09,5.290194511413574,5.338857232570423,5.287387252685649,5.337921479661115,172951
2019-08-12,5.248082160949707,5.342600338305693,5.247146408102075,5.33417767020886,46523
2019-08-13,5.30610466003418,5.324821060486882,5.2190733756174055,5.258377682697825,27343
2019-08-14,5.2303032875061035,5.325756795622883,5.2125226402008416,5.325756795622883,21516
2019-08-15,5.183511734008789,5.2490193543266,5.132041747766753,5.2490193543266,45593
2019-08-16,5.272413730621338,5.272413730621338,5.18444671215157,5.18444671215157,117509
2019-08-19,5.334178447723389,5.348216081186222,5.29955335614366,5.322012766462748,29007
2019-08-20,5.328563690185547,5.372547652013326,5.320141466768607,5.357574264985912,71229
2019-08-21,5.408108234405518,5.4090444336143575,5.3613174620311925,5.370675438012404,74742
2019-08-22,5.354766368865967,5.4184020290177894,5.343536441489974,5.4184020290177894,66890
2019-08-23,5.2499542236328125,5.386583959419031,5.2499542236328125,5.386583959419031,79609
2019-08-26,5.2752227783203125,5.29113147388351,5.220009327942325,5.250891412179701,31996
2019-08-27,5.332307815551758,5.361318393981232,5.287388541318598,5.287388541318598,41466
2019-08-28,5.3294997215271,5.331371227508754,5.271478573754402,5.330435474517927,60830
2019-08-29,5.305168628692627,5.358510121756285,5.293002946724747,5.3023609233431825,44093
2019-08-30,5.363189220428467,5.400622018583559,5.338857857004242,5.338857857004242,27928
2019-09-02,5.45864200592041,5.478294153832687,5.444604374925306,5.4623850171985255,62115
2019-09-03,5.43805456161499,5.477359310197781,5.427760832657464,5.468000887980977,97822
2019-09-04,5.449284553527832,5.449284553527832,5.422145932003068,5.431503908095211,62312
2019-09-05,5.47548770904541,5.538188070955775,5.47548770904541,5.524150436730622,79886
2019-09-06,5.442733287811279,5.47174385861776,5.418401927696314,5.459578178560277,62254
2019-09-09,5.406236171722412,5.464257312520617,5.399685455339916,5.464257312520617,35936
2019-09-10,5.340728759765625,5.365996319588594,5.3192051040630774,5.365996319588594,139408
2019-09-11,5.427760601043701,5.443669293405626,5.349151553466662,5.356638023180163,285304
2019-09-12,5.449284553527832,5.553160720932022,5.431503908095211,5.482038139201536,72086
2019-09-13,5.401557445526123,5.409044361692501,5.3753545776461795,5.409044361692501,38031
2019-09-16,5.449284553527832,5.461450234811513,5.392199605286765,5.407172545527848,108420
2019-09-17,5.46706485748291,5.47455132713584,5.4212098404038676,5.442733496435306,83498
2019-09-18,5.47829532623291,5.514792371409546,5.473616114899819,5.473616114899819,47646
2019-09-19,5.584042549133301,5.58591405502061,5.499818536926716,5.503561994935453,116391
2019-09-20,5.576556205749512,5.610245543655286,5.559711313679561,5.598079862643787,144115
2019-09-23,5.584979057312012,5.6214761044546115,5.5522254686843615,5.615861139799274,332332
2019-09-24,5.537250518798828,5.628960987318876,5.537250518798828,5.614923802757517,107964
2019-09-25,5.521342754364014,5.524150013253346,5.481102253311373,5.5129200852277656,71124
2019-09-26,5.508241176605225,5.578427555581513,5.500754260627552,5.552224688362004,96422
2019-09-27,5.448349475860596,5.497947960128814,5.424953863379167,5.497947960128814,65600
2019-09-30,5.426824569702148,5.430568027791724,5.395942490724065,5.414658888703687,135051
2019-10-01,5.394069671630859,5.467999492587559,5.392198166158746,5.464256481643332,153908
2019-10-02,5.2948737144470215,5.392199156618317,5.293002208631143,5.392199156618317,179893
2019-10-04,5.380970478057861,5.399686879262608,5.32950048630336,5.359446817477795,114575
2019-10-07,5.421209812164307,5.444604973928582,5.411851390471311,5.444604973928582,69256
2019-10-08,5.399685382843018,5.432438964315743,5.3659960485045115,5.42776019998684,168003
2019-10-09,5.3931355476379395,5.430568345789135,5.3931355476379395,5.409044687657566,78188
2019-10-10,5.447412967681885,5.451155979570204,5.363188952916878,5.402493255149011,39896
2019-10-11,5.474550724029541,5.474550724029541,5.428695712002137,5.433374922357522,80112
2019-10-14,5.402492523193359,5.446476476794996,5.389391090891027,5.446476476794996,70864
2019-10-15,5.365060806274414,5.413723533846751,5.351959371348656,5.413723533846751,77179
2019-10-16,5.3004889488220215,5.359445847374102,5.288323267929314,5.359445847374102,84100
2019-10-17,5.330435752868652,5.34260143485297,5.295810212995084,5.296745966034776,38689
2019-10-18,5.320141792297363,5.3295002155413895,5.298618132810793,5.32107754537493,58085
2019-10-21,5.378162384033203,5.3847131011265335,5.329499659206102,5.337921882259202,38361
2019-10-22,5.334178447723389,5.404365276335147,5.334178447723389,5.404365276335147,79501
2019-10-23,5.336050510406494,5.336050510406494,5.263056421331335,5.2780293618540695,76975
2019-10-24,5.355701923370361,5.355701923370361,5.296745029947538,5.323884094473157,43059
2019-10-25,5.273351192474365,5.322949677130138,5.255570544698911,5.322949677130138,24492
2019-10-28,5.341665267944336,5.351958996817555,5.2967455556461855,5.313590447757992,150219
2019-10-29,5.312654495239258,5.334178151378553,5.277093206417002,5.334178151378553,59351
2019-10-30,5.188190460205078,5.261184544130259,5.163859098896685,5.252761875225591,198019
2019-10-31,5.182575702667236,5.2069070649442715,5.153565129282894,5.194741383805754,30726
2019-11-01,5.2059712409973145,5.222815686779369,5.19380556002465,5.202227782915677,63184
2019-11-04,5.19380521774292,5.246210950027452,5.185382549172838,5.223751095486026,199677
2019-11-05,5.188190460205078,5.188190460205078,5.131105068683623,5.17976779130041,60075
2019-11-06,5.183511734008789,5.207843097592477,5.176025263575537,5.207843097592477,177515
2019-11-07,5.201292037963867,5.236853327974748,5.1807036878343435,5.202227790927186,69621
2019-11-08,5.208778381347656,5.215329098165854,5.175089044316085,5.19567694771126,24468
2019-11-11,5.248082160949707,5.249954112879043,5.19286872683277,5.205970605401833,34616
2019-11-12,5.277092933654785,5.277092933654785,5.237788635135922,5.264927253698839,80197
2019-11-13,5.229366302490234,5.250890405133157,5.204099188072275,5.216264868809375,92015
2019-11-14,5.2473320960998535,5.269089785080245,5.240710288818167,5.258683894604685,74796
2019-11-15,5.271928310394287,5.283280110624362,5.250171069184026,5.283280110624362,61653
2019-11-18,5.219898223876953,5.289900370029979,5.211384150658888,5.289900370029979,76642
2019-11-19,5.212332248687744,5.2407112993451515,5.202872264417357,5.211385889399204,119979
2019-11-20,5.214223384857178,5.235980624117588,5.200033861379657,5.229358816422958,91893
2019-11-21,5.183952808380127,5.215170035119306,5.174492823997644,5.201926417845337,65813
2019-11-22,5.203816890716553,5.235034109395752,5.1877355529260125,5.21327687265656,89188
2019-11-25,5.312604904174805,5.312604904174805,5.2189532397368055,5.243548653694875,26573
2019-11-26,5.333416938781738,5.340038747177042,5.314497421784175,5.340038747177042,61565
2019-11-27,5.379769325256348,5.379769325256348,5.335308485116265,5.35612026851402,49937
2019-11-28,5.409093856811523,5.409093856811523,5.378822545835657,5.391120251823454,99143
2019-11-29,5.42517614364624,5.447879290653832,5.396796646040736,5.396796646040736,111317
2019-12-02,5.3636884689331055,5.458286057672946,5.352336668068948,5.441258356376709,194415
2019-12-03,5.384498596191406,5.415715816032023,5.358957275510609,5.4090940088583634,75547
2019-12-04,5.450717926025391,5.460177458641124,5.419500701562824,5.426122509716893,100754
2019-12-05,5.433690547943115,5.486665467391006,5.433690547943115,5.47058367459159,161351
2019-12-06,5.492341041564941,5.493286949718698,5.43369022526358,5.446933841569861,128337
2019-12-09,5.4772047996521,5.506530205884829,5.459231192675706,5.506530205884829,148659
2019-12-10,5.424230098724365,5.4743668339985145,5.416661932169293,5.4743668339985145,180868
2019-12-11,5.4809889793396,5.485718519882104,5.4393658650277645,5.452609480700433,82866
2019-12-12,5.515990257263184,5.525450241226483,5.473421231582059,5.491394840250839,129378
2019-12-13,5.529233455657959,5.573694745414317,5.510313940239503,5.553828870809634,64527
2019-12-16,5.6361284255981445,5.638966149540766,5.557612199187632,5.57558580405454,193205
2019-12-17,5.6711297035217285,5.6834274103531,5.615317068754488,5.664507896079975,206690
2019-12-18,5.659778118133545,5.682481716548011,5.631399071192281,5.678697633119994,112744
2019-12-19,5.673968315124512,5.680590123075531,5.63802109991793,5.663562423597123,81258
2019-12-20,5.741132736206055,5.741132736206055,5.68059055195116,5.7080236939512785,157922
2019-12-23,5.755321979522705,5.755321979522705,5.721266582331232,5.743970180458881,262151
2019-12-27,5.767619609832764,5.813026354406393,5.7515378195271,5.784646857124871,178574
2019-12-30,5.7392401695251465,5.745861977110436,5.723158830136649,5.745861977110436,126114
2020-01-02,5.764781951904297,5.787485551766961,5.736402903152813,5.7572142356423575,217844
2020-01-03,5.8064045906066895,5.817756389604773,5.77234964468925,5.803566866395574,284598
2020-01-06,5.768565654754639,5.792215161204188,5.725996633360813,5.792215161204188,374091
2020-01-07,5.781808853149414,5.807350173928419,5.758159348405362,5.801674274746775,153159
2020-01-08,5.834784030914307,5.846135378724323,5.7676195967312776,5.791269102566024,110702
2020-01-09,5.883028507232666,5.893434398071944,5.84613538634083,5.872623067470194,347485
2020-01-10,5.897219181060791,5.920868238655333,5.886813288986928,5.892489189111139,171388
2020-01-13,5.945463180541992,5.951139080212778,5.901002342351522,5.912354141693094,238093
2020-01-14,5.995599269866943,6.006005159983929,5.935057098388703,5.958706151535929,228793
2020-01-15,5.982356071472168,6.0154655601172475,5.9587065656047695,6.00789739346438,465464
2020-01-16,6.037223815917969,6.0656033179555084,6.011682489622625,6.02208838221587,265709
2020-01-17,6.110063552856445,6.139388509115717,6.068440437709404,6.087359953489543,463084
2020-01-20,6.1261444091796875,6.1261444091796875,6.10533307878879,6.120468509786388,469216
2020-01-21,6.144118785858154,6.144118785858154,6.072224802989168,6.102496119857057,449513
2020-01-22,6.096819877624512,6.152632516294653,6.087359894288025,6.152632516294653,452182
2020-01-23,6.109117031097412,6.11763065446643,6.044790323044778,6.081683442771839,375109
2020-01-24,6.193309783935547,6.207499309036706,6.1507407575552016,6.158308925280898,166494
2020-01-27,6.0457377433776855,6.1006044826765855,5.986141462733376,6.098712666138422,388941
2020-01-28,6.078846454620361,6.084522354579132,5.994654314462627,6.046683322238556,367035
2020-01-29,6.168712615966797,6.196146201264408,6.140333573817863,6.162090809393596,280294
2020-01-30,6.0665483474731445,6.177227712772965,6.0306011337913,6.132766424174632,172781
2020-01-31,6.005059719085693,6.086413677125955,5.990870195878283,6.072224153918544,353782
2020-02-03,6.050466537475586,6.077900127230132,5.979518469500094,6.013573415826822,273448
2020-02-04,6.220742225646973,6.220742225646973,6.113846499844311,6.1185764910282,128407
2020-02-05,6.386289119720459,6.400478645000072,6.23398707232453,6.265204298585804,299564
2020-02-06,6.431695938110352,6.431695938110352,6.356963775948231,6.424128221287694,452041
2020-02-07,6.374936103820801,6.437370544441556,6.351287049888591,6.436424636413483,247707
2020-02-10,6.402370452880859,6.402370452880859,6.326692388719862,6.363585512659875,575514
2020-02-11,6.5480499267578125,6.5584558172577845,6.452506449425459,6.477101862551363,334742
2020-02-12,6.69373083114624,6.69373083114624,6.616160505764883,6.6284582127718785,416830
2020-02-13,6.709812641143799,6.7126508166166525,6.625620953396448,6.694677208878041,219883
2020-02-14,6.724001407623291,6.739137289260391,6.67954057289099,6.739137289260391,251997
2020-02-17,6.738192081451416,6.740083897698851,6.716434390298575,6.735353906003429,483110
2020-02-18,6.76373291015625,6.772246533723548,6.688054852874654,6.699406200605451,380554
2020-02-19,7.092933177947998,7.12320449260283,6.85643901147625,6.862114911166333,503409
2020-02-20,7.09482479095459,7.239559101214399,7.09482479095459,7.2196936784064745,890448
2020-02-21,7.091041088104248,7.150637810802977,7.0465802486500895,7.137394194887001,576717
2020-02-24,6.86306095123291,6.964280337344803,6.677649427329949,6.964280337344803,739074
2020-02-25,6.728732109069824,6.878196418705762,6.706974868958221,6.853601003141527,518071
2020-02-26,6.653052806854248,6.671972319065896,6.4534517951445025,6.585888380626036,813956
2020-02-27,6.309663772583008,6.47520940112313,6.148847684058426,6.47520940112313,649401
2020-02-28,6.137496471405029,6.137496471405029,5.908570022971776,6.079792018019246,830820
2020-03-02,6.197093486785889,6.338043723088752,6.044790999592445,6.271825642636683,825586
2020-03-03,6.370206832885742,6.4818321042979345,6.248175670571406,6.256689294260645,909602
2020-03-04,6.378721237182617,6.457237480437663,6.300204993927571,6.348449919916538,356747
2020-03-05,6.438317775726318,6.479940441060795,6.3087188857112695,6.4619668328621955,391188
2020-03-06,6.08925199508667,6.326692535868004,6.0362775293726125,6.325746176628663,347183
2020-03-09,5.540585041046143,5.7695114845179285,5.3267944799703955,5.675859819153581,412077
2020-03-10,5.445987701416016,5.6947795783292205,5.346660132273425,5.533963471043424,715870
2020-03-11,5.3211188316345215,5.494232647288502,5.303145224171507,5.469637231926148,428911
2020-03-12,4.642380237579346,5.047731400386369,4.540688126035436,5.012730094534115,831025
2020-03-13,4.767722129821777,5.081786609511926,4.6873140810169485,4.794209359712271,574269
2020-03-16,4.445617198944092,4.625825539114363,4.2568947841250315,4.6192037316524175,492833
2020-03-17,4.637650966644287,4.683530894832207,4.361898668981875,4.469739866004124,270405
2020-03-18,4.366154193878174,4.564336101086619,4.326896085368239,4.564336101086619,217063
2020-03-19,4.422913551330566,4.427170363068451,4.147634463051382,4.3122341907615755,174538
2020-03-20,4.605961322784424,4.717113442198192,4.51703962725341,4.664138968631433,268845
2020-03-23,4.256895065307617,4.537377346142522,4.11499847291533,4.333519035747183,274147
2020-03-24,4.702449321746826,4.729882455952038,4.401155769607929,4.4763606372287486,321774
2020-03-25,4.947457790374756,4.965431396856028,4.682584135638462,4.837724335355455,509924
2020-03-26,5.053408145904541,5.108274884096225,4.737451785485034,4.817859850734125,155770
2020-03-27,4.701031684875488,4.919079091598822,4.6920448801758985,4.917187275160028,417785
2020-03-30,4.707180500030518,4.780020848727804,4.627718793535549,4.723735473293869,414428
2020-03-31,4.836778163909912,4.838669979938564,4.711436556014431,4.766776009005166,350242
2020-04-01,4.681638717651367,4.766776767564087,4.661773292958894,4.683057805437074,239368
2020-04-02,4.711436748504639,4.757316221072995,4.592243312294125,4.710963568939752,444636
2020-04-03,4.697721004486084,4.775290895096555,4.662719692238783,4.718059610941637,392505
2020-04-06,4.913402557373047,4.913402557373047,4.7866418507884925,4.831102688902824,277622
2020-04-07,5.101651668548584,5.174491545559191,5.012729551414994,5.061920375466027,569635
2020-04-08,5.161248207092285,5.16881637356322,4.987188497643092,5.001378471468499,239998
2020-04-09,5.235980987548828,5.323956760938797,5.079894865231649,5.201926038623648,259112
2020-04-14,5.2880096435546875,5.390174934603455,5.234088822680715,5.319226865939235,459557
2020-04-15,5.106381416320801,5.294631097207264,5.078948279211263,5.294631097207264,462332
2020-04-16,5.163140296936035,5.216114753952563,5.10827357282836,5.154626222717822,384397
2020-04-17,5.279495716094971,5.382607369192481,5.250170760149731,5.366525577967002,228707
2020-04-20,5.2861175537109375,5.335308384704439,5.177330451297732,5.299361620658817,263862
2020-04-21,5.053408145904541,5.2132783681527295,5.044894520577704,5.2132783681527295,146042
2020-04-22,5.134761333465576,5.150843124484638,5.0297578654811375,5.049623288921042,248955
2020-04-23,5.241657257080078,5.273820391964893,5.146113760646233,5.196250504953097,102759
2020-04-24,5.110166072845459,5.288009883227252,5.090300648805247,5.221791352016372,162431
2020-04-27,5.183952808380127,5.257739062686711,5.139491964366979,5.163141474246301,366930
2020-04-28,5.3438215255737305,5.379768283333919,5.212330846900781,5.252061687566822,185201
2020-04-29,5.524503707885742,5.524503707885742,5.357065799728467,5.393958921072111,285664
2020-04-30,5.410986423492432,5.593560222664701,5.401526891230765,5.581262514970752,428232
2020-05-04,5.179222583770752,5.214223892907613,5.065705482736353,5.158411250570837,458410
2020-05-05,5.366525173187256,5.390174678644577,5.2511162721922595,5.287063484401245,195836
2020-05-06,5.390175819396973,5.412879421613177,5.336254989671935,5.356120867149561,310489
2020-05-07,5.436528205871582,5.477204961485693,5.40152689897651,5.416662331047613,237735
2020-05-08,5.581262588500977,5.596398020749778,5.495178633509222,5.533963573339007,127589
2020-05-11,5.605858325958252,5.6228855754462135,5.557613399896345,5.610588317961293,470836
2020-05-12,5.7032928466796875,5.71653691267251,5.583153953304246,5.600181651514902,149350
2020-05-13,5.513152122497559,5.609641515928573,5.513152122497559,5.557612961232354,193954
2020-05-14,5.365133762359619,5.466864867157802,5.270057942297894,5.447849703145456,215980
2020-05-15,5.419325828552246,5.492534401827015,5.371788153111343,5.492534401827015,226585
2020-05-18,5.650361061096191,5.656065655472624,5.516304226643175,5.547679269034925,329006
2020-05-19,5.734978675842285,5.751141315000943,5.573349564112227,5.703603634311497,263107
2020-05-20,5.772058010101318,5.788220648415755,5.679834270613622,5.724519878537683,191735
2020-05-21,5.65511417388916,5.705504372697997,5.645606820163799,5.674129334697076,51247
2020-05-22,5.6722283363342285,5.71501256437049,5.610428946210432,5.636099392360744,193737
2020-05-25,5.793925762176514,5.793925762176514,5.684588684470393,5.704554538309884,233060
2020-05-26,5.844315052032471,5.875690089819195,5.796777377015816,5.827201724772215,330467
2020-05-27,5.762549877166748,5.930834254971326,5.695045897365387,5.888050029650542,678891
2020-05-28,5.875690937042236,5.89565724398682,5.818645446782477,5.866183582010905,317572
2020-05-29,5.779664516448975,5.807236345146294,5.7197665014314865,5.722619025333743,189642
2020-06-02,5.935588359832764,5.988830630761413,5.904213320647749,5.927031695821291,339851
2020-06-03,5.985978603363037,6.032565590758858,5.945095756444194,5.960308157787779,352408
2020-06-04,5.969815731048584,6.02591052801263,5.953653092389505,5.9736189448633725,310214
2020-06-05,6.178032398223877,6.178032398223877,6.0087973139855695,6.020206048933336,302550
2020-06-08,6.155213832855225,6.167573710913742,6.084857778274902,6.112429604702107,284994
2020-06-09,6.112429141998291,6.251239860444347,6.0848573176582414,6.20940677891856,174520
2020-06-10,6.079153537750244,6.182786018760715,6.046827805569389,6.133346957009394,283505
2020-06-11,5.7701568603515625,5.96411171661008,5.766354099524445,5.9631610264033,297206
2020-06-12,5.851922035217285,5.930834755521353,5.734027846464293,5.7511411753511785,505265
2020-06-15,5.864282608032227,5.888051223936192,5.696948886327456,5.747339095549815,204074
2020-06-16,6.068695068359375,6.12288848787811,5.961259372842379,5.98788051084151,285687
2020-06-17,6.011648654937744,6.119084333952191,5.966963050629589,6.044925072325267,245696
2020-06-18,6.006896018981934,6.0211577323206145,5.8947064128517495,5.89565755642682,117201
2020-06-19,6.1162333488464355,6.125740704061995,6.031615575305898,6.031615575305898,62815
2020-06-22,6.029714107513428,6.051581341542263,5.989782400143942,6.023058822951847,205881
2020-06-23,6.122888565063477,6.122888565063477,6.043975386877265,6.053483195343813,281330
2020-06-24,5.982176303863525,6.090563149919272,5.976471709157576,6.069646151545031,227535
2020-06-25,5.941293716430664,6.037320226459972,5.914672577548443,5.941293716430664,231918
2020-06-26,5.908967018127441,6.027811886853369,5.904213114572678,5.998338228842467,102426
2020-06-29,6.006896018981934,6.0335176118664355,5.849070108896901,5.888051127969944,332688
2020-06-30,6.056334495544434,6.082955630493122,6.0002397021270095,6.013550269601354,200578
2020-07-01,6.15616512298584,6.165672931660893,6.0563353986841335,6.1143320342159635,179903
2020-07-02,6.279763698577881,6.3253999999119594,6.201801211551689,6.219865684724133,334459
2020-07-03,6.30543327331543,6.344414284752294,6.266452261878565,6.332054407627709,149318
2020-07-06,6.455653667449951,6.455653667449951,6.38149439908992,6.426180007455194,442485
2020-07-07,6.4841766357421875,6.516502366039485,6.395756109136949,6.414771271274019,323483
2020-07-08,6.552631855010986,6.579252993545201,6.447097537699191,6.4670633915998526,209853
2020-07-09,6.485126972198486,6.65531273204828,6.481323758635579,6.59636586864502,255502
2020-07-10,6.533616542816162,6.5887601989961055,6.493684382565035,6.5107981655298035,214568
2020-07-13,6.642953872680664,6.645805943272016,6.571647120966882,6.59921895011237,199466
2020-07-14,6.507945537567139,6.511748751506434,6.351070329626468,6.490832208233426,150788
2020-07-15,6.732324123382568,6.779862253213164,6.646756124387584,6.675278639600177,301094
2020-07-16,6.715211868286133,6.761798862141873,6.701900845255786,6.7266206041792795,204514
2020-07-17,6.768454074859619,6.776060049826433,6.7123592727737975,6.724719152103848,179475
2020-07-20,6.930081844329834,6.951949074762904,6.759896090872308,6.7760587278538855,290006
2020-07-21,6.890150547027588,7.076498948379626,6.890150547027588,6.9776203805966475,470670
2020-07-22,6.921525001525879,6.950047514687271,6.850217811908051,6.912967884891723,236210
2020-07-23,7.042271614074707,7.045123684197782,6.941491216010924,6.949097189696319,168041
2020-07-24,6.768454074859619,6.892052868160119,6.699999393443748,6.867333109500019,238057
2020-07-27,6.7551422119140625,6.81313838329768,6.7323238380254065,6.7665513988583905,163502
2020-07-28,6.783666133880615,6.864480237167961,6.721866740366674,6.846416217547501,140350
2020-07-29,6.715211868286133,6.738029793429703,6.683836824526106,6.719014629131422,106627
2020-07-30,6.67908239364624,6.731373978005407,6.6458055187292775,6.724718693693463,104788
2020-07-31,6.65246057510376,6.749437759442094,6.616331633477692,6.6534112651427835,171651
2020-08-03,6.8274006843566895,6.8274006843566895,6.672426863895286,6.71806316226382,182736
2020-08-04,7.035616397857666,7.0470255851737,6.917722217853981,6.975718391127087,202425
2020-08-05,7.078400611877441,7.1116770303630314,7.035616386191855,7.071745328180324,305085
2020-08-06,7.21816349029541,7.285667484395618,7.175379255911974,7.18773913577036,328980
2020-08-07,7.408314228057861,7.442541792697075,7.16491987515554,7.195344225937985,373740
2020-08-10,7.395003795623779,7.4625077826618025,7.345564281362537,7.366481277923675,249414
2020-08-11,7.403560638427734,7.553780555912497,7.340810557791244,7.463458195385896,278693
2020-08-12,7.358874320983887,7.385495909842463,7.259995752927791,7.335105709061791,373261
2020-08-13,7.516700267791748,7.558533349005945,7.351267962912077,7.376938406998076,292993
2020-08-14,7.476768970489502,7.524307104014435,7.434935884479091,7.491030682561326,171528
2020-08-17,7.501489162445068,7.573747057056509,7.459656074008487,7.468212739062046,406697
2020-08-18,7.465360164642334,7.5509281694745365,7.415920651320191,7.492931991676343,184474
2020-08-19,7.641249656677246,7.6536099876830335,7.49198088817969,7.511946739760341,266617
2020-08-20,7.551878929138184,7.628890723560714,7.49958734496159,7.566140641205905,231986
2020-08-21,7.578500747680664,7.6117767167682056,7.5090949255915485,7.528110542254008,226373
2020-08-24,7.577548503875732,7.66406764302658,7.577548503875732,7.62033318179653,450231
2020-08-25,7.754390239715576,7.7734049475010565,7.680230975251953,7.726817961376505,307163
2020-08-26,7.8798909187316895,7.8798909187316895,7.768651561270479,7.775307752160267,443407
2020-08-27,7.83900785446167,7.877038178233201,7.781011678713668,7.824746143029431,877446
2020-08-28,7.901758670806885,7.919823144286338,7.767701835015912,7.803830781974817,354622
2020-08-31,7.8494648933410645,7.978768702972678,7.822843760782465,7.946442523886193,510828
2020-09-01,7.891300201416016,7.920773862178354,7.830451499634814,7.888447677673989,370264
2020-09-02,7.933132648468018,8.128038163143492,7.8808406154087045,8.032011667561934,666969
2020-09-03,7.561386585235596,8.054830569603352,7.454901585398875,8.029159669740212,646729
2020-09-04,7.311337947845459,7.614629896699192,7.107875274927564,7.506243501856502,890435
2020-09-07,7.555681228637695,7.568991795604263,7.371233764427405,7.42637786568689,567038
2020-09-08,7.4491963386535645,7.583253153477959,7.271404155561176,7.5813517734166345,395529
2020-09-09,7.615580081939697,7.644102599087091,7.407363530648985,7.434935811029668,297547
2020-09-10,7.563288688659668,7.6317438236973665,7.53001226470296,7.612728206170934,235774
2020-09-11,7.496735095977783,7.596564357930298,7.475818100119631,7.55948517683778,163332
2020-09-14,7.595613956451416,7.62223554734093,7.5395191575899965,7.5908605057186875,374932
2020-09-15,7.828549385070801,7.86467832669937,7.664067767664058,7.711605896476091,435686
2020-09-16,7.935035228729248,7.955952226459507,7.843762622958687,7.857073192410342,430736
2020-09-17,7.7258687019348145,7.85231910883918,7.678330566386348,7.800978212595483,559789
2020-09-18,7.734424591064453,7.8190419016902855,7.714458739345361,7.732523210907553,377720
2020-09-21,7.565189838409424,7.708754482184378,7.513848942053791,7.705901958299475,581872
2020-09-22,7.700197696685791,7.757243639918087,7.641250373131503,7.690689888361324,417127
2020-09-23,7.897004127502441,7.938838118866637,7.812386814743308,7.812386814743308,306432
2020-09-24,7.721114158630371,7.7829130950281025,7.54902655741162,7.741080010699536,476860
2020-09-25,7.8561201095581055,7.8561201095581055,7.60797234885274,7.703998835253775,427365
2020-09-28,8.22691822052002,8.266849927874995,7.990179593548012,7.990179593548012,473752
2020-09-29,8.36858081817627,8.395201954297043,8.233572850665684,8.27065293791565,342969
2020-09-30,8.649053573608398,8.669970566192191,8.388545483129853,8.388545483129853,504879
2020-10-01,8.830650329589844,8.842059518202475,8.676627643391086,8.676627643391086,738026
2020-10-02,8.916216850280762,8.98276968044097,8.70609850355043,8.770750860522414,719477
2020-10-05,9.084503173828125,9.133942688826227,8.937134865633105,8.986574380631208,1011797
2020-10-06,9.297473907470703,9.41156489557568,9.221413248734052,9.266098863073971,1412311
2020-10-07,9.726263046264648,9.766195652420867,9.369728461166131,9.371630747847082,1307209
2020-10-08,9.918318748474121,10.146500707154344,9.82324247900011,10.045720296734853,2109807
2020-10-09,9.865077018737793,9.891698158052284,9.555129342351272,9.792819122475859,1010603
2020-10-12,9.612173080444336,9.96965884579926,9.585551944734037,9.944939090251921,1229931
2020-10-13,9.758591651916504,9.770000841266947,9.55512943747694,9.648303426005247,857230
2020-10-14,9.863173484802246,9.88028771985141,9.730067805055638,9.766196748619558,700131
2020-10-15,9.661613464355469,9.760492495477413,9.431530122992184,9.760492495477413,1047091
2020-10-16,9.745279312133789,9.887892793040232,9.722460937577303,9.815635815897222,649507
2020-10-19,9.712952613830566,9.792816920530857,9.640695640530389,9.792816920530857,691145
2020-10-20,9.773802757263184,9.785211945627378,9.661613160610683,9.722461862981556,395873
2020-10-21,9.504737854003906,9.777606321664706,9.434382250998436,9.777606321664706,855607
2020-10-22,9.201446533203125,9.3402572677502,9.137745306779767,9.265146852911995,1097097
2020-10-23,9.298421859741211,9.41156258317442,9.255637636374518,9.30697852307168,665687
2020-10-26,9.102568626403809,9.290818898373974,9.102568626403809,9.210954569628855,617874
2020-10-27,9.091157913208008,9.184331889964092,9.086404009353082,9.157710753748068,521934
2020-10-28,9.03030776977539,9.185281565158581,8.985622168739397,9.182429041958711,684381
2020-10-29,9.19478988647461,9.253737205910998,9.08450258178739,9.168168750397388,498021
2020-10-30,9.17197322845459,9.241378598425277,9.009392967260878,9.1149272841635,726002
2020-11-02,9.287964820861816,9.349763757566746,9.13203985719944,9.171972468250715,1168673
2020-11-03,9.422974586486816,9.462906298441277,9.309833829234556,9.345962780064198,1371550
2020-11-04,9.331700325012207,9.47526497329592,8.814487677794366,9.11207501998218,2026143
2020-11-05,9.789015769958496,9.813735529648154,9.436284755975068,9.436284755975068,1890139
2020-11-06,9.8726806640625,9.960150493777945,9.703446051523041,9.823241155670535,1156079
2020-11-09,10.167417526245117,10.648501192718589,10.068538497869955,10.325242970217404,4261215
2020-11-10,9.789015769958496,10.057130365581575,9.65971283006548,10.011493607165413,1459443
2020-11-11,10.119879722595215,10.169319238396222,9.8023265372911,9.8023265372911,1135374
2020-11-12,10.18940258026123,10.307683967720147,10.13980050268584,10.164601541473536,1157794
2020-11-13,10.038687705993652,10.168415783673064,10.006255231725904,10.149338553282933,924713
2020-11-16,10.052042961120605,10.223742598841453,9.964285510015976,10.1226308123315,2038319
2020-11-17,10.010072708129883,10.036781379969028,9.874620806920586,10.00244126916331,1120249
2020-11-18,10.03105640411377,10.14933869098134,9.960469468108093,10.034872578000202,1055888
2020-11-19,10.032964706420898,10.097829660169474,9.949023430444853,9.968100662368187,660247
2020-11-20,10.172231674194336,10.197032712015748,10.02533398914861,10.038688324152766,1432326
2020-11-23,10.280976295471191,10.351564154169456,10.221835141148214,10.300054439328656,1538202
2020-11-24,10.511815071105957,10.58240200644575,10.32294494031862,10.504183633100885,1617404
2020-11-25,10.5747709274292,10.611017754402216,10.404978945648981,10.536614649086715,1754745
2020-11-26,10.668251991271973,10.714038800655356,10.635819516342776,10.647266218688621,1341535
2020-11-27,10.851398468017578,10.885737665830526,10.632004398023351,10.633912030157868,1317153
2020-11-30,10.782720565795898,11.047900592984709,10.664439160823168,10.880017103092056,2428367
2020-12-01,10.656806945800781,10.935341290231468,10.620559201019262,10.935341290231468,1966378
2020-12-02,10.458398818969727,10.540433381809729,10.296238235426811,10.540433381809729,1213221
2020-12-03,10.43741226196289,10.483198162222163,10.382086381651186,10.420241753381822,1286862
2020-12-04,10.389719009399414,10.424059120797347,10.282883410504486,10.397349538801674,987770
2020-12-07,10.44504451751709,10.519447641148313,10.391627170201124,10.462215028937198,1381985
2020-12-08,10.666343688964844,10.673974216918754,10.466027775042713,10.502275511911035,827541
2020-12-09,10.672067642211914,10.780810863590068,10.654898042918875,10.727393523837645,1032045
2020-12-10,10.56523323059082,10.59957333974344,10.39734885897526,10.582402830319198,1019596
2020-12-11,10.656806945800781,10.725487170553963,10.454583355742997,10.616743936209401,866528
2020-12-14,10.813241958618164,10.86093548605089,10.7426541188924,10.801795257319506,992145
2020-12-15,11.169997215270996,11.177628654487608,10.826598825050352,10.86093802728526,1178002
2020-12-16,11.171905517578125,11.353144250001234,11.06507082031481,11.263478245188963,1630436
2020-12-17,11.33215618133545,11.418005994100202,11.299723706399144,11.376034448924301,1590238
2020-12-18,11.677462577819824,11.700355983345839,11.448530341951356,11.456161780358642,1437750
2020-12-21,11.696539878845215,11.77094298661258,11.370311147771623,11.667923578841082,1795749
2020-12-22,12.245980262756348,12.343275883217961,11.822454939467153,11.822454939467153,1954386
2020-12-23,12.514973640441895,12.896528263991252,12.421493298941309,12.484449707211935,2714397
2020-12-28,12.63707160949707,13.259004274557949,12.545498897091509,12.663780279378033,3646189
2020-12-29,12.371891021728516,12.84120217302065,12.244070575174236,12.782061029952327,1955843
2020-12-30,12.478726387023926,12.58556197687999,12.438663381963844,12.58556197687999,916499
2021-01-04,12.831664085388184,13.052965798546053,12.749630441340678,12.898436671598981,3069142
2021-01-05,13.02053451538086,13.045335556031198,12.793509884718814,12.980471505798606,2248763
2021-01-06,13.93053913116455,13.945801097413437,13.266634957228039,13.478397581730665,3447459
2021-01-07,15.027506828308105,15.166773977063949,14.43228286252554,14.882516783301492,5392087
2021-01-08,14.789037704467773,15.328936780292842,14.743251798653473,15.31558244405168,5184751
2021-01-11,14.424654006958008,14.783315284062603,14.03546879165964,14.769960947390834,4159791
2021-01-12,14.388405799865723,14.6879259136961,14.319726486286646,14.680295384240607,2473326
2021-01-13,14.666940689086914,14.817654558495962,14.397944519052896,14.69937225787099,2973804
2021-01-14,14.59444522857666,14.743251465930744,14.447546623543131,14.737527659273173,2473025
2021-01-15,13.85232162475586,14.47616192548476,13.657728586397523,14.45517706171565,3110972
2021-01-18,13.848506927490234,13.848506927490234,13.06822887805112,13.585234553792034,2646928
2021-01-19,14.12704086303711,14.149933359302313,13.888569552051779,14.012573833231796,2592964
2021-01-20,14.0869779586792,14.371236101985833,14.020206277914253,14.352157959083891,2941787
2021-01-21,14.556288719177246,14.584905021148224,14.111777674061914,14.327356484017741,3691862
2021-01-22,14.60207462310791,14.716541650404793,14.424652095341498,14.697463509290033,2072666
2021-01-25,14.697463989257812,15.164867545483137,14.51050238482851,14.960736341246522,3692667
2021-01-26,14.523856163024902,14.689831987114907,14.403667149592485,14.649768982637434,2560018
2021-01-27,13.909555435180664,14.500964220590097,13.44024421737842,14.500964220590097,3744737
2021-01-28,13.693976402282715,13.896199970505712,12.801139944765684,13.379194347058629,4998264
2021-01-29,13.602404594421387,13.833244480388249,13.40590390971352,13.592865523095703,1973315
2021-02-01,13.640559196472168,13.856137101910065,13.489845334917833,13.703515608137955,2611451
2021-02-02,13.982049942016602,14.094608430262952,13.838967518857551,13.962971800424269,2351396
2021-02-03,14.117501258850098,14.2720303787047,14.001127510923636,14.189996738422316,2236965
2021-02-04,14.169011116027832,14.314001167017105,14.09270037136067,14.266307633872005,1464129
2021-02-05,14.195719718933105,14.289200062317224,14.018297192931536,14.228152194627253,1644175
2021-02-08,14.266308784484863,14.375051104073195,14.16519699416117,14.31591086348863,1878988
2021-02-09,14.163286209106445,14.331170562083273,13.983956064045334,14.325446756345368,2134482
2021-02-10,13.919092178344727,14.293015348034194,13.762655435143742,14.16519490474641,2626248
2021-02-11,14.069807052612305,14.092700458092516,13.93435516160093,13.972510534169334,1252150
2021-02-12,13.701607704162598,13.905738902549263,13.487937435180408,13.905738902549263,2111538
2021-02-15,13.85232162475586,13.871398856336489,13.781733775607082,13.823704412841145,1353869
2021-02-16,13.697793006896973,14.014483635001438,13.661545262482703,13.86758502495876,1799442
2021-02-17,13.201772689819336,13.743579387073098,13.178879282526264,13.743579387073098,2220758
2021-02-18,12.686674118041992,13.285714307725327,12.549314589896104,13.255189462750756,3157757
2021-02-19,12.976655006408691,12.976655006408691,12.316566043367901,12.40813966763909,3406751
2021-02-22,12.240255355834961,12.747722827154316,12.186838014547408,12.747722827154316,3046126
2021-02-23,11.648846626281738,12.057109944591677,11.036452103664764,12.047570873719494,7615860
2021-02-24,11.883502006530762,12.13723527345573,11.562996156954936,11.772851155851113,4696727
2021-02-25,11.725156784057617,12.253609093869237,11.652661304589149,12.183022156235893,2679417
2021-02-26,11.744235038757324,11.744235038757324,11.137563437478999,11.16427301677579,3905598
2021-03-01,12.219270706176758,12.219270706176758,11.973167949972153,12.07237210536031,2489760
2021-03-02,11.858699798583984,12.232622949603785,11.858699798583984,12.188743776211673,1979293
2021-03-03,11.347417831420898,11.923564558204117,11.198611614738319,11.875870118032143,2136920
2021-03-04,10.817058563232422,11.108947208287713,10.591941592615703,11.019282128414247,4442742
2021-03-05,9.97573184967041,10.836135819774755,9.844095222962249,10.5499709802621,5905911
2021-03-08,10.542340278625488,10.691146515001156,10.122631150898341,10.347747228073953,3955707
2021-03-09,11.059344291687012,11.108946363123628,10.416425904731895,10.49082901188682,3629831
2021-03-10,11.160456657409668,11.473331068489511,11.066976315358847,11.160456657409668,4763193
2021-03-11,11.650754928588867,11.65457110297474,11.255846832605089,11.265385904025894,2720378
2021-03-12,11.576351165771484,11.616415081573713,11.341696025850297,11.601152204270068,1979218
2021-03-15,11.59161376953125,11.744235261399105,11.425637032913903,11.728972384455641,2436825
2021-03-16,11.561089515686035,11.660293672404988,11.402745119150701,11.639307897808012,1549442
2021-03-17,10.832322120666504,11.05743912433437,10.748379924979645,11.05743912433437,4562659
2021-03-18,10.698777198791504,10.946787596333797,10.679699965739898,10.85712250869064,2186426
2021-03-19,10.727395057678223,10.744564659426231,10.51372475842136,10.588127882156014,2454928
2021-03-22,10.90863037109375,10.931523774631081,10.74265455999175,10.776994665297746,1518478
2021-03-23,10.937247276306152,11.080330601489672,10.889553744274124,10.971587383513695,1358376
2021-03-24,10.645359992980957,10.81515200879639,10.572864505111538,10.765549928643201,1605861
2021-03-25,10.32485294342041,10.46221245247479,9.990992785521309,10.404978944662236,2243742
2021-03-26,10.572863578796387,10.633912357459055,10.435504054229346,10.515630974216032,2020420
2021-03-29,10.435504913330078,10.715947791827103,10.397349537236758,10.593850224450112,1189409
2021-03-30,10.866659164428711,10.866659164428711,10.47175024848404,10.490828386990533,1047565
2021-03-31,11.21005916595459,11.288277544332205,10.87429133695584,10.87429133695584,2357751
2021-04-01,11.364587783813477,11.610690520565768,11.30926281369499,11.496224406402971,1862325
2021-04-06,11.084145545959473,11.084145545959473,10.635819262164809,11.080330281833971,2078638
2021-04-07,10.677791595458984,11.05171479826605,10.677791595458984,11.026913760225826,1660535
2021-04-08,10.801796913146973,10.870476221771169,10.70831565649398,10.767456803986942,1796775
2021-04-09,10.74647045135498,10.855213669657441,10.65680537367926,10.796072525349526,1261436
2021-04-12,10.458398818969727,10.731210271361405,10.410704369157816,10.727395006479162,1334395
2021-04-13,10.590034484863281,10.645359459324098,10.445043516392907,10.555694375010422,1266409
2021-04-14,10.715948104858398,10.904817358491915,10.685423257274506,10.752195849660298,1032925
2021-04-15,10.542340278625488,10.778903969040968,10.536616472005553,10.714039922089091,1718946
2021-04-16,10.727395057678223,10.775088598021796,10.59003551460624,10.593850779506694,1369844
2021-04-19,10.523261070251465,10.881922289009829,10.523261070251465,10.872383218740087,1332489
2021-04-20,10.427873611450195,10.559509330827229,10.397348767019214,10.544247363459666,1449889
2021-04-21,10.483198165893555,10.519445905504726,10.336300485011861,10.519445905504726,1506170
2021-04-22,11.015467643737793,11.065069722458901,10.605296678135998,10.605296678135998,1989728
2021-04-23,11.00783634185791,11.1108557651932,10.91053981550973,11.042176452868311,2081657
2021-04-26,11.047898292541504,11.097500367133058,10.971587548507701,11.030728693527438,1447791
2021-04-27,11.120393753051758,11.150917686734164,11.03263630659506,11.137563352036134,1618045
2021-04-28,10.824688911437988,11.0345439114979,10.754101973835745,11.0345439114979,1117292
2021-04-29,10.603388786315918,10.914355586864675,10.570956308832084,10.862844967403083,1456065
2021-04-30,10.521354675292969,10.641544609615188,10.506092706884283,10.595757794693215,1327062
2021-05-03,10.412612915039062,10.58812783542891,10.368733730093618,10.53470957857846,2245062
2021-05-04,9.908957481384277,10.38780854915859,9.887972621544886,10.372545675117264,2698863
2021-05-05,10.071120262145996,10.147431010611484,9.98527135239423,10.02533435888423,2490680
2021-05-06,9.72772216796875,9.9967174274297,9.645688520421556,9.99290216280776,2613337
2021-05-07,9.968100547790527,10.025334062294384,9.733445412564341,9.796401823670658,1709214
2021-05-10,9.695290565490723,9.924223747711848,9.657135186736532,9.924223747711848,2040204
2021-05-11,9.535036087036133,9.535036087036133,9.083847915980403,9.487341648341836,3403650
2021-05-12,9.421525955200195,9.666674473829401,9.421525955200195,9.60371805200008,1281726
2021-05-13,9.401848793029785,9.51672719317371,9.16539077555785,9.313775261622206,1434260
2021-05-14,9.659369468688965,9.68808884434293,9.405679063656871,9.480350170735177,1512491
2021-05-17,9.586613655090332,9.760846252633968,9.563637787484403,9.711065510478644,1275281
2021-05-18,9.770418167114258,9.787649608659015,9.611502534972335,9.691917146144435,1017727
2021-05-19,9.734040260314941,9.75701612528253,9.515770456095321,9.657454652404624,1230943
2021-05-20,10.051871299743652,10.063359232999227,9.820199957196694,9.862321770485453,1238990
2021-05-21,10.120796203613281,10.172492350643797,10.063357460425271,10.074845391657346,795890
2021-05-25,10.049955368041992,10.14760233035032,10.019320579390167,10.118882044806911,1027708
2021-05-26,10.172493934631348,10.176322941314144,10.074846960440013,10.086334893460904,501267
2021-05-27,10.172493934631348,10.252908552805092,10.151432571930961,10.19738430401453,1030060
2021-05-28,10.270139694213867,10.367786665537288,10.208871024226083,10.222274373167219,751232
2021-05-31,10.235676765441895,10.348640675536924,10.235676765441895,10.340981749456466,631112
2021-06-01,10.164834022521973,10.356298032681433,10.122712214178616,10.306517298742731,1456796
2021-06-02,10.023149490356445,10.24141834329094,10.005917138169313,10.199296540225632,1168468
2021-06-03,9.988687515258789,10.07484655294437,9.862321170112592,10.067187626916054,702513
2021-06-04,10.034638404846191,10.06144327424106,9.914015579596889,9.981027753084062,749584
2021-06-07,9.986772537231445,10.013577407597571,9.892954577977578,9.986772537231445,829134
2021-06-08,10.000175476074219,10.136115250896843,9.967626181577476,10.088249017272648,1016487
2021-06-09,10.09399127960205,10.116967141939961,10.048040467898588,10.109309129808896,842818
2021-06-10,10.034638404846191,10.113138509927222,9.923589008087168,10.103565081436942,517560
2021-06-11,10.172493934631348,10.183980954679736,10.10931075950269,10.145688148934262,711370
2021-06-14,10.319920539855957,10.369701277682847,10.21270105098111,10.243334929810356,1187354
2021-06-15,10.15526008605957,10.373529868404152,10.143772154727099,10.327578143074266,1103945
2021-06-16,10.350554466247559,10.381188342515506,10.16100496028706,10.183979911001815,451572
2021-06-17,10.46926212310791,10.48075005522045,10.235676300421972,10.339066776462385,1069864
2021-06-18,10.392675399780273,10.563078946976372,10.348639092229353,10.536273166282204,1376141
2021-06-21,10.348641395568848,10.436714943245914,10.27588478814594,10.339067965545299,1516429
2021-06-22,10.526700973510742,10.53244448263876,10.36204184320016,10.46160330519805,1487426
2021-06-23,10.421395301818848,10.555420560233609,10.402249358029527,10.54584713185276,1034178
2021-06-24,10.5343599319458,10.595628599676695,10.484579196475227,10.528616422301862,992289
2021-06-25,10.61860466003418,10.63775151847865,10.528616616479075,10.570738426895465,766184
2021-06-28,10.792837142944336,10.821556517387252,10.578397260294162,10.614775560642332,1427982
2021-06-29,10.984302520751953,11.114497886452837,10.88857004346023,10.913460414518273,1446678
2021-06-30,10.836872100830078,10.961323925147145,10.785176868109504,10.928775548308735,1411207
2021-07-01,10.838788032531738,10.963239873253345,10.79283721570777,10.909630130472486,1347241
2021-07-02,10.831130027770996,10.942179432881703,10.819642095313167,10.867508328392045,974202
2021-07-05,10.848362922668457,10.865595280149003,10.798582179675913,10.859850856664627,585230
2021-07-06,10.976640701293945,10.976640701293945,10.808152571671496,10.83878644506746,846355
2021-07-07,10.967070579528809,11.164278122613077,10.951752726516078,11.020680326155793,794545
2021-07-08,10.7105073928833,10.896227905941844,10.559250677839971,10.884739973270106,1252256
2021-07-09,10.697105407714844,10.77943544316969,10.622434298688072,10.760288583585767,925639
2021-07-12,10.861764907836914,10.875167344778879,10.743057478783427,10.76411884239475,758559
2021-07-13,10.850273132324219,10.880907915181568,10.754541604204027,10.852188548042733,879366
2021-07-14,10.603288650512695,10.7756058267554,10.586056293807648,10.764118806248756,994820
2021-07-15,10.339066505432129,10.511383656658186,10.256736479612558,10.511383656658186,1752337
2021-07-16,10.339066505432129,10.406078680188239,10.295029281326393,10.33523658618006,918286
2021-07-19,10.176323890686035,10.241421575229198,9.977200917043943,10.241421575229198,1572330
2021-07-20,10.231846809387207,10.287371969084234,10.122712819208258,10.25099366803376,882511
2021-07-21,10.580310821533203,10.580310821533203,10.329492660865887,10.329492660865887,601602
2021-07-22,10.61860466003418,10.743056501005855,10.597543298339755,10.632007095756325,1148669
2021-07-23,10.517128944396973,10.662641237693302,10.4386288313705,10.662641237693302,527596
2021-07-26,10.404163360595703,10.478834455023831,10.396504435664996,10.442456159304562,646636
2021-07-27,10.172493934631348,10.3850184130866,10.170578518317445,10.381189406403804,804578
2021-07-28,10.432884216308594,10.448201155377749,10.260567054078795,10.260567054078795,808733
2021-07-29,10.528615951538086,10.589884616529487,10.484578727680477,10.534359460925215,448312
2021-07-30,10.499896049499512,10.57265172959854,10.400334588027585,10.434797468558362,872171
2021-08-02,10.540103912353516,10.605201583782538,10.511383626421448,10.599457161407162,820016
2021-08-03,10.670299530029297,10.721994767877082,10.580311489591583,10.624347801732409,696260
2021-08-04,10.72199535369873,10.766032581218065,10.677959039151876,10.702849407843896,543752
2021-08-05,10.677957534790039,10.72390834615136,10.637750232484253,10.70859140903092,472826
2021-08-06,10.699018478393555,10.7775194966087,10.662640180433462,10.72007983852108,381812
2021-08-09,10.82155704498291,10.82730146793503,10.674129333169313,10.67604474946835,642389
2021-08-10,10.901969909667969,10.978556421223173,10.854104595282948,10.88473846952715,719266
2021-08-11,10.714337348937988,10.894313439787807,10.712421932675774,10.796666468231477,484281
2021-08-12,10.616690635681152,10.773690864928938,10.593714769700378,10.771776361592623,404026
2021-08-13,10.60711669921875,10.716251600926705,10.566909392159753,10.651153925739884,590346
2021-08-16,10.482665061950684,10.51329985337982,10.421396392064883,10.475007048822755,564214
2021-08-17,10.325664520263672,10.400335623804162,10.30077415241684,10.383103268850235,691484
2021-08-18,10.513298988342285,10.561164305370887,10.417566528340283,10.425225453810507,998170
2021-08-19,10.501811027526855,10.551591760514391,10.34098089687694,10.373530188819714,883922
2021-08-20,10.63392162322998,10.63392162322998,10.463518964953835,10.49798184947645,427374
2021-08-23,10.658811569213867,10.714336726251622,10.578396957883578,10.714336726251622,1627279
2021-08-24,10.748798370361328,10.811981532829641,10.729652427811217,10.752628289249207,1262471
2021-08-25,10.80432415008545,10.856019384844746,10.750713499284524,10.834958025138228,1672950
2021-08-26,10.74497127532959,10.798581019570635,10.710507477043569,10.752630201495089,512431
2021-08-27,10.743058204650879,10.752631635391278,10.643496716084979,10.712423408876122,775451
2021-08-30,10.825384140014648,10.827299555975449,10.7717744044483,10.79666476924301,497036
2021-08-31,10.815812110900879,10.951750958911367,10.769860385224312,10.857933917456148,768372
2021-09-01,10.905799865722656,10.947921671194601,10.848360210104229,10.882824003475285,655123
2021-09-02,11.035996437072754,11.057057798653545,10.923032529182747,10.924947032422372,502189
2021-09-03,10.878996849060059,11.014935716711525,10.875166929385399,11.011106710009374,531345
2021-09-06,10.886653900146484,10.957495995709305,10.875165968082989,10.951751573191343,510210
2021-09-07,10.819640159606934,10.882823320334872,10.78517636839925,10.87133538993231,368660
2021-09-08,10.654982566833496,10.821556212064076,10.6358357090968,10.775604483873945,934736
2021-09-09,10.662640571594238,10.695189864533363,10.54967758032724,10.576482450760674,371687
2021-09-10,10.572652816772461,10.66838528202333,10.555421374735182,10.662640859362602,331706
2021-09-13,10.635836601257324,10.649239037608272,10.50181223774786,10.530531613789531,598118
2021-09-14,10.670299530029297,10.708592332619228,10.572652563884626,10.635835733806632,423158
2021-09-15,10.43096923828125,10.633921182384473,10.400335361537241,10.633921182384473,995769
2021-09-16,10.411823272705078,10.482664454898366,10.352469109538468,10.434798223730855,476496
2021-09-17,10.388847351074219,10.488408819199144,10.360127064749586,10.488408819199144,385459
2021-09-20,10.239505767822266,10.35246967787125,10.218444405838946,10.350555174595035,756036
2021-09-21,10.385018348693848,10.385018348693848,10.296944804728112,10.325665093588514,565996
2021-09-22,10.528615951538086,10.528615951538086,10.371614826315295,10.448200429311445,1231274
2021-09-23,10.586055755615234,10.712422104489304,10.561165386504507,10.561165386504507,625448
2021-09-24,10.429055213928223,10.57073849807601,10.407993852091975,10.57073849807601,1601212
2021-09-27,10.507555961608887,10.51904389485385,10.350555728881936,10.503726954851407,755947
2021-09-28,10.289286613464355,10.499897496602452,10.272054257851636,10.49415307374072,615671
2021-09-29,10.300773620605469,10.415652024820067,10.287371185762385,10.314176055448552,480319
2021-09-30,10.245246887207031,10.377357625138748,10.228015448769094,10.377357625138748,682361
2021-10-01,10.264395713806152,10.302688516671497,10.107394582977541,10.185895604878064,944723
2021-10-04,9.971456527709961,10.24142067266358,9.946566158198262,10.222274726178238,625122
2021-10-05,10.055700302124023,10.097823028366955,9.956138822600764,10.019321998992638,878865
2021-10-06,9.988687515258789,10.019321393427123,9.78573556171929,9.929333349213616,889209
2021-10-07,10.229933738708496,10.256738614189427,10.13228675447611,10.16483605354444,676792
2021-10-08,10.116969108581543,10.212701582608188,10.105481175179444,10.212701582608188,441604
2021-10-11,10.245246887207031,10.245246887207031,9.988685248606199,10.059527331131985,605401
2021-10-12,10.492238998413086,10.496068005162101,10.093993081394778,10.118883451208422,459091
2021-10-13,10.720080375671387,10.78900796883028,10.467347693366989,10.492238060956737,750956
2021-10-14,10.735397338867188,10.923032347821923,10.73348283565935,10.833044306246451,1032107
2021-10-15,10.892398834228516,10.903886766831544,10.764117985295902,10.81198330600731,797291
2021-10-18,10.848362922668457,10.865595280149003,10.739228919163711,10.825387054676115,896709
2021-10-19,11.127898216247559,11.127898216247559,10.877080962670782,10.894312403611966,674727
2021-10-20,11.18342399597168,11.223631302395479,11.08960603467704,11.108752892767864,883070
2021-10-21,11.143216133117676,11.271496971814257,11.05897160507515,11.081947468447876,553851
2021-10-22,11.093437194824219,11.279156809025828,11.093437194824219,11.18151074335322,688481
2021-10-25,11.235119819641113,11.235119819641113,11.053228310197404,11.122155907346334,1191702
2021-10-26,11.248519897460938,11.363398288984714,11.248519897460938,11.296386122172253,783582
2021-10-27,11.545292854309082,11.681231727277064,11.359572327403647,11.392120711589907,1457959
2021-10-28,11.753987312316895,11.7712187546233,11.52614499095264,11.568266801575223,711248
2021-10-29,11.918646812438965,11.943537181488528,11.761646584878644,11.815256329609243,1546781
2021-11-01,12.138829231262207,12.171377608490912,11.968425681162463,12.008632983430342,1476366
2021-11-02,11.97417163848877,12.194355034171389,11.91673197576104,12.169464665818117,1333725
2021-11-03,11.58166790008545,11.757814961219198,11.44764355768305,11.72909558970045,1339189
2021-11-04,11.65059757232666,11.715695252139687,11.572097455874848,11.656341082469343,932875
2021-11-05,11.508913040161133,11.648681814613859,11.503168617664487,11.627620453746864,1150899
2021-11-08,11.71377944946289,11.72143837510946,11.545291301990133,11.583584104278144,1181104
2021-11-09,11.646767616271973,11.769304039414353,11.508913341385904,11.669742567942611,1053851
2021-11-10,11.656339645385742,11.656339645385742,11.455302207616903,11.56635160677046,1007194
2021-11-11,11.877134323120117,11.898267397905624,11.577419904248636,11.65811182496597,834801
2021-11-12,11.996252059936523,12.044283361596618,11.894426140155144,11.938615230841114,730216
2021-11-15,11.940536499023438,12.034677082018392,11.865607887281763,11.98664577970385,780000
2021-11-16,11.921321868896484,12.000092680149299,11.825260194431344,11.96166782713909,476864
2021-11-17,11.955904960632324,12.044282217488266,11.929007654126707,11.932849864735854,497729
2021-11-18,11.748409271240234,11.950139973404722,11.667717356822735,11.907872911012804,760651
2021-11-19,11.959748268127441,11.959748268127441,11.690774262281572,11.771466189199069,566043
2021-11-22,11.91939926147461,12.134578594437102,11.91939926147461,12.007776503872073,659921
2021-11-23,11.535154342651367,11.806049468485728,11.454461495291506,11.740727298036935,656819
2021-11-24,11.646583557128906,11.654268894107405,11.437168430823254,11.594710051856103,530982
2021-11-25,11.840630531311035,11.850236974063446,11.679245774329601,11.7407257253759,368475
2021-11-26,11.350711822509766,11.613922464737529,11.31997230808524,11.517859878949638,1306598
2021-11-29,11.492884635925293,11.610081220204032,11.423720264656586,11.527467279620042,601028
2021-11-30,11.335343360900879,11.544758502640315,11.316130475099028,11.456381243417598,452643
2021-12-01,11.429483413696289,11.498648700076103,11.344949285170886,11.483278941809736,996025
2021-12-02,10.970307350158691,11.135534328998467,10.868481431991396,11.135534328998467,921491
2021-12-03,10.695568084716797,11.062525759079225,10.62832481960979,11.033707347764905,891519
2021-12-06,10.7512845993042,10.783945220800385,10.503443699603555,10.737835946431517,1301731
2021-12-07,11.127849578857422,11.162432227265771,10.853112245511461,10.853112245511461,743606
2021-12-08,11.124005317687988,11.223910117264396,11.056762054942617,11.158587959723071,866223
2021-12-09,10.983757019042969,11.133614251951274,10.95109547490105,11.124007807660009,479146
2021-12-10,10.705175399780273,10.93380343590048,10.685962513257488,10.85887482747915,1035922
2021-12-13,10.672513961791992,10.851189594016546,10.662908434559062,10.758970119734391,629301
2021-12-14,10.357430458068848,10.770498388692598,10.313242281480193,10.735915739979136,673748
2021-12-15,10.263288497924805,10.482310078210755,10.257525181971321,10.441964118173974,808079
2021-12-16,10.455412864685059,10.757048389170993,10.455412864685059,10.637931613317061,671634
2021-12-17,10.380484580993652,10.401618572573406,10.076927941782948,10.295950446916306,1060112
2021-12-20,9.984707832336426,10.06732085574334,9.892488366450332,10.040423549698263,1523811
2021-12-21,10.192203521728516,10.265211030682906,10.046189419940664,10.078850047126993,769480
2021-12-22,10.313241958618164,10.320927296798647,10.203730699180973,10.26328955074726,666494
2021-12-23,10.326688766479492,10.367034723439396,10.263287715222294,10.315161219330845,666452
2021-12-27,10.288265228271484,10.395854460567953,10.244076139206257,10.34398094983632,849021
2021-12-28,10.217178344726562,10.351665794815501,10.217178344726562,10.294028054457154,649979
2021-12-29,10.18643856048584,10.27481581597338,10.051951113919312,10.22102120379508,626270
2021-12-30,10.221020698547363,10.228705119266817,10.16338296254779,10.180673825287295,346784
2022-01-03,10.370878219604492,10.440043511071766,10.280579852511812,10.328611152232833,1267090
2022-01-04,10.176833152770996,10.455413600604242,10.105747669770496,10.422752975369677,1331937
2022-01-05,9.982787132263184,10.209494053697414,9.982787132263184,10.186438957259897,1347952
2022-01-06,9.661938667297363,9.752237947207755,9.496711698552867,9.74839482040848,994181
2022-01-07,9.564915657043457,9.683072334604427,9.491908159868121,9.617750174649942,1073283
2022-01-10,9.424664497375488,9.629277316532972,9.299783498555481,9.590852464289949,1666301
2022-01-11,9.52649211883545,9.594696404182194,9.461169949859656,9.461169949859656,1101171
2022-01-12,9.528413772583008,9.646570473260011,9.47942237206272,9.579327194875114,896296
2022-01-13,9.571639060974121,9.683071401271388,9.48518291908623,9.499592581441108,539769
2022-01-14,9.349737167358398,9.462130539614755,9.318036637051376,9.419862555124814,656275
2022-01-17,9.413137435913086,9.432350321086567,9.357421717927412,9.372791476393724,685797
2022-01-18,9.252714157104492,9.378555263275844,9.177785550182332,9.376634157886174,1142150
2022-01-19,9.178747177124023,9.294021753330368,9.074039139330635,9.134558085711765,1008271
2022-01-20,9.494791984558105,9.517847084248952,9.154731554420488,9.220053726130589,611052
2022-01-21,9.066352844238281,9.178746208364698,8.899204772186561,9.123990584318598,2337715
2022-01-24,8.55338191986084,8.969331035513251,8.479413403151941,8.943394737021213,3094260
2022-01-25,8.611019134521484,8.827159545557643,8.611019134521484,8.784892474206076,1144586
2022-01-26,8.918417930603027,9.007755285311369,8.694592206216639,8.72533264057412,1204152
2022-01-27,8.833882331848145,8.923219681000155,8.683064117804973,8.693631570889753,1026774
2022-01-28,8.646560668945312,8.754149884528456,8.505348907371733,8.747425558554509,1000087
2022-01-31,9.06827449798584,9.06827449798584,8.73782054452894,8.789694055678035,975744
2022-02-01,9.145124435424805,9.237343902024683,9.010636988037692,9.215249817048186,1181073
2022-02-02,9.079800605773926,9.24118534602719,9.079800605773926,9.165296654839246,836654
2022-02-03,8.83484172821045,9.051943095065198,8.818511876771352,9.029848096074558,453959
2022-02-04,8.769518852233887,8.865581428461242,8.63599243927265,8.844447441822274,666721
2022-02-07,8.764717102050781,8.874228347385491,8.760874891515774,8.845409936131379,636992
2022-02-08,8.734938621520996,8.805064002652252,8.645600355417505,8.795457560166135,647865
2022-02-09,9.105738639831543,9.23446185621652,9.011597151108852,9.048100900193079,863860
2022-02-10,9.02792739868164,9.136477628950907,8.868464674451044,9.101895903286884,618372
2022-02-11,8.903046607971191,9.006794535747638,8.828118007081915,8.864621754909058,734314
2022-02-14,8.78009033203125,8.803144518072397,8.620626638843637,8.722452576625773,776699
2022-02-15,9.020243644714355,9.020243644714355,8.736859995503636,8.767599513059697,616723
2022-02-16,9.005833625793457,9.108620544041623,8.907849928746872,9.05002179505478,628370
2022-02-17,9.042338371276855,9.0894086616745,9.001031397284262,9.05290490941322,423280
2022-02-18,8.81467056274414,9.026968752428688,8.794497580830006,9.003913654206569,371010
2022-02-21,8.664813041687012,8.885755717076352,8.64560015715537,8.877110285485415,407599
2022-02-22,8.64367961883545,8.741663320907572,8.456358562969985,8.471728321930893,1100817
2022-02-23,8.623505592346191,8.7637563435778,8.593726172653884,8.696513083705305,481149
2022-02-24,8.97317123413086,9.037533292762063,8.216201783990444,8.288248262916268,2585561
2022-02-25,9.408333778381348,9.44964074669241,9.106698274437544,9.16145389529815,1339432
2022-02-28,10.21141529083252,10.240233703690931,9.465972354416941,9.471735670540292,3192908
2022-03-01,10.046188354492188,10.282501722678793,9.905937584333538,10.276737490414284,2082433
2022-03-02,9.94820499420166,10.213336784492851,9.915543453231809,10.086534663750145,1235588
2022-03-03,9.736867904663086,10.015448351603403,9.679231076259361,10.003920802698484,804769
2022-03-04,9.711893081665039,9.905939419042076,9.67731134615632,9.777216173450398,2022590
2022-03-07,10.19028091430664,10.217178220773954,9.75223775738067,9.823323234152632,1890105
2022-03-08,10.634088516235352,10.670592266063736,10.182596697033375,10.194124245196067,1532262
2022-03-09,10.64177417755127,10.951094133653893,10.374721288584173,10.883850864092635,3527103
2022-03-10,10.336297988891602,10.716704398763033,10.317085099768732,10.628327124263985,1110855
2022-03-11,10.486152648925781,10.755126617695767,10.486152648925781,10.643694270083405,1218004
2022-03-14,10.059635162353516,10.578371081051378,10.044265406003202,10.538025127086557,997746
2022-03-15,10.076927185058594,10.076927185058594,9.819480759129016,9.932834213972189,1022028
2022-03-16,10.244074821472168,10.357428271558208,10.174910454767145,10.307475872668741,739846
2022-03-17,10.36895751953125,10.449650362730793,10.292107803421796,10.388170406619054,499524
2022-03-18,10.536105155944824,10.559159334891033,10.351665311529818,10.441963670441487,853844
2022-03-21,10.47270393371582,10.574529838519199,10.384326681464545,10.54571051208977,450864
2022-03-22,10.628326416015625,10.678278825061193,10.472705872198699,10.564925351928627,750166
2022-03-23,10.628326416015625,10.666751275579838,10.451571878796061,10.65330262053841,828082
2022-03-24,10.52649974822998,10.670592732379397,10.451571139958446,10.634088980955763,517328
2022-03-25,10.465019226074219,10.743599652132133,10.357429083066897,10.620639750443994,802528
2022-03-28,10.509206771850586,10.626403350609445,10.472703940699642,10.572607824244416,808348
2022-03-29,10.589900970458984,10.649459820130145,10.405461105084196,10.620640489961016,915674
2022-03-30,10.649458885192871,10.720544361345908,10.595663356605835,10.603348693867064,887961
2022-03-31,10.73975658416748,10.782023646195867,10.53802588373805,10.630245344582132,580860
2022-04-01,10.805079460144043,10.897298927130699,10.75896926859032,10.78394546966179,1840622
2022-04-04,11.043313980102539,11.070211286607767,10.780103314843107,10.88192922495038,1034693
2022-04-05,11.193171501159668,11.373768230541954,11.09903000963088,11.129770443727946,1392223
2022-04-06,10.889615058898926,11.13361284999858,10.835819527314387,11.108636647658884,671247
2022-04-07,10.876165390014648,11.102872314402607,10.816607458916042,10.88000851688485,1770724
2022-04-08,10.839662551879883,10.977992216138285,10.774339472438305,10.96646466777335,858635
2022-04-11,10.662908554077148,10.745521585931504,10.574531289697564,10.649459899679442,1291066
2022-04-12,10.676356315612793,10.724386696661613,10.495758674899868,10.647536987638546,390209
2022-04-13,10.659065246582031,10.659065246582031,10.495759374985031,10.63216793824194,295765
2022-04-14,10.676356315612793,10.768575783216315,10.628325018443176,10.684040736842622,593526
2022-04-19,10.705175399780273,10.705175399780273,10.489996017777676,10.614877031813226,804604
2022-04-20,10.62256145477295,10.851189490920001,10.568766838296197,10.649459679132178,661682
2022-04-21,10.18643856048584,10.587978878789816,10.167225675496002,10.49575849663184,1545565
2022-04-22,9.97318172454834,10.119196739727526,9.969339513450228,10.1019049575442,840924
2022-04-25,9.84445858001709,9.942442292866737,9.748395972733762,9.863670551801205,1150343
2022-04-26,9.788740158081055,9.961652453301653,9.729182231871022,9.961652453301653,497002
2022-04-27,9.96741771697998,10.180675076077202,9.800268720105787,9.848300019986398,403411
2022-04-28,9.850221633911133,10.12688098274006,9.794505909490692,10.075007469349748,347238
2022-04-29,10.090375900268555,10.174910944640859,9.969338023677185,10.03273907792622,473841
2022-05-02,9.806034088134766,9.952048193981886,9.686916377345874,9.904017804659606,893952
2022-05-03,10.07884693145752,10.084611162551461,9.846376737362974,9.936675084789126,309781
2022-05-04,10.071165084838867,10.09998349931021,9.975102481773225,10.038503543282703,284694
2022-05-05,10.02889633178711,10.390090702244839,9.975101717927705,10.390090702244839,419637
2022-05-06,9.765686988830566,10.040424301796932,9.606223329766046,10.015448099152641,390837
2022-05-09,9.150887489318848,9.665781252326305,9.125911289067133,9.656174810047778,643478
2022-05-10,9.010637283325195,9.3295636743636,8.997188629757837,9.188351895785521,581894
2022-05-11,9.14031982421875,9.284412776127013,9.057705896614365,9.19507452298185,381961
2022-05-12,8.94255542755127,9.053374434583294,8.673701221498932,8.870282801397376,541197
2022-05-13,9.332829475402832,9.381974641746975,9.010010880171127,9.03410144977199,559970
2022-05-16,9.27019214630127,9.387755665076781,9.223937225276543,9.271156173404403,586823
2022-05-17,9.415702819824219,9.471594344186013,9.299102391859215,9.322229855802272,324071
2022-05-18,9.611320495605469,9.77321181037339,9.51110210641563,9.632520822240656,607937
2022-05-19,9.836812973022461,9.836812973022461,9.49279400548446,9.59493954144591,607502
2022-05-20,9.763574600219727,9.952447635728918,9.738520004499158,9.915829309752986,559217
2022-05-23,9.867647171020508,10.023757068664546,9.721174787337693,10.000629608347186,417943
2022-05-24,9.671067237854004,9.829103378520088,9.605540035163274,9.759721904787678,303215
2022-05-25,9.790555953979492,9.842592278625833,9.67877384514814,9.782847413437072,434603
2022-05-26,10.041102409362793,10.089284466174735,9.858010777276672,9.904265698855545,132422
2022-05-27,10.282011032104492,10.282011032104492,10.006410495754224,10.056519684181545,339864
2022-05-30,10.380302429199219,10.43619302374472,10.339828915635932,10.40728415891058,331721
2022-05-31,10.295502662658691,10.426557048758175,10.243466335266358,10.378375910836743,478936
2022-06-01,10.18757438659668,10.314775415826366,10.164447845732996,10.274301901573336,639240
2022-06-02,10.449685096740723,10.461248827810568,10.17793971409024,10.222266584027688,345001
2022-06-03,10.38994026184082,10.51521326079134,10.320558788035537,10.484377254432642,658245
2022-06-06,10.698304176330566,10.831285708123524,10.45932192718464,10.45932192718464,699898
2022-06-07,10.605794906616211,10.677104433887033,10.553758572282094,10.615431503084563,764561
2022-06-08,10.671320915222168,10.756120374169281,10.615429401965503,10.692520320460828,525678
2022-06-09,10.538338661193848,10.621211905421866,10.407284281340878,10.571102715655217,394777
2022-06-10,10.233829498291016,10.503647724060547,10.233829498291016,10.46124799285279,696953
2022-06-13,9.775138854980469,10.162520622833856,9.705756469725443,10.149029756644767,859379
2022-06-14,9.72695541381836,9.956301025435756,9.671064821691644,9.919682702699003,428020
2022-06-15,9.77706527709961,9.852229062811517,9.659501760600062,9.713465221420016,615897
2022-06-16,9.488937377929688,9.861865124053248,9.455210216742167,9.829101070901817,465326
2022-06-17,9.68263053894043,9.761648605755878,9.488939183273715,9.498575779445362,244616
2022-06-20,9.952447891235352,9.956302161753994,9.80982977308621,9.817538314123494,200954
2022-06-21,10.064229011535645,10.135537604057125,9.952446906587445,10.004483229426118,254171
2022-06-22,9.985212326049805,10.058448063661011,9.796339278533864,9.87921161180319,195874
2022-06-23,10.019902229309082,10.083502287905443,9.854156649906335,9.911975302719531,322422
2022-06-24,10.108556747436523,10.285866055001398,10.043029554466251,10.212629402094972,295043
2022-06-27,10.337902069091797,10.355248123673483,10.12975676608171,10.166375091425387,303346
2022-06-28,10.23961067199707,10.451610223204767,10.235755483050553,10.393792497964913,378845
2022-06-29,9.858011245727539,10.116266678153428,9.794411185032475,10.083502620645403,932092
2022-06-30,10.012192726135254,10.046882995493272,9.786701380327026,9.832956298132679,331955
2022-07-01,10.214557647705078,10.2916485725258,9.929320490671357,9.952447951916836,721766
2022-07-04,10.160593032836914,10.197211359139017,10.10662957049541,10.187574764007664,150314
2022-07-05,9.977502822875977,10.289721720285256,9.965939091935164,10.226121659608953,303555
2022-07-06,10.218411445617676,10.418848208479327,10.170229390084199,10.195283985441904,463830
2022-07-07,10.742629051208496,10.786956832900655,10.32441042266011,10.32441042266011,402840
2022-07-08,10.894885063171387,10.935357660696697,10.63084823313058,10.729139483546557,949419
2022-07-11,10.73106575012207,10.989321153465989,10.706011155730355,10.792738668547539,634725
2022-07-12,10.571102142333984,10.792738294976377,10.486301767559645,10.702156515079249,350541
2022-07-13,10.586522102355957,10.64048556948122,10.337903256105976,10.61157670052074,449714
2022-07-14,10.455467224121094,10.592303021034173,10.368739702234949,10.588448750415871,236112
2022-07-15,10.260812759399414,10.557613679111299,9.98906735790647,10.532559079888774,570307
2022-07-18,10.573030471801758,10.609648798704779,10.349466239866357,10.349466239866357,626368
2022-07-19,10.544122695922852,10.544122695922852,10.378377099578508,10.4940134980283,326384
2022-07-20,10.73106575012207,10.73106575012207,10.544120778734262,10.563393048806839,691933
2022-07-21,10.588447570800781,10.69059308277686,10.513283788139564,10.69059308277686,201476
2022-07-22,10.638558387756348,10.813940574146104,10.601940058367557,10.63084892720215,343185
2022-07-25,10.632776260375977,10.636630530893457,10.472812086948476,10.632776260375977,268022
2022-07-26,10.655902862548828,10.759976438074315,10.630848266051338,10.671321782698294,294141
2022-07-27,11.010520935058594,11.029794124786292,10.750339306708549,10.792739037514709,424843
2022-07-28,11.831541061401367,12.014632700327978,11.39405010127523,11.413322373322261,2064445
2022-07-29,11.954888343811035,12.141834275755267,11.794924147364497,11.912488605028438,1233201
2022-08-01,11.92404842376709,12.099430579454939,11.841176102549621,12.049321392115553,1009108
2022-08-02,12.132195472717285,12.15917720330808,11.731321946233995,11.816122327373831,1152827
2022-08-03,11.76215934753418,12.041614178798728,11.692776964036,11.956813794188612,902344
2022-08-04,11.958740234375,12.006922289171087,11.839249583957262,11.858521854477942,718188
2022-08-05,12.082086563110352,12.33455965822416,12.05317769666113,12.091723158258857,1124628
2022-08-08,12.30179500579834,12.544631493988396,12.27674041102491,12.365395060300408,1514649
2022-08-09,12.197722434997559,12.270959084652574,11.999212810668503,12.25554108446106,670899
2022-08-10,12.560050964355469,12.571613775684943,12.182304891037232,12.199650027027735,691647
2022-08-11,12.625578880310059,12.789397330482783,12.571614496032257,12.69110607657988,997173
2022-08-12,12.691104888916016,12.693032024067673,12.436704668972123,12.523432183770497,567386
2022-08-15,12.79710578918457,12.856851579072625,12.671832803449778,12.721941997743695,1082728
2022-08-16,12.677614212036133,12.839505514129685,12.583177236233114,12.800960053535627,1024519
2022-08-17,12.484888076782227,12.673761127057363,12.473324345622823,12.642924204300163,546322
2022-08-18,12.710376739501953,12.806740845871182,12.517649445759723,12.548486364156217,1555457
2022-08-19,12.392377853393555,12.68146928565858,12.357687579958961,12.660268959340295,888931
2022-08-22,12.369250297546387,12.4000862978504,12.164958349296347,12.4000862978504,1008371
2022-08-23,12.348050117492676,12.430922443652351,12.278667737502179,12.34034065782831,436174
2022-08-24,12.61208724975586,12.644850386407304,12.274813774191257,12.332632425629525,635548
2022-08-25,12.683396339416504,12.891542573667488,12.627505740022958,12.687251528992705,934833
2022-08-26,12.614014625549316,12.829869396708547,12.57546916352075,12.797105340435929,555726
2022-08-29,12.40201473236084,12.531141990531541,12.274814609536513,12.473324254154857,1424277
2022-08-30,12.282524108886719,12.565833223622558,12.26710518807409,12.423215098578394,422957
2022-08-31,12.18616008758545,12.38274259906675,12.118705754722434,12.315287347207375,531841
2022-09-01,11.99343204498291,12.176522759890757,11.914413985664632,12.122559296843766,2090913
2022-09-02,12.049324989318848,12.136052525528346,11.843106773240663,12.066671047958637,797001
2022-09-05,12.016559600830078,12.016559600830078,11.895140889019876,11.978014138492862,542506
2022-09-06,12.078230857849121,12.13990285388229,11.900921571763293,12.060884804843129,707729
2022-09-07,12.361540794372559,12.434777443581599,12.004995062008222,12.055104251572697,1065216
2022-09-08,12.685322761535645,12.723869141152647,12.479104593164541,12.600523299567797,672144
2022-09-09,12.585104942321777,12.737359645306578,12.511868293519818,12.683395266770464,708403
2022-09-12,12.490667343139648,12.604376580897776,12.44055815636501,12.592812851719305,677343
2022-09-13,12.525360107421875,12.671832497127419,12.31914192927254,12.644850765313143,624120
2022-09-14,12.477176666259766,12.54848617743159,12.326849103678871,12.515722124434646,368521
2022-09-15,12.355758666992188,12.633286349160015,12.243977475254708,12.617868348816527,711403
2022-09-16,12.211214065551758,12.226632066709815,12.053177945438112,12.20928693028154,635289
2022-09-19,12.101358413696289,12.222777118955856,12.030049817667566,12.182304523534754,350306
2022-09-20,11.997286796569824,12.255542229643698,11.966450793305416,12.236269038356186,351924
2022-09-21,12.122560501098633,12.159178831517128,11.841178508405356,11.889360570482134,446670
2022-09-22,11.634961128234863,12.01463440716104,11.615687934453497,11.920197411825976,566621
2022-09-23,11.40561294555664,11.59255792156604,11.311175970978043,11.590630786410765,1063926
2022-09-26,11.345868110656738,11.557868618422539,11.322740648864638,11.382486438661507,397311
2022-09-27,11.411394119262695,11.561721686276254,11.34586693033284,11.34586693033284,754322
2022-09-28,11.284193992614746,11.359357775994832,11.118448425955231,11.278412587276081,614048
2022-09-29,10.823576927185059,11.284195358797286,10.815867466803878,11.282268223451078,813173
2022-09-30,10.981613159179688,11.033649490013314,10.802376704309118,10.86597676632759,451931
2022-10-03,11.083758354187012,11.12423095262606,10.719503130242915,10.827430978410042,1505312
2022-10-04,11.332375526428223,11.370920983906025,11.236011423235619,11.236011423235619,746183
2022-10-05,10.806229591369629,11.259139427962054,10.794665861665445,11.236011968553687,813392
2022-10-06,10.794666290283203,11.060630246047424,10.729139098688472,10.921866403083644,1164758
2022-10-07,10.600010871887207,10.754192701166176,10.559538279550907,10.696374974684659,620076
2022-10-10,10.43233871459961,10.561465957306606,10.349465471655515,10.465101849557136,853021
2022-10-11,10.35139274597168,10.424629395326429,10.201066095975422,10.366811665096234,788091
2022-10-12,10.166376113891602,10.463176097848047,10.166376113891602,10.391867494161794,788383
2022-10-13,10.087355613708496,10.185645926836584,9.836809696135422,10.068082426666196,1086319
2022-10-14,10.108556747436523,10.399575304830964,10.079647880919465,10.320557246219646,915029
2022-10-17,10.201066970825195,10.25117524579043,10.071938796311393,10.118193719659402,1038123
2022-10-18,10.204919815063477,10.353320240898979,10.189501815767942,10.191428950805358,818965
2022-10-19,10.098920822143555,10.297430468453104,10.033393624826756,10.297430468453104,966705
2022-10-20,10.050739288330078,10.091211886356279,9.896557437375224,10.025684691600098,1053300
2022-10-21,9.967864990234375,10.006410448921432,9.861865208594025,9.964010720064536,1112520
2022-10-24,9.977502822875977,10.116266675169397,9.823320968993587,10.044957154200437,439426
2022-10-25,10.181793212890625,10.181793212890625,9.915829256439853,10.019901909182268,662278
2022-10-26,10.478593826293945,10.511357883724456,10.19913898696174,10.226121638431987,913319
2022-10-27,10.528702735900879,10.551830197109235,10.285866231205766,10.339829694694389,1050598
2022-10-28,10.399575233459473,10.467030480198066,10.322484310612188,10.368739231919076,751193
2022-10-31,10.507503509521484,10.53448524172946,10.36103019868239,10.426557393901232,881362
2022-11-01,10.650120735168457,10.742629654815982,10.600011545568494,10.659757329859891,1441705
2022-11-02,10.600010871887207,10.682884110572559,10.547974550455365,10.617356006032423,1216036
2022-11-03,10.74455738067627,10.792739437786178,10.503648014123023,10.515211744589253,693816
2022-11-04,10.619284629821777,10.93342971028481,10.596157170389793,10.908375115732866,975657
2022-11-07,10.526775360107422,10.73684872245434,10.455466761840015,10.650121204402792,736068
2022-11-08,10.694446563720703,10.717574021139855,10.494010743745756,10.519065336117144,508856
2022-11-09,10.752265930175781,10.914157223998128,10.613502095327515,10.698302471900407,465439
2022-11-10,11.143503189086914,11.160848324361691,10.667465887140924,10.679029616989526,509755
2022-11-11,10.97968578338623,11.207104293381011,10.964267781809506,11.201321968417027,824325
2022-11-14,10.910303115844727,10.950776632557648,10.77154018624388,10.896812249939192,650520
2022-11-15,11.085685729980469,11.120376923250651,10.931503874108127,10.975831663119418,589092
2022-11-16,10.931503295898438,11.016303679741343,10.856339507286924,11.012449409247308,606303
2022-11-17,10.864212036132812,10.929891683030185,10.69421668060906,10.927960064170616,1062866
2022-11-18,10.912506103515625,11.030343143201774,10.883529057454256,10.914437722359503,618320
2022-11-21,10.90671157836914,11.020685393456212,10.902848340237735,11.020685393456212,597403
2022-11-22,10.978185653686523,11.059319171224885,10.927959879648187,10.927959879648187,612069
2022-11-23,11.055456161499023,11.076705811302388,10.99943460869045,11.038070670563625,1187363
2022-11-24,11.188748359680176,11.204203154658197,11.084433559818391,11.088296797995637,455468
2022-11-25,11.13272762298584,11.163635370399138,11.055457333318081,11.157840513184587,767242
2022-11-28,10.951142311096191,11.04000323451577,10.895120753491863,11.014890344829052,647681
2022-11-29,10.947277069091797,11.005230239996054,10.904778691184942,10.968526718612425,874795
2022-11-30,11.043867111206055,11.080570638342495,10.92796167236524,10.947278784938105,798166
2022-12-01,11.103750228881836,11.279540440234014,11.032274804576407,11.273744662545635,1095794
2022-12-02,11.177157402038574,11.229315721601486,10.914438790863507,11.04772971548402,360929
2022-12-05,11.115342140197754,11.150113125785339,11.032276072106276,11.11340959998999,643079
2022-12-06,10.90864372253418,11.155909397536773,10.866145337639475,11.113410091507514,602171
2022-12-07,10.839099884033203,10.883529884220714,10.740579946436172,10.848758900120739,453175
2022-12-08,10.825578689575195,10.90478060274946,10.785011923398224,10.821715451215836,668846
2022-12-09,10.895120620727539,10.916370272091049,10.767624554815441,10.837168365931758,1058636
2022-12-12,10.856485366821289,10.897052128992966,10.740579937273154,10.819781842627542,471199
2022-12-13,10.972392082214355,11.107615559767803,10.798534378085156,10.86807727550992,729701
2022-12-14,11.067048072814941,11.090229344159871,10.947278477910974,10.98011876583871,629784
2022-12-15,10.858417510986328,11.028412886119803,10.835237160863143,11.003299995779711,547137
2022-12-16,10.615015029907227,10.829440387641137,10.555131159316296,10.817849753077054,1011459
2022-12-19,10.60728931427002,10.740580239605261,10.605356774092185,10.634333823145734,290407
2022-12-20,10.55319881439209,10.634333257840751,10.446952403580461,10.508768815353672,278720
2022-12-21,10.591833114624023,10.59762889211971,10.445019954326018,10.53774410404762,1173121
2022-12-22,10.506837844848633,10.70580842503244,10.477860795547123,10.678763915925302,980659
2022-12-23,10.446951866149902,10.520358908925159,10.360022570351244,10.495246021719645,659477
2022-12-27,10.33684253692627,10.566721786922068,10.298207392081627,10.541608896716324,274560
2022-12-28,10.184233665466309,10.354229041173372,10.151394298685856,10.342638405505413,861206
2022-12-29,10.369683265686035,10.385137140054404,10.232528173255831,10.249914587912981,721026
2022-12-30,10.276957511901855,10.325250746706233,10.267298496487216,10.323319127850189,274417
2023-01-02,10.470133781433105,10.520359558947439,10.381272861302707,10.416044765997505,472306
2023-01-03,10.309797286987305,10.541608139401747,10.273093763851518,10.421839475327953,663097
2023-01-04,10.315593719482422,10.352297244947177,10.249914065910835,10.334910831175474,531350
2023-01-05,10.222867965698242,10.344569169585602,10.184232823709856,10.298206630745762,1103480
2023-01-06,10.338774681091309,10.383204681450161,10.224800869995367,10.230595726989552,700466
2023-01-09,10.412181854248047,10.448885382300304,10.331048321375416,10.34070733847013,1141019
2023-01-10,10.348432540893555,10.38320444547184,10.286616128688088,10.340706065076906,775625
2023-01-11,10.680696487426758,10.723195795071677,10.468203633740522,10.477861729901104,915147
2023-01-12,10.80819034576416,10.844893867031338,10.711602956076048,10.75216971501312,616675
2023-01-13,10.823646545410156,10.914439090393302,10.775352383722339,10.821714926324166,520942
2023-01-16,10.883529663085938,10.906710932771231,10.833303885812619,10.889325441074488,537441
2023-01-17,11.012957572937012,11.030343063540753,10.825576729418122,10.898983771761737,996456
2023-01-18,10.844895362854004,11.012959120556747,10.844895362854004,10.964664958484338,1160136
2023-01-19,10.46627140045166,10.813987712465993,10.46627140045166,10.810124474228417,780599
2023-01-20,10.46627140045166,10.518428801197082,10.416045618825025,10.501042386858918,1513832
2023-01-23,10.622742652893066,10.657514557325854,10.462406305620592,10.48558757524245,1682308
2023-01-24,10.638195991516113,10.669103735370596,10.549335076516465,10.663308878823283,719346
2023-01-25,10.408317565917969,10.580244552549262,10.300138611865851,10.568653917431732,969544
2023-01-26,10.437294006347656,10.584108108152321,10.390932385620792,10.51263267630513,524263
2023-01-27,10.435362815856934,10.435362815856934,10.361955761939885,10.389000272091526,404742
2023-01-30,10.390932083129883,10.445021099637222,10.29627538310756,10.373545669870753,817674
2023-01-31,10.443089485168457,10.477860469432843,10.296275387574015,10.36388665823752,421242
2023-02-01,10.45854377746582,10.568654355074742,10.425703489750507,10.557063719477249,1078592
2023-02-02,10.638195991516113,10.765692046901068,10.55126669536557,10.562857329594603,1549080
2023-02-03,10.497178077697754,10.528085822714223,10.402522302592178,10.506837093440815,1116731
2023-02-06,10.464338302612305,10.479793097008182,10.331047379172892,10.406386047598469,467621
2023-02-07,10.40638542175293,10.52422246484417,10.332978376757955,10.495246339079891,559414
2023-02-08,10.387067794799805,10.620811192315394,10.3696823028914,10.539676747429082,1122159
2023-02-09,10.209344863891602,10.468201122729642,10.201618388816488,10.445019855235564,1614761
2023-02-10,10.253776550292969,10.292411691973605,10.106962459225887,10.168778870141793,995592
2023-02-13,10.253776550292969,10.269230422738335,10.174574648017828,10.211277249650163,398646
2023-02-14,10.097304344177246,10.199687515480003,10.020033139838256,10.17650624629175,770746
2023-02-15,10.311729431152344,10.317525209381861,10.118553710967499,10.145598219679927,762331
2023-02-16,10.317526817321777,10.472067417554108,10.236392357405558,10.425704869030554,309715
2023-02-17,10.139802932739258,10.19582356682097,10.105031028239685,10.145597789588626,843276
2023-02-20,10.18230152130127,10.238323077663269,10.168779267241712,10.21514180752275,413977
2023-02-21,10.091508865356445,10.191960420725952,10.066395976514068,10.162984293949199,580209
2023-02-22,10.031624794006348,10.058669303763192,9.94469548628247,10.04514704888477,1085913
2023-02-23,10.00264835357666,10.178438582655101,9.98719448007333,10.068328006816687,653416
2023-02-24,9.898334503173828,10.087647004824637,9.886743866653608,10.060602493322321,748625
2023-02-27,10.04128360748291,10.07991875223011,9.952422682450898,9.967876556122876,599743
2023-02-28,10.052874565124512,10.07412421781341,9.944695603685483,10.002648783230416,463594
2023-03-01,10.12628173828125,10.161053646418363,10.021966935004464,10.137872374326955,936233
2023-03-02,10.035486221313477,10.09923424013842,9.987192072266096,10.025827207277144,744179
2023-03-03,10.242185592651367,10.246048830357259,10.114689537012866,10.126280171264948,405469
2023-03-06,10.392865180969238,10.412182294841504,10.26923233610215,10.317526502484725,647707
2023-03-07,10.348432540893555,10.416044731095964,10.290480287730867,10.363886413661307,420704
2023-03-08,10.321388244628906,10.387067896087693,10.276958244369967,10.331047260731971,348924
2023-03-09,10.392865180969238,10.435363568395909,10.282754592153116,10.334911997083225,293218
2023-03-10,10.172642707824707,10.219005249029129,9.99685340154934,10.161052993658092,433880
2023-03-13,9.971739768981934,10.062532304464083,9.76504088912425,10.023897163383714,575914
2023-03-14,10.097304344177246,10.20161913438995,9.971739903686236,10.023897298792589,524173
2023-03-15,9.87321949005127,10.079917441514645,9.871287871235259,10.06446356985217,1378012
2023-03-16,9.80367660522461,9.94855908362468,9.74186111277786,9.929241051384214,1249818
2023-03-17,9.519707679748535,9.879014579773791,9.465618667085467,9.846175216857391,616735
2023-03-20,9.581524848937988,9.651067739144144,9.417325257929486,9.513913577746658,542131
2023-03-21,9.766974449157715,9.794018958624928,9.614365487782353,9.62305823423474,633752
2023-03-22,9.712884902954102,9.765042304917971,9.69549940934433,9.743793572980374,458882
2023-03-23,9.743792533874512,9.826857675871793,9.600841677374984,9.618228090265173,416847
2023-03-24,9.594080924987793,9.678113261446166,9.542889796633933,9.653965720693359,401645
2023-03-27,9.604704856872559,9.724473510258864,9.588284715703194,9.699360624098178,506195
2023-03-28,9.61532974243164,9.678112421807642,9.576694601713491,9.676179881807482,242171
2023-03-29,9.6954984664917,9.6954984664917,9.591183672708203,9.656863323566906,1013633
2023-03-30,9.948558807373047,9.996852965498706,9.846175634291189,9.851970491121731,511604
2023-03-31,10.097304344177246,10.106962438726988,9.879014826933222,9.919582508579882,275876
2023-04-03,9.921515464782715,10.106963801015926,9.896402573299618,10.106963801015926,542008
2023-04-04,9.80947208404541,9.93889976425024,9.770836941877782,9.90992363790813,864184
2023-04-05,9.697428703308105,9.851969252980851,9.660725184590678,9.828787986303071,613317
2023-04-06,9.701292991638184,9.795949687304097,9.680044262493652,9.749587148926144,242477
2023-04-11,9.836517333984375,9.87322085998445,9.792086410513672,9.851971207791111,635330
2023-04-12,9.8616304397583,9.9427639698668,9.824926912956492,9.863562058884522,511140
2023-04-13,9.851971626281738,9.861630643246688,9.774701332831258,9.84038099015071,1047033
2023-04-14,9.821063041687012,9.938900091002127,9.801745009400873,9.904128185567764,316937
2023-04-17,10.05866813659668,10.10503067430557,9.90412757241294,9.91958236573885,840367
2023-04-18,10.016169548034668,10.093439828508396,9.991056660823986,10.074122718957165,426810
2023-04-19,9.967874526977539,9.992987412007752,9.938898404599392,9.979465160155662,325477
2023-04-20,9.906059265136719,9.946626946501608,9.832653141396355,9.929240534163963,495016
2023-04-21,9.967874526977539,9.981396778829629,9.904126505065022,9.931171008769201,233985
2023-04-24,9.846175193786621,9.929240331448213,9.788222022401687,9.929240331448213,335211
2023-04-25,9.84810733795166,9.873220226702276,9.782427687634923,9.85003895691179,365819
2023-04-26,9.42311954498291,9.658794552091235,9.315907787636522,9.658794552091235,732373
2023-04-27,9.504254341125488,9.521639832990221,9.33908848387268,9.369997150796548,815000
2023-04-28,9.307214736938477,9.415393692595865,9.248296211545187,9.415393692595865,721556
2023-05-02,9.144947052001953,9.359371487176192,9.143980781988688,9.350678741594518,810456
2023-05-03,9.133357048034668,9.175855429998078,9.079267109649566,9.15750366755455,533121
2023-05-04,9.225114822387695,9.313010395442243,9.16523094881847,9.18841129796507,433941
2023-05-05,9.275341033935547,9.303351813593965,9.190344267116485,9.220285744731562,597584
2023-05-08,9.310112953186035,9.3535776067654,9.285966332812842,9.330396335371802,362341
2023-05-09,9.31494140625,9.35261027714641,9.262784012090288,9.335224786137976,1037728
2023-05-10,9.36130428314209,9.378689774780764,9.255056950961778,9.328463997675204,567881
2023-05-11,9.349714279174805,9.432779426217307,9.34005526266408,9.426018298886701,462864
2023-05-12,9.66845417022705,9.784359601538922,9.35840674998564,9.35840674998564,505036
2023-05-15,9.790155410766602,9.838449575460505,9.71674927525721,9.797882808726074,464257
2023-05-16,9.701292991638184,9.821062575403081,9.678112643583644,9.763109402430642,444217
2023-05-17,9.638510704040527,9.650101338000177,9.584421692985085,9.63271492649351,304045
2023-05-18,9.638510704040527,9.687770207518248,9.551581409910348,9.66458893959895,147434
2023-05-19,9.576911926269531,9.669864104399236,9.576911926269531,9.61564169269342,434957
2023-05-22,9.631134986877441,9.660183008980328,9.530438316448874,9.57207215269323,233597
2023-05-23,9.682452201843262,9.711499299899424,9.590468647376383,9.617579395347548,235614
2023-05-24,9.514945030212402,9.610801280582763,9.476215260064496,9.610801280582763,564582
2023-05-25,9.511072158813477,9.587563984426685,9.508167172172332,9.56238958811469,267978
2023-05-26,9.525595664978027,9.580785791288985,9.475246875016152,9.541087387260799,257459
2023-05-29,9.52656364440918,9.572071099293561,9.517849608093535,9.572071099293561,104245
2023-05-30,9.54399299621582,9.667927705951609,9.510103639561946,9.535278036184778,308632
2023-05-31,9.43458080291748,9.608864295366342,9.411342757686834,9.564325478166348,335122
2023-06-01,9.564326286315918,9.564326286315918,9.423930289828949,9.550770912684412,704469
2023-06-02,9.658246040344238,9.707626197331882,9.583690563123387,9.627261670096834,240934
2023-06-05,9.676641464233398,9.717307579099032,9.620482704608103,9.664053805789976,279394
2023-06-06,9.738609313964844,9.74248293723352,9.595309261177585,9.630166330252495,266539
2023-06-07,9.68438720703125,9.725053323340584,9.619515332935066,9.681482220611876,287925
2023-06-08,9.585627555847168,9.703754147961886,9.571104468142615,9.641786326702679,316498
2023-06-09,9.60789680480957,9.668895982410932,9.584658759040332,9.596277781924952,262112
2023-06-12,9.664054870605469,9.671801193838816,9.505263093141465,9.635007774413866,432163
2023-06-13,9.627260208129883,9.740545438413912,9.620482522447277,9.67373629474799,439406
2023-06-14,9.609832763671875,9.744418772935603,9.54980130177596,9.644689830907291,410004
2023-06-15,9.578848838806152,9.604991871288561,9.491707551776011,9.595309198266149,787875
2023-06-16,9.542055130004883,9.659213069199724,9.528499757541727,9.582722170784844,476218
2023-06-19,9.516881942749023,9.565293461055363,9.509135619656938,9.538182715318845,326945
2023-06-20,9.35324764251709,9.517849385575092,9.329041884051707,9.50623036296237,400212
2023-06-21,9.272883415222168,9.357120639295616,9.24189996953168,9.306772770896204,313019
2023-06-22,9.198328971862793,9.25255046415106,9.101504087013286,9.21188434493486,400234
2023-06-23,9.131519317626953,9.168312734910813,9.063742455993783,9.128615254550164,457206
2023-06-26,9.141201972961426,9.194455748938433,9.046314366854524,9.09763086959669,325573
2023-06-27,9.092790603637695,9.126679038379297,9.053093118679215,9.119901351430975,215030
2023-06-28,9.22544002532959,9.236090412129423,9.112155700397741,9.124742437216584,303670
2023-06-29,9.160568237304688,9.2467418160629,9.160568237304688,9.184773997873547,309486
2023-06-30,9.302899360656738,9.308709333975818,9.19639272484259,9.19639272484259,399079
2023-07-03,9.39294719696045,9.46556540463972,9.36002647496127,9.37551819921181,474904
2023-07-04,9.39294719696045,9.409407557960037,9.353248787889747,9.391978560211399,190207
2023-07-05,9.318391799926758,9.346471185215457,9.244805878224575,9.341629848207708,307390
2023-07-06,9.03760051727295,9.243837036965534,9.0172674563246,9.231250299736336,343410
2023-07-07,9.151853561401367,9.15572718498958,8.97950639852996,9.020172520776656,365216
2023-07-10,9.119900703430176,9.142171036155638,9.053092475425373,9.064711498424149,200997
2023-07-11,9.194456100463867,9.224471832675189,9.145075022287621,9.190582477236571,188700
2023-07-12,9.306771278381348,9.321294362236362,9.204136437938526,9.22350178093238,426855
2023-07-13,9.369708061218262,9.409406465680624,9.325168320353868,9.326136956990474,293737
2023-07-14,9.256423950195312,9.352280196950932,9.228344567795023,9.352280196950932,391891
2023-07-17,9.362931251525879,9.375517988637178,9.19445679188017,9.21478985263806,604671
2023-07-18,9.405532836914062,9.52656347672116,9.396818800751804,9.396818800751804,405575
2023-07-19,9.489770889282227,9.50235854969969,9.362931188730283,9.379391549249775,279038
2023-07-20,9.375517845153809,9.437485663206415,9.31742365056051,9.404565865841032,247482
2023-07-21,9.399724006652832,9.413279379530609,9.335819842117452,9.382295010531031,117375
2023-07-24,9.425867080688477,9.441359728469529,9.320329073447583,9.339693498087975,259393
2023-07-25,9.443294525146484,9.498484649887187,9.391977100018666,9.43070686631891,235064
2023-07-26,9.290310859680176,9.441357209821543,9.245771125124985,9.438452223713725,261013
2023-07-27,9.296122550964355,9.369709397343964,9.262234114708123,9.330010987220588,320469
2023-07-28,9.095695495605469,9.246741880356522,9.063743411269307,9.177996374858647,831102
2023-07-31,9.239964485168457,9.307741356084586,9.164441290408794,9.185742988435553,400893
2023-08-01,9.199298858642578,9.26513938299558,9.176060809249599,9.250615371277302,584209
2023-08-02,8.797475814819336,8.956267590126208,8.790698128353684,8.91850645792915,746178
2023-08-03,8.797475814819336,8.892363425338473,8.793602191560016,8.825554273953882,802584
2023-08-04,8.767459869384766,8.793601977949884,8.717111078751389,8.765523519497405,222554
2023-08-07,8.601889610290527,8.70258719298602,8.571873878134312,8.687095470276832,551412
2023-08-08,8.587366104125977,8.6038255392921,8.539921378276297,8.568969395749278,387910
2023-08-09,8.689032554626465,8.714206952428187,8.633842422131467,8.669668130450845,433089
2023-08-10,8.651269912719727,8.711300448259417,8.609635161416884,8.688062404583857,313827
2023-08-11,8.5263671875,8.606731718207156,8.51474816357905,8.592207707458318,235039
2023-08-14,8.56316089630127,8.570907220305013,8.463431937977697,8.52927246014232,217044
2023-08-15,8.387907981872559,8.576715493879018,8.343368238819076,8.576715493879018,427778
2023-08-16,8.334654808044434,8.372416867224866,8.301735009246498,8.356924219494598,386000
2023-08-17,8.204910278320312,8.291083862341134,8.186513566743885,8.281402111556673,362135
2023-08-18,8.152624130249023,8.18167122581979,8.096466289026807,8.178766239245556,345606
2023-08-21,8.108085632324219,8.191355155361961,8.090657556986393,8.153593094275793,339713
2023-08-22,8.108085632324219,8.190386518558455,8.104212931891515,8.13326003191811,461205
2023-08-23,8.260099411010742,8.262035760932735,8.160370464599234,8.162306814521227,583220
2023-08-24,8.203940391540527,8.326908303368638,8.189417305881351,8.309479307830939,303845
2023-08-25,8.24363899230957,8.24654397886693,8.182639814948104,8.194258837787029,231669
2023-08-28,8.299798965454102,8.326910641303689,8.258165123258461,8.26494281137317,263630
2023-08-29,8.406303405761719,8.427605099040811,8.303669485510396,8.330780227834474,784416
2023-08-30,8.263973236083984,8.346274121013195,8.222338475225305,8.340465070456254,654669
2023-08-31,8.256227493286133,8.302702665988141,8.22427540807011,8.235893508702656,364815
2023-09-01,8.295924186706543,8.331748968712335,8.245575395211123,8.267844804382802,527598
2023-09-04,8.239766120910645,8.295923960637266,8.239766120910645,8.292051260901774,172296
2023-09-05,8.22233772277832,8.248480756368759,8.200068312595336,8.23008404620267,504395
2023-09-06,8.07032299041748,8.171988283256704,8.066450290706602,8.157465197645665,603412
2023-09-07,7.978339195251465,8.063545049937169,7.929926756830259,8.040307005623752,285284
2023-09-08,7.997704982757568,8.055799173366948,7.981244623508389,8.037402464216193,332431
2023-09-11,8.045150756835938,8.065483820866236,7.989960615871955,8.047087107211574,239179
2023-09-12,8.054831504821777,8.075164563986975,7.97446698142189,8.032561172353736,300911
2023-09-13,8.063545227050781,8.094528671222239,8.029656796428725,8.055798904312677,531928
2023-09-14,8.235893249511719,8.235893249511719,8.04418074424895,8.062577454757433,574314
2023-09-15,8.199100494384766,8.295924457302254,8.183607847734283,8.295924457302254,473040
2023-09-18,8.089688301086426,8.180704141414877,8.059673489943991,8.172957817751628,441063
2023-09-19,8.11583137512207,8.11583137512207,8.017070134038597,8.026752807817301,347964
2023-09-20,8.109053611755371,8.114862661933506,8.04514944284295,8.07613289057418,298785
2023-09-21,7.978339195251465,8.071291372505128,7.946387115168133,8.061608700142793,361405
2023-09-22,7.932831764221191,8.004482247145525,7.904752383652262,7.950260759197631,359931
2023-09-25,7.85634183883667,7.89797567314434,7.787596333816005,7.888293922951031,1642872
2023-09-26,7.784691333770752,7.821484754614233,7.7265966774524975,7.808897094298559,460363
2023-09-27,7.760485649108887,7.836008841569513,7.745961638615872,7.755644312277882,543995
2023-09-28,7.670438289642334,7.759516854055921,7.615248158963715,7.73918379381494,400276
2023-09-29,7.708199501037598,7.829230604836231,7.6956123031781605,7.72272304881533,272672
2023-10-02,7.549407958984375,7.745961806303448,7.516487698872396,7.73434278233562,614693
2023-10-03,7.270552635192871,7.451614743525546,7.233759677901253,7.451614743525546,698349
2023-10-04,7.1930928230285645,7.284107730360744,7.1485535442943755,7.2279498907484925,442796
2023-10-05,7.152427673339844,7.3276798254947915,7.152427673339844,7.29766455176422,694995
2023-10-06,7.187284469604492,7.239570079607531,7.086586873340549,7.205681181360045,504459
2023-10-09,7.248283386230469,7.290886317668369,7.219235828046609,7.235696187966675,485519
2023-10-10,7.494217395782471,7.507773230763639,7.2821718364755466,7.292822684783865,476006
2023-10-11,7.5716776847839355,7.656883089400633,7.510678040985471,7.510678040985471,676438
2023-10-12,7.507773399353027,7.683025542707715,7.482599002200994,7.630740398375117,385288
2023-10-13,7.461297512054443,7.517455819697008,7.4206313901556715,7.4506471249068404,292598
2023-10-16,7.429345607757568,7.435155119840752,7.3547910491314425,7.422567920609739,547219
2023-10-17,7.532947063446045,7.544565624181866,7.38383704507282,7.452582543043901,329945
2023-10-18,7.371250629425049,7.49518626623913,7.349949393839318,7.476789555721561,639303
2023-10-19,7.277331352233887,7.357695888065335,7.258935101830564,7.333489663635775,499756
2023-10-20,6.982016086578369,7.058507453494405,6.882286672403435,6.966524362869296,670426
2023-10-23,6.971364974975586,6.982983998166709,6.839683943330238,6.975238136604384,462331
2023-10-24,7.06915807723999,7.1359667684412615,6.9403815697829945,6.9500637813693595,241880
2023-10-25,6.9403815269470215,7.037205950689446,6.874540549445956,7.003317056108145,249595
2023-10-26,7.031396389007568,7.085617881238973,6.885191348604646,6.885191348604646,502871
2023-10-27,6.857111930847168,6.957809514986541,6.816445811881005,6.957809514986541,515569
2023-10-30,6.712843894958496,6.874540662175096,6.678954999821482,6.869699325484768,496411
2023-10-31,6.8154778480529785,6.8154778480529785,6.700256712384038,6.7196215974957445,352581
2023-11-01,6.749637603759766,6.830001672457917,6.706066495073935,6.785462388731669,471748
2023-11-02,6.9190802574157715,6.93844514335899,6.661527228201432,6.67411442714929,575805
2023-11-03,7.053666591644287,7.1582373496551055,6.959747144655486,6.9665248319464785,293782
2023-11-06,6.967492580413818,7.116602153381036,6.962651243589452,7.10788811645341,375095
2023-11-07,6.985889434814453,6.986857609860201,6.91714392791806,6.968460898905093,353689
2023-11-08,6.84452486038208,7.007190262668641,6.838715810446029,6.982984041153998,316961
2023-11-09,6.901651382446289,6.935540277453269,6.883255134145134,6.891969170798064,216010
2023-11-10,6.7370500564575195,6.798049236107056,6.690573963358511,6.782557512870903,369328
2023-11-13,6.769969940185547,6.770938115122351,6.704128965835113,6.730271997605075,417670
2023-11-14,7.050761699676514,7.0652852485882205,6.729304041682411,6.758351601201121,655126
2023-11-15,7.2628068923950195,7.312187510173837,7.12434771229551,7.153395270311071,1250862
2023-11-16,7.101284980773926,7.18598624513189,7.094469957859544,7.145096107645595,374544
2023-11-17,7.091548442840576,7.237585366842178,7.0788919063321805,7.142174588874161,2032785
2023-11-20,7.22979736328125,7.22979736328125,7.097390474443731,7.122703549306219,468249
2023-11-21,7.111020088195801,7.225902426477905,7.088628004075691,7.214219398137591,696732
2023-11-22,7.150936603546143,7.177223649022074,7.09252192699219,7.10225793853714,308391
2023-11-23,7.114914417266846,7.1392539816931295,7.091548361139441,7.123676456195334,346766
2023-11-24,7.063314914703369,7.107126038760713,7.042869847273566,7.085706998772605,739125
2023-11-27,7.031186580657959,7.048710658296098,7.000031994289997,7.027292083272499,496988
2023-11-28,7.0477375984191895,7.054552621098418,6.930908240285033,6.998085422967264,337588
2023-11-29,7.132439613342285,7.222982392780061,7.057473896592002,7.058447404980143,663134
2023-11-30,7.248294830322266,7.256083360980993,7.149963063950624,7.161646092058005,449627
2023-12-01,7.333969593048096,7.334943101350216,7.184038637034193,7.230770285206039,853540
2023-12-04,7.333969593048096,7.333969593048096,7.333969593048096,7.333969593048096,0
2023-12-05,7.333969593048096,7.333969593048096,7.333969593048096,7.333969593048096,0
2023-12-06,7.333969593048096,7.333969593048096,7.333969593048096,7.333969593048096,0
2023-12-07,7.33104944229126,7.359283041448013,7.310603909948944,7.347600012749148,741710
2023-12-08,7.325207710266113,7.406987980250778,7.305736151092822,7.3144981902372965,426384
2023-12-11,7.266793251037598,7.319366415960898,7.223955633874099,7.295026850203487,565960
2023-12-12,7.098362922668457,7.291131480489928,7.091547900780135,7.284316458601606,509092
2023-12-13,7.105178356170654,7.128544412134845,7.0711032447550215,7.108099345285466,673652
2023-12-14,7.68153715133667,7.7311897888185985,7.410882344426623,7.45469346783782,1366694
2023-12-15,7.773054122924805,7.831468336863152,7.694193912783126,7.70392992459858,1029069
2023-12-18,7.646488189697266,7.758449531869734,7.614360095862211,7.7331364601064445,645970
2023-12-19,7.752608776092529,7.82854846304617,7.649409462425003,7.65233045173483,843765
2023-12-20,7.7672119140625,7.844124636419636,7.747740356411525,7.83146763649602,553584
2023-12-21,7.813944339752197,7.828548357627467,7.703930004827993,7.734110620445297,667270
2023-12-22,7.855807781219482,7.855807781219482,7.765264549339299,7.802260648700419,391570
2023-12-27,7.877225399017334,7.938561522269695,7.857754306531218,7.893776431140623,398801
2023-12-28,7.949270725250244,7.9833458340954575,7.924931627068543,7.945376692375671,336333
2023-12-29,7.9706902503967285,7.993082333510348,7.944403205693292,7.9677692613236495,272525
2024-01-02,7.9629011154174805,8.002818203789245,7.832441723669522,7.968743093460724,652938
2024-01-03,7.699061870574951,7.894751435847537,7.62506966680342,7.873332395682835,568227
2024-01-04,7.6542768478393555,7.754555628305046,7.614360223004135,7.720480053138676,364303
2024-01-05,7.626043319702148,7.682510514252962,7.534526577151666,7.6153338000687185,367131
2024-01-08,7.6046247482299805,7.623122799535363,7.534527040634334,7.5948892005231805,288446
2024-01-09,7.619228363037109,7.624095904513681,7.531606117118735,7.605597854186977,264083
2024-01-10,7.562760829925537,7.6503826130670625,7.522844203720286,7.624096031700747,199766
2024-01-11,7.480006694793701,7.627017129418094,7.418671027907007,7.609492586844954,301317
2024-01-12,7.459561347961426,7.571522693247752,7.441063297755436,7.493636459267948,308320
2024-01-15,7.439116477966309,7.471244575549756,7.406988380382862,7.469297558798824,300986
2024-01-16,7.330074787139893,7.410882007916942,7.3028146988733456,7.391410449978185,252172
2024-01-17,7.071103572845459,7.136333273827065,7.030213437249448,7.132439240478071,449292
2024-01-18,7.11004638671875,7.122702923037158,7.048710721717672,7.071103269468045,593783
2024-01-19,6.972772598266602,7.095443475117555,6.971798625644513,7.086680971189089,293836
2024-01-22,7.129517555236816,7.2804224745051345,7.033133275679414,7.0457898113052915,668891
2024-01-23,7.185985565185547,7.330075005374538,7.136332928479939,7.149962973019012,590705
2024-01-24,7.227848529815674,7.3622024102752395,7.227848529815674,7.303787740193497,336586
2024-01-25,7.175276279449463,7.259004030232499,7.129518138651145,7.189880296993378,327925
2024-01-26,7.1937737464904785,7.251214910967017,7.175275697160215,7.202535784914897,285848
2024-01-29,7.202536106109619,7.210325100877063,7.12367636405747,7.176249525425569,613430
2024-01-30,7.152883529663086,7.248294299906623,7.139253485948087,7.244399802742961,674659
2024-01-31,7.288211345672607,7.335916501442893,7.160672475204497,7.161645983492258,246650
2024-02-01,7.279449462890625,7.4157503751089795,7.24440037834847,7.320339597284557,752778
2024-02-02,7.237585544586182,7.379727974599622,7.15969930700285,7.336890358233352,553245
2024-02-05,7.100311279296875,7.278475842846458,7.042870108158569,7.257057266303542,1529880
2024-02-06,7.181118488311768,7.191828009365612,7.106152769412119,7.1412018578218115,382876
2024-02-07,7.4128289222717285,7.493636141935049,7.325207144874253,7.380700828903658,732342
2024-02-08,7.365123748779297,7.418670416170125,7.347599207651214,7.398225350306639,365495
2024-02-09,7.365123748779297,7.401146339280595,7.304761595195421,7.317418130859276,508827
2024-02-12,7.597809314727783,7.6279903930402275,7.424512303922285,7.431327326220117,427123
2024-02-13,7.424511909484863,7.645514528872696,7.342731182017014,7.600729900049654,812823
2024-02-14,7.501424789428711,7.528684877745715,7.417697043713227,7.417697043713227,426633
2024-02-15,7.626043319702148,7.694193542173328,7.571522677486633,7.601703755574483,453979
2024-02-16,7.6046247482299805,7.658171885452487,7.525765001274353,7.653303879479786,415558
2024-02-19,7.5257649421691895,7.55107801594211,7.503372393413791,7.537447970716475,247776
2024-02-20,7.408935546875,7.517002864020876,7.401147015963269,7.5082403605364085,435300
2024-02-21,7.3067097663879395,7.337864354369033,7.266793139134092,7.317418822334949,309729
2024-02-22,7.236611843109131,7.343705649047207,7.205457256059585,7.321313101008422,365786
2024-02-23,7.105178356170654,7.182091082107778,7.0720767530471,7.181117573815699,311365
2024-02-26,7.063314914703369,7.123676608673064,6.992243700739621,7.032160327279512,605362
2024-02-27,7.124650001525879,7.142174543712519,7.058446794472234,7.06234129192657,487316
2024-02-28,7.11004638671875,7.200589157538568,7.088627811502436,7.185985604629198,325719
2024-02-29,7.1733293533325195,7.283343687148948,7.074998048003225,7.106152171650791,426667
2024-03-01,7.303788185119629,7.3213127264832565,7.185011821322793,7.235637964658677,440549
2024-03-04,7.159698963165283,7.300867878065222,7.145095410379379,7.275554805642415,441370
2024-03-05,7.185012340545654,7.186959357202793,7.122703165131264,7.156778277824168,499751
2024-03-06,7.243426322937012,7.292104984361815,7.179170137034974,7.1830641699753714,388002
2024-03-07,7.277502059936523,7.32033967564485,7.204483829383287,7.207404354340437,388818
2024-03-08,7.344679355621338,7.4206185765598125,7.297947241666218,7.333969835466857,425167
2024-03-11,7.357335567474365,7.428406779363566,7.320339466973527,7.339811025515246,314916
2024-03-12,7.170407772064209,7.3388372344098745,7.168460755556641,7.309629665603571,491185
2024-03-13,7.061367511749268,7.135359715727275,7.057473478427432,7.134386207396815,284816
2024-03-14,6.970824718475342,7.1207561426792925,6.965957176836454,7.068182979070569,455014
2024-03-15,6.916304111480713,6.978613282999971,6.903647575523319,6.9640092662685875,340715
2024-03-18,6.95232629776001,6.961088800721142,6.87151953998922,6.90170061773805,580191
2024-03-19,6.925065994262695,6.957194087566914,6.888069895490916,6.9425905354027835,587965
2024-03-20,6.928960800170898,6.961088894906429,6.887096694066504,6.907541760854829,300426
2024-03-21,7.072076797485352,7.14801601560757,7.024371641203705,7.051631730507503,376591
2024-03-22,7.069156169891357,7.14996292833061,7.068182661607304,7.098363275367232,476708
2024-03-25,7.05455207824707,7.114914233605174,7.0418955422112,7.081812631104875,573569
2024-03-26,7.020477294921875,7.048710893131733,6.993217205031173,7.035080848186381,309654
2024-03-27,7.1830644607543945,7.1830644607543945,6.979586839986624,6.999058398192487,407767
2024-03-28,7.269713401794434,7.301841496953211,7.216166731275999,7.217140239577995,306387
2024-04-02,7.144121170043945,7.30184111263046,7.131464634306994,7.289184576893509,392744
2024-04-03,7.108099460601807,7.133412533560815,7.02826574425471,7.109072968909678,554774
2024-04-04,7.279449462890625,7.297947049231749,7.1519105896885184,7.1528840979971475,471208
2024-04-05,7.074997901916504,7.185012233461324,7.051631845424704,7.166514182778412,471535
2024-04-08,7.143148422241211,7.166514479701113,7.044817114868234,7.06234165796316,277772
2024-04-09,7.191827774047852,7.261925484334996,7.1373071263851315,7.141201624160547,345833
2024-04-10,7.166513919830322,7.332995905629509,7.102257731074094,7.30378833608642,1816364
2024-04-11,7.170407772064209,7.324233217887444,7.166513739049073,7.209351351885466,301198
2024-04-12,7.214219570159912,7.311577832491633,7.200589524850735,7.250242164361737,348663
2024-04-15,7.044816970825195,7.185012384240867,7.0253454114196074,7.185012384240867,346659
2024-04-16,6.894885063171387,6.982507306485144,6.855941947084953,6.9805602899523915,563358
2024-04-17,6.887096881866455,6.923119474979523,6.869572803706366,6.889044362736477,208722
2024-04-18,6.9357757568359375,6.964009353909178,6.867625070614177,6.92701325383912,430436
2024-04-19,6.863730430603027,6.87930749018227,6.8228398367900915,6.8354963717876736,449529
2024-04-22,6.860810279846191,6.902674386966809,6.833550190133372,6.893911883674414,272329
2024-04-23,6.948432445526123,6.983481065567279,6.874440243761288,6.904621322295743,283067
2024-04-24,6.864704608917236,6.9610888930987995,6.853995089261982,6.906568250772185,375095
2024-04-25,6.759557247161865,6.9017001227504435,6.7313236522285065,6.867624550102936,390559
2024-04-26,6.91240930557251,6.951352419973822,6.8189460167047775,6.82576103851308,316654
2024-04-29,7.005873680114746,7.043843289659792,6.944538014160877,6.958168058986495,345994
2024-04-30,6.937723159790039,7.0380019460284595,6.916304583722217,7.010741855716942,198224
2024-05-02,6.9864020347595215,7.026318660431974,6.941617403355687,6.954273939714131,395280
2024-05-03,7.187932014465332,7.2424526525572155,7.019503023361699,7.03410657503834,1080394
2024-05-06,7.221034526824951,7.228823521992101,7.186959413863406,7.19766893403929,182504
2024-05-07,7.260951519012451,7.282370094832797,7.205457366457829,7.216166886487297,395429
2024-05-08,7.196695327758789,7.2609515194624,7.1616462426994065,7.258030530254823,327288
2024-05-09,7.18988037109375,7.203510416217673,7.149963279815297,7.18988037109375,248905
2024-05-10,7.232717037200928,7.321312788792736,7.217139976459727,7.245373573142614,1094877
2024-05-13,7.22200870513916,7.228823727925614,7.1402279674630975,7.175276589759347,229533
2024-05-14,7.288211345672607,7.387516154602793,7.1918270616057045,7.2015626087218845,522981
2024-05-15,7.381674766540527,7.445930957014426,7.320339565218305,7.332996101652212,562158
2024-05-16,7.346339225769043,7.4039537598702125,7.335597848658467,7.361963766645815,439627
2024-05-17,7.314113616943359,7.368798807468615,7.286771254500576,7.350244928485386,372516
2024-05-20,7.283843040466309,7.311185407133057,7.250641528708148,7.297514223799682,84483
2024-05-21,7.323879718780518,7.3307153100504365,7.238922818345963,7.2535704474044,344997
2024-05-22,7.608046054840088,7.625623488888425,7.318020488421287,7.332668117308372,898476
2024-05-23,7.554337978363037,7.663707906032209,7.5055119265515495,7.615858300754593,458240
2024-05-24,7.677379131317139,7.685191169271127,7.477193155932579,7.493793678379835,377136
2024-05-27,7.759406566619873,7.762335906189652,7.67933189839604,7.67933189839604,229632
2024-05-28,7.804326057434082,7.823856384045871,7.747687970567981,7.758429813178365,479446
2024-05-29,7.690073490142822,7.731087036617932,7.636365208000695,7.724251445538747,370457
2024-05-30,7.7330403327941895,7.738899477334708,7.638318039302139,7.648082969776526,414734
2024-05-31,7.667613983154297,7.780889694378757,7.637341813095126,7.752570882982575,456581
2024-06-03,7.804326057434082,7.837527566110151,7.745735077598717,7.779913032759418,568228
2024-06-04,7.644177436828613,7.7183924940651565,7.616835071827768,7.691050129064311,367736
2024-06-05,7.752571105957031,7.770148074951365,7.657848807008656,7.676402688182445,291817
2024-06-06,7.681285381317139,7.725228269412946,7.637342027581589,7.715463338382681,217120
2024-06-07,7.623671054840088,7.709604405961396,7.546526188452176,7.693980329626523,503145
2024-06-10,7.623671054840088,7.64027157774092,7.506488619769525,7.537737238079025,626662
2024-06-11,7.670543193817139,7.675425891932983,7.616834911462011,7.66077779758545,219498
2024-06-12,7.78967809677124,7.908812944331906,7.712532774458103,7.72913376090821,425685
2024-06-13,7.689096927642822,7.780889415401091,7.670543047667903,7.749640799950684,411402
2024-06-14,7.614881992340088,7.689097517937318,7.584610286682045,7.67542633493567,181900
2024-06-17,7.38442325592041,7.572891394581093,7.38442325592041,7.572891394581093,346281
2024-06-18,7.4264140129089355,7.4264140129089355,7.362940333149405,7.388329805053218,203546
2024-06-19,7.308255672454834,7.407860202346492,7.300443168995315,7.371728887175353,297044
2024-06-20,7.349269390106201,7.402977675203311,7.3277861691953055,7.351222283196352,329879
2024-06-21,7.333645343780518,7.381494484161048,7.323879947010758,7.344386721459557,251205
2024-06-24,7.354151725769043,7.410789813347769,7.318020411544755,7.339503631396111,588166
2024-06-25,7.27505350112915,7.381494085094231,7.27505350112915,7.360987311754093,524231
2024-06-26,7.2174391746521,7.30825568600964,7.194979507673595,7.263335886412896,875080
2024-06-27,7.160800933837891,7.210602961763114,7.133458105315376,7.194002441001271,572939
2024-06-28,7.084632873535156,7.207673978220977,7.072914584395608,7.196932135569772,459334
2024-07-01,7.0250654220581055,7.076821279944571,7.011394239084226,7.057290952033352,426776
2024-07-02,6.940108299255371,7.0250651996981,6.940108299255371,6.982098759037256,309472
2024-07-03,7.043619155883789,7.099280798802759,6.935226140912762,6.936202587441908,505673
2024-07-04,7.0768208503723145,7.105139661150682,7.06119630960792,7.074867491751941,497871
2024-07-05,7.10123348236084,7.128576312568954,7.051431451365478,7.111975325144018,366934
2024-07-08,7.0680317878723145,7.1217405347405816,7.050454354407806,7.058266857485173,669724
2024-07-09,7.098304748535156,7.143224550861683,7.082680206277368,7.108069680011481,279050
2024-07-10,7.175448417663574,7.19497874299345,7.101232902026236,7.109045404669935,485695
2024-07-11,7.343410015106201,7.368799487041619,7.179355359680195,7.209627064188016,709293
2024-07-12,7.420555114746094,7.435202744211215,7.37368242107386,7.374658867619568,486747
2024-07-15,7.171542644500732,7.408836369181986,7.149082978411748,7.395165187103522,1040192
2024-07-16,7.181308269500732,7.192049646824866,7.137364916768242,7.150059652765633,291436
2024-07-17,7.129553318023682,7.2027919333279575,7.129553318023682,7.16861397493793,495678
2024-07-18,7.165683269500732,7.235016089788687,7.134435120406158,7.156894785772846,683159
2024-07-19,7.098304748535156,7.177402509488466,7.075844614552011,7.099281195118813,868493
2024-07-22,7.127598762512207,7.217438351458939,7.105139098095365,7.156894483099046,248256
2024-07-23,7.150059700012207,7.169590027395731,7.100257202210314,7.1119754917683755,295297
2024-07-24,7.255523681640625,7.275054009850218,7.141271517716365,7.142247964280881,257033
2024-07-25,7.262358665466309,7.275053401022147,7.191072950184997,7.235016301389031,393275
2024-07-26,7.306302070617676,7.317043913287227,7.254546681529377,7.268217863668959,211896
2024-07-29,7.284818649291992,7.374658242842463,7.273100360456764,7.345362520754393,136502
2024-07-30,7.237946033477783,7.321926483467935,7.2340397819462625,7.283842277184524,231467
2024-07-31,7.354151725769043,7.354151725769043,7.281889097320468,7.307278568799217,235369
2024-08-01,7.323879718780518,7.421531355236311,7.307278731045153,7.369775964632754,601707
2024-08-02,7.132482051849365,7.268217892941572,7.113928171545287,7.2262278998637,302541
2024-08-05,6.979168891906738,7.030924282055987,6.726251085860384,6.992840074326571,806457
2024-08-06,6.967451095581055,7.069008517619653,6.932296227243296,6.999676158737468,272964
2024-08-07,7.155918598175049,7.191072999997964,7.03971308440194,7.04654867546861,187049
2024-08-08,7.160800933837891,7.1744721152793005,7.02115884882397,7.0817027188701696,273827
2024-08-09,7.091468811035156,7.2027916320199195,7.060220193683001,7.141271309491396,490930
2024-08-12,7.0777974128723145,7.167637010411021,7.0777974128723145,7.152012469390532,715279
2024-08-13,7.201815605163574,7.204744944942415,7.128576988655106,7.144201065421793,175986
2024-08-14,7.189120292663574,7.253570419036312,7.156895229477205,7.212556871577199,173922
2024-08-15,7.247710704803467,7.27895931901963,7.15982400642299,7.208650053443186,447256
2024-08-16,7.2086501121521,7.282865629724877,7.2086501121521,7.280912271193168,268788
2024-08-19,7.306302070617676,7.309231875727425,7.21353313511063,7.226227870760202,444434
2024-08-20,7.193026542663574,7.31216139895366,7.177402001511605,7.306302254226638,191057
2024-08-21,7.194002628326416,7.213532954556938,7.170566050593907,7.192049269755569,277362
2024-08-22,7.125646591186523,7.20181500678498,7.125646591186523,7.177401981430645,558743
2024-08-23,7.240875720977783,7.257476708735145,7.136388493113618,7.139317832673294,193472
2024-08-26,7.307279109954834,7.34829312534081,7.248688125043197,7.260406415153476,347937
2024-08-27,7.198885440826416,7.296537073532639,7.194002742781176,7.277983193472499,252487
2024-08-28,7.220369338989258,7.294584400565749,7.220369338989258,7.2398996673662035,205210
2024-08-29,7.236969470977783,7.282866182541471,7.218416055815962,7.251617565698841,185781
2024-08-30,7.257476329803467,7.2750532975232485,7.223297909553395,7.223297909553395,237218
2024-09-02,7.274077415466309,7.274077415466309,7.2135335389388295,7.243805710022442,243853
2024-09-03,7.149083137512207,7.268217992927104,7.1295528104455155,7.246734772845662,354103
2024-09-04,7.152988433837891,7.18033126237111,7.053383912308752,7.073890684478896,1924813
2024-09-05,7.185213565826416,7.247710795036826,7.167636598443244,7.173495742784201,380103
2024-09-06,7.096351146697998,7.19009652832389,7.072914568471667,7.15494212662411,146504
2024-09-09,7.092444896697998,7.123693512460181,7.076820821636765,7.099280487742252,149315
2024-09-10,7.037759780883789,7.087562277359245,7.037759780883789,7.056313661249934,265166
2024-09-11,7.245758533477783,7.245758533477783,7.099280843470278,7.100257290005568,1084469
2024-09-12,7.254546642303467,7.33071505578905,7.2320869762355136,7.305325584627189,173946
2024-09-13,7.332667827606201,7.345362562977386,7.255522968910495,7.255522968910495,161673
2024-09-16,7.323879718780518,7.3307153100504365,7.275053667732754,7.3307153100504365,237686
2024-09-17,7.39614200592041,7.417625692244983,7.320950500703624,7.32876253862177,150938
2024-09-18,7.388329982757568,7.4156723483455504,7.366846762029831,7.410790115661797,175608
2024-09-19,7.4176249504089355,7.5006289508823825,7.349268577772069,7.439108168945233,358159
2024-09-20,7.264312267303467,7.283842594532561,7.230133845422754,7.272124305067158,212258
2024-09-23,7.303372383117676,7.309231527418249,7.246734298638599,7.266264624427278,240631
2024-09-24,7.360987186431885,7.402000732413898,7.331691463844938,7.361963632911498,389061
2024-09-25,7.27993631362915,7.318020521419077,7.2750536154315295,7.29067815653597,174342
2024-09-26,7.349269390106201,7.4322733997543,7.323879917375259,7.332668401920683,314684
2024-09-27,7.445944786071777,7.470357812924554,7.365870579511197,7.370752812369947,363674
2024-09-30,7.4283671379089355,7.476216743671015,7.411766615385567,7.446921019159564,346380
2024-10-01,7.4303202629089355,7.432273155935021,7.362940331471965,7.4254375647039925,631853
2024-10-02,7.325832843780518,7.420555143679773,7.276030810276973,7.402001262319729,383238
2024-10-03,7.263335704803467,7.323879578554944,7.248687610385756,7.312161289276665,142116
2024-10-04,7.277007102966309,7.322903349301389,7.254546970243335,7.272124404682218,211273
2024-10-07,7.252593994140625,7.289701755651235,7.216462679147705,7.281889252230251,472830
2024-10-08,7.165683269500732,7.210603065873811,7.157871232227089,7.186190507598638,266163
2024-10-09,7.177402019500732,7.177402019500732,7.118811037723389,7.128576434172811,348959
2024-10-10,7.037759780883789,7.149083063080658,6.9947933411682435,7.123693591594325,472234
2024-10-11,7.049478054046631,7.049478054046631,6.958662011057242,6.965497602161834,192472
2024-10-14,7.045572280883789,7.048501620374063,7.0074880736718965,7.0397131362635195,310593
2024-10-15,7.00065279006958,7.030924495357698,6.959638775926086,7.030924495357698,365670
2024-10-16,6.995769500732422,6.995769500732422,6.925460233780153,6.933272271077137,212916
2024-10-17,6.993817329406738,7.030924626805895,6.9762398944451895,7.012371210926192,221567
2024-10-18,6.963544845581055,6.993817015717094,6.954756361314341,6.969403990305441,220508
2024-10-21,6.907883167266846,6.976239544932797,6.906906720757861,6.964521255545523,366394
2024-10-22,6.9215545654296875,6.946944038013644,6.890306413609196,6.93229640864282,262037
2024-10-23,6.835621356964111,6.912766222839017,6.835621356964111,6.88737674973387,244437
2024-10-24,6.803395748138428,6.866869425824398,6.803395748138428,6.836597256703463,387631
2024-10-25,6.8746819496154785,6.875658396165917,6.815114519281014,6.835621293759461,365113
2024-10-28,6.916672229766846,6.942061701972839,6.86393992666535,6.892259204085739,407097
2024-10-29,6.806325435638428,6.911789576894295,6.806325435638428,6.896165035474293,262057
2024-10-30,6.763359069824219,6.800466832265715,6.7282042004670926,6.754570119665066,293798
2024-10-31,6.791677951812744,6.793630844917158,6.737969666323379,6.767264925448579,517716
2024-11-01,6.8219499588012695,6.8610106137871325,6.767264762437219,6.7789830520609256,439431
2024-11-04,6.945967674255371,6.977216292088022,6.808278932121243,6.813161630516289,347503
2024-11-05,6.860033988952637,6.923507668064793,6.808278599159606,6.903000428936461,299439
2024-11-06,6.47821569442749,6.736016205908915,6.445014183954843,6.731133973221571,2422321
2024-11-07,6.567078590393066,6.592468061929133,6.513370307823567,6.562195892257733,920572
2024-11-08,6.445014476776123,6.55633776862075,6.445014476776123,6.542666119555808,564991
2024-11-11,6.491886615753174,6.552430955035067,6.489933722756894,6.542665558774224,960346
2024-11-12,6.353221416473389,6.481145220159509,6.353221416473389,6.46649759144972,567894
2024-11-13,6.360057353973389,6.378611235314839,6.334667881152429,6.3405270260834,668847
2024-11-14,6.397181034088135,6.405060447526948,6.336114992867728,6.348919215826681,882420
2024-11-15,6.4641571044921875,6.557726135388871,6.463171766881593,6.500599567102537,716225
2024-11-18,6.418850421905518,6.4582479612950285,6.374528072678388,6.442488663745795,465965
2024-11-19,6.415894985198975,6.47302155497888,6.382407125577841,6.462187067880161,507604
2024-11-20,6.415894985198975,6.4444585049167715,6.392256275040203,6.423774398700002,632868
2024-11-21,6.445443153381348,6.464157053343744,6.409000221403681,6.4296838572603265,557635
2024-11-22,6.502570152282715,6.520298715817571,6.415895192010444,6.415895192010444,446757
2024-11-25,6.619777679443359,6.632581902490384,6.527193044519504,6.537042663627533,801236
2024-11-26,6.5577263832092285,6.593183979204624,6.532117936790895,6.585304565611835,361461
2024-11-27,6.595154285430908,6.618792526569793,6.5528016735332235,6.564621028930517,263638
2024-11-28,6.595154285430908,6.621747600246967,6.583334930033614,6.59810888945238,259140
2024-11-29,6.604018688201904,6.611898102059294,6.5508320575948815,6.580380446629734,325446
2024-12-02,6.670009136199951,6.679858755163565,6.605003153938287,6.613867904936675,590142
2024-12-03,6.591214179992676,6.668039518510711,6.587274708061919,6.664099576924264,303166
2024-12-04,6.501584529876709,6.589244354322318,6.487795438995403,6.579394735318137,485969
2024-12-05,6.4937052726745605,6.51438890949407,6.460217412635018,6.4848409910821125,449112
2024-12-06,6.4641571044921875,6.5055243765328035,6.45627722154149,6.4749911216519624,398224
2024-12-09,6.58727502822876,6.629627171477011,6.475976486972927,6.475976486972927,1310435
2024-12-10,6.506509780883789,6.545907320262499,6.487795879230545,6.516359400556325,356879
2024-12-11,6.474991321563721,6.530148155643156,6.450367743307824,6.505524577387259,418896
2024-12-12,6.460217475891113,6.530148270289548,6.454307798219718,6.512419237275361,512771
2024-12-13,6.4119553565979,6.468096587369618,6.3853615734912665,6.455292364622441,436736
2024-12-16,6.352859020233154,6.409000724527618,6.350889284184275,6.405060782774148,527204
2024-12-17,6.342025279998779,6.372558068716156,6.305582343564563,6.313461757760797,461031
2024-12-18,6.373542785644531,6.395211289987557,6.350888943674184,6.370587712073941,407714
2024-12-19,6.247470378875732,6.263229675607686,6.218907328679124,6.23565102374069,668264
2024-12-20,6.257319927215576,6.264214472690365,6.12730796151306,6.1686752343617925,580681
2024-12-23,6.296717643737793,6.3085369990762175,6.275048669065448,6.285883156401621,365718
2024-12-27,6.270124435424805,6.298687486597477,6.2523954021164005,6.279973585270112,586579
2024-12-30,6.253380298614502,6.265199654207266,6.23269666115502,6.261259712457775,430117
2025-01-02,6.419834613800049,6.422789217598009,6.254364590066957,6.278988167005957,591628
2025-01-03,6.409000873565674,6.430669379574372,6.397181517686122,6.409985741613016,236212
2025-01-06,6.470066547393799,6.470066547393799,6.3656630258868345,6.400136223496047,491247
2025-01-07,6.472036361694336,6.511433896874924,6.393241291333158,6.408015249611963,290104
2025-01-08,6.343009948730469,6.461202566926857,6.331190592979687,6.459232830853632,269302
2025-01-09,6.325280666351318,6.326265534349199,6.299672219783627,6.30853697107595,166104
2025-01-10,6.187389373779297,6.294747501599347,6.1785246223581725,6.294747501599347,159374
2025-01-13,6.16178035736084,6.224816600872204,6.145036193734001,6.187388801933853,589203
2025-01-14,6.193298816680908,6.2376211631388765,6.179509725721663,6.205118171690458,213086
2025-01-15,6.283913612365723,6.303612381979646,6.192314310178196,6.216937419953814,211534
2025-01-16,6.276033401489258,6.302626713608317,6.244515280178167,6.283912814403117,210725
2025-01-17,6.332174777984619,6.343994132460485,6.296717184212688,6.311491142479687,453891
2025-01-20,6.310506820678711,6.3124765567099335,6.246485703106922,6.298687465179964,368826
2025-01-21,6.170645236968994,6.217922659017096,6.161780955162828,6.185419666186879,437483
2025-01-22,6.06624174118042,6.15193136456127,6.049498045506212,6.15193136456127,582291
2025-01-23,6.036693572998047,6.036693572998047,5.977596797597339,6.017979672397105,510995
2025-01-24,6.0485124588012695,6.064271755461008,6.020934276716339,6.056392341958984,398502
2025-01-27,5.973657131195068,6.037678244415145,5.9598680406023865,5.974641999143735,692743
2025-01-28,5.991386890411377,6.095790420132266,5.984492344278246,6.016010001083568,526197
2025-01-29,6.113518238067627,6.162765392709241,6.065256421029611,6.075106039820203,695044
2025-01-30,6.1923136711120605,6.21201243869301,6.124352617681605,6.137156840092006,204895
2025-01-31,6.264214515686035,6.27701873874934,6.223831640878598,6.223831640878598,369653
2025-02-03,6.2336812019348145,6.234666069906559,6.125337740896363,6.16572061532765,429916
2025-02-04,6.250425815582275,6.250425815582275,6.166705926443976,6.196253846342365,264826
2025-02-05,6.270124435424805,6.278988717251153,6.211028127385831,6.237621442520584,349780
2025-02-06,6.251410007476807,6.2848978655789605,6.227771298390266,6.2435305943331825,323245
2025-02-07,6.189359188079834,6.254365174263584,6.186404584005896,6.238606346557825,640184
2025-02-10,6.16670560836792,6.195268658750522,6.154886253155914,6.179509831571644,219383
2025-02-11,6.132232189178467,6.147006617487551,6.111548553132563,6.12829271735392,205405
2025-02-12,6.069196701049805,6.109579107101501,6.023889485328079,6.09579001574998,284167
2025-02-13,6.092834949493408,6.0948051551572355,6.035708378356438,6.043588261700345,380912
2025-02-14,6.091850280761719,6.119428464400409,6.068211569268147,6.0879108086166,322156
2025-02-17,6.113518238067627,6.134202343596736,6.106623692776482,6.121398120962371,391702
2025-02-18,6.147992134094238,6.1529169440501965,6.108594593758022,6.118443744014212,207624
2025-02-19,6.244515895843506,6.251410441529844,6.168675423638095,6.1726153653113025,509787
2025-02-20,6.182464599609375,6.223831874293454,6.166705772012309,6.212012988423508,202561
2025-02-21,6.186404228210449,6.237621119792122,6.173600005315031,6.210042468409594,164301
2025-02-24,6.18541955947876,6.223831759746612,6.154886303208725,6.164735452861695,190622
2025-02-25,6.196253776550293,6.230726975584413,6.16670585698472,6.174585270891825,279614
2025-02-26,6.305581569671631,6.317400924343242,6.231711307457567,6.242545324526817,354620
2025-02-27,6.186404228210449,6.242545459632141,6.176554609219043,6.232696310296419,121463
2025-02-28,6.075106620788574,6.12041383831559,6.063287264971836,6.095790258640006,403848
2025-03-03,5.989416122436523,6.095789847965019,5.960853072516806,6.095789847965019,487970
2025-03-04,5.889937400817871,5.928350069733288,5.852509599876335,5.913576110813723,542521
2025-03-05,5.885997772216797,5.958883642027349,5.871223812511722,5.927365516909002,431864
2025-03-06,5.894862651824951,5.908651743803338,5.8515251701387925,5.887968105835758,391433
2025-03-07,5.969717502593994,5.993356213223502,5.902741782017984,5.944109055963926,956165
2025-03-10,6.030783653259277,6.043587875805927,5.9431238313150905,5.9746419537111235,309264
2025-03-11,5.960853099822998,6.014039728003046,5.950018612728659,5.977596794798952,480880
2025-03-12,5.9647932052612305,6.0268441166240185,5.934259948755648,6.009115083525064,434727
2025-03-13,5.992371559143066,6.012070328818978,5.9539588878266825,5.955928623897559,223324
2025-03-14,6.038663387298584,6.054422214506085,5.997296113637124,6.0229040904353885,226040
2025-03-17,6.11154842376709,6.121398042431323,6.024873939937918,6.03866303034331,227011
2025-03-18,6.102684020996094,6.137156746322127,6.08889493086568,6.099728947593486,137495
2025-03-19,6.155871391296387,6.159811333091857,6.102684760163974,6.109579306064261,218309
2025-03-20,6.157840728759766,6.194283661627782,6.130262546943799,6.168675215754189,132239
2025-03-21,6.1223835945129395,6.1667059441434535,6.114504180494468,6.149961778405448,130563
2025-03-24,6.105639457702637,6.165721105310473,6.104654589652627,6.150946675593155,177033
2025-03-25,6.1263227462768555,6.129277819914052,6.081015530970644,6.082985736614007,135590
2025-03-26,6.06624174118042,6.128293123081968,6.061316931418008,6.119428371578485,173617
2025-03-27,6.065256595611572,6.091849909593689,6.031768736139859,6.076091082661948,136853
2025-03-28,6.03373908996582,6.068211820943921,6.0130554513789605,6.043588710048555,135427
2025-03-31,5.949033737182617,5.988431274277414,5.9086513321088034,5.960853092242194,386345
2025-04-01,6.011085033416748,6.019949314761189,5.946079051142364,6.0022202824166255,332621
2025-04-02,6.023889541625977,6.029799219354102,5.992371416961211,6.011085318157656,180820
2025-04-03,5.988430976867676,6.027828512005832,5.891906874882494,5.904711097285178,405786
2025-04-04,5.741211891174316,6.012070326348585,5.7067391616695655,5.990401350954985,544078
2025-04-07,5.571802139282227,5.741211645095391,5.438835097481889,5.468383485544973,870616
2025-04-08,5.622034072875977,5.723482519324663,5.597410494832505,5.610214717842655,311774
2025-04-09,5.374814033508301,5.485127233920639,5.348220718821511,5.456564183229109,317481
2025-04-10,5.507781028747559,5.72151288204309,5.507781028747559,5.720528014049275,356082
2025-04-11,5.501871585845947,5.558013290789668,5.438835334995706,5.558013290789668,221998
2025-04-14,5.655521869659424,5.6880248608128285,5.5836213419355705,5.593470491250342,272709
2025-04-15,5.725452899932861,5.742196595362099,5.6978742474602715,5.726437767939792,178692
2025-04-16,5.712648868560791,5.712648868560791,5.6466575436653805,5.676205933145095,153068
2025-04-17,5.704768657684326,5.715603144814672,5.663401384441409,5.693934640209671,172077
2025-04-22,5.7796244621276855,5.786519007908931,5.65749190444543,5.688025161279921,189280
2025-04-23,5.753030776977539,5.820006494446152,5.751061041068367,5.815081685017545,255175
2025-04-24,5.813112258911133,5.813112258911133,5.733332314469774,5.747121405880203,137495
2025-04-25,5.858419418334961,5.871223641614849,5.811142466861411,5.836750913421188,99795
2025-04-28,5.9027419090271,5.9372146380571325,5.886983081372144,5.907666718790164,206271
2025-04-29,5.9096360206604,5.926380184762365,5.899786401857909,5.908651152711286,71501
2025-04-30,5.884027481079102,5.884027481079102,5.790458452233095,5.860388772056433,201584
2025-05-02,5.9145612716674805,5.933275173064932,5.871223791080977,5.9224406855043785,261312
2025-05-05,5.895847320556641,5.929335181322872,5.883043097058755,5.916530957824986,132296
2025-05-06,5.95297384262085,5.957898182651484,5.858419469197141,5.902741817062764,315425
2025-05-07,5.903726577758789,5.9322896280400945,5.877133263453934,5.910621123332059,116356
2025-05-08,5.9756269454956055,5.9756269454956055,5.913576037014398,5.9529735734120255,485259
2025-05-09,6.077075958251953,6.105639008222401,6.024874198198591,6.024874198198591,345766
2025-05-12,6.27997350692749,6.338084946222564,6.236636027043929,6.236636027043929,203352
2025-05-13,6.513404369354248,6.542952758909223,6.353844474724541,6.355814210809633,1186867
2025-05-14,6.520298480987549,6.5222686865971236,6.460217307492808,6.512419067516314,345965
2025-05-15,6.544395446777344,6.554294453152462,6.493909145368221,6.512717776717367,435398
2025-05-16,6.560234069824219,6.6028010718825705,6.537466024654859,6.585972147340172,327931
2025-05-19,6.457282066345215,6.517667849250843,6.401846494929979,6.508758223821155,271517
2025-05-20,6.551324844360352,6.566173589829681,6.469160873499386,6.480050205261219,482781
2025-05-21,6.425604820251465,6.4998490234411,6.391946969811923,6.492919577064284,229198
2025-05-22,6.225639343261719,6.369178472073975,6.172183482993201,6.359278993933013,663627
2025-05-23,6.256327152252197,6.2612764192841945,6.141495660514088,6.201880966602341,525366
2025-05-26,6.286025047302246,6.307803711777647,6.277115894037936,6.295924526069816,93099
2025-05-27,6.300873756408691,6.3315615739681395,6.272166117811003,6.305823495763401,139275
2025-05-28,6.289984703063965,6.330571526053035,6.28404511042738,6.318692340779866,128220
2025-05-29,6.30483341217041,6.362249159303218,6.286024780935537,6.353340006416429,214700
2025-05-30,6.340470790863037,6.354329682537158,6.295924083605879,6.304833236244073,221468
2025-06-02,6.245438098907471,6.314733032806135,6.223659906897317,6.301863993883517,295000
2025-06-03,6.341461181640625,6.341461181640625,6.2058413415755584,6.238508866727983,189129
2025-06-04,6.354329586029053,6.397885967191025,6.343440254722015,6.36125903176087,199794
2025-06-05,6.347400188446045,6.373138264797489,6.305823041706663,6.36224893340785,113279
2025-06-06,6.417685031890869,6.4444134358849885,6.398876871797169,6.408775878581583,143176
2025-06-09,6.429563999176025,6.451342663021312,6.414715253487413,6.427584292293041,55338
2025-06-10,6.538455963134766,6.538455963134766,6.4345137982812055,6.4414432444692356,864626
2025-06-11,6.546375274658203,6.564194052902536,6.513707750560153,6.531526528804486,147674
2025-06-12,6.467181205749512,6.527566513451933,6.437483242598176,6.508757882128272,81368
2025-06-13,6.452332496643066,6.469160949162971,6.417684794098579,6.450352317733049,120786
2025-06-16,6.560234069824219,6.590921886562421,6.52855639964819,6.55231477028849,198820
2025-06-17,6.3424506187438965,6.436493302056355,6.263256680789595,6.417684670987242,332101
2025-06-18,6.333541393280029,6.355320058013944,6.295924600802886,6.342451018683225,123170
2025-06-19,6.290974140167236,6.324631514858397,6.276125395575005,6.310772623634571,56605
2025-06-20,6.310772895812988,6.352349571277634,6.299883564224729,6.3127526026351815,452311
2025-06-23,6.285035133361816,6.317702657727485,6.266226501510902,6.288005165776763,154044
2025-06-24,6.337501049041748,6.358289387505547,6.29592437211415,6.314733003686096,133432
2025-06-25,6.326611518859863,6.408775488728083,6.315722659262703,6.389966857745404,90497
2025-06-26,6.395906448364258,6.409765340235138,6.319682071041314,6.338490702018396,80215
2025-06-27,6.378087520599365,6.425604259646921,6.365218482446168,6.398876329949216,114670
2025-06-30,6.354329586029053,6.355319439414585,6.301863580331109,6.338490515761263,256072
2025-07-01,6.3810577392578125,6.404815637442693,6.31770240003192,6.38501715293874,419046
2025-07-02,6.513707637786865,6.528556383383503,6.440453291205925,6.463221336318562,182616
2025-07-03,6.711693286895752,6.711693286895752,6.531526735901083,6.531526735901083,157307
2025-07-04,6.682984828948975,6.691894453907922,6.669125936827401,6.681005122083924,96047
2025-07-07,6.634478569030762,6.682984690451031,6.618639498339276,6.682984690451031,186420
2025-07-08,6.573102951049805,6.640418175572991,6.562214091461559,6.6324984041939565,148608
2025-07-09,6.6028008460998535,6.61269985217274,6.548354660583139,6.558254138689122,103827
2025-07-10,6.606760501861572,6.629529019119969,6.598841202306391,6.627549312239453,94384
2025-07-11,6.539445877075195,6.602801218837316,6.539445877075195,6.601811365377459,59225
2025-07-14,6.544395446777344,6.596861455054869,6.533506114934914,6.543405593343143,130531
2025-07-15,6.649327278137207,6.670115615775764,6.563203895329988,6.583002379561913,160807
2025-07-16,6.5483551025390625,6.669126194604313,6.5483551025390625,6.6324987839864855,126257
2025-07-17,6.635468482971191,6.643387782372623,6.576073029410792,6.603790813332357,66960
2025-07-18,6.681005001068115,6.683974561311902,6.643387739114872,6.652296891879334,361735
2025-07-21,6.732481002807617,6.754259193536064,6.693873888311899,6.701793187482871,95526
2025-07-22,6.784947395324707,6.810685473121201,6.7215920542820875,6.736440800077567,296180
2025-07-23,6.75623893737793,6.81365468274031,6.725551593917957,6.772078007839841,214621
2025-07-24,6.760199069976807,6.792866593458667,6.740400585200925,6.753269623906903,119463
2025-07-25,6.786927223205566,6.796826701934433,6.750299812755138,6.758219584551481,101203
2025-07-28,6.770098686218262,6.840383001782086,6.756239321763172,6.814644923846109,110588
2025-07-29,6.782967567443848,6.845332581892366,6.782967567443848,6.806725465886236,106494
2025-07-30,6.760199069976807,6.7938564468924945,6.740400585200925,6.761188923410634,108867
2025-07-31,6.7156524658203125,6.781977367250883,6.711693052023334,6.758219468369658,192994
2025-08-01,6.686944961547852,6.732481525356678,6.642398251208088,6.731491671887615,316659
2025-08-04,6.688924312591553,6.718622275248979,6.679025306394479,6.6859547523423615,165747
2025-08-05,6.686944961547852,6.730501346385423,6.686944961547852,6.725552079040105,99892
2025-08-06,6.67209529876709,6.72159174518673,6.66219629270302,6.713672445928855,92014
2025-08-07,6.6928839683532715,6.73347078922979,6.640417962821897,6.663186006716132,256084
2025-08-08,6.720602035522461,6.771088336424989,6.720602035522461,6.7265416281011765,82415
2025-08-11,6.655267238616943,6.699813948610285,6.642398199552936,6.691894648886232,216354
2025-08-12,6.716641902923584,6.71763175631147,6.6621961903251234,6.673085521658051,54447
2025-08-13,6.71862268447876,6.761189216175168,6.6849648340725505,6.705753645215542,132794
2025-08-14,6.6612067222595215,6.731491509229104,6.647347829961257,6.716642291452579,120274
2025-08-15,6.743370532989502,6.753270011962842,6.669126328822008,6.7225821935852546,173171
2025-08-18,7.05915641784668,7.087864055142592,6.928486325819717,6.929476179239148,546734
2025-08-19,7.0502471923828125,7.08786398209905,7.037378153996624,7.062125905326672,101150
2025-08-20,7.034408092498779,7.05816646235395,6.998771009749119,7.034408092498779,103990
2025-08-21,6.977982044219971,7.0433170878289975,6.961153592642756,7.038367820913986,202219
2025-08-22,7.098753452301025,7.107662605191185,6.964123473321416,6.967093505640208,476060
2025-08-25,7.069055557250977,7.08687433523574,7.028468734091052,7.0839047749215025,162200
2025-08-26,7.078954696655273,7.114591778884869,7.064105951729032,7.070045544106146,193539
2025-08-27,7.067075729370117,7.1086528772893365,7.056186397671471,7.085884360470914,74731
2025-08-28,7.122511863708496,7.1274611308797855,7.048267191741827,7.066085969657801,136010
2025-08-29,7.040348052978516,7.109642987322913,7.040348052978516,7.092814062456962,113066
2025-09-01,7.009660243988037,7.0373785009786385,6.998771383916526,7.0373785009786385,136855
2025-09-02,6.9215569496154785,7.008670187833798,6.87997980134858,7.004710774116166,285013
2025-09-03,6.966103553771973,6.978972592227631,6.939375623446084,6.946305069381199,178972
2025-09-04,6.996790885925293,7.01361981004389,6.977982254980896,6.977982254980896,141509
2025-09-05,7.094793319702148,7.168048135264204,7.058166383954212,7.07202527553809,228162
2025-09-08,7.097763538360596,7.17596762294751,7.082914792992552,7.17596762294751,122242
2025-09-09,7.032428741455078,7.090834343609499,7.029458709056381,7.081924718446528,106674
2025-09-10,7.14132022857666,7.150229381185642,7.050247107559827,7.073015151797488,129805
2025-09-11,7.1819071769714355,7.184876737215871,7.1175619846776454,7.147259475254409,81518
2025-09-12,7.1244916915893555,7.139340437421657,7.0928140209894925,7.139340437421657,195853
2025-09-15,7.173987865447998,7.173987865447998,7.114591940329042,7.141320342649123,166142
2025-09-16,7.189826488494873,7.218534125705424,7.162108704700809,7.183886895962845,269000
2025-09-17,7.25813102722168,7.269020358768216,7.186856861564836,7.189826421786747,115300
2025-09-18,7.280899524688721,7.334355384808161,7.255161448033716,7.290798530768978,176266
2025-09-19,7.363063812255859,7.365043519150938,7.300698324729686,7.316536923956556,79782
2025-09-22,7.375932693481445,7.375932693481445,7.3096073215496835,7.346234730524455,111573
2025-09-23,7.412559509277344,7.4640356628727655,7.40464020996261,7.44423717856938,169611
2025-09-24,7.410580158233643,7.413549718606823,7.34227507728617,7.396721265759227,151577
2025-09-25,7.377912521362305,7.417509491265774,7.297728728112746,7.390781560182588,134706
2025-09-26,7.3848419189453125,7.424438888588469,7.368012994432071,7.405630257203002,128990
2025-09-29,7.496703147888184,7.49868285469864,7.434338135060932,7.441267580930626,102369
2025-09-30,7.4363179206848145,7.490763634814184,7.434338213853376,7.470965150400495,155588
2025-10-01,7.671920299530029,7.68181977810532,7.4709654159695695,7.501653233113228,261924
2025-10-02,7.725375652313232,7.750123875085099,7.685778684691481,7.697657869384624,230968
2025-10-03,7.820408821105957,7.820408821105957,7.726365667015975,7.75606362936889,108609
2025-10-06,7.850106716156006,7.911482350838692,7.800610739060066,7.819419370847784,267879
2025-10-07,7.78477144241333,7.89465319755555,7.78477144241333,7.851096814496606,125366
2025-10-08,7.843177318572998,7.881784435845196,7.807540233724191,7.814469680001268,149260
2025-10-09,7.974837303161621,7.9827570749683066,7.877825054877562,7.917422025778479,244801
2025-10-10,7.799620628356934,8.000575034550936,7.799620628356934,7.970877543679474,131226
2025-10-13,8.087688446044922,8.125305706992053,7.850106167671594,7.867924944757039,269158
2025-10-14,8.03225326538086,8.03225326538086,7.912472031043203,7.996615709500311,127812
2025-10-15,8.218358993530273,8.2817143342439,8.119366096652817,8.136195021291256,487149
2025-10-16,8.291613578796387,8.354967973656231,8.25201660997588,8.314381623453281,206619
2025-10-17,8.052051544189453,8.16292362923661,7.946130142583235,8.043142390941524,360284
2025-10-20,8.182721138000488,8.2213287251154,8.117386092790204,8.124315538674136,145492
2025-10-21,8.071849822998047,8.15203313955376,7.994635594564496,8.136194541326251,255460
2025-10-22,7.8441667556762695,8.068880001104837,7.839217488621863,8.057000816108062,173063
2025-10-23,7.970877647399902,7.99859543178277,7.90158271440962,7.939200449266975,124738
2025-10-27,8.14807415008545,8.273794505162897,8.140154378526418,8.260925938453973,242210
2025-10-28,8.31438159942627,8.31438159942627,8.221328770170299,8.238156750219074,220091
2025-10-29,8.572751998901367,8.588590598031471,8.385656009499016,8.449011350085662,320638
2025-10-30,8.462869644165039,8.533154425907417,8.406443753690215,8.528204687016697,214151
2025-10-31,8.48068904876709,8.553942919936574,8.421293125053552,8.438122048777903,150940
2025-11-03,8.723220825195312,8.723220825195312,8.572751777185308,8.595519821850127,319708
2025-11-04,8.646995544433594,8.678673684360655,8.5232549049903,8.597500043909202,402255
2025-11-05,8.952882766723633,8.952882766723633,8.568792267731432,8.596510051198955,249166
2025-11-06,8.786576271057129,8.978621053003767,8.770736728077718,8.945953529716334,363691
2025-11-07,8.507416725158691,8.789545245904085,8.488608094171251,8.789545245904085,222871
2025-11-10,8.775686264038086,8.914276125468295,8.775686264038086,8.799444633890829,244314
2025-11-11,8.714311599731445,8.873688855121976,8.681644077113992,8.855870549718345,203068
2025-11-12,8.64897632598877,8.800434750116656,8.618288510997365,8.734109381193344,167372
2025-11-13,8.318979263305664,8.722348209533044,8.301007742524087,8.712363608128168,252409
2025-11-14,8.435797691345215,8.457762673602398,8.084347501205452,8.24409732794605,296814
2025-11-17,8.354924201965332,8.422817785265812,8.307997712675995,8.40484626245172,218746
2025-11-18,8.234112739562988,8.234112739562988,8.145252064921447,8.201164313937781,268127
2025-11-19,8.223130226135254,8.298012838319815,8.14724877285636,8.175204897288777,292560
2025-11-20,8.176203727722168,8.405843865079941,8.176203727722168,8.348933727379048,189890
2025-11-21,7.91760778427124,8.00147662969001,7.778825057589663,7.9874985681355515,294767
2025-11-24,8.041414260864258,8.065376924678771,7.938575526859691,7.980509712443065,235475
2025-11-25,8.05339527130127,8.076359093130169,7.93757636894367,8.064377761701175,105073
2025-11-26,8.178200721740723,8.207155688164473,8.108310408494539,8.141258835051183,191253
2025-11-27,8.234112739562988,8.263067705168194,8.219136788395943,8.24210061178707,152287
2025-11-28,8.359915733337402,8.359915733337402,8.249089131094006,8.252084702015184,133914
2025-12-01,8.16422176361084,8.283035283097467,8.13926121224185,8.261070302591637,205220
2025-12-02,8.205158233642578,8.273051810827809,8.129276784712724,8.144252734980865,193710
2025-12-03,8.121289253234863,8.214144338397483,8.087342939311972,8.196171864265073,159505
2025-12-04,8.243098258972168,8.257077273000396,8.094331879656847,8.115298972423115,123894
2025-12-05,8.301008224487305,8.352927012186305,8.266063069725297,8.318979746312323,149742
2025-12-08,8.186187744140625,8.311990294920477,8.134268959067795,8.28103860164429,207871
2025-12-09,8.2211332321167,8.247092625710867,8.151241971096068,8.196171727400744,82676
2025-12-10,8.139261245727539,8.184190047939762,8.080353430157732,8.152240465881292,128134
2025-12-11,8.180196762084961,8.180196762084961,8.04141403623538,8.082350331790332,134664
2025-12-12,8.03542423248291,8.297014905377532,8.03542423248291,8.255079766767377,174095
2025-12-15,8.080353736877441,8.151241934271996,8.042413011627826,8.103317559365143,285529
2025-12-16,7.937576770782471,8.000478049831049,7.904628345730731,7.966531735883715,105873
2025-12-17,7.838731288909912,8.037420675060313,7.838731288909912,8.008465710722648,87444
2025-12-18,7.957545280456543,7.999479941430273,7.846719152398868,7.846719152398868,179772
2025-12-19,8.087343215942383,8.105314738505456,7.970525462730128,7.972522668864284,197672
2025-12-22,8.106313705444336,8.140260021055287,8.003474013114666,8.09832583296782,313588
2025-12-23,8.031429290771484,8.112303039392419,8.024440260161281,8.10631284980539,123089
2025-12-29,8.087343215942383,8.12128953102642,8.03542442611118,8.062381709955789,298281
2025-12-30,8.10231876373291,8.10231876373291,8.048403246545401,8.054394388557371,209326
